:020000040800F2
:1000000000800020A17500082D1800082F18000896
:1000100031180008331800083518000800000000E7
:100020000000000000000000000000003718000879
:1000300039180008000000003B1800083D180008AF
:10004000F1750008F1750008F1750008F1750008F8
:10005000F1750008F1750008F1750008F1750008E8
:10006000F1750008F1750008F1750008F1750008D8
:10007000F1750008F1750008F1750008F1750008C8
:10008000F17500080000000045180008F17500082F
:10009000F1750008F1750008F1750008F1750008A8
:1000A0005D1800086D180008F1750008F17500086A
:1000B000F1750008F17500087D180008F175000859
:1000C000F1750008F1750008F1750008F175000878
:1000D000F1750008F1750008F1750008F175000868
:1000E0008D180008F1750008F1750008F175000819
:1000F000F1750008F1750008F175000800000000B6
:1001000000000000F175000800000000F175000813
:10011000F175000800000000F1750008F175000895
:10012000F1750008F1750008F1750008F175000817
:10013000F17500080000000000000000F1750008E3
:10014000A9180008F1750008000000000000000078
:10015000000000000000000000000000000000009F
:10016000000000000000000000000000F175000821
:10017000F175000800000000000000000000000011
:1001800000000000F1750008000000000000000001
:10019000000000000000000000000000000000005F
:1001A0000000000000000000F1750008F175000873
:1001B000F1750008F1750008F175000800000000F5
:1001C00000000000F17500080000000000000000C1
:0801D000F1750008F17500084B
:1001E00010B5054C237833B9044B13B10448AFF371
:1001F00000800123237010BDF001002000000000EA
:1002000030CF000808B5034B1BB103490348AFF3D7
:10021000008008BD00000000F401002030CF00087D
:1002200081F0004102E000BF83F0004330B54FEAA7
:1002300041044FEA430594EA050F08BF90EA020F14
:100240001FBF54EA000C55EA020C7FEA645C7FEAA7
:10025000655C00F0E2804FEA5454D4EB5555B8BFCA
:100260006D420CDD2C4480EA020281EA030382EA3B
:10027000000083EA010180EA020281EA0303362DCD
:1002800088BF30BD11F0004F4FEA01314FF4801CA0
:100290004CEA113102D0404261EB410113F0004FB2
:1002A0004FEA03334CEA133302D0524263EB430369
:1002B00094EA050F00F0A780A4F10104D5F1200E07
:1002C0000DDB02FA0EFC22FA05F2801841F1000162
:1002D00003FA0EF2801843FA05F359410EE0A5F136
:1002E00020050EF1200E012A03FA0EFC28BF4CF067
:1002F000020C43FA05F3C01851EBE37101F000451D
:1003000007D54FF0000EDCF1000C7EEB00006EEB29
:100310000101B1F5801F1BD3B1F5001F0CD34908B3
:100320005FEA30004FEA3C0C04F101044FEA44520A
:1003300012F5800F80F09A80BCF1004F08BF5FEA91
:10034000500C50F1000041EB045141EA050130BD71
:100350005FEA4C0C404141EB0101013C28BFB1F583
:10036000801FE9D291F0000F04BF01460020B1FACE
:1003700081F308BF2033A3F10B03B3F120020CDAA1
:100380000C3208DD02F1140CC2F10C0201FA0CF07F
:1003900021FA02F10CE002F11402D8BFC2F1200CE4
:1003A00001FA02F120FA0CFCDCBF41EA0C0190409A
:1003B000E41AA2BF01EB0451294330BD6FEA0404E3
:1003C0001F3C1CDA0C340EDC04F11404C4F12002CE
:1003D00020FA04F001FA02F340EA030021FA04F3E0
:1003E00045EA030130BDC4F10C04C4F1200220FA37
:1003F00002F001FA04F340EA0300294630BD21FA75
:1004000004F0294630BD94F0000F83F4801306BF3A
:1004100081F480110134013D4EE77FEA645C18BF2E
:100420007FEA655C29D094EA050F08BF90EA020FC5
:1004300005D054EA000C04BF1946104630BD91EABD
:10044000030F1EBF0021002030BD5FEA545C05D1C0
:100450004000494128BF41F0004130BD14F58004FF
:100460003CBF01F5801130BD01F0004545F0FE4173
:1004700041F470014FF0000030BD7FEA645C1ABFA8
:10048000194610467FEA655C1CBF0B46024650EADF
:10049000013406BF52EA033591EA030F41F400210B
:1004A00030BD00BF90F0000F04BF0021704730B591
:1004B0004FF4806404F132044FF000054FF0000166
:1004C00050E700BF90F0000F04BF0021704730B527
:1004D0004FF4806404F1320410F0004548BF4042FC
:1004E0004FF000013EE700BF42004FEAE2014FEA51
:1004F00031014FEA02701FBF12F07F4393F07F4F2C
:1005000081F06051704732F07F4208BF704793F02E
:100510007F4F04BF41F40021704730B54FF4607441
:1005200001F0004521F000411CE700BF50EA010244
:1005300008BF704730B54FF000050AE050EA0102ED
:1005400008BF704730B511F0004502D5404261EB5D
:1005500041014FF4806404F132045FEA915C3FF49E
:10056000D8AE4FF003025FEADC0C18BF03325FEA3B
:10057000DC0C18BF033202EBDC02C2F1200300FAEC
:1005800003FC20FA02F001FA03FE40EA0E0021FA11
:1005900002F11444BDE600BF4FF0FF3C06E000BF8F
:1005A0004FF0010C02E000BF4FF0010C4DF804CDFC
:1005B0004FEA410C7FEA6C5C4FEA430C18BF7FEABC
:1005C0006C5C1BD001B050EA410C0CBF52EA430CEA
:1005D00091EA030F02BF90EA020F0020704710F16A
:1005E000000F91EA030F58BF994208BF90422CBFF9
:1005F000D8176FEAE37040F0010070474FEA410CF2
:100600007FEA6C5C02D150EA013C07D14FEA430C0F
:100610007FEA6C5CD6D152EA033CD3D05DF8040B80
:10062000704700BF8446104662468C4619466346B2
:1006300000E000BF01B5FFF7B7FF002848BF10F189
:10064000000F01BD4DF808EDFFF7F4FF0CBF0120CE
:1006500000205DF808FB00BF4DF808EDFFF7EAFF4A
:1006600034BF012000205DF808FB00BF4DF808ED05
:10067000FFF7E0FF94BF012000205DF808FB00BFFA
:100680004DF808EDFFF7CEFF94BF012000205DF884
:1006900008FB00BF4DF808EDFFF7C4FF34BF012091
:1006A00000205DF808FB00BF4FEA410212F500127E
:1006B00015D211D56FF47873B3EB625212D94FEAA9
:1006C000C12343F0004343EA505311F0004F23FA93
:1006D00002F018BF404270474FF00000704750EAE8
:1006E000013005D111F0004008BF6FF000407047A5
:1006F0004FF00000704700BF4A0011D212F50012FF
:1007000011D20DD56FF47873B3EB62520ED44FEA69
:10071000C12343F0004343EA505323FA02F07047E9
:100720004FF00000704750EA013002D14FF0FF3027
:1007300070474FF0000070474FEA4102B2F1E043CA
:1007400024BFB3F5001CDCF1FE5C0DD901F0004CB8
:100750004FEAC0024CEA5070B2F1004F40EB830008
:1007600008BF20F00100704711F0804F21D113F134
:100770003872BCBF01F00040704741F480114FEA6D
:100780005252C2F11802C2F1200C10FA0CF320FAF6
:1007900002F018BF40F001004FEAC1234FEAD32313
:1007A00003FA0CFC40EA0C0023FA02F34FEA43037D
:1007B000CCE77FEA625307D150EA01331EBF4FF006
:1007C000FE4040F44000704701F0004040F0FE4021
:1007D00040F40000704700BF53B94AB9002908BF70
:1007E00000281CBF4FF0FF314FF0FF3000F074B90C
:1007F000ADF1080C6DE904CE00F006F8DDF804E078
:10080000DDE9022304B070472DE9F047089D044656
:100810008E46002B4DD18A42944669D9B2FA82F2B3
:1008200052B101FA02F3C2F1200120FA01F10CFAEF
:1008300002FC41EA030E94404FEA1C48210CBEFB27
:10084000F8F61FFA8CF708FB16E341EA034306FBB0
:1008500007F199420AD91CEB030306F1FF3080F03F
:100860001F81994240F21C81023E63445B1AA4B28C
:10087000B3FBF8F008FB103344EA034400FB07F72E
:10088000A7420AD91CEB040400F1FF3380F00A816F
:10089000A74240F207816444023840EA0640E41B64
:1008A00000261DB1D4400023C5E900433146BDE810
:1008B000F0878B4209D9002D00F0EF800026C5E9B2
:1008C000000130463146BDE8F087B3FA83F6002ECA
:1008D0004AD18B4202D3824200F2F980841A61EB42
:1008E000030301209E46002DE0D0C5E9004EDDE760
:1008F00002B9FFDEB2FA82F2002A40F09280A1EB48
:100900000C014FEA1C471FFA8CFE0126200CB1FB9C
:10091000F7F307FB131140EA01410EFB03F0884295
:1009200008D91CEB010103F1FF3802D2884200F222
:10093000CB804346091AA4B2B1FBF7F007FB1011B4
:1009400044EA01440EFB00FEA64508D91CEB040452
:1009500000F1FF3102D2A64500F2BB800846A4EBAD
:100960000E0440EA03409CE7C6F12007B34022FA98
:1009700007FC4CEA030C20FA07F401FA06F31C43C7
:10098000F9404FEA1C4900FA06F3B1FBF9F8200CD4
:100990001FFA8CFE09FB181140EA014108FB0EF01A
:1009A000884202FA06F20BD91CEB010108F1FF3A6A
:1009B00080F08880884240F28580A8F10208614476
:1009C000091AA4B2B1FBF9F009FB101144EA014184
:1009D00000FB0EFE8E4508D91CEB010100F1FF342F
:1009E0006CD28E456AD90238614440EA0840A0FBC7
:1009F0000294A1EB0E01A142C846A64656D353D09D
:100A00005DB1B3EB080261EB0E0101FA07F722FAC0
:100A100006F3F1401F43C5E9007100263146BDE8E9
:100A2000F087C2F12003D8400CFA02FC21FA03F34C
:100A3000914001434FEA1C471FFA8CFEB3FBF7F0CD
:100A400007FB10360B0C43EA064300FB0EF69E42F2
:100A500004FA02F408D91CEB030300F1FF382FD28B
:100A60009E422DD9023863449B1B89B2B3FBF7F633
:100A700007FB163341EA034106FB0EF38B4208D90C
:100A80001CEB010106F1FF3816D28B4214D9023E4D
:100A90006144C91A46EA004638E72E46284605E76B
:100AA0000646E3E61846F8E64B45A9D2B9EB02083C
:100AB00064EB0C0E0138A3E74646EAE7204694E7CC
:100AC0004046D1E7D0467BE7023B614432E73046FF
:100AD00009E76444023842E7704700BF034613F851
:100AE000012B002AFBD1181A0138704700000000C2
:100AF00001F0FF01102A2BDB10F0070F08D010F8CF
:100B0000013B013A8B422DD010F0070F42B3F6D1D2
:100B1000F0B441EA012141EA014122F007047FF0EB
:100B200000070023F0E80256083C85EA010586EA42
:100B3000010685FA47F5A3FA87F586FA47F6A5FA7E
:100B400087F68EB9EED1F0BC01F0FF0102F007028A
:100B500032B110F8013B013A83EA010313B1F8D135
:100B60000020704701387047002D06BF3546033816
:100B7000073815F0010F07D1013015F4807F02BF4F
:100B8000013015F4C03F0130F0BC0138704700BFA0
:100B900070B54FF0FF0C4CF4E06C1CEA11541DBF13
:100BA0001CEA135594EA0C0F95EA0C0F00F0DEF8DE
:100BB0002C4481EA030621EA4C5123EA4C5350EAC3
:100BC000013518BF52EA033541F4801143F4801314
:100BD00038D0A0FB02CE4FF00005E1FB02E506F0A5
:100BE0000042E0FB03E54FF00006E1FB03569CF0FA
:100BF000000F18BF4EF0010EA4F1FF04B6F5007F00
:100C000064F5407404D25FEA4E0E6D4146EB060671
:100C100042EAC62141EA55514FEAC52040EA5E50FA
:100C20004FEACE2EB4F1FD0C88BFBCF5E06F1ED8A4
:100C3000BEF1004F08BF5FEA500E50F1000041EBDB
:100C4000045170BD06F0004646EA010140EA020088
:100C500081EA0301B4EB5C04C2BFD4EB0C0541EAAA
:100C6000045170BD41F480114FF0000E013C00F3BF
:100C7000AB8014F1360FDEBF002001F0004170BDE3
:100C8000C4F10004203C35DA0C341BDC04F11404FC
:100C9000C4F1200500FA05F320FA04F001FA05F288
:100CA00040EA020001F0004221F0004110EBD37055
:100CB00021FA04F642EB06015EEA430E08BF20EA81
:100CC000D37070BDC4F10C04C4F1200500FA04F324
:100CD00020FA05F001FA04F240EA020001F00041B6
:100CE00010EBD37041F100015EEA430E08BF20EA29
:100CF000D37070BDC4F1200500FA05F24EEA020E71
:100D000020FA04F301FA05F243EA020321FA04F09F
:100D100001F0004121FA04F220EA020000EBD37056
:100D20005EEA430E08BF20EAD37070BD94F0000F56
:100D30000FD101F00046400041EB010111F4801F8A
:100D400008BF013CF7D041EA060195F0000F18BF3B
:100D5000704703F00046520043EB030313F4801F77
:100D600008BF013DF7D043EA0603704794EA0C0F31
:100D70000CEA135518BF95EA0C0F0CD050EA410647
:100D800018BF52EA4306D1D181EA030101F00041C4
:100D90004FF0000070BD50EA410606BF10461946EC
:100DA00052EA430619D094EA0C0F02D150EA0136F8
:100DB00013D195EA0C0F05D152EA03361CBF104639
:100DC00019460AD181EA030101F0004141F0FE41D8
:100DD00041F470014FF0000070BD41F0FE4141F45C
:100DE000780170BD70B54FF0FF0C4CF4E06C1CEA5C
:100DF00011541DBF1CEA135594EA0C0F95EA0C0F11
:100E000000F0A7F8A4EB050481EA030E52EA0335CB
:100E10004FEA013100F088804FEA03334FF08055EC
:100E200045EA131343EA12634FEA022245EA111519
:100E300045EA10654FEA00260EF000419D4208BFCA
:100E4000964244F1FD0404F5407402D25B084FEA77
:100E50003202B61A65EB03055B084FEA32024FF423
:100E600080104FF4002CB6EB020E75EB030E22BF80
:100E7000B61A754640EA0C005B084FEA3202B6EB40
:100E8000020E75EB030E22BFB61A754640EA5C00EF
:100E90005B084FEA3202B6EB020E75EB030E22BF7F
:100EA000B61A754640EA9C005B084FEA3202B6EB80
:100EB000020E75EB030E22BFB61A754640EADC003F
:100EC00055EA060E18D04FEA051545EA16754FEAA1
:100ED00006164FEAC30343EA52734FEAC2025FEABF
:100EE0001C1CC0D111F4801F0BD141EA00014FF04E
:100EF00000004FF0004CB6E711F4801F04BF01431F
:100F00000020B4F1FD0C88BFBCF5E06F3FF6AFAE3A
:100F1000B5EB030C04BFB6EB020C5FEA500C50F1CA
:100F2000000041EB045170BD0EF0004E4EEA11314D
:100F300014EB5C04C2BFD4EB0C0541EA045170BD54
:100F400041F480114FF0000E013C90E645EA060E98
:100F50008DE60CEA135594EA0C0F08BF95EA0C0FC6
:100F60003FF43BAF94EA0C0F0AD150EA01347FF40E
:100F700034AF95EA0C0F7FF425AF104619462CE7E5
:100F800095EA0C0F06D152EA03353FF4FDAE104648
:100F9000194622E750EA410618BF52EA43067FF499
:100FA000C5AE50EA41047FF40DAF52EA43057FF429
:100FB000EBAE12E74FEA410C7FEA6C5C02D150EADB
:100FC000013C0AD14FEA430C7FEA6C5C02D152EA41
:100FD000033C02D14FF0000070474FF00100704712
:100FE00038B50022002304460D46FFF735FB28B92B
:100FF00020462946BDE8384000F00AB8204605F1F1
:10100000004100F005F8404261EB410138BD00BFEE
:10101000D0B50C4B002206460F46FFF7B9FDFFF78F
:101020006BFB0446FFF73EFA074B0022FFF7B0FDCB
:1010300002460B4630463946FFF7F6F8FFF75CFBF1
:101040002146D0BD0000F03D0000F04110B59AB03F
:101050000024179418941994202221460FA807F011
:101060000FFA3C222146684607F00AFA37484FF04B
:10107000A04303604FF4002343608460C4600461B4
:10108000012343610422826104774477036280F87C
:101090002440C462046380F83840C46380F8404050
:1010A00000F0CEFE002841D10023179317A927484E
:1010B00002F048F900283CD1254B0F9306231093EA
:1010C000002311937F2212920422139214930FA9EA
:1010D0001E4801F01FF978BB1E4B009309230193B2
:1010E000002302937F22039204220492059302229A
:1010F00008928DF824308DF825308DF82630842222
:101100000A9280220B928DF8303069460F4801F028
:1011100009FEA0B9104B009340F20F1301936946EA
:101120000A4801F0FFFD68B91AB010BD00F066FA78
:10113000BAE700F063FABFE700F060FACCE700F02E
:101140005DFAE7E700F05AFAEEE700BF1002002070
:101150000008302E0800900C0010603200B599B0E5
:101160002022002110A807F08BF93C22002101A8C1
:1011700007F086F92B482C4B03604FF400234360A3
:1011800000238360C36003614361042282610377AB
:1011900043770122026280F82430C362036380F83F
:1011A0003830C36380F8403000F04AFE002830D168
:1011B0001E4B109306231193002312937F22139248
:1011C00004221492159310A9164801F0A3F818BB35
:1011D000174B019309230293002303937F22049268
:1011E000042205920693012209928DF828308DF889
:1011F00029308DF82A3084220B9280220C928DF8AF
:10120000343001A9074801F08DFD40B919B05DF8EF
:1012100004FB00F0F3F9CBE700F0F0F9D8E700F0B9
:10122000EDF9F3E77C0200200001005002003004D9
:101230000800900C30B59DB004460021179118911C
:1012400019911A911B91442206A807F019F92368F5
:10125000B3F1A04F04D0484A934250D01DB030BDE6
:101260004FF4004306934FF00053159306A803F084
:1012700037FA002835D1414A136801331360012B36
:1012800032D03F4BDA6C42F00102DA64DA6C02F0E1
:1012900001020292029ADA6C42F00202DA64DB6C1A
:1012A00003F002030393039B04231793032518956C
:1012B0000024199417A94FF0904002F0C7FB41F2A7
:1012C000020317931895199417A92E4802F0BEFB34
:1012D00022462146122002F0DBF9122002F010FA19
:1012E000BCE700F08BF9C6E7254BDA6C42F40052FC
:1012F000DA64DB6C03F400530193019BC1E74FF404
:10130000004306934FF00053159306A803F0E8F945
:1013100018BB1A4A136801331360012B20D0184BF5
:10132000DA6C42F00102DA64DB6C03F0010305932E
:10133000059B41231793032318930024199417A99D
:101340004FF0904002F082FB22462146122002F02C
:101350009FF9122002F0D4F980E700F04FF9D8E7A6
:10136000074BDA6C42F40052DA64DB6C03F400538E
:101370000493049BD3E700BF000100500C0200203F
:10138000001002400004004808B50A480A4B0360F8
:101390004FF4807343604023836000230361C36084
:1013A00043611123836102F057F800B908BD00F0D2
:1013B00025F9FBE7E80200200002014000B587B0F4
:1013C000002301930293039304930593026803F1AE
:1013D000804303F581339A4202D007B05DF804FBE5
:1013E00003F58733DA6C42F00202DA64DB6C03F057
:1013F00002030093009B022301930323029301A99C
:10140000054802F023FB00221146402002F040F97B
:10141000402002F075F9E0E70004004800B58DB007
:1014200030220021684607F02BF81148114B036069
:1014300002F088F9A8B90223009300228DF8042055
:101440008DF80520029203920492059201230693DF
:1014500007926946064802F0EFF928B90DB05DF829
:1014600004FB00F0CBF8E6E700F0C8F8F6E700BFB1
:101470000C0300200008005000B58DB03022002180
:10148000684606F0FDFF1048104B036002F05AF961
:10149000A0B90223009300228DF804208DF80520C6
:1014A00002920392049205930693079269460648B6
:1014B00002F0C2F928B90DB05DF804FB00F09EF807
:1014C000E7E700F09BF8F6E720030020001000504B
:1014D00000B589B000230393049305930693079303
:1014E0000368184A934205D0174A93421FD009B0A7
:1014F0005DF804FB154BDA6C42F48032DA64DA6C86
:1015000002F480320092009ADA6C42F00102DA644E
:10151000DB6C03F001030193019B1023039303236E
:10152000049303A94FF0904002F090FADFE7074BD5
:10153000DA6C42F48022DA64DB6C03F480230293D9
:10154000029BD4E700080050001000500010024039
:1015500030B58BB000240594069407940894099440
:10156000244BDA6C42F00402DA64DA6C02F0040212
:101570000192019ADA6C42F02002DA64DA6C02F02D
:1015800020020292029ADA6C42F00102DA64DA6C0A
:1015900002F001020392039ADA6C42F00202DA646A
:1015A000DB6C03F002030493049B134D224650218D
:1015B000284602F03CFB4FF4305305934FF4881358
:1015C0000693079405A9284602F040FA5023059394
:1015D000012306930794089405A9284602F036FAD9
:1015E00022462146282002F053F8282002F088F8ED
:1015F0000BB030BD001002400008004872B6FEE794
:1016000000B595B03822002106A806F039FF002069
:101610000190029003900490059002F0CBFB01230F
:1016200006934FF48033079302230D9303220E9207
:101630000F922822109211931293139306A802F08E
:1016400073FC80B90F2301930323029300230393B8
:101650000493059304210DEB010002F01BFF20B958
:1016600015B05DF804FBFFF7C9FFFFF7C7FF08B52A
:1016700000F0B0FBFFF7C4FFFFF76AFFFFF7E6FCDF
:10168000FFF76CFDFFF780FEFFF7F6FE00F010F8A5
:1016900000F026F800F03CF800F040FA00F0FAFA0A
:1016A000FFF7BCFE00F046F905F0B4FCFEE70000D1
:1016B00008B50948094B0360002343608360C36099
:1016C000036103758361C36202F0C4FA00B908BD07
:1016D000FFF794FFFBE700BF340300200003014045
:1016E00008B50948094B0360002343608360C36069
:1016F000036103758361C36202F0ACFA00B908BDEF
:10170000FFF77CFFFBE700BF7003002004030140EC
:1017100008B50948094B0360002343608360C36038
:10172000036103758361C36202F094FA00B908BDD6
:10173000FFF764FFFBE700BFAC0300200803014094
:1017400000B589B000230393049305930693079390
:101750000368234A934208D0224A934219D0224A6E
:1017600093422AD009B05DF804FB204BDA6C42F0BA
:101770000102DA64DB6C03F001030093009B0E238B
:1017800003930323049303A94FF0904002F05EF902
:10179000E8E7164BDA6C42F00102DA64DB6C03F026
:1017A00001030193019BE02303930323049303A903
:1017B0004FF0904002F04AF9D4E70C4BDA6C42F05B
:1017C0000202DA64DB6C03F002030293029B07233C
:1017D00003930323049303A9054802F037F9C1E7F3
:1017E00000030140040301400803014000100240CF
:1017F0000004004800B583B00B4B1A6E42F00102A2
:101800001A661A6E02F001020092009A9A6D42F076
:1018100080529A659B6D03F080530193019B02F007
:101820004FFB03B05DF804FB00100240FEE7FEE74B
:10183000FEE7FEE7FEE770477047704708B500F027
:10184000D9FA08BD08B5034800F01AFC024800F0B8
:1018500017FC08BD100200207C02002008B50248D9
:1018600003F084FA08BD00BFEC03002008B502486D
:1018700003F07CFA08BD00BFEC03002008B5024865
:1018800003F074FA08BD00BF3804002008B54FF417
:10189000806002F0D1F94FF4006002F0CDF94FF40E
:1018A000005002F0C9F908BD08B5024801F0B8FEC1
:1018B00008BD00BFE80200200120704708B506F00F
:1018C000B5FD162303604FF0FF3008BD08B54FF09B
:1018D000FF31FFF7F3FFFEE710B503460C4A0D4951
:1018E0000D48006840B10C4800680344521A934206
:1018F00006D8094A136010BD0748084C0460F2E797
:1019000006F094FD0C2303604FF0FF30F3E700BFB7
:101910000080002000040000E803002000060020F2
:10192000034AD2F8883043F47003C2F88830704715
:1019300000ED00E000B58DB00023089309930A93F1
:101940000B930493059306930793019302930393D8
:101950001C481D4A02600F22426083604FF6FF72EE
:10196000C2600361836103F05BFBF8B94FF48053FD
:10197000089308A9134803F0D9FCD0B900230493B5
:1019800005930A2306930523079304A90D4803F042
:1019900091FE88B9502301930023039301A90948BC
:1019A00004F010F858B90DB05DF804FBFFF726FEFF
:1019B000DCE7FFF723FEE1E7FFF720FEEAE7FFF7AA
:1019C0001DFEF0E7380400200008004000B589B093
:1019D0000023039304930593069307930368254A12
:1019E000934205D0244A93421DD009B05DF804FB10
:1019F000224B1A6E42F400621A661B6E03F40063F7
:101A00000093009B00221146182001F041FE18208F
:101A100001F076FE00221146192001F039FE19204E
:101A200001F06EFEE1E7154B9A6D42F004029A65F3
:101A30009A6D02F004020192019ADA6C42F00202FD
:101A4000DA64DB6C03F002030293029B4FF4E07351
:101A5000039302230493079303A9094801F0F6FFB7
:101A6000002211461E2001F013FE1E2001F048FE48
:101A7000BBE700BF002C01400008004000100240FE
:101A800000040048F0B589B0002303930493059344
:101A90000693079302681F4B9A4201D009B0F0BD2C
:101AA00003F56443DA6C42F00202DA64DA6C02F0A5
:101AB00002020192019ADA6C42F00102DA64DB6CF4
:101AC00003F001030293029B4FF4C04303930225EA
:101AD000049506260796104F03A9384601F0B6FF75
:101AE0004FF40043039304950024059406940423C3
:101AF000079303A9384601F0A9FF4FF4E06303936D
:101B0000049505940694079603A94FF0904001F0C0
:101B10009DFFC3E7002C01400004004810B59EB0B3
:101B200000241A941B941C941D94179418941994CF
:101B30001494159416940D940E940F94109411947B
:101B40001294139434222146684606F099FC4F48BB
:101B50004F4B036044602023836041F63F73C360B2
:101B60004FF4807303614461846103F059FA0028E3
:101B70006DD14FF480531A931AA9444803F0D6FB51
:101B8000002867D1414803F07BFA002865D1702313
:101B9000179300231893199317A93C4803F012FFD9
:101BA00000285DD10223149301211591002316937F
:101BB00014AA364803F0A0FF002854D160230D93E7
:101BC00000220E920F9210921192129213920DA96E
:101BD0002E4803F0CBFA002848D104220DA92B4847
:101BE00003F0C4FA002844D108220DA9274803F0C5
:101BF000BDFA002840D170230D9341F63E730E9339
:101C00000C220DA9214803F0B1FA002837D1002396
:101C1000009301930293782203924FF4805204922E
:101C20004FF40052059202220692079308934FF058
:101C3000007209920A930B930C936946134803F0C0
:101C40000BFFF8B91148FFF71DFF1EB010BDFFF7DD
:101C5000D5FC8EE7FFF7D2FC94E7FFF7CFFC96E7C1
:101C6000FFF7CCFC9EE7FFF7C9FCA7E7FFF7C6FC30
:101C7000B3E7FFF7C3FCB7E7FFF7C0FCBBE7FFF72D
:101C8000BDFCC4E7FFF7BAFCDCE700BFEC030020B3
:101C9000002C014008B51748174B03604FF4E1339F
:101CA000436000238360C36003610C22426183614F
:101CB000C36103624362836204F06EFB70B900216A
:101CC0000C4804F0E2FB60B900210A4804F002FC71
:101CD00050B9084804F0BAFB48B908BDFFF78EFCBC
:101CE000EDE7FFF78BFCEFE7FFF788FCF1E7FFF785
:101CF00085FCF2E7840400200048004010B598B04D
:101D000004460021139114911591169117914422C4
:101D100002A806F0B5FB2268174B9A4201D018B012
:101D200010BD0423029302A802F0DAFC08BB134B97
:101D30009A6D42F480229A659A6D02F48022009294
:101D4000009ADA6C42F00202DA64DB6C03F0020300
:101D50000193019B4FF440631393022314930023D8
:101D6000159316930723179313A9054801F06EFEE8
:101D7000D5E7FFF743FCDAE70048004000100240D7
:101D800000040048104B1B680BB90120704710B5C8
:101D900004464FF47A70B0FBF3F30C4A1068B0FBC2
:101DA000F3F001F0BBFC68B90F2C01D901200AE067
:101DB000002221464FF0FF3001F06AFC044B1C600A
:101DC000002000E0012010BD0400002000000020E1
:101DD0000800002010B5032001F048FC0F20FFF799
:101DE000D1FF10B10124204610BD0446FFF702FDCB
:101DF000F9E70000034A1368034909680B441360BC
:101E0000704700BF1805002004000020014B18682F
:101E1000704700BF1805002038B50446FFF7F6FFED
:101E20000546B4F1FF3F02D0044B1B681C44FFF78A
:101E3000EDFF401BA042FAD338BD00BF04000020D4
:101E400030B583B000230193002800F007810446D9
:101E5000C36D13B323689A6812F0005F05D09A68C7
:101E600022F0204222F03F029A602268936813F029
:101E7000805F1FD1936823F0104323F03F0343F0AA
:101E800080539360764B1B689B09764AA2FB032321
:101E90009B0901335B00019309E0FFF7CBF90023B5
:101EA000236684F85830D5E7019B013B0193019BE1
:101EB000002BF9D12268936813F0805F40F0968080
:101EC000E36D43F01003E365236E43F001032366E3
:101ED0000120936813F0040300D00123E16D11F099
:101EE000100F40F0B480002B40F0B180E36D23F47C
:101EF000817343F00203E365936813F0010F15D17A
:101F00004FF0A0439B6813F0010300D00123564A11
:101F1000926812F0010200D00122134306D16368D7
:101F200052498A6822F47C1213438B60627FE36B10
:101F300043EA4233E2681343A268134394F824202F
:101F400043EA0243012A53D0E26A22B102F47872D2
:101F5000216B0A4313432168CD68454A2A40134345
:101F6000CB602268136923F04063616B0B431361FC
:101F70002268936813F0080300D001233BBB217F44
:101F800094F838305B0043EA8131D36823F480430E
:101F900023F002030B43D360236973B322681369F0
:101FA00043F4803313612268D2F8C03023F47F53A6
:101FB00023F03F0321690B43C2F8C03094F840304E
:101FC000012B29D02268136923F00103136163698F
:101FD000012B33D02268136B23F00F031363E36DDF
:101FE00023F0030343F00103E36535E0002070E7CD
:101FF000A26A013A43EA4243A6E72268136923F43E
:10200000803313612268D2F8C03023F47F5323F069
:102010003F03C2F8C030D1E721680B6923F4FF63A6
:1020200023F00403626CA56C2A43E56C2A43256DFA
:102030002A43134343F001030B61C8E721680B6B8C
:1020400023F00F03226A013A13430B63C7E7E36DE2
:1020500043F01003E365012003B030BD0120FBE72E
:1020600000000020632D3E050001005000030050D9
:102070000740F0FF0368186C70477047704770475F
:10208000F8B5044603681F685D68984B9E6806F0C3
:102090001F0617F0020F10D015F0020F0DD0C36D00
:1020A00013F0100F03D1C36D43F40063C3652046E2
:1020B00000F037FE236802221A6017F0040F02D0E6
:1020C00015F0040F05D117F0080F4AD015F0080FCE
:1020D00047D0E36D13F0100F03D1E36D43F40073A9
:1020E000E3652368DA6812F4406F34D1804A934282
:1020F00009D01A46934209D046B1052E06D0092EC2
:1021000004D0D26803E04FF0A042F3E7DA6812F49B
:10211000005F20D11A6812F0080F1CD09A6812F0E4
:10212000040F10D15A6822F00C025A60E36D23F4B8
:102130008073E365E36D13F4805F0CD1E36D43F0CE
:102140000103E36507E0E36D43F01003E365236EED
:1021500043F0010323662046FFF78FFF23680C221C
:102160001A6017F0200F02D015F0200F05D117F0DC
:10217000400F5CD015F0400F59D0E36D13F0100FF5
:1021800003D1E36D43F40053E3652368DA6C12F482
:10219000C07F12D10121DA6812F4406F0FD1012003
:1021A000534A93420DD01A4693420DD066B1062E83
:1021B0000AD0072E08D0D26807E00021EBE7002004
:1021C000EEE74FF0A042EFE7DA6851B312F0007F7C
:1021D00003D030B312F4005F23D1196811F0400F1F
:1021E0001FD012F4001F1CD19A6812F0080F10D1F2
:1021F0005A6822F060025A60E36D23F48053E3656D
:10220000E36D13F4807F0CD1E36D43F00103E365CC
:1022100007E0E36D43F01003E365236E43F0010331
:102220002366204604F0C2FF236860221A6017F07C
:10223000800F02D015F0800F2FD117F4807F02D0CD
:1022400015F4807F34D117F4007F02D015F4007F9D
:102250003AD117F0100F19D015F0100F16D0E36B0C
:1022600033B1002E3CD0214B9B6813F4604F0AD051
:10227000E36D43F48063E365236E43F0020323665A
:102280002046FFF7FCFE236810221A6017F4806FC7
:1022900002D015F4806F2DD1F8BDE36D43F4803387
:1022A000E3652046FFF7EAFE236880221A60C4E750
:1022B000E36D43F40033E365204600F030FD23680E
:1022C0004FF480721A60BEE7E36D43F48023E36548
:1022D000204600F025FD23684FF400721A60B8E72D
:1022E0002368DB6813F0010FCDD0C1E70003005075
:1022F00000010050E36D43F48043E365236E43F037
:102300000803236623684FF480621A60204600F0B9
:1023100005FDC1E7F0B583B00022019290F8582086
:10232000012A00F05E820346012280F858200568E9
:10233000A86810F0040F09D0DA6D42F02002DA65C7
:102340000120002283F8582003B0F0BD4C683035DE
:10235000220A920002F00C02A85804F01F0E1F245B
:1023600004FA0EF420EA04000C68C4F3846C0CFA3E
:102370000EFC40EA0C00A8501868826812F00402B3
:1023800000D00122846814F0080400D00124002A3F
:1023900050D1002C4ED18D68B5F1004F00F08280F5
:1023A0000F6814307A0E920002F004028658C7F3C8
:1023B000045E4FF0070C0CFA0EFC26EA0C0C05FA32
:1023C0000EF54CEA050585501868426922F0004276
:1023D00042614D691868C268C2F3C102520005FA31
:1023E00002F20E69042E75D0603050F82670A84DA8
:1023F0003D400F6807F0F8473A43154345F0004564
:1024000040F826501A680E698869603252F82650E2
:1024100025F08075284342F826001A680D69087F68
:10242000012854D0603252F8250020F00070044397
:1024300042F825401868826812F0010F17D10A6827
:10244000CD68D0F8B040C2F3120C24EA0C0405F0B9
:10245000180C904D25FA0CF52A40C2F312022243C3
:10246000C0F8B020C8688C4A904200F09B800A688F
:102470008A490A4200F0AD818949896801F0E0701B
:10248000884CA24200F05C81874CA24200F0588147
:10249000864CA24200F07A81854CA24200F08881ED
:1024A00000204EE70D6814306A0E920002F004021C
:1024B0008658C5F30455072707FA05F526EA0505EA
:1024C00085501868426942F00042426181E74FF04E
:1024D0000074A7E7026E046EC4F384640A68C2F352
:1024E000120585BBC2F38462944234D01C68626ECC
:1024F000606EC0F384600A68C2F3120585BBC2F344
:102500008462904234D01C68A26EA06EC0F38460D6
:102510000A68C2F3120585BBC2F38462904234D0CC
:102520001C68E26EE06EC0F384600A68C2F31205B4
:1025300085BBC2F3846290427FF47CAFE26E22F0EE
:102540000042E26676E792FAA2F212B1B2FA82F2A1
:10255000CAE72022C8E7026E22F000420266C5E701
:1025600092FAA2F212B1B2FA82F2CAE72022C8E7C6
:10257000626E22F000426266C5E792FAA2F212B1E0
:10258000B2FA82F2CAE72022C8E7A26E22F0004225
:10259000A266C5E792FAA2F212B1B2FA82F2CAE7D3
:1025A0002022C8E71C680A68C2F31205002D38D142
:1025B000900E013000F01F0009288CBF0020012080
:1025C000002877D0002D3BD1900E0130800600F01E
:1025D000F840002D40D1960E013606F01F07012667
:1025E000BE403043002D45D1920E013202F01F0251
:1025F00002EB420212050243886804F11406550EEC
:10260000AD0005F004057459C2F304524FF0070CF5
:102610000CFA02FC24EA0C0C90404CEA00007051C9
:1026200025E792FAA2F048B1B0FA80F0013000F04C
:102630001F0009288CBF00200120C1E72020F5E7FA
:1026400092FAA2F030B1B0FA80F00130800600F0CA
:10265000F840BEE72020F8E792FAA2F646B1B6FAB3
:1026600086F6013606F01F06012707FA06F6B8E7D8
:102670002026F6E792FAA2F242B1B2FA82F20132D1
:1026800002F01F0202EB42021205B4E72022F6E735
:1026900000F0FF03FFFF070000007F4000000880FC
:1026A00000030050000021C31000C090000052C77A
:1026B000000084CBCDB9900E0130800600F0F840C8
:1026C000FDB9960E013606F01F070126BE403043C5
:1026D0002DBB920E013202F01F0202EB42021E3AA3
:1026E000120542F00072024386E792FAA2F030B17E
:1026F000B0FA80F00130800600F0F840E0E72020DA
:10270000F8E792FAA2F646B1B6FA86F6013606F076
:102710001F06012707FA06F6D9E72026F6E792FA00
:10272000A2F25AB1B2FA82F2013202F01F0202EBB7
:1027300042021E3A120542F00072D4E72022F3E76B
:1027400011F4000F7FF4A4AE1A68B2F1A04F01D0CB
:102750000020F6E540F4000023498A6822F0E07288
:1027600010438860214A126892092149A1FB021294
:102770009209013202EB420292000192019A1AB1CF
:10278000019A013A0192F9E70020DAE511F0807F21
:102790007FF482AE1968174A91421CD040F08070D5
:1027A00011498A6822F0E072104388600020C8E571
:1027B00011F4800F11D119680E4A91420FD040F4E4
:1027C00080020948816821F0E0710A43826000209C
:1027D000B7E50020B5E50020B3E50020B1E5002015
:1027E000AFE50220B0E500BF00030050000000206C
:1027F000632D3E050001005030B583B000230193E6
:1028000003689A6812F0010F58D1044699682D4A5E
:10281000114219D19A6822F0004222F03F0242F0A0
:1028200001029A60284B9B6813F4000F1CD0274BC1
:102830001B689B09264AA2FB03239B09013303EB78
:1028400043039B0001930CE0C36D43F01003C36589
:10285000036E43F001030366012030E0019B013B5E
:102860000193019B002BF9D1FFF7D0FA05462368AD
:102870001A6812F0010F1FD19A6812F0010F07D1E8
:102880009A6822F0004222F03F0242F001029A6070
:10289000FFF7BCFA431B022BE9D923681B6813F02E
:1028A000010FE4D1E36D43F01003E365236E43F0C1
:1028B00001032366012002E0002000E0002003B0B5
:1028C00030BD00BF3F00008000030050000000202A
:1028D000632D3E0538B53A4B9D6803689B6813F03D
:1028E000040F69D1044605F01F0590F85830012BFC
:1028F00064D0012380F85830FFF77EFF002857D1BD
:10290000E36D23F4706323F0010343F48073E36504
:1029100023682C4A93422FD01A46934200D01DB907
:10292000E26D22F48012E265E26D12F4805F26D03F
:10293000226E22F0060222661C221A60002384F80E
:10294000583022681F4B9A421CD013469A421CD022
:10295000DDB1052D19D0092D17D0E26D42F480129A
:10296000E265DB6813F0007F27D0E36D23F440536A
:1029700043F48053E36520E04FF0A042CDE700220E
:102980002266D9E74FF0A043E0E7D36813F0007F59
:1029900005D0E36D23F4405343F48053E36593681B
:1029A00023F0004323F03F0343F00403936004E06B
:1029B000002384F8583000E0022038BD0220FCE7F4
:1029C000000300500001005038B5044602689368C7
:1029D00013F0020300D00123916811F0010F39D0E8
:1029E000002B39D1936803F00D03012B09D0E36D5F
:1029F00043F01003E365236E43F0010323660120D7
:102A000029E0936823F0004323F03F0343F00203DF
:102A10009360236803221A60FFF7F8F905462368DC
:102A20009B6813F0010F13D0FFF7F0F9401B022849
:102A3000F5D923689B6813F0010FF0D0E36D43F0E4
:102A40001003E365236E43F001032366012002E0D7
:102A5000002000E0002038BD0020FCE730B583B046
:102A60000023019390F85830012B41D004460D46C5
:102A7000012380F85830FFF7A7FF80BBE36D23F4F4
:102A8000885323F0020343F00203E365226893684E
:102A900023F0404323F03F0305F080452B4343F0F0
:102AA0000043936023689B68002B06DBE36D23F0F3
:102AB000030343F00103E36515E0019B0133019338
:102AC000019A0C4B9A42EDD9E36D23F0120343F0C7
:102AD0001003E365002384F85830012006E0E36D1D
:102AE00043F01003E365002384F8583003B030BD91
:102AF0000220FBE701DE040038B5394B9D6803680E
:102B00009A6812F0080F67D1044605F01F05DA68CD
:102B1000DB6C13F4C07F01D1002A3DDA94F8583001
:102B2000012B5BD0012384F858302046FFF764FE68
:102B300000284DD1E36D13F4807F33D0236E23F052
:102B400008032366E36D23F4405323F0010343F4A9
:102B50008053E3652368234A934226D01A46934262
:102B600000D01DB9E26D22F48012E26560221A6085
:102B7000002384F8583023681A4A934218D01A4622
:102B8000934218D0BDB1062D15D0072D13D0E36D9B
:102B900043F48013E36520E0C36D43F02003C36575
:102BA00001201AE000232366CCE74FF0A042D6E7CD
:102BB0004FF0A042E4E7DA6812F0007F0DD19A6886
:102BC00022F0004222F03F0242F008029A6004E044
:102BD000002384F8583000E0022038BD0220FCE7D2
:102BE000000300500001005038B54A4B9D6803684F
:102BF0009A6812F0080F40F08980044605F01F051E
:102C0000DA68DB6C13F4C07F01D1002A53DA94F840
:102C10005830012B7CD0012384F858302046FFF730
:102C2000EBFD00286ED1E36D13F4807F49D0236E55
:102C300023F008032366E36D23F4405323F00103DC
:102C400043F48053E3652368334A93423CD01A46E9
:102C5000934200D01DB9E26D22F48012E265602239
:102C60001A60002384F858302368DA6812F4001FD1
:102C700003D05A6842F480625A60A369082B26D0B8
:102C80002268536823F0400353602268536843F07E
:102C9000200353602368204A934223D01A4693426C
:102CA00023D015B3062D20D0072D1ED0E36D43F49D
:102CB0008013E3652BE0C36D43F02003C36501205F
:102CC00025E000232366B6E74FF0A042C0E7226864
:102CD000536823F0200353602268536843F0400395
:102CE0005360D7E74FF0A042D9E7DA6812F0007FCF
:102CF0000DD19A6822F0004222F03F0242F0080211
:102D00009A6004E0002384F8583000E0022038BDC7
:102D10000220FCE70003005000010050704770479C
:102D200070477047F0B583B00346002201924069B6
:102D300093F85820012A00F0FA82012283F85820E3
:102D4000A8B10A6A012A12D0986E002840F0CD80FE
:102D50009A6600225A668C6A002C00F0C3800A6AC8
:102D6000013A04F07C042243CC6A1443BEE04A6872
:102D7000092A00F097801A68906810F0080F10D1A7
:102D800091F82500002840F0D080D06820F4401051
:102D900091F8265091F82440240544EA45542043F4
:102DA000D0601C68A26812F0040200D00122A5685D
:102DB00015F0080500D00125002A40F06181002DA2
:102DC00040F099818A6A1AB1CA6A002A40F0BC8030
:102DD00091F82520012A00F0B180E26822F000720B
:102DE000E260002091F83020012A00F0BC801C68CD
:102DF000226922F0020222618C68B4F1004F00F0D7
:102E0000BE801A680F6802F1140C7A0E920002F06C
:102E100004025CF80260C7F304574FF0070E0EFA85
:102E200007FE26EA0E06BC4034434CF802401C68FC
:102E3000626922F0004262614C691E68F268C2F366
:102E4000C102520004FA02F2D1F810C0BCF1040F22
:102E500000F0AF80603656F82C40A84F27400C6831
:102E600004F0F8442243174347F0004746F82C701B
:102E70001A680F698C69603252F8276026F08076F4
:102E8000344342F827401A680E690C7F012C00F089
:102E90008D80603252F8264024F00074254342F8B9
:102EA0002650EEE08C6ABCB10868820E520202F431
:102EB000785204F07C042243C86A02431C68E06C28
:102EC00020F07B4020F46F0020F43F4020F0FF0012
:102ED0001043E0645A664EE70A68920E520202F40A
:102EE0007852EBE70A6A541E00E000240868C0F339
:102EF00084604A6802F01F0200FA02F22243986ED0
:102F0000013898665C6E22435A6600287FF433AF1E
:102F10001C68E06C20F07B4020F46F0020F43F4000
:102F200020F0FF000243E26425E7D06820F440105F
:102F300091F8264040EA4450D06032E7E26842F01F
:102F40000072E26000204DE791F82500012805D0CD
:102F5000E26822F00072E260002043E7DA6D42F09E
:102F60002002DA653EE71E68326922F4FF724C6B7C
:102F70008F6B3C43224342F0020232613CE71C6803
:102F80000E681434720E920002F00402A758C6F3C1
:102F900004564FF0070C0CFA06F627EA0606A65070
:102FA0001C68626942F00042626145E74FF00075BB
:102FB0006FE7326E346EC4F384640A68C2F312059C
:102FC0007DBBC2F38462944233D01D686A6E6C6E1E
:102FD000C4F384640A68C2F312067EBBC2F384623F
:102FE000944233D01D68AA6EAC6EC4F384640A6840
:102FF000C2F312067EBBC2F38462944233D01D68D2
:10300000EA6EEC6EC4F384640A68C2F312067EBBF7
:10301000C2F38462944234D1EA6E22F00042EA663E
:103020002FE092FAA2F212B1B2FA82F2CBE720229A
:10303000C9E7326E22F000423266C6E792FAA2F287
:1030400012B1B2FA82F2CBE72022C9E76A6E22F00F
:1030500000426A66C6E792FAA2F212B1B2FA82F2AE
:10306000CBE72022C9E7AA6E22F00042AA66C6E793
:1030700092FAA2F212B1B2FA82F2CBE72022C9E7A9
:1030800000201D68AA6812F0010F17D10A68CE68E7
:10309000D5F8B040C2F3120724EA070406F0180C72
:1030A000174E26FA0CFC02EA0C02C2F3120222436B
:1030B000C5F8B020CC68134A944231D00A6812494E
:1030C0000A4213D01149896801F0E074104DAA42F8
:1030D00000F0E4800F4DAA4200F0E0800E4DAA42BD
:1030E00000F001810D4DAA4200F00F81002283F80B
:1030F000582003B0F0BD0020C3E700BF00F0FF037D
:10310000FFFF070000007F40000008800003005020
:10311000000021C31000C090000052C7000084CB03
:103120001D680A68C2F31206002E37D1940E0134CE
:1031300004F01F04092C8CBF00240124002C65D04E
:10314000002E3AD1940E0134A40604F0F844002E67
:103150003FD1970E013707F01F0C012707FA0CF734
:103160003C43002E44D1920E013202F01F0202EBCA
:103170004202120522438C681435560EB60006F042
:103180000406AF59C2F304524FF0070C0CFA02FCCC
:1031900027EA0C0794403C43AC518FE792FAA2F423
:1031A0004CB1B4FA84F4013404F01F04092C8CBF30
:1031B00000240124C2E72024F5E792FAA2F434B1F6
:1031C000B4FA84F40134A40604F0F844BFE72024E0
:1031D000F8E792FAA2F74FB1B7FA87F7013707F08D
:1031E0001F074FF0010C0CFA07F7B9E72027F5E7A6
:1031F00092FAA2F242B1B2FA82F2013202F01F0256
:1032000002EB42021205B5E72022F6E7D6B9940E8A
:103210000134A40604F0F84406BB970E013707F00A
:103220001F0C012707FA0CF73C4336BB920E013204
:1032300002F01F0202EB42021E3A120542F0007237
:10324000224398E792FAA2F434B1B4FA84F4013438
:10325000A40604F0F844DFE72024F8E792FAA2F786
:103260004FB1B7FA87F7013707F01F074FF0010C8E
:103270000CFA07F7D8E72027F5E792FAA2F25AB13D
:10328000B2FA82F2013202F01F0202EB42021E3A4F
:10329000120542F00072D3E72022F3E711F4000F89
:1032A0007FF41CAF1A68B2F1A04F7FF41FAF44F453
:1032B000000420498A6822F0E07214438C601E4AA0
:1032C000126892091D49A1FB0212920902EB420207
:1032D00092001832019202E0019A013A0192019A99
:1032E000002AF9D102E711F0807F7FF4FBAE196864
:1032F000134A91423FF4FAAE44F080740D498A6853
:1033000022F0E07214438C60F0E611F4800F7FF439
:10331000EDAE19680A4A91423FF4E8AE44F48004E5
:1033200004498A6822F0E07214438C60DEE60220D1
:10333000DFE600BF0003005000000020632D3E05C3
:103340000001005090F85820012A7FD010B49DB0A1
:103350000346012280F85820002218921992006832
:10336000B0F1A04F39D000220192019A002A37D043
:10337000926812F0040200D00122806810F0040F5D
:1033800054D1002A52D10A68002A32D0304CA268A7
:1033900022F46042486893F838C040EA4C30024357
:1033A000A2604FF0A042926812F0010200D0012208
:1033B0002848806810F0010000D00120024341D16C
:1033C000234CA26822F4716222F00F020868896817
:1033D00001430A43A26000202DE01E4A0192C4E787
:1033E000DA6D42F02002DA65002283F858200120CD
:1033F00024E017498A6822F460428A604FF0A042B4
:10340000926812F0010200D001221249896811F07D
:10341000010100D001210A4316D10D498A6822F426
:10342000716222F00F028A60002004E0DA6D42F03F
:103430002002DA650120002283F858201DB05DF8D3
:10344000044B70470020F6E70020F4E702207047A5
:10345000000300500001005030B583B000230193F9
:10346000002800F09A80044603681B68002BC0F215
:103470009780437F23B32168086800F40000A368A5
:103480006268134362691343E2681343226913437A
:103490000D68454A2A4013430B602268136813F4F1
:1034A000000F18D0B8B9414B1B689B094049A1FBDC
:1034B00003139B09013303EB83039B00019307E094
:1034C00003770362FDF77AFFD5E7019B013B019388
:1034D000019B002BF9D1374B9A4230D004339A42EA
:1034E00030D004339A4227D04FF08043A26912F0C3
:1034F000030F42D012F0100F27D02F498A681A43C9
:103500008A60A26912F0200F25D02B49CA681A439D
:10351000CA60294A5361A26912F0020F21D02649DC
:103520004A681A434A60A26912F0010F1FD022496B
:103530000A6813430B6029E04FF00053D6E74FF4BD
:103540000013D3E74FF48003D0E71B498A6822EACF
:1035500003028A60D5E71849CA6822EA0302CA60F2
:10356000D7E715494A6822EA03024A60DBE71249B5
:103570000A6822EA03030B6008E00F4A516821EA57
:1035800003015160116821EA03031360637F03F0B4
:10359000FF003BB90123637700E0012003B030BD99
:1035A0000120FBE70020F9E70F7E00FF000000206C
:1035B000632D3E05000201400004014082B000235B
:1035C000019308B302681168002920DB417FC9B26A
:1035D000012901D0012018E0116841F001011160BA
:1035E000022242770B4B1B680B4AA2FB0323DB0C26
:1035F00003EB8303019302E0019B013B0193019BD9
:10360000002BF9D1002000E0012002B0704701201A
:10361000FBE700BF0000002083DE1B437047000073
:1036200008B503680F4A934210D00432934210D079
:103630000432934207D04FF080430B4A526933EA79
:10364000020209D008BD4FF00053F6E74FF4001313
:10365000F3E74FF48003F0E7034A5361FFF7DEFF1F
:10366000F0E700BF0002014000040140074AD368B0
:1036700023F4E0631B041B0C000200F4E06003432E
:1036800043F0BF6343F40033D360704700ED00E0C4
:1036900000B5194BDB68C3F30223C3F1070CBCF17F
:1036A000040F28BF4FF0040C03F1040EBEF1060F07
:1036B00018D9033B4FF0FF3E0EFA0CFC21EA0C0137
:1036C00099400EFA03F322EA0303194300280BDBA7
:1036D0000901C9B200F1604000F5614080F80013B3
:1036E0005DF804FB0023E5E700F00F000901C9B213
:1036F000024B1954F4E700BF00ED00E014ED00E0C8
:10370000002807DB00F01F02400901239340024A12
:1037100042F82030704700BF00E100E00138B0F10E
:10372000807F0BD24FF0E0235861054AF02182F8E8
:1037300023100020986107221A617047012070470A
:1037400000ED00E070B110B50446037933B10223F7
:103750002371002020610123237110BD4371FDF707
:10376000B7FEF4E701207047002841D002464379B4
:10377000012B3FD030B482B001234371022010717D
:1037800015682C6801F01000834023432B601A4B0E
:103790001B689B09194CA4FB03439B09013301934C
:1037A00002E0019B013B0193019B002BF9D189B9F8
:1037B00011680B6803F03E03022B06D0012313713E
:1037C0000020507102B030BC70474B6843F00103D9
:1037D0004B60F3E71468216801F47811022303FABF
:1037E00000F08142EAD1636843F002036360E5E7D9
:1037F000012070470220704700000020632D3E0525
:1038000010B483B00024019498B10068C46B019097
:1038100051B901990A4408320192019A13600020BB
:1038200003B05DF8044B704701990A4414320192C9
:10383000F3E70120F4E70000002800F0FC802DE908
:10384000F0410C4615460646002900F0F680437903
:10385000012B00F0F48001234371022303718B6874
:10386000042B17D0E369012B5FD03368DF6B05F0C1
:1038700010050723AB4027EA0307A369012B61D09A
:10388000022B00F0BE806369002B40F0BD804FF03A
:10389000010859E0FEF7BAFA07469DB133685A6B42
:1038A000002A3FDAFEF7B2FAC01B0128F6D93368C6
:1038B0005B6B002BF2DA336943F0080333610320BA
:1038C00030719CE033685A6B12F4004F10D0FEF751
:1038D0009DFAC01B0128F5D933685B6B13F4004FC8
:1038E000F0D0336943F0080333610320307186E080
:1038F000626A1A643068826C05F0100140F2FF338E
:103900008B4022EA0302A36A8B401A438264306828
:10391000C36CFF228A4023EA0203E26A8A4013430F
:10392000C3649FE7626A5A64E4E731688A6B05F012
:1039300010001F23834022EA0302236A83401343BB
:103940008B6392E74FF00008A3686269134343EA70
:1039500008034FF48072AA4027EA02072279012A5D
:1039600055D04FF0000848EA03034FF40072AA4014
:1039700027EA02076279012A4CD04FF0000848EA92
:10398000030827F440472368022B46D01F4308FA58
:1039900005F848EA07073368DF6331680B684FF4BE
:1039A0008042AA4023EA02030B6031680B6840F6AC
:1039B000FE72AA4023EA0202E368AB4013430B60A5
:1039C00031680B68C022AA4023EA02030B60E26858
:1039D000C2F3830322699208120202F470621A434E
:1039E0003068036E40F60F71A94023EA010302FA22
:1039F00005F51D4305660123337100207071BDE894
:103A0000F0814FF001089FE74FF000089CE74FF46A
:103A10008078A8E74FF40078B1E700F037FE094B53
:103A2000984202D947F40047B1E7074B9842AED914
:103A300047F48047ABE7012070470120DFE7022011
:103A4000DDE700BF0068890900B4C404F0B583B0A5
:103A5000002362E085685E000324B44025EA040583
:103A6000CC68B4402C438460446824EA0C0C4C6855
:103A7000C4F300149C4044EA0C0444605EE0DD089A
:103A8000083550F8256003F007044FEA840C0F2432
:103A900004FA0CF426EA040E0C6904FA0CF444EA65
:103AA0000E0440F8254060E0052400E0002404FAFC
:103AB0000EF42C430CF1020C554D45F82C40554C9E
:103AC000A568D44325EA02064F6817F4801F01D089
:103AD00042EA05064F4DAE60ED6804EA05064F6800
:103AE00017F4001F01D042EA05064A4DEE606D68EA
:103AF00004EA05064F6817F4003F01D042EA0506C4
:103B0000444D6E602D682C404E6816F4803F01D005
:103B100042EA05043F4A146001330A6832FA03F4AA
:103B200074D04FF0010C0CFA03FC1CEA0202F3D033
:103B30004C6804F00304013C012C8BD94C6804F060
:103B40000304032C0CD0C4685D004FF0030C0CFA86
:103B500005FC24EA0C0C8C68AC4044EA0C04C460FC
:103B60004C6804F00304022C89D004684FEA430E29
:103B70004FF0030C0CFA0EFC24EA0C0C4C6804F019
:103B8000030404FA0EF444EA0C0404604C6814F4D0
:103B9000403FC1D0204C256E45F001052566246EBE
:103BA00004F001040194019C4FEA930C0CF102050E
:103BB000174C54F8255003F003044FEA840E0F24E9
:103BC00004FA0EF425EA0405B0F1904F3FF46EAF0D
:103BD000124CA04212D004F58064A04210D004F52B
:103BE0008064A0420ED004F58064A0420CD004F59D
:103BF0008064A0423FF458AF062458E7012456E7FA
:103C0000022454E7032452E7042450E703B0F0BD34
:103C10000000014000040140001002400004004880
:103C20000369194201D001207047002070470AB192
:103C3000816170478162704708B5054B5B6903423B
:103C400000D108BD024B586103F0BAFBF9E700BF91
:103C500000040140002800F0868010B582B00446C0
:103C600090F83A30DBB2052B7FD090F83A30DBB2D7
:103C7000022B7CD03F4B1A6E42F001021A661B6E7B
:103C800003F001030193019B90F83A300BB980F8DF
:103C900039302046FDF754FDA368402B25D0602B1A
:103CA00023D02268136823F01003E16A0B431360EA
:103CB00021680B68304A1A406368A0680343E068D3
:103CC000034320690343207D012849D0002003439A
:103CD000606A0343A06A0343206B43EAC043606BFE
:103CE00043EA006313430B6020E02268136823F06B
:103CF0001003E16A0B43136021680B681E4A1A40E7
:103D00006368A068034320690343207D012824D011
:103D100000200343606A0343A06A0343206B43EA25
:103D2000C043606B43EA006313430B6021688B69F7
:103D3000002B09DB8B6923F03F03A269E069024392
:103D4000206A024313438B6194F83A3013B901237C
:103D500084F83A30002002B010BD4FF48070D8E7EC
:103D60004FF48070B3E7012070470120F3E7012092
:103D7000F1E700BF00100240113E00E0A8B190F84A
:103D80003A30DBB2052B12D090F83A30DBB2012B7F
:103D900001D00120704701680B6843F001030B60FC
:103DA000042380F83A30002070470120704701203A
:103DB00070470000002836D13E4B1B6803F4C063F7
:103DC000B3F5806F08D03B4AD2F8803023F480737B
:103DD000C2F8803000207047364AD2F8803023F491
:103DE0008073C2F88030136823F4C06343F4007317
:103DF0001360314B1B68322202FB03F32F4AA2FBF4
:103E000003239B0C013300E0013B2A4A526912F460
:103E1000806F01D0002BF7D1264B5B6913F4806FC4
:103E200044D100207047B0F5007F08D0214A1368C4
:103E300023F4C06343F480631360002070471D4B7C
:103E40001B6803F4C063B3F5806F08D0194AD2F839
:103E5000803043F48073C2F8803000207047154AE8
:103E6000D2F8803043F48073C2F88030136823F4B2
:103E7000C06343F4007313600F4B1B68322202FBD4
:103E800003F30E4AA2FB03239B0C013300E0013B2A
:103E9000084A526912F4806F01D0002BF7D1054B0C
:103EA0005B6913F4806F03D10020704703207047D3
:103EB00003207047007000400000002083DE1B4399
:103EC000024A936843F48043936070470070004057
:103ED000124BDA6802F00302D868C0F30310431CE7
:103EE000032A11D00E48B0FBF3F00C4BDB68C3F390
:103EF000062303FB00F0094BDB68C3F34163013386
:103F00005B00B0FBF3F070470648B0FBF3F0034BE7
:103F1000DB68C3F3062303FB00F0ECE7001002406C
:103F20000024F40000366E01002800F04F8270B5C6
:103F300082B00446036813F0010F37D0A44A936897
:103F400003F00C03D26802F003020C2B23D0082BE1
:103F500023D06368B3F5803F4ED0B3F5A02F51D086
:103F60009B4B1A6822F480321A601A6822F480226D
:103F70001A606368002B52D0FDF748FF0546944B4A
:103F80001B6813F4003F11D1FDF740FF401B64286C
:103F9000F5D9032023E2032AD9D18D4B1B6813F4F2
:103FA000003F03D06368002B00F01282236813F0F7
:103FB000020F5DD0864A936803F00C03D26802F0CA
:103FC00003020C2B3AD0042B3AD0E368002B75D0B7
:103FD0007F4A136843F480731360FDF717FF0546AB
:103FE0007B4B1B6813F4806F5FD1FDF70FFF401B05
:103FF0000228F5D90320F2E1754A136843F48033AF
:104000001360B6E703F18043A3F53C331A6842F42A
:1040100080221A601A6842F480321A60A9E7FDF71C
:10402000F5FE05466A4B1B6813F4003FBED0FDF752
:10403000EDFE401B6428F5D90320D0E1022AC2D14D
:10404000634B1B6813F4806F03D0E368002B00F010
:10405000C1815F4A536823F0FE43216943EA01634B
:1040600053605C4B1868FDF78DFE002840F0B4816A
:10407000236813F0080F4CD063699BB3544AD2F8FD
:10408000943043F00103C2F89430FDF7BFFE0546BB
:104090004F4BD3F8943013F0020F3AD1FDF7B6FE30
:1040A000401B0228F4D9032099E1494A536823F0C0
:1040B000FE43216943EA01635360D9E7444A136828
:1040C00023F480731360FDF7A1FE0546404B1B6887
:1040D00013F4806FCCD0FDF799FE401B0228F5D970
:1040E00003207CE13A4AD2F8943023F00103C2F86D
:1040F0009430FDF78BFE0546354BD3F8943013F022
:10410000020F06D0FDF782FE401B0228F4D90320DF
:1041100065E1236813F0040F00F081802C4B9B6D48
:1041200013F0805F36D12A4B9A6D42F080529A6527
:104130009B6D03F080530193019B0125264B1B6867
:1041400013F4807F28D0A368012B39D0052B45D0EC
:104150001F4BD3F8902022F00102C3F89020D3F82F
:10416000902022F00402C3F89020A368002B43D0D3
:10417000FDF74CFE0646164BD3F8903013F0020FB5
:104180004CD1FDF743FE801B41F288339842F2D9AF
:10419000032024E10025D1E70F4A136843F480731C
:1041A0001360FDF733FE06460B4B1B6813F4807F4C
:1041B000C9D1FDF72BFE801B0228F5D903200EE1A3
:1041C000034AD2F8903043F00103C2F89030CCE7B4
:1041D000001002400800002000700040884BD3F817
:1041E000902042F00402C3F89020D3F8902042F0CF
:1041F0000102C3F89020B8E7FDF708FE0646804BA1
:10420000D3F8903013F0020F08D0FDF7FFFD801BAC
:1042100041F288339842F2D90320E0E0E5B92368FF
:1042200013F0200F35D0A369E3B1754AD2F8983066
:1042300043F00103C2F89830FDF7E8FD0546704BE6
:10424000D3F8983013F0020F23D1FDF7DFFD401BA8
:104250000228F4D90320C2E0694A936D23F0805309
:104260009365DCE7664AD2F8983023F00103C2F880
:104270009830FDF7CBFD0546614BD3F8983013F02D
:10428000020F06D0FDF7C2FD401B0228F4D903201F
:10429000A5E0E369002B00F0A180594A926802F082
:1042A0000C020C2A64D0022B13D0554A136823F059
:1042B00080731360FDF7AAFD0446514B1B6813F091
:1042C000007F4ED0FDF7A2FD001B0228F5D9032088
:1042D00085E04B4A136823F080731360FDF796FD69
:1042E0000546474B1B6813F0007F06D0FDF78EFD97
:1042F000401B0228F5D9032071E0414AD3684149A7
:104300001940236A606A013843EA0013A06A43EA4D
:104310000023206B4008013843EA4053606B40089B
:10432000013843EA4063E06A43EAC0630B43D36069
:10433000136843F080731360D36843F08073D360D5
:10434000FDF764FD04462E4B1B6813F0007F06D179
:10435000FDF75CFD001B0228F5D903203FE000209B
:104360003DE0274AD168284B0B40D360002036E05F
:10437000012B36D0224BDB6803F00301226A914205
:1043800031D103F0F002616A0139B2EB011F2CD187
:1043900003F4FE42A16AB2EB012F28D103F0784268
:1043A000E16AB2EBC16F24D103F4C001226B520861
:1043B000013AB1EB425F1ED103F0C063626B520859
:1043C000013AB3EB426F18D1002008E0012070479A
:1043D000012004E0012002E0012000E0002002B002
:1043E00070BD0120FBE70120F9E70120F7E701207C
:1043F000F5E70120F3E70120F1E70120EFE700BF37
:10440000001002400C809F01FCFFEEFE1E4B9B68DB
:1044100003F00C03042B33D01B4B9B6803F00C03FD
:10442000082B2FD0184B9B6803F00C030C2B01D0EA
:1044300000207047144BDA6802F00302D868C0F31A
:104440000310431C032A11D01048B0FBF3F00E4BAD
:10445000DB68C3F3062303FB00F00B4BDB68C3F3FD
:10446000416301335B00B0FBF3F070470848B0FBD9
:10447000F3F0054BDB68C3F3062303FB00F0ECE726
:104480000248704702487047001002400024F400C0
:1044900000366E01002800F0E680F8B50C460546AF
:1044A000744B1B6803F00F038B420BD2714A1368E5
:1044B00023F00F030B431360136803F00F038B42C9
:1044C00040F0D3802E6816F001065FD06B68032B96
:1044D0002FD0022B4DD0684B1B6813F4806F00F077
:1044E000C680FFF793FF654B98424DD9624A9368A7
:1044F00023F0F00343F08003936080265E4A9368C4
:1045000023F0030369680B439360FDF77FFC0746C4
:10451000594B9B6803F00C036A68B3EB820F35D0EC
:10452000FDF774FCC01B41F288339842F0D9032098
:1045300078E0514B1B6813F0007F01D1012071E03E
:10454000FFF7C6FC4D4B98421AD94B4B9B6813F0B2
:10455000F00F05D02E6816F00206CFD0AB688BB9ED
:10456000454A936823F0F00343F08003936080266C
:10457000C4E7414B1B6813F4003FB2D1012051E066
:104580000026BBE70026B9E70026B7E72B6813F043
:10459000020F48D013F0040F04D0374A936843F455
:1045A000E06393602B6813F0080F06D0324A9368DB
:1045B00023F47C5343F4E06393602F4A936823F021
:1045C000F003A9680B4393602A4B1B6803F00F03A9
:1045D000A34230D82B6813F0040F06D0264A936804
:1045E00023F4E063E9680B4393602B6813F0080F32
:1045F00007D0214A936823F46053296943EAC10331
:104600009360FFF703FF1C4B9B68C3F303131C4A23
:10461000D35C03F01F03D8401A4B18601A4B18687C
:10462000FDF7B0FBF8BD802ECED1134A936823F07E
:10463000F0039360C8E70F4A136823F00F03234386
:104640001360FDF7E3FB06460A4B1B6803F00F03FC
:10465000A342BFD0FDF7DAFB801B41F288339842BA
:10466000F2D90320DEE7012070470120DAE70120BC
:10467000D8E700BF002002400010024000B4C4048C
:1046800048CF00080000002008000020014B1868F7
:10469000704700BF0000002008B5FFF7F7FF054B8B
:1046A0009B68C3F30223044AD35C03F01F03D84082
:1046B00008BD00BF0010024058CF000808B5FFF742
:1046C000E5FF054B9B68C3F3C223044AD35C03F0A8
:1046D0001F03D84008BD00BF0010024058CF00089B
:1046E000F0B583B00446036813F4002F69D0AE4BD5
:1046F0009B6D13F0805F1ED1AB4B9A6D42F08052E0
:104700009A659B6D03F080530193019B0126A74A94
:10471000136843F480731360FDF778FB0546A34BE1
:104720001B6813F4807F08D1FDF770FB401B022843
:10473000F5D9032502E00026E9E7002545BB9A4BA1
:10474000D3F8903013F4407315D0226C9A4212D0F3
:10475000954AD2F8903023F44073D2F8901041F487
:104760008031C2F89010D2F8901021F48031C2F854
:104770009010C2F8903013F0010F10D145B98A4A59
:10478000D2F8903023F44073216C0B43C2F8903080
:10479000C6B1854A936D23F08053936512E0FDF70F
:1047A00035FB0746804BD3F8903013F0020FE5D16C
:1047B000FDF72CFBC01B41F288339842F2D9032548
:1047C000DCE70025236813F0010F08D0764AD2F801
:1047D000883023F0030361680B43C2F888302368F4
:1047E00013F0020F08D0704AD2F8883023F00C037F
:1047F000A1680B43C2F88830236813F0040F08D077
:10480000694AD2F8883023F03003E1680B43C2F8DC
:104810008830236813F0080F08D0634AD2F8883034
:1048200023F0C00321690B43C2F88830236813F0DA
:10483000200F08D05C4AD2F8883023F440636169C5
:104840000B43C2F88830236813F0400F08D0564A53
:10485000D2F8883023F44053A1690B43C2F8883062
:10486000236813F0800F08D04F4AD2F8883023F421
:104870004043E1690B43C2F88830236813F4807F1A
:1048800008D0494AD2F8883023F44033216A0B43D8
:10489000C2F88830236813F4007F08D0424AD2F867
:1048A000883023F44023616A0B43C2F888302368C0
:1048B00013F4806F0CD03C4AD2F8883023F44013B4
:1048C000A16A0B43C2F88830A36AB3F5801F57D0A2
:1048D000236813F4006F0CD0334AD2F8883023F4E5
:1048E0004003E16A0B43C2F88830E36AB3F5800FF6
:1048F0004BD0236813F4805F0CD02B4AD2F8883059
:1049000023F04073216B0B43C2F88830236BB3F163
:10491000807F3FD0236813F4005F0CD0224AD2F886
:10492000883023F04063616B0B43C2F88830636BBF
:10493000B3F1006F33D0236813F4804F0CD01A4AC0
:10494000D2F8883023F04063A16B0B43C2F8883063
:10495000A36BB3F1006F2BD0236813F4004F0CD07E
:10496000114AD2F8883023F04053E16B0B43C2F870
:104970008830E36BB3F1805F1FD0284603B0F0BDF1
:10498000D36843F48013D360A2E7D36843F4801361
:10499000D360AEE7D36843F48013D360BAE7D3683B
:1049A00043F48013D360C6E700100240007000405B
:1049B000D36843F48013D360CEE7D36843F48033E5
:1049C000D360DAE730B4036A026A22F001020262BD
:1049D0004568826922F4803222F073020C68224317
:1049E00023F002038C6823431D4CA0420FD004F532
:1049F0000064A0420BD004F54064A04207D004F547
:104A00008064A04203D004F58064A04205D123F065
:104A10000803CC68234323F00403114CA0420FD0B9
:104A200004F50064A0420BD004F54064A04207D016
:104A300004F58064A04203D004F58064A04207D14D
:104A400025F4407C4C6944EA0C0C8D6945EA0C0560
:104A5000456082614A684263036230BC704700BFB0
:104A6000002C014030B4036A026A22F480720262B0
:104A70004468C26922F4803222F073020D682A432E
:104A800023F400738D6843EA0523184DA84203D030
:104A900005F50065A84206D123F40063CD6843EA1A
:104AA000052323F48063114DA8420FD005F500655E
:104AB000A8420BD005F54065A84207D005F58065F2
:104AC000A84203D005F58065A84207D124F4405CD4
:104AD0004C694CEA041C8C694CEA04144460C261C1
:104AE0004A68C263036230BC704700BF002C0140BB
:104AF00030B4036A026A22F4805202624468C269D6
:104B000022F0807222F4E6420D6842EA052223F484
:104B100000538D6843EA0533174DA84203D005F5CD
:104B20000065A84206D123F40043CD6843EA05336B
:104B300023F48043104DA8420FD005F50065A8422C
:104B40000BD005F54065A84207D005F58065A84261
:104B500003D005F58065A84207D124F4404C4C6988
:104B60004CEA841C8C694CEA84144460C2614A6833
:104B70000264036230BC7047002C014030B4036A09
:104B8000026A22F4803202624468026D22F48032AA
:104B900022F070020D682A4323F400338D6843EA43
:104BA00005430F4DA8420FD005F50065A8420BD074
:104BB00005F54065A84207D005F58065A84203D0F9
:104BC00005F58065A84204D124F480344D6944EA97
:104BD0000524446002654A688264036230BC704701
:104BE000002C014030B4036A026A22F4801202628F
:104BF0004468026D22F0807222F4E0420D6842EABD
:104C0000052223F400138D6843EA05530F4DA84293
:104C10000FD005F50065A8420BD005F54065A84208
:104C200007D005F58065A84203D005F58065A84248
:104C300004D124F480244D6944EA8524446002654B
:104C40004A68C264036230BC704700BF002C014058
:104C500010B4036A046A24F001040462846924F035
:104C6000F00C4CEA021223F00A030B438261036248
:104C70005DF8044B704710B4036A046A24F0100412
:104C80000462846924F4704C4CEA023223F0A003DD
:104C900043EA0113826103625DF8044B7047836845
:104CA00023F4401323F070030B4343F007038360A6
:104CB0007047000090F83D30DBB2012B2DD102236C
:104CC00080F83D300368184A934218D0B3F1804F02
:104CD00015D0A2F59432934211D002F5806293422E
:104CE0000DD002F59632934209D002F5406293420C
:104CF00005D01A6842F001021A60002070479968D6
:104D00000A4A0A40062A0AD0B2F5803F09D01A683A
:104D100042F001021A600020704701207047002015
:104D200070470020704700BF002C014007000100C1
:104D300070470C2914D8DFE801F0071313130A1386
:104D400013130D13131310000368586B7047036897
:104D5000986B70470368D86B70470368186C70478E
:104D600000207047704770477047704770B5054620
:104D70000368DE681C6914F0020F10D016F0020FF1
:104D80000DD06FF002021A610123037703689B695B
:104D900013F0030F7CD002F05FFB00232B7714F09D
:104DA000040F12D016F0040F0FD02B686FF004021E
:104DB0001A6102232B772B689B6913F4407F6DD017
:104DC000284602F049FB00232B7714F0080F12D07D
:104DD00016F0080F0FD02B686FF008021A61042339
:104DE0002B772B68DB6913F0030F5ED0284602F0A7
:104DF00033FB00232B7714F0100F12D016F0100F96
:104E00000FD02B686FF010021A6108232B772B68E4
:104E1000DB6913F4407F4FD0284602F01DFB0023CE
:104E20002B7714F0010F02D016F0010F4BD114F4C0
:104E3000025F02D016F0800F4DD114F4807F02D0B3
:104E400016F0800F4FD114F0400F02D016F0400F33
:104E500051D114F0200F02D016F0200F53D114F4CA
:104E6000801F02D016F4801F55D114F4001F02D009
:104E700016F4001F57D114F4800F02D016F4800FDF
:104E800059D114F4000F02D016F4000F5BD170BD9D
:104E9000FFF769FF2846FFF767FF7EE72846FFF721
:104EA00062FF2846FFF760FF8DE72846FFF75BFFAC
:104EB0002846FFF759FF9CE72846FFF754FF28468E
:104EC000FFF752FFABE72B686FF001021A6128462B
:104ED000FFF748FFABE72B686FF402521A612846D0
:104EE00000F077FEA9E72B686FF480721A612846FC
:104EF00000F070FEA7E72B686FF040021A612846A9
:104F0000FFF733FFA5E72B686FF020021A612846F0
:104F100000F05EFEA3E72B686FF480121A6128464A
:104F200000F059FEA1E72B686FF400121A612846C1
:104F300000F052FE9FE72B686FF480021A6128464A
:104F400000F04BFE9DE72B686FF400021A612846C3
:104F500000F044FE9BE700000368304A90420ED008
:104F6000B0F1804F0BD0A2F59432904207D002F5F9
:104F70008062904203D002F59632904203D123F032
:104F800070034A681343254A90421AD0B0F1804F0B
:104F900017D0A2F59432904213D002F5806290426D
:104FA0000FD002F5963290420BD002F5406290424B
:104FB00007D002F58062904203D002F580629042F1
:104FC00003D123F44073CA68134323F080034A6972
:104FD000134303608B68C3620B6883620F4B984274
:104FE0000FD003F5006398420BD003F5406398425D
:104FF00007D003F58063984203D003F5806398429D
:1050000001D10B69036301234361036913F0010FAD
:1050100003D0036923F0010303617047002C0140B2
:1050200060B310B5044690F83D3013B3022384F802
:105030003D30214651F8040BFFF78EFF012384F821
:10504000483084F83E3084F83F3084F8403084F8AB
:10505000413084F8423084F8433084F8443084F896
:10506000453084F8463084F8473084F83D300020DD
:1050700010BD80F83C30FCF7A9FCD7E70120704751
:1050800060B310B5044690F83D3013B3022384F8A2
:105090003D30214651F8040BFFF75EFF012384F8F1
:1050A000483084F83E3084F83F3084F8403084F84B
:1050B000413084F8423084F8433084F8443084F836
:1050C000453084F8463084F8473084F83D3000207D
:1050D00010BD80F83C30FFF72BFED7E7012070476A
:1050E00030B4036A026A22F01002026244688269E4
:1050F00022F0807222F4E6420D6842EA052223F093
:1051000020038D6843EA0513174DA84203D005F527
:105110000065A84206D123F08003CD6843EA051359
:1051200023F04003104DA8420FD005F50065A842BA
:105130000BD005F54065A84207D005F58065A8426B
:1051400003D005F58065A84207D124F4406C4C6972
:105150004CEA840C8C694CEA8404446082614A689D
:105160008263036230BC7047002C014038B590F870
:105170003C30012B00F0958004460D46012380F859
:105180003C30142A00F28880DFE802F00B86868625
:105190001F86868634868686488686865D868686CF
:1051A00071000068FFF70EFC2268936943F0080362
:1051B00093612268936923F00403936122689369E1
:1051C00029690B439361002067E00068FFF788FFBF
:1051D0002268936943F4006393612268936923F41E
:1051E0008063936122689369296943EA012393618B
:1051F000002052E00068FFF735FC2268D36943F0D5
:105200000803D3612268D36923F00403D3612268C1
:10521000D36929690B43D36100203EE00068FFF7A2
:1052200067FC2268D36943F40063D3612268D369C1
:1052300023F48063D3612268D369296943EA012397
:10524000D361002029E00068FFF798FC2268136D05
:1052500043F0080313652268136D23F004031365FC
:105260002268136D29690B431365002015E000685F
:10527000FFF7B8FC2268136D43F4006313652268DE
:10528000136D23F4806313652268136D296943EA63
:1052900001231365002000E00120002384F83C3046
:1052A00038BD0220FCE7000070B4066A046A24F0EE
:1052B000010404628469154DA84215D0B0F1804FF5
:1052C00012D0A5F59435A8420ED005F58065A84208
:1052D0000AD005F59635A84206D005F54065A842E6
:1052E00002D044F0010202E024F00304224322F041
:1052F000F0021B01DBB2134326F00A0201F00A019F
:1053000011438361016270BC704700BF002C0140F3
:1053100010B4846824F47F4C42EA03220A4342EA30
:105320000C0282605DF8044B7047000090F83C303E
:10533000012B00F08F8010B50446012380F83C302B
:10534000022380F83D3002689068434B034093602D
:105350000B68702B55D031D8502B6CD00CD9602BEA
:105360002AD1CA6849682068FFF785FC6021206857
:10537000FFF795FC002035E0402B0AD1CA68496848
:105380002068FFF765FC40212068FFF788FC0020BB
:1053900028E05BD8202B07D003D9302B04D0012084
:1053A00020E00BB1102B05D119462068FFF777FCE0
:1053B000002017E0012015E0012013E0B3F5005FA5
:1053C0002CD00BD9254A9342EED012D9244A9342CD
:1053D000EAD030329342E7D0012003E0B3F5805F9A
:1053E00036D10020012384F83D30002384F83C307E
:1053F00010BDB3F1101FD7D0103A9342D4D0012082
:10540000F0E7CB684A6889682068FFF781FF226867
:10541000936843F0770393600020E3E7CB684A6822
:1054200089682068FFF774FF2268936843F480431B
:1054300093600020D6E7CA6849682068FFF708FC37
:1054400050212068FFF72BFC0020CBE70120C9E7A3
:105450000120C7E7022070478800CEFF300010000F
:105460004000100001F01F01012303FA01FC036A50
:1054700023EA0C030362036A02FA01F10B4303629D
:105480007047000010B504460846002947D194F83B
:105490003E30DBB2013B18BF0123002B40F094806B
:1054A000002867D1022384F83E300122014620689B
:1054B000FFF7D8FF2368474A93420FD002F50062F6
:1054C00093420BD002F54062934207D002F580620E
:1054D000934203D002F58062934203D15A6C42F4A6
:1054E00000425A6423683B4A93425FD0B3F1804F35
:1054F0005CD0A2F59432934258D002F58062934278
:1055000054D002F59632934250D002F54062934255
:105510004CD01A6842F001021A60002055E00429BC
:105520000CD0082911D00C2916D010291BD094F8C2
:105530004330DBB2013B18BF0123AEE794F83F30A4
:10554000DBB2013B18BF0123A7E794F84030DBB280
:10555000013B18BF0123A0E794F84130DBB2013BC7
:1055600018BF012399E794F84230DBB2013B18BF22
:10557000012392E7042809D008280BD00C280DD06D
:1055800010280FD0022384F843308EE7022384F8DA
:105590003F308AE7022384F8403086E7022384F80C
:1055A000413082E7022384F842307EE799680A4A54
:1055B0000A40062A0AD0B2F5803F09D01A6842F0A4
:1055C00001021A60002000E0012010BD0020FCE76D
:1055D0000020FAE7002C01400700010038B504461E
:1055E0000D4600220068FFF73DFF2368284A9342DA
:1055F0000FD002F5006293420BD002F54062934255
:1056000007D002F58062934203D002F58062934294
:105610000DD1196A41F21112114208D1196A44F2EE
:105620004442114203D15A6C22F400425A64236866
:10563000196A41F21112114208D1196A44F2444226
:10564000114203D11A6822F001021A6025B9012320
:1056500084F83E30002038BD042D09D0082D0BD031
:105660000C2D0DD0102D0FD0012384F84330F1E71D
:10567000012384F83F30EDE7012384F84030E9E767
:10568000012384F84130E5E7012384F84230E1E763
:10569000002C014001F00F01042303FA01FC036A0E
:1056A00023EA0C030362036A02FA01F10B4303626B
:1056B0007047704700286BD070B588B00E4604461E
:1056C00090F83D30002B5ED0022384F83D30214617
:1056D00051F8040BFFF740FCB368032231682068DF
:1056E000FFF7E2FD2268936923F00C0393612268BF
:1056F000936971680B4393612268536843F0800398
:1057000053602268936823F4401323F0700393607E
:105710002268936843F0400393602268936823F4FF
:10572000803323F0070393602268936843F00403F7
:1057300093600025059506957023019307950495C0
:105740000395F368029301A92068FFF7C9FC22685A
:10575000536823F0007323F070035360226853688A
:1057600043F050035360012384F8483084F83E30FE
:1057700084F83F3084F8443084F8453084F83D3074
:10578000284608B070BD80F83C30FFF792FF9BE7D9
:105790000120704710B5044690F83E00C0B294F85E
:1057A0003F3094F8442094F84510012848D1DBB2EA
:1057B000D2B2C9B2012B44D1012A43D1012901D06F
:1057C00010463EE0022384F83E3084F83F3084F8EF
:1057D000443084F845302268D36843F00203D36034
:1057E000012200212068FFF73DFE2368184A9342FA
:1057F00018D0B3F1804F15D0A2F59432934211D056
:1058000002F5806293420DD002F59632934209D0A0
:1058100002F54062934205D01A6842F001021A6014
:1058200000200EE099680B4A0A40062A0CD0B2F517
:10583000803F0BD01A6842F001021A60002000E09D
:10584000012010BD1846FCE70020FAE70020F8E729
:10585000002C01400700010010B50446084600294D
:1058600033D194F84430DBB2013B18BF0123002B45
:1058700062D1002842D1022384F844300422014638
:105880002068FFF707FF2268536C43F4004353641A
:1058900023682C4A934241D0B3F1804F3ED0A2F509
:1058A000943293423AD002F58062934236D002F5A8
:1058B0009632934232D002F5406293422ED01A685B
:1058C00042F001021A60002037E0042908D00829BC
:1058D0000DD094F84730DBB2013B18BF0123C6E777
:1058E00094F84530DBB2013B18BF0123BFE794F8C1
:1058F0004630DBB2013B18BF0123B8E7042805D0CE
:10590000082807D0022384F84730B7E7022384F839
:105910004530B3E7022384F84630AFE799680A4A76
:105920000A40062A0AD0B2F5803F09D01A6842F030
:1059300001021A60002000E0012010BD0020FCE7F9
:105940000020FAE7002C01400700010038B50446AA
:105950000D4600220068FFF79DFE2368196A41F298
:105960001112114208D1196A44F24442114203D182
:105970005A6C22F400425A642368196A41F21112E7
:10598000114208D1196A44F24442114203D11A6803
:1059900022F001021A6025B9012384F84430002066
:1059A00038BD042D05D0082D07D0012384F84730D9
:1059B000F5E7012384F84530F1E7012384F8463008
:1059C000EDE7000090F83C30012B40D030B40123CB
:1059D00080F83C30022380F83D30026853689468B8
:1059E0001C4DAA4203D005F50065AA4203D123F459
:1059F00070034D682B4323F0007323F070030D6890
:105A00002B4353600368134A934212D0B3F1804F83
:105A10000FD0A2F5943293420BD002F580629342EC
:105A200007D002F59632934203D002F540629342CA
:105A300004D124F080048A6814439C60012380F818
:105A40003D30002380F83C30184630BC70470220BF
:105A5000704700BF002C014090F83C30012B46D02D
:105A600010B4012380F83C30CB6823F440738A687B
:105A7000134323F480634A68134323F400630A68E2
:105A8000134323F480530A69134323F400534A69F0
:105A9000134323F480430A6B134323F470238A696E
:105AA00043EA024323F08053CA6913430268114C4E
:105AB000A24203D004F50064A24210D123F4700383
:105AC0008C6A43EA045323F080730C6A234323F067
:105AD00000734C6A234323F00053C96A0B43536499
:105AE000002380F83C3018465DF8044B70470220D4
:105AF000704700BF002C0140034690F83C0001288D
:105B000064D0F0B5012083F83C001568681E0F28AA
:105B100029D8DFE800F0082E280E2828281C28287D
:105B20002828282828224FF0090C00264FF4007E50
:105B300004E04FF00B0C02264FF4006E01291ED03A
:105B400002292FD00120002283F83C20F0BD4FF025
:105B50000C0C03264FF4805EF0E74FF00D0C04268A
:105B60004FF4005EEAE74FF0000C6646E6466546F5
:105B7000E4E74FF00A0C01264FF4806EDEE71C6864
:105B8000206E5168B140414029404140926802FA7C
:105B90000CFC8CEA010C0CEA0E0E8EEA0101216667
:105BA0000020D0E71C68676E506800FA06F1794063
:105BB00029407940926802FA0CFC8CEA010C0CEA4C
:105BC0000E0E8EEA010161660020BCE702207047DC
:105BD000704770477047704770477047704702685A
:105BE00052E8003F23F4907342E800310029F6D1D7
:105BF000026802F1080353E8003F23F0805323F0CA
:105C00000103083242E800310029F1D1C36E012BB3
:105C100006D02023C0F88C300023C366436770474A
:105C2000026852E8003F23F0100342E800310029E7
:105C3000F6D1EEE770B50446016883680269134344
:105C400042691343C269134308688B4A02401343F5
:105C50000B602268536823F44053E1680B435360A0
:105C6000A1692268854B9A4201D0236A194393683F
:105C700023F06E4323F430630B4393602268D36AAE
:105C800023F00F03616A0B43D36223687C4A93427B
:105C900023D07C4A934234D07B4A93424AD07B4AF9
:105CA000934259D0754A934268D0102273498B426F
:105CB00000F09580E069B0F5004F00F0D280082A2E
:105CC00000F24F81DFE812F01201340110014D01A2
:105CD00037014D014D014D013A0102F55842D2F80C
:105CE000882002F00302032A09D8DFE802F0020448
:105CF0005C060122DAE70422D8E70822D6E7102260
:105D0000D4E702F5E632D2F8882002F00C020C2A21
:105D10000ED8DFE802F0070D0D0D090D0D0D4A0D2F
:105D20000D0D0B000022C1E70422BFE70822BDE7EA
:105D30001022BBE702F5E432D2F8882002F03002EC
:105D4000202A34D004D8A2B3102A34D10422ADE7DB
:105D5000302A32D10822A9E702F5E232D2F88820AF
:105D600002F0C002802A2AD004D852B3402A2AD195
:105D700004229BE7C02A28D1082297E702F5C832FF
:105D8000D2F8882002F44062B2F5006F1FD005D827
:105D9000FAB1B2F5806F1ED1042287E7B2F5406FE9
:105DA0001BD1082282E7022280E702227EE702223C
:105DB0007CE700227AE7102278E7102276E70222B9
:105DC00074E7002272E7102270E710226EE70222C9
:105DD0006CE700226AE7102268E7102266E7082ACB
:105DE00000F2AF80DFE802F008AD3BAD38ADADADFD
:105DF00005004FF4004004E0FEF74EFC002800F0E0
:105E0000A280626A224B33F81220B0FBF2F365687D
:105E100005EB4501994200F29880B3EB053F00F293
:105E20009680002633463146FAF7D6FC090241EA4D
:105E3000106100026B08C0182A46334641F1000188
:105E4000FAF7CAFCA0F54072124B9A4200F2818028
:105E50002368D860304662E0FEF7D8FACEE70E48F5
:105E6000CFE7082A77D8DFE802F0193905763C76C3
:105E700076761D00084815E0F369FFCF00800040EA
:105E8000003801400044004000480040004C004001
:105E900060CF0008FFFC0F000024F400FEF7FCFBBD
:105EA00000285AD0626A324B33F81230B0FBF3F05C
:105EB0006268530803EB4000B0FBF2F0A0F110025F
:105EC0004FF6EF739A424AD883B223F00F03C0F320
:105ED000420018432368D860002020E0FEF7EEFB64
:105EE000DEE7FEF793FADBE7224803E0FEF7D4FB98
:105EF000002838D0626A1E4B33F81230B0FBF3F042
:105F0000636800EB5300B0FBF3F0A0F110024FF612
:105F1000EF739A4229D8236880B2D8600020012309
:105F2000A4F86A30A4F8683000236367A36770BDE3
:105F3000FEF7C4FBDCE7FEF769FAD9E74FF400404F
:105F4000D8E70120EBE70020E9E70120E7E701209F
:105F5000E5E70120E3E70120E1E70020DFE701209A
:105F6000DDE70120DBE70020D9E70120D7E700BF0C
:105F700060CF00080024F400836A13F0080F06D0F5
:105F80000268536823F40043816B0B435360836AB8
:105F900013F0010F06D00268536823F40033C16A7E
:105FA0000B435360836A13F0020F06D002685368F4
:105FB00023F48033016B0B435360836A13F0040FA7
:105FC00006D00268536823F48023416B0B4353606F
:105FD000836A13F0100F06D00268936823F480538D
:105FE000C16B0B439360836A13F0200F06D00268E5
:105FF000936823F40053016C0B439360836A13F09E
:10600000400F0AD00268536823F48013416C0B439D
:106010005360436CB3F5801F0BD0836A13F0800F7D
:1060200006D00268536823F40023C16C0B4353600D
:1060300070470268536823F4C003816C0B435360BC
:10604000EBE72DE9F84305460E4617469946DDF87D
:1060500020802C68E46936EA04030CBF4FF0010C81
:106060004FF0000CBC4536D1B8F1FF3FF1D0FBF743
:10607000CDFEA0EB0900404530D8B8F1000F2FD07D
:106080002B681A6812F0040FE3D0802EE1D0402E66
:10609000DFD0DA6912F0080F11D1DA6912F4006F5B
:1060A000D7D04FF400621A622846FFF798FD2023EC
:1060B000C5F89030002385F8843003200CE00824D4
:1060C0001C622846FFF78BFDC5F89040002385F839
:1060D0008430012000E00020BDE8F8830320FBE7C6
:1060E0000320F9E72DE9F04182B01E46D0F8883050
:1060F000202B5AD104460D469046002959D00AB9A2
:10610000012053E00023C0F890302123C0F88830EC
:10611000FBF77CFE0746A4F85480A4F85680A368D9
:10612000B3F5805F02D04FF0000816E0236943B357
:106130004FF0000811E02023C4F88830032035E038
:1061400038F8023B2268C3F308039362B4F8562080
:1061500092B2013A92B2A4F85620B4F856309BB2EB
:1061600093B100963B46002280212046FFF769FF4D
:106170000028E0D1002DE3D015F8012B23689A62A6
:10618000E4E7A8460025E8E700963B4600224021C8
:106190002046FFF756FF18B92023C4F8883005E0E1
:1061A0002023C4F88830032000E0022002B0BDE8BC
:1061B000F0810120FAE72DE9F04383B01E46D0F8C4
:1061C0008C30202B7DD104460D46904600297CD092
:1061D0000AB9012076E00023C0F890302222C0F8EE
:1061E0008C20C366FBF712FE0746A4F85C80A4F877
:1061F0005E80A368B3F5805F06D0A3B9226972B947
:10620000FF22A4F8602014E0226922B940F2FF12B4
:10621000A4F860200DE0FF22A4F8602009E07F22AE
:10622000A4F8602005E0B3F1805F0AD00022A4F852
:106230006020B4F86080B3F5805F0CD04FF00009A7
:1062400023E022691AB97F22A4F86020F1E73F22F7
:10625000A4F86020EDE7236913B14FF0000914E0C2
:10626000A946002511E02023C4F88C30032029E042
:1062700023685B6A08EA030329F8023BB4F85E204E
:1062800092B2013A92B2A4F85E20B4F85E309BB2AA
:1062900093B100963B46002220212046FFF7D1FE15
:1062A0000028E0D1002DE3D023685A6A5FFA88F312
:1062B000134005F8013BE1E72023C4F88C300020AF
:1062C00000E0022003B0BDE8F0830120FAE730B51A
:1062D00083B004460023C0F89030FBF797FD0546D5
:1062E0002268126812F0080F10D123681B6813F09F
:1062F000040F28D12023C4F88830C4F88C30002043
:10630000E066206784F8840003B030BD6FF07E4300
:106310000093034600224FF400112046FFF791FE40
:106320000028E2D0226852E8003F23F0800342E8D0
:1063300000310029F6D12023C4F88830002384F8E6
:1063400084300320E0E76FF07E4300932B46002269
:106350004FF480012046FFF774FE0028CAD022685F
:1063600052E8003F23F4907342E800310029F6D14F
:10637000226802F1080353E8003F23F001030832CA
:1063800042E800310029F3D12023C4F88C300023E7
:1063900084F884300320B7E778B310B50446D0F80A
:1063A00088300BB32423C4F888302268136823F0A4
:1063B00001031360A36AE3B92046FFF73BFC012801
:1063C00011D02268536823F4904353602268936885
:1063D00023F02A0393602268136843F001031360DB
:1063E0002046FFF774FF10BD80F88430FBF786FC71
:1063F000D8E72046FFF7C0FDDEE701207047000028
:10640000436E2BB90123A0F86A30A0F868307047BA
:1064100030B403689A68C2F342629968490F094D23
:106420006B5CDB00084C615C93FBF1F3A0F86A3015
:10643000AB5CDB00A25C93FBF2F3A0F8683030BCED
:10644000704700BF80CF000878CF000890F88430F4
:10645000012B18D0012380F884302423C0F8883021
:1064600003681A68196821F00101196022F00052CE
:106470000023436601680A602022C0F8882080F863
:106480008430184670470220704738B590F8843041
:10649000012B1DD00446012380F884302423C0F84A
:1064A000883003681D681A6822F001021A600268C9
:1064B000936823F0604319439160FFF7A1FF2368BD
:1064C0001D602023C4F88830002084F8840038BD83
:1064D0000220FCE738B590F88430012B1DD004462B
:1064E000012380F884302423C0F8883003681D68B5
:1064F0001A6822F001021A600268936823F0606350
:1065000019439160FFF77CFF23681D602023C4F8C6
:106510008830002084F8840038BD0220FCE70000A9
:106520000A4BD3ED007AF4EE407AF1EE10FA09D07E
:10653000074BD3ED007AF4EE407AF1EE10FA03D176
:106540000120704701207047002070476805002037
:106550006C05002082B08DED010A019B03F0FF4223
:10656000B2F1FF4F02D0002002B07047C3F3160310
:106570000BB90020F8E70120F6E7000010B52DED7B
:10658000048BF0EE408AB0EE608AF5EE400AF1EE40
:1065900010FA08D1B5EE400AF1EE10FA00F088804A
:1065A000B0EE409A0FE0FFF7D5FF48B9B0EE480AC9
:1065B000FFF7D0FF20B9B0EE680AFFF7B1FF38B19E
:1065C0003D4B93ED009AB0EE490ABDEC048B10BD33
:1065D000F5EE408AF1EE10FA04D1DFED387A87EE5D
:1065E000889AF0E7B0EE480AFFF79AFFA8B1B5EE37
:1065F000C08AF1EE10FA4CBF01220022F5EEC08AEB
:10660000F1EE10FA4CBF012300239A4202D0B0EE03
:10661000489AD8E7B0EE689AD5E7F0EE480AB0EEAF
:10662000680A01F09FF8B0EE409AB5EE400AF1EE2C
:1066300010FA0CBF0124002421D0B0EE480A01F06A
:1066400011F8B4EEC80AF1EE10FA18D5C8EE889A1F
:10665000F0EEE99AB6EE000A39EE800A01F002F88F
:1066600079EEC07AF0EEE77A9FED157A69EE879AB7
:10667000F4EEE97AF1EE10FAD4BF0124002424B13B
:106680009FED0E9A28EE099A9DE7F5EEC08AF1EE8D
:1066900010FA4CBF01220022B5EEC08AF1EE10FACA
:1066A0004CBF012300239A428DD039EE089A8AE725
:1066B000B0EE609A87E700BF700500200000000080
:1066C0000000003438B52DED088B934CD4E9060159
:1066D000FAF732F809EE900AD4ED097A79EEE79AE2
:1066E0008E4B93ED009A29EE899A8D4BD3ED077A64
:1066F00039EE279ADB8D47F6FE72934202D80133BA
:10670000874AD385864B93F83330ABB9844B01224B
:1067100083F83320022283F83220814BD3E9000131
:10672000F9F7C2FF0138032800F29380DFE810F088
:106730008C00EB001601BC01794B93F83230022B30
:1067400036D0032B4BD0012B0CD0734BD3ED057AF5
:10675000F5EE407AF1EE10FA70D1714B022283F817
:106760003220DAE76E4BDB8DB3F5FA6F0CD36C4B4E
:10677000032283F832200022DA8500200021C3E9B9
:106780000201C3E90401C8E7634BD3ED057AF5EED6
:10679000407AF1EE10FA04D1614B022283F83220E4
:1067A000BBE75F4B00204FF08041C3E90001B4E735
:1067B000594B93ED057AF7EE007AB4EE677AF1EE75
:1067C00010FA06D1564B012283F832200022DA85D6
:1067D000A3E7534B00205349C3E900019DE74E4B0B
:1067E000D3ED057AF5EE407AF1EE10FA04D14C4B78
:1067F000022283F8322090E7494BDA8D44F61F637A
:106800009A4204D9464B042283F8322085E70022BD
:10681000444B4349D1E90401F9F714FF20B1404B3F
:1068200000204049C3E902013D4B00203D49C3E936
:10683000040100203C49C3E900016EE7384B002009
:106840003A49C3E9000168E70023394A1360344A32
:106850009361314BD3ED006A9FED36AA66EE8A6AEA
:10686000D3ED018A93ED028A78EE887A9FED32AA01
:1068700067EE8A7A36EEE7AA304B83ED00AA2C4BFE
:10688000D3ED00AAB0EE6A0A00F0B4FEB0EE40BA52
:1068900078EEC88A9FED2A8A28EE888A294B83EDF4
:1068A000008AB0EE6A0A00F023FF2AEE0B5A68EE67
:1068B000007A75EE277A9FED245A35EE675A9FEDE0
:1068C000237A65EE076A164BB3F92C4007EE904A1F
:1068D000B8EEE77ADFED1E7A27EE277A36EE877A72
:1068E000DFED1C7AB4EEE77AF1EE10FA00F3FA80ED
:1068F000DFED197AB4EEE77AF1EE10FA40F11C817F
:10690000F0EE675AF0E00A4B00221A60044B4FF099
:1069100080429A619DE700BF7805002014000020A6
:10692000300500200000F03F00000840000010404B
:106930001C050020ABAA2A3FABAAAA3E20050020D6
:106940003ACD133F24050020000000007B142E3EAA
:1069500017B7D13842884741428847C1BF4BD3E976
:1069600002450022002320462946F9F793FE20B174
:10697000BA4B93F93030002B54DDB84B93ED098AB4
:106980000022002320462946F9F784FE20B1B34BAC
:1069900093F93130002B49DDB04CDFEDB10A94EDB5
:1069A0000A0AFFF7EBFDAF4B83ED000A4FF07E5371
:1069B000A361AD4BD3ED007A9FEDAC7A67EE877A99
:1069C0009FEDAB7A67EE877A9FEDAA7A67EE877ABA
:1069D00094ED097A77EE277AC4ED097AD4E9024575
:1069E0000022002320462946F9F754FE10B39B4BA2
:1069F000012283F83020DFED9F7A28EE278A974B1B
:106A0000D3ED0A7A77EE887AC3ED0A7A0022002362
:106A100020462946F9F73EFE48B3904B012283F801
:106A2000312016E78D4B00225A62A6E78B4B0022DD
:106A30009A62B1E70022002320462946F9F70CFEAE
:106A400058B90022002320462946F9F7FBFD48B13A
:106A5000824B002283F83020CDE7804BFF2283F861
:106A60003020C8E77D4B022283F83020C3E70022A4
:106A7000002320462946F9F7EFFD58B900220023EC
:106A800020462946F9F7DEFD48B1744B002283F811
:106A90003120DEE6714BFF2283F83120D9E66F4BBF
:106AA000022283F83120D4E6F0EE087AB4EEE79AB9
:106AB000F1EE10FA07DD694BC3ED067A6E4B1A6AE8
:106AC000684B1A60C5E6F8EE087AB4EEE79AF1EE84
:106AD00010FA03D5614BC3ED067AEFE75F4B83ED08
:106AE000069AEBE7DFED6B5A28EE0B8A6AEE006A36
:106AF00038EE668A614B83ED008A584BD3ED067AF7
:106B000037EEC88A9FED5EAA28EE0AAAD3ED08AA3E
:106B10003AEE2AAADFED5F7AB4EEE7AAF1EE10FAB8
:106B20000DDCDFED5B7AB4EEE7AAF1EE10FA40F18E
:106B30008380B0EE676A04E0F0EE475AD4E79FED39
:106B4000556A65EE8B6A66EE007A76EEE7BA65EE18
:106B5000807A26EE0B6A37EE86BADFED4E7AB4EE17
:106B6000E77AF1EE10FA6ADD77EE678A9FED450A63
:106B700025EE000A00F076FDBDEEC00A10EE103AD8
:106B80001AB2DFED447AB4EEE7AAF1EE10FA40F360
:106B900085803AEE675ADFED3B7A28EE278AB5EE1C
:106BA000C05AF1EE10FA40F388804FF0010CB5EEB8
:106BB000C08AF1EE10FA40F3838001202E4B93ED52
:106BC00003AAB5EE007A6AEE074ADFED2F6A6BEE94
:106BD000A66AB6EE006A2BEE066A76EEC67AF5EE87
:106BE000C07AF1EE10FA6EDD0221B5EEC0BAF1EE18
:106BF00010FACCBF012300230B44DFED275A75EEBA
:106C0000E65A75EEC65AF5EEC05AF1EE10FA5CDDA2
:106C100004210B449FED1D7A2AEE077A1649D1ED27
:106C2000045AC7EE257A591E042900F29A80DFE83B
:106C300001F04E7C838A9100B0EE4A6A81E7DFED75
:106C4000147AB4EEE77AF1EE10FA04DADFED118A85
:106C500077EE288A8AE7DFED108A87E73005002083
:106C6000DB0FC9401C0500200C000020D2537B42E2
:106C7000ABAAAA3E17B7D138780500202805002016
:106C80007B142E3E00000C42D7B35D3FD7B3DD3FEF
:106C9000428847C142884741000000005FED047A06
:106CA000B4EEE7AAF1EE10FA04DA1FED065A3AEE56
:106CB000055A70E71FED085A6DE74FF0FF3C76E785
:106CC0004FF0FF307AE700218FE70021A1E736EE91
:106CD000667A27EE277A76EE866A66EEA77A77EEF0
:106CE000876A8AEE266A76EECA6AF5EEC06AF1EE27
:106CF00010FA03DD27EE067A67EE867AF5EE006A73
:106D000027EE267A67EEA67A34EEC7BA3BEE67BA6C
:106D100034EE877A37EE676A77EE877A991E032911
:106D200028D8DFE801F030302A2D76EE866A26EE8C
:106D3000A77A67EECB7AD2E776EE666A27EEE67A36
:106D40006BEE277ACBE727EECB7A76EE666A66EEB5
:106D5000A77AC4E72BEE277A76EE866A67EEE67AA4
:106D6000BDE736EE867A27EEC77A76EE666A67EE7C
:106D7000E67AB4E7B0EE467A07E0B0EE677A04E070
:106D8000B0EE677A01E0B0EE4B7AC7EE0A6A591EA0
:106D900004290AD8DFE801F0030C03060C00B0EE6A
:106DA000677A07E0B0EE4B7A04E0B0EE4B7A01E090
:106DB000B0EE467AC7EE0ABA013B042B04D8DFE8EE
:106DC00003F0050384870500B0EE67BAF5EEC08ACC
:106DD000F1EE10FA7FDD0121002A7FDD0123F5EEBF
:106DE000408AF1EE10FA01D099427AD0A3184B4AAA
:106DF0009385B5EE405AF1EE10FA01D0844572D079
:106E0000DFED477A28EE278A3AEE888A434B83EDF6
:106E1000088AF0EE087AB4EEE79AF1EE10FA65DD32
:106E200039EE679A3F4BD3ED007A69EEA77AB5EE5B
:106E3000C09AF1EE10FA68DD0122F5EEC07AF1EEAB
:106E400010FA65DD0123B5EE409AF1EE10FA01D09B
:106E50009A4260D09FED327A67EE877A2F4B93ED9E
:106E6000077A77EE277AC3ED077A76EEA67A17EEE1
:106E7000900AF9F739FB02460B4600202A49F9F738
:106E8000D3F92A4CC4E90001CBEE0A7A77EEA77A4F
:106E900017EE900AF9F728FB02460B46002022491C
:106EA000F9F7C2F9C4E902017BEEAB7A17EE900A5A
:106EB000F9F71AFB02460B4600201B49F9F7B4F913
:106EC000C4E90401BDEC088B38BDB0EE46BA7DE7DD
:106ED000B0EE46BA7AE74FF0FF317DE74FF0FF336F
:106EE0007DE7002282E79FED128A89E7F8EE087AB3
:106EF000B4EEE79AF1EE10FA04DAF0EE087A39EE21
:106F0000279A8FE79FED0A9A8CE74FF0FF3294E7BC
:106F10004FF0FF3397E7DFED067A9BE7300500205F
:106F200017B7D138100000200000F03FA005002066
:106F30000000000008B5054B1860054B18680023D9
:106F400002221946806802F035F908BDB805002014
:106F50001C000020022801D80120704708B501F06C
:106F600065FA09230360002008BD000010B5013850
:106F700001280AD814464FF0FF3392B20748006840
:106F8000FFF7B0F840B9204610BD01F04FFA0923D1
:106F900003604FF0FF30F7E70520F5E7B805002064
:106FA000022801D80020704708B501F03FFA0923F4
:106FB00003604FF0FF3008BD08B501F037FA092330
:106FC00003604FF0FF3008BD08B548B94FF0FF33FC
:106FD000012208480068FFF7EEF840B9012008BD1B
:106FE00001F024FA092303604FF0FF30F7E7052092
:106FF000F5E700BFB805002008B5022804D84FF413
:1070000000534B60002008BD01F010FA0923036013
:10701000F8E7000080B586B05148FFF78BFF514874
:10702000FCF7ACFE5048FCF7A9FE5048FCF7A6FE62
:107030004F4C7F212046FBF711FD4E4D7F21284606
:10704000FBF70CFD226820231360226804211160E5
:107050002A681360484E3046FDF72CFE0C2130465E
:10706000FEF710FA454B41F63F72DA6241F63E7286
:107070001A642046FBF7B8FD2846FBF73DFD404C5F
:1070800040F6B833002211462046FCF7B9FB002138
:107090002046FCF769FB00213A48FCF765FB3A48BB
:1070A000FCF78CFA3948FEF775FB394B4FF07E52EE
:1070B000DA6000203749C3E906012D4D2846FBF769
:1070C00009FC2C4C2046FBF705FC2846FAF7D2FFBA
:1070D00007EE900AF8EE677A2F4BC3ED007ADFEDEA
:1070E0002F8A67EEA87A9FED2E8A67EE887AC3ED25
:1070F000007A2046FAF7BEFF80B22A4B188007EECE
:10710000900AF8EEE77A67EEA87A67EE887AB3EE2F
:107110000A7A67EE877A1E4BC3ED047A1E685F68B1
:10712000D3F80880586AF9F7DFF904460D4640465F
:10713000F9F7DAF9CDE904013846F9F7D5F9CDE9DF
:1071400002013046F9F7D0F9CDE9000122462B467D
:10715000154802F017F80120FAF75EFEADE700BF10
:10716000840400203403002070030020AC030020BE
:10717000100200207C020020EC030020002C0140C3
:10718000200300200C030020E80200203804002027
:107190007805002000408F40EC0500203333534039
:1071A00000008039E605002088CF000838B56D4B17
:1071B000834200D038BD6C4B1B78002B3CD16B4B0D
:1071C00018780130C0B21870664B1B68D3F8801075
:1071D00089B2674A1180674A1268D2F8802092B259
:1071E000654C2280D3F884309BB2644C2380644C7D
:1071F0002588294489B22180624C25882A4492B28C
:107200002280614C25882B449BB223800928D1D948
:107210005548012404705D48A0FB0141C908584C41
:107220002180A0FB0212D20856490A80A0FB03234A
:10723000DB08554A1380BDE7554BD3ED007A554A1C
:1072400092ED007A77EE877AC3ED007AF5EEC07A98
:10725000F1EE10FA0CD49FED507AF4EEC77AF1EE0D
:1072600010FA0BDD77EEC77A494BC3ED007A05E0E3
:107270009FED497A77EE877AC3ED007A4748444B11
:107280001B680362464B93ED007A80ED097A454B0B
:1072900093ED006A67EE066AF7EE007A77EEC67A3B
:1072A000414B93ED006A67EE867A76EEA77A3F4A05
:1072B000C2ED007A83ED007A2A4B1B68D3F8802058
:1072C00092B22B490A80D3F8841089B22B4B1980D3
:1072D000284B1B68D3F880309BB2274C2380284C66
:1072E0002488121B07EE902AF8EEE77A9FED307A99
:1072F00067EE877AC0ED007A224A12889B1A07EE61
:10730000903AF8EEE77A67EE877AC0ED017A1E4B85
:107310001B88CB1A07EE903AF8EEE77A67EE877A89
:10732000C0ED027AFFF7CEF9224D0022224BD5E9BB
:107330000001F9F72DFCF9F7DFF9204C606300221A
:107340001D4BD5E90201F9F723FCF9F7D5F9A06344
:107350000022194BD5E90401F9F71AFCF9F7CCF929
:10736000E06327E710020020BC050020E8050020AC
:10737000E00500207C020020E2050020E40500205A
:10738000D8050020DA050020DC050020CDCCCCCCCF
:10739000D0050020D4050020DB0FC940780500206F
:1073A000C005002018000020C4050020C8050020EA
:1073B00062669E3CA00500200040BF40002C0140BA
:1073C000B0F5005F00D0704710B5204A1378DB435A
:1073D000DBB21370E3B91E4B00225A611D4C002131
:1073E0002046FEF7FBF804212046FEF7F7F80821B7
:1073F0002046FEF7F3F800212046FEF7A7FA042105
:107400002046FEF7A3FA08212046FEF79FFA10BD9A
:107410000F4B4FF07E525A610E4C00212046FEF772
:1074200031F804212046FEF72DF808212046FEF70A
:1074300029F800212046FEF70FFA04212046FEF726
:107440000BFA08212046FEF707FAE0E7DE050020E8
:1074500078050020EC03002038B5404B834200D073
:1074600038BD00211846FDF764FC07EE900AF8EEDF
:10747000677A3B4BC3ED007ADFED3A6A87EEA67A76
:10748000DFED396AC6EE877ADFED386A87EEA67AD5
:10749000374B83ED007AB3EE0E7A67EE877ADFED35
:1074A000356A87EEA67A344B83ED007A334D4FF47C
:1074B00080712846FCF7B4FB314C207080212846AF
:1074C000FCF7AEFB237843EA4003237040212846B3
:1074D000FCF7A6FB237843EA8000C0B220700528A1
:1074E0000DD0042823D0062825D0022827D0032831
:1074F00029D0012806D1234B234A1A6002E0214BF0
:10750000224A1A601F4BD3ED007AF5EEC07AF1EEF5
:1075100010FA1CD49FED177AF4EEC77AF1EE10FA48
:107520009EDD77EEC77A174BC3ED007A98E7154BCF
:10753000174A1A60E6E7134B164A1A60E2E7114B46
:10754000154A1A60DEE70F4B144A1A60DAE79FED1E
:10755000097A77EE877AC3ED007A81E73804002054
:10756000CC0500208096184B920A863F00401C46AE
:10757000D4050020DB0FC940C005002000040048EE
:10758000BD050020D00500201E3611410BBE754000
:10759000AA619C404EE4BD40F366DF40CC740041DC
:1075A0000D488546FAF7BCF90C480D490D4A0023F1
:1075B00002E0D458C4500433C4188C42F9D30A4AA8
:1075C0000A4C002301E013600432A242FBD300F016
:1075D00033FFFAF74CF8FEE700800020000000209F
:1075E000F001002094D80008F001002000060020DF
:1075F000FEE7000010EE103A184A23F000439342D1
:107600001BDDB3F1FF4F02DB30EE400A704700B5DF
:1076100083B0684600F05AF900F003000128DDED60
:10762000010A9DED000A0CD0022812D070B1012091
:1076300000F03AFE03B05DF804FBDFED090A00F04C
:1076400077BA00F031FEB1EE400AF3E700F070FACD
:10765000F0E700F06DFAB1EE400AEBE7D80F493FD2
:107660000000000010EE102AC2F3C7537F3B162B18
:1076700022F0004128DC002B18DB1A4919410A428C
:1076800021D0DFED197A70EE277AF5EEC07AF1EEAF
:1076900010FA18DD002A04DA4FF4000040FA03F370
:1076A0001A4422EA010300EE103A7047DFED0E7A29
:1076B00070EE277AF5EEC07AF1EE10FA03DD002ABB
:1076C00008DB9FED0A0A7047B1F1FF4FFBD330EEA4
:1076D000000A7047FFEE007A002918BFB0EE670A73
:1076E000704700BFFFFF7F00CAF249710000000031
:1076F00010EE103A194A23F0004393421CDDB3F117
:10770000FF4F02DB30EE400A704700B583B0684699
:1077100000F0DCF800F003000128DDED010A9DED2A
:10772000000A0ED0022813D070B100F001FAB1EEB9
:10773000400A03B05DF804FBDFED090A002000F009
:10774000B3BD00F0F5F9F4E7012000F0ADFDF0E77E
:10775000012000F0A9FDB1EE400AEAE7D80F493F49
:107760000000000008B52DED028BF0EE408AB0EE6F
:10777000608A00F01BF8F4EE488AF1EE10FA06D6A3
:10778000DFED098AB4EE688AF1EE10FA02D0BDECA2
:10779000028B08BD00F04AFE88EEA80ABDEC028B01
:1077A0002123036008BD00BF0000000030B583B096
:1077B000CDED010A019D35F0004041D010EE10EAF8
:1077C0002EF00043B3F1FF4F3ADAB0F1FF4F37DC50
:1077D00083423BDB0EF000443AD01EF0FF4F56D1FF
:1077E000190200296FF07D0204DD4900002902F131
:1077F000FF32FADC15F0FF4F57D101026FF07D0C1C
:1078000003D449000CF1FF3CFBD512F17E0F47DB9E
:10781000CEF3160343F400031CF17E0F3ADBC5F3ED
:10782000160040F40000B2EB0C0204D117E00FD0B8
:107830004B00013A13D0191A0029F8DA5B00F8E777
:10784000DDED017A60EE277A87EEA70A03B030BD3E
:107850001D4B03EB547393ED000A03B030BD181AAF
:1078600058BF03461BB9F3E75B000CF1FF3CB3F5CF
:10787000000FF9DB1CF17E0F1CDBA3F500030CF1FC
:107880007F0C234343EACC5300EE103ADEE7DA15CF
:107890007F3AAFE76FF07D01A1EB0C018840C2E7B2
:1078A0006FF07D01891A8B40B6E74FEAE05CACF1DE
:1078B0007F0CAAE76FF07D02A2EB0C0C43FA0CF3ED
:1078C000234300EE103AC1E7A0CF000870B510EED8
:1078D000103A894A23F00044944286B0054670DD90
:1078E000864A944210EE106A22DC002BDFED847A87
:1078F000844A24F00F04B0EE407A40F3E4809442CE
:1079000070EE677A09BFDFED806A9FED807A9FEDA8
:10791000807A77EEE67A012077EEC76A77EEE67A2C
:10792000C5ED006A77EEC77AC5ED017A06B070BD85
:10793000784A944254DDB4F1FF4F49DAE215863AB1
:10794000A4EBC25307EE903ABDEEE77ADFED726A20
:10795000B8EEC77A77EEC77A8DED037A67EEA67A2E
:10796000BDEEE77AB8EEC77A77EEC77A8DED047A86
:1079700067EEA67AF5EE407AF1EE10FACDED057AD3
:1079800040F09080B5EE407AF1EE10FA14BF022379
:107990000123624901910221009103A8294600F0C8
:1079A00049F9002EC2DA95ED007AD5ED017AB1EEF3
:1079B000477AF1EE677A85ED007AC5ED017A4042AB
:1079C000B4E7002285ED000A4260002006B070BDD9
:1079D00070EE407A0020C5ED017AC5ED007AA5E78A
:1079E00000F0AAFC9FED4E7A9FED456AF6EE007A14
:1079F000E0EE077A9FED457AFDEEE77A17EE900A02
:107A0000F8EEE76A1F28A6EEC60A66EE877AB1EEA0
:107A1000666A1EDC434A411E24F0FF0352F821200F
:107A2000934216D030EE677A85ED007A30EE470A41
:107A3000002E30EE670A85ED010ABFF677AFB1EE92
:107A4000477AB1EE400A85ED007A85ED010A4042A1
:107A50006CE730EE677AE21517EE103AC3F3C753BE
:107A6000C3EBD454082CDFDDDFED277A9FED287AB5
:107A7000F0EE405AE6EE275A30EE650AA6EE270AE7
:107A8000F0EE407AD6EE877A35EEE77A17EE103AC6
:107A9000C3F3C753D21A192A06DCB0EE650A85ED86
:107AA000007AC3E7032374E79FED1F7A9FED1F5A07
:107AB000B0EE650AA6EE070A75EEC07AE6EE077A22
:107AC000D6EE857AAEE7944270EE277A09BFDFEDF5
:107AD0000E6A9FED0E7A9FED0E7A77EEA67A4FF042
:107AE000FF3077EE876A77EEE67AC5ED006A77EECB
:107AF000877AC5ED017A19E7D80F493FE3CB1640E5
:107B0000800FC93FD00FC93F004435374344353754
:107B100008A3852E800F49430000804328D0000829
:107B200084F9223FA8CF000800A3852E32318D248E
:107B300010EE103A23F00043B3F1485F2CDAFDEE6B
:107B4000C07A17EE903A002B60D020EE007ADFED7D
:107B5000317A9FED315ADFED315A9FED316ADFED19
:107B6000316AA7EE275ADFED307AE7EE055AA7EE25
:107B7000256AE7EE067AE7EE276A67EE266A60EE88
:107B8000C00AF6EE007AE7EE260AB7EE000AD7EE54
:107B9000270A30EE600A704720EE007ADFED1D7A8A
:107BA0009FED1D5ADFED1D5A9FED1D6ADFED1D6A29
:107BB0001E4AA7EE275A9342DFED1B7AE5EE075ADD
:107BC000A5EE876AE6EE077AE7EE876A66EE876AD1
:107BD000D5DD174A934214DC03F17F4307EE903A58
:107BE000B7EE006A36EE676A60EEC00AF6EE005A3B
:107BF000D7EE257AE7EE260A77EEE00A36EE600A3F
:107C00007047B6EE076AF5EE027AEDE7B7EE000AC6
:107C1000704700BF4ED747ADF6740F317CF293B476
:107C2000010DD037ABAA2A3D610BB6BA9999993E9E
:107C30000000483F2DE9F04F2DED048BDBB01C46D2
:107C400003930691A24B6899089253F82150111D95
:107C5000824604F1FF38C0F2A382D31E48BF131D31
:107C6000DB1002930133DB000793DDE907239B1A46
:107C70000593029B15EB0801A3EB080316D4013111
:107C80009FED947A699819441EAA002BA4BF50F85E
:107C9000234007EE904A03F10103ACBFF8EEE77A08
:107CA000F0EE477A8B42E2EC017AEED1002DC0F281
:107CB000E782039B1EAA02EB830446AE4FEA830CC5
:107CC0004046EF180AEB8301B8F1000FDFED817A2F
:107CD00009DB22465346F3EC016A32ED017A8B420E
:107CE000E6EE877AF7D10130B842E6EC017A04F18A
:107CF0000404E9D109AB0AAF03EB850907EB85035F
:107D0000083B9FED769ADFED748A059804930AEBA1
:107D10000C0446AE00955AAB03EB8503002D13ED22
:107D2000140A4FEA850B16DD06EB85033A4660EE32
:107D3000097AB0EE407AFDEEE77A73ED016AF8EE6B
:107D4000E77AB342A7EEE87A37EEA60ABDEEC77A25
:107D5000A2EC017AEBD1019000F0F6FAB0EE408A85
:107D6000B4EE000A28EE000AFFF77CFCF2EE007A7F
:107D7000A0EE678A01980028FDEEC89AF8EEE97A2D
:107D800038EE678A79DD05F1FF3EC0F1080357F848
:107D90002E1041FA03FC0CFA03F3CB1AC0F10702D0
:107DA00019EE901A43FA02F26144002A47F82E3085
:107DB00009EE901A69DCB5EE408AF1EE10FA40F057
:107DC000C080009B05F1FF3B5B4510DC05F1804363
:107DD000013B07EB83030021944653F804294B45EC
:107DE00041EA0201F9D16246002940F0F280009B8D
:107DF000013B57F82330002B40F0E780049B4FF005
:107E0000010C53F804290CF1010C002AF9D06B1C69
:107E1000AC449E46039A5119029A02EB030B0BF1F4
:107E2000804B699A0BF1FF3B06EB83051EAB02EB1F
:107E30008B0B03EB8101DBED017A9FED267AF8EEE7
:107E4000E77AB8F1000F0BF1040BC1ED007A0A4696
:107E500001F1040109DB534601E072ED017AF3EC14
:107E6000016AA342A6EEA77AF7D10EF1010EE6450C
:107E7000A5EC017ADFDD65464DE740F09C806B1E86
:107E800057F82320D211002A95DD19EE903A002DE3
:107E900003F1010309EE903A40F398813968002913
:107EA0007FD1012D26D03B464FF0010C53F8041F23
:107EB00000297AD00CF10103C1F580719D4247F889
:107EC0002C1016DD57F82310BB4407EB83030AE0A0
:107ED0006CD3000800000000000080430000803BDD
:107EE0000000C93F1968C1F1FF0143F8041B5B455D
:107EF000F8D1012100280CDD012800F0488102287A
:107F000007D105F1FF3C57F82C3003F03F0347F849
:107F10002C30022A7FF44FAFB7EE000A30EE488AC9
:107F200000293FF448AF0992019000F00DFA38EEB5
:107F3000408A099A0198B5EE408AF1EE10FA3FF4B2
:107F400040AF0292DDE90732B0EE480A981A019577
:107F5000009D00F0F9F91FED207AB4EEC70AF1EEAA
:107F600010FADDE90132C0F259815FED247A0599FA
:107F700060EE277A0831FDEEE77A0591F8EEE77AB0
:107F800003F1010BA7EEC70AFDEEE77ABDEEC00ACA
:107F900010EE101A47F8231017EE903A47F82B30DE
:107FA0002EE001234FF0000C86E70CF1010CAC45EC
:107FB0007FF47CAF9EE7F6EE007AB4EEE78AF1EE4E
:107FC00010FA80F2F2800022F5E66B1C9E469C4679
:107FD00020E70599A1F1080057F82B1005902B46D2
:107FE000009D69B903F18043023B07EB830301461F
:107FF00053F804090BF1FF3B08390028F8D005912C
:1080000005980092B7EE000A00F09EF9BBF1000F50
:10801000009AC0F228814FEA8B0E46AB03EB0E06A6
:108020000EF1040C1FED537A07EB0C03311D73EDB9
:10803000017AF8EEE77ABB4267EE807A20EE070A13
:1080400061ED017AF3D1002D1FED5B6A4FF0000462
:1080500020DB9348DFED937AB0EE467A3146002379
:1080600003E09C4208DBB0EC017AF1EC016A0133D9
:108070009D42E6EE877AF4DA5AAB03EB8403A3451C
:1080800043ED287AA6F1040604F1010305D0002D82
:108090001C46DEDADFED837AEEE7689902291CDC04
:1080A000002900F395800FD132ABDFED7E7A9C443E
:1080B0003CED017A634577EE877AF9D10AB1F1EEAA
:1080C000677A069BC3ED007A19EE903A03F0070039
:1080D0005BB0BDEC048BBDE8F08F689B032BF3D144
:1080E000BBF1000F00F0D4800EF5B4736B4432A9DD
:1080F00013ED287A01EB8B0373ED017AF0EE476AFA
:1081000037EE277A994277EEC77A83ED007A77EED9
:10811000A67AC3ED017AEFD1BBF1010F40F3B8802D
:108120000BF1804B0EF5B4730BF1FF3B0DEB030E1F
:108130004FEA8B0B0BF104031EED287A0B4433A896
:1081400073ED017AF0EE476A37EE277A984277EEC0
:10815000C77A83ED007A77EEA67AC3ED017AEFD184
:108160000BF1080BDFED4F7A01EB0B03083133ED18
:10817000017A994277EE877AF9D1002A56D1069989
:10818000329A339B0A604B60C1ED027A9CE705F19D
:10819000FF3C57F82C3003F07F0347F82C30B8E64B
:1081A00008230793002302935FE519EE903A002D10
:1081B00003F1010309EE903AC8BF02223FF76EAE09
:1081C000F7EE007A37EEC88A0222F4E5002191E644
:1081D00032A9DFED347A01EB830333ED017A994262
:1081E00077EE877AF9D19DED327A8ABB069BBBF197
:1081F000000FC3ED007A77EE677A0BDD33A9012318
:10820000B1EC017A01339B4577EE877AF8DA0AB14F
:10821000F1EE677A069BC3ED017A55E7BDEEC00A21
:108220009B4610EE101A47F82310E9E6DDED326A9E
:108230009DED337A069BF1EE666AB1EE477AF1EE78
:10824000677AC3ED006A83ED017AC3ED027A3BE7FA
:10825000069BF1EE676ABBF1000F77EE677AC3ED1C
:10826000006ACBDCD4E7689B022B0DDC002B14DC0E
:108270007FF42AAFDFED0B7A002A3FF422AF1EE72E
:10828000039B4FEA830C35E5689B032B7FF41CAFFF
:10829000DFED047A002AC9D171E7DFED027AA2E7A7
:1082A00044D300080000000010EE103A23F0004311
:1082B000B3F1485F04DAFDEEC07A17EE903A5BB393
:1082C00060EE007A9FED157ADFED155A9FED156A85
:1082D000DFED156AE7EE875A9FED147AA5EEA76ADF
:1082E00020EE275AE6EE276AA6EEA77A30B9DFED30
:1082F000106AE7EE876AA6EE850A704727EE457A90
:10830000F6EE006AA0EEA67ADFED0A6AD7EE270A3B
:10831000E5EE260A30EE600A704700BFD3C92E2F63
:10832000342FD7B21BEF3836010D50B98988083C7D
:10833000ABAA2ABEABAA2A3E10EE103A23F00043A5
:1083400000EE103A704700BF82B08DED010A019B2C
:1083500033F000422AD0B2F1FF4F23D213F0FF4F87
:1083600028D19DED017ADFED2A7A2A4B67EE277A34
:108370009842CDED017A37DB019BC3F3C752193A1E
:108380000244FE2A1ADD9FED240A9FED247A019B08
:10839000002BF0EE407AB8BFB0EE470A20EE270A75
:1083A00002B0704730EE000A02B070479DED010A3E
:1083B00002B07047D20D0244FE2AE4DC002A0BDC36
:1083C00012F1160F17DA4CF250339842DBDC9FEDB6
:1083D000140A9FED147ADAE723F0FF4343EAC2530D
:1083E00000EE103A02B070479FED0D0ADDED017A04
:1083F00027EE800AD8E7193223F0FF4343EAC2533D
:10840000DFED097A07EE103A27EE270ACCE700BF26
:108410000000004CB03CFFFFCAF24971CAF249F1BA
:108420006042A20D6042A28D00000033014B18682B
:10843000704700BF1C00002070B50D4D0D4C641B33
:10844000A4100026A64209D10B4D0C4C04F070FD7F
:10845000641BA4100026A64205D170BD55F8043B4C
:1084600098470136EEE755F8043B98470136F2E7A6
:108470008CD800088CD800088CD8000890D8000848
:1084800002440346934200D1704703F8011BF9E709
:108490002DE9FF4755EC104B002D0E4619462B4693
:1084A000BBBF05F100431D4600232D230B700D9B20
:1084B000DDF830A0914623F02008BCBF22461446C8
:1084C000B8F1460F05D0B8F1450F00D101360221B1
:1084D00000E0032103AB019302AB009345EC104B8A
:1084E0005346324601F08CFEB8F1470F074602D1E1
:1084F00019F0010F22D0B8F1460F07EB060910D191
:108500003B78302B0AD10022002320462946F8F779
:1085100099F818B9C6F10106CAF80060DAF8003017
:1085200099440022002320462946F8F78BF808B129
:10853000CDF80C903022039B4B4507D3039B0E9A3A
:10854000DB1B3846136004B0BDE8F087591C03916B
:108550001A70F0E7F7B503460029B8BF494203F89F
:10856000022BB4BF2D222B22092942702ADD0DF1E6
:108570000704A4460A27A6460A4691FBF7F607FB1E
:1085800016153035632A04F1FF340EF8015C3146CC
:10859000F1DC3031AEF1020504F8011C441C29461F
:1085A00061450AD30DF10902A2EB0E02654588BFB1
:1085B00000221344181A03B0F0BD11F8012B04F87F
:1085C000012FEDE7302330318370C170031DF1E7D7
:1085D0002DE9F04F2DED028B8DB00C46DDF860805B
:1085E00016461F46054603F01FF9D0F800A0504676
:1085F000F8F774FA00230A9323680593D8F800303B
:1086000094F818B0073323F0070303F10802C8F801
:108610000020D3E90023C4E91223D4E9128929F008
:1086200000430793CDF8188008EE100A9F4BDDE950
:1086300006014FF0FF32F8F7BDFC88BBDDE906010B
:108640009A4B4FF0FF32F8F711F848BB0022002395
:1086500040464946F8F700F810B12D2384F843301E
:10866000934B9448BBF1470F94BF98468046032331
:108670002361059B23F0040222604FF0000900975C
:1086800033460BAA2146284600F0D8F9013040F0C5
:1086900090804FF0FF300DB0BDEC028BBDE8F08F45
:1086A00042464B4640464946F8F784FC40B14B46AB
:1086B000002BBCBF2D2384F843307F487F4BD1E78C
:1086C00063680BF0DF0206925A1C3FD106236360F9
:1086D000059B616843F48062002303930AABCDE9F4
:1086E00001B309AB49EC108B009322600DF1230319
:1086F0002846FFF7CDFE069B0999472B804608D1F7
:10870000C81C02DB6368994241DDABF1020B5FFAE2
:108710008BFBBBF1650F20D801395A4604F150009C
:108720000991FFF717FF0A9A1318012A814623615E
:1087300002DC2268D20701D5013323619DF8233082
:10874000002B9CD02D2384F8433098E7069A472AC3
:10875000BED1002BBCD10123B9E7BBF1660F18D104
:10876000002963680BDD216113B92268D00702D5A7
:1087700001330B442361A1654FF00009DEE713B913
:108780002268D20701D50233F4E70123F2E74FF064
:10879000670B0A9B994205DB23682161D807EAD55C
:1087A0004B1CE7E70029D4BFC1F1020201221344A8
:1087B000E0E723685A0507D4236942463146284634
:1087C000B84701302CD164E7BBF1650F40F2E0807F
:1087D000D4E9120100220023F7F734FF002834D037
:1087E000374A012331462846B84701303FF451AF9C
:1087F000DDE909239A4202DB2368D80710D518EE79
:10880000103A524631462846B84701303FF441AF4E
:108810004FF0000804F11A090A9B013B434509DCAB
:1088200023689B0700F10581E0680B9B9842B8BF65
:10883000184630E701234A4631462846B8470130FA
:108840003FF427AF08F10108E6E7099B002B39DC6C
:108850001B4A012331462846B84701303FF419AF7F
:10886000DDE90923134302D12368D907D8D518EECF
:10887000103A524631462846B84701303FF409AF16
:108880004FF0000904F11A0A099B5B424B4501DCD9
:108890000A9B92E70123524631462846B8470130E9
:1088A0003FF4F7AE09F10109EEE700BFFFFFEF7FEC
:1088B0007CD3000880D3000888D3000884D3000844
:1088C0008CD300080A9AA36D9A42A8BF1A46002AC0
:1088D000914637DC4FF0000B29EAE97904F11A02DE
:1088E000A36D0593A3EB09035B4533DCDDE90923A5
:1088F0009A423BDB2368DA0738D40A9B059A099928
:108900009A1AA3EB01099145A8BF9146B9F1000F4E
:1089100035DC4FF0000829EAE97904F11A0ADDE9AB
:1089200009239B1AA3EB090343457FF779AF012382
:10893000524631462846B84701303FF4AAAE08F106
:108940000108ECE71346314642462846B847013055
:10895000C0D19EE60123314628460592B847013032
:108960003FF497AE059A0BF1010BB9E718EE103AF8
:10897000524631462846B8470130BED189E6059AAD
:108980004B46424431462846B8470130C1D180E6C3
:108990000A9A012A01DCDB0738D501234246314619
:1089A0002846B84701303FF474AE18EE103A5246EC
:1089B00031462846B84701303FF46BAED4E9120186
:1089C00000220023F7F73EFED8B90A9B08F1010206
:1089D000013B31462846B84701300ED159E6012304
:1089E000524631462846B84701303FF452AE08F1AE
:1089F00001080A9B013B4345F1DC4B4604F1500260
:108A0000DCE64FF0000804F11A0AF2E701234246BF
:108A1000DFE701234A4631462846B84701303FF494
:108A200038AE08F10108E3680B995B1A4345F0DCA6
:108A3000FAE64FF0000804F11909F4E72DE9F047D0
:108A4000164699468A680B69DDF820809342B8BFC4
:108A50001346336091F8432007460C460AB10133B0
:108A600033602368990642BF336802333360256858
:108A700015F0060506D104F1190AE36832689B1A5D
:108A8000AB4226DC94F84320131E226818BF012352
:108A900092062BD404F1430249463846C0470130C0
:108AA0001ED02368E568326803F00603042B08BF74
:108AB000AD1AA36822690CBF25EAE575002593422B
:108AC000C4BF9B1AED1800261A34B5421AD10020F3
:108AD00008E00123524649463846C047013003D1D9
:108AE0004FF0FF30BDE8F0870135C6E7E1185A1CAA
:108AF000302081F84300224494F8451082F8431056
:108B00000233C7E70123224649463846C0470130B1
:108B1000E6D00136D9E700002DE9FF470F7E0C9D16
:108B2000782F914680460C469A4601F1430207D8B9
:108B3000622F0AD8002F00F0D880582F00F0A380B1
:108B400004F1420584F842703AE0A7F16303152B63
:108B5000F6D801A151F823F0B18B0008C58B0008AD
:108B6000418B0008418B0008418B0008418B0008B5
:108B7000C58B0008418B0008418B0008418B000821
:108B8000418B0008D18C0008F58B0008B38C0008DD
:108B9000418B0008418B0008F38C0008418B0008D2
:108BA000F58B0008418B0008418B0008BB8C000846
:108BB0002B681A1D1B682A6004F1420584F84230B4
:108BC0000123A3E020682968060601F104030AD501
:108BD0000E682B60002E03DA2D23764284F8433092
:108BE0005E480A2319E00E682B6010F0400F18BF92
:108BF00036B2EFE72B682068191D2960010601D500
:108C00001E6802E04606FBD51E8854486F2F0CBF35
:108C100008230A23002184F843106568A560002D0D
:108C2000A2BF216821F0040121600EB9002D4DD0B2
:108C30001546B6FBF3F103FB1167C75D05F8017D2F
:108C40003746BB420E46F4D9082B0BD12368DE070A
:108C500008D5236961689942DEBF302305F8013CDD
:108C600005F1FF35521B2261CDF800A04B4603AA47
:108C700021464046FFF7E2FE01304CD14FF0FF3075
:108C800004B0BDE8F087354881F84570296823684D
:108C900051F8046B29601D0614D5DF0744BF43F06B
:108CA000200323601EB9236823F0200323601023D0
:108CB000B0E7236843F0200323607823284884F832
:108CC0004530E3E7590648BFB6B2E6E71546BBE7CD
:108CD0002B6826686169181D286035061B6801D558
:108CE000196002E07006FBD5198000232361154648
:108CF000BAE72B681A1D2A601D68626800212846A1
:108D0000F7F7F6FE08B1401B60606368236100233B
:108D100084F84330A8E723692A4649464046D047AD
:108D20000130ABD023689B0713D4E068039B9842C3
:108D3000B8BF1846A4E70123324649464046D0470B
:108D400001309BD00135E36803995B1AAB42F2DC3A
:108D5000EBE7002504F11906F5E700BF8ED3000804
:108D60009FD300082DE9F04F87B0174603938B6817
:108D70005A1EB2F5AE7F83BF6FF4AE755B190293D6
:108D8000002386BF40F25D138B6002930B688B4615
:108D9000002543F4F0634BF81C3BCDE904558046B5
:108DA0000C465E46AA46A9460195A26852B13B68A8
:108DB0001B784E2B64D8402B3CD8A3F12B01C8B2B2
:108DC0000E283AD9B9F1000F03D0236823F4807339
:108DD00023600AF1FF3ABAF1010F00F213815E45F8
:108DE00000F205810125284607B0BDE8F08FA3F108
:108DF00061020D2AE6D801A151F822F03B8F00084C
:108E0000C58D0008C58D0008C58D00089B8F000822
:108E1000738F0008C58D0008C58D0008498F0008B4
:108E2000C58D0008C58D0008C58D0008C58D0008DA
:108E3000018F0008A3F14102DBE70E29C2D801A08F
:108E400050F821F0F38E0008C58D0008F38E00085D
:108E5000878F0008C58D0008A18E0008DD8E0008F0
:108E6000DD8E0008DD8E0008DD8E0008DD8E000836
:108E7000DD8E0008DD8E0008DD8E0008DD8E000826
:108E80006E2B09D8602BB2D8542B77D0592B99D19F
:108E9000072D97D1082529E0742B6FD0792BF6E7A1
:108EA0002168C8051AD5029B21F08001216009F1D3
:108EB00001091BB1013B01320293A260A368013B8F
:108EC000A3602369013323617B68013B002B7B6036
:108ED00040F384803B6801333B6066E71AEB050F83
:108EE0007FF470AF226822F4C072226006F8013B62
:108EF000E4E7226810067FF565AF22F08002F4E710
:108F0000BAF1000F0ED1B9F1000F0ED1226802F4B0
:108F1000E061B1F5E06F08D122F4F06222604FF019
:108F2000010AE3E7BAF1020F55D0012D02D0042D5A
:108F30007FF448AF0135EDB2D8E7BAF1010F7FF405
:108F400041AF4FF0020AD1E77DB9B9F1000F7FF4CC
:108F50003CAF226802F4E061B1F5E06F7FF439AF15
:108F600022F4F06222600125C0E7032DE2D0052D36
:108F7000DEE7022D7FF426AF0325B7E7062D7FF449
:108F800021AF0725B2E7226891057FF51BAF22F4D8
:108F900020722260CDF80490A8E7226802F4A06154
:108FA000B1F5806F06D050057FF50CAFB9F1000F19
:108FB0003FF40FAF910558BF019922F4F06258BFFA
:108FC000A9EB010142F4C07258BFCDE9041622603A
:108FD0004FF000098AE74FF0030A87E7D4F88031A1
:108FE00039464046984700283FF4DFAEEAE6D4F819
:108FF0007C3116F8011D3A46404698472369013BEB
:109000002361ECE66B1E062B25D8022D36D85E4573
:109010007FF6E8AED4F87C3116F8011D3A4640469A
:1090200098472369013B2361F1E70298D4F87C312A
:1090300010F8011D02903A46404698472369013BCB
:1090400023610AF1FF3A5FFA8AFABAF1020FECD112
:10905000033DEDB2761B2368DA052FD55B0510D5ED
:109060005E457FF6BFAED4F87C3116F8011D3A4656
:10907000404698472369013B2361F1E7AA460296DF
:10908000DFE716F8011C2369652903F1FF3306F1B8
:10909000FF3523610CD045290AD0D4F87C313A46FB
:1090A00040469847236916F8021C013BB51E236110
:1090B000D4F87C313A46404698472E46256815F04C
:1090C000100559D13570236803F4C063B3F5806F80
:1090D0001BD1019B4B45A3EB090223D1002259462A
:1090E000404600F077FF2268039B12F0020F57EC16
:1090F000106B1B6821D003991A1D0A601B68C3E915
:109100000067E3680133E3606DE6049B002BE5D064
:1091100005990A232A460131404600F0E3FF049BEB
:10912000059EC21A04F26F139E4228BF04F5B7765B
:109130001249304600F00AF9D0E7039912F0040F03
:1091400003F104020A60D9D1D3F8008010EE102A8E
:1091500010EE100A3B463946F7F72CFF28B10848B5
:1091600000F0EEF888ED000ACBE730463946F7F715
:10917000E3FAC8F80000C4E7002534E6B0D30008DD
:1091800080D800080FB40A4B13B51C6824B1A3693A
:1091900013B9204601F03CFF05AB049AA168019386
:1091A000204603F013FB02B0BDE8104004B0704746
:1091B0001C0000202DE9F7431D465D4B1F68044647
:1091C0000E46904627B1BB6913B9384601F020FF1F
:1091D000584B9C4267D17C68B8F1020F06D0B8F1B9
:1091E000010F00F29F80002DC0F29C80636EDB07B0
:1091F00005D4A389980502D4A06D02F01AFB21467C
:10920000384601F071FE616B41B104F144039942AB
:1092100002D0384603F074F8002363630023A3618F
:109220006360A389190603D52169384603F068F8FD
:10923000A38923F44A6323F00303B8F1020FA38147
:109240006CD001AB6A462146384602F0F4FAA38995
:109250001843A081002D30D1009D284602F050FB1C
:109260000646002855D1DDF80090A9454AD14FF0B7
:10927000FF350022A26004F1470222602261012230
:10928000B4F90C306261626E43F00203D207A3812D
:1092900005D413F4007F02D1A06D02F0CBFA28466A
:1092A00003B0BDE8F083244B9C4201D1BC6893E736
:1092B000224B9C4208BFFC688EE7002ECDD0BB69D4
:1092C00013B9384601F0A4FEB8F1010F08BFA38915
:1092D000266004BF43F00103A381A28912F00803B2
:1092E000C4E904651CD0D30741BF00236D42A360CD
:1092F000A56158BFA560656E15F0010515D112F482
:10930000007FC8E7484602F0FBFA06460028AED0C8
:109310004D46A38943F08003A381D0E70025A8E749
:10932000A360E8E74FF0FF35B9E70025B7E700BFD6
:109330001C000020DCD50008FCD50008BCD50008C6
:109340009FED010A704700BF0000C07F0EB400B55A
:109350009CB01DAB029006906FF000410948079148
:109360000491094953F8042B05910068019302A95F
:1093700003F002F9029B00221A701CB05DF804EBA6
:1093800003B070471C0000200802FFFF70B50446C0
:109390000D4645EC104B164602F04CFE51EC100BFE
:1093A0007EB1C5F30A53C3F16B03002B09DD1B0526
:1093B00003F17F55002405F5401522462B46F7F7AB
:1093C000E7FB70BD000000002DE9F04F2DED028B92
:1093D0009DB01F4600231893A24B13921B68059360
:1093E000044618468846F7F779FB4FF0000A054611
:1093F0004FF0000BCDF85C80179B1A782B2A4ED0CB
:109400003BD80D2A34D8082A34D8002A3ED000236D
:109410000A93179E3378302B40F0B080737803F0B6
:10942000DF03582B68D10A9B019318AB0297009376
:109430008D4A19AB17A9204601F0EEFE10F0070780
:10944000054605D0062F2CD10136002317960A9326
:10945000139B002B40F090850A9BEBB152460BF119
:10946000004343EC102B1DB0BDEC028BBDE8F08F28
:10947000202ACCD101331793BEE72D2AC7D1012270
:109480000A925A1C17925B78002BC2D1139BCDF81D
:109490005C80002B40F06E8552465B46E1E700227F
:1094A000EEE7189A3AB135211AA802F0CEFE1899C3
:1094B000204602F08DFA013F042F06D8DFE807F0BE
:1094C0000A0314170A00DDE91AAB2807C0D54BF0D0
:1094D000004BBDE7DDE91AA3199A23F4801302F2C9
:1094E000334243EA025BF0E7DFF880B1EDE76FF06B
:1094F000004B4FF0FF3AE8E7179B5A1C17925B7836
:10950000302BF9D0002BA3D001234FF00009049396
:10951000179B0893CDF81C904F460A22179806789F
:10952000A6F13003D9B209292AD905992A4603F0B0
:10953000DAFA98B3002032463D4605900346652A84
:1095400001D0452A18D11DB9049A02439ED00025A6
:10955000DDF85C8008F10102179298F801202B2AAF
:1095600075D02D2A7BD04FF0000CA2F130010929D3
:1095700040F28280CDF85C8000269DE00023C4E7A5
:10958000082FD8BF079900F10100DABF02FB0133B1
:10959000079302FB093901371790BFE7179B5A1948
:1095A00017925A5D002F37D005903D46A2F1300347
:1095B000092B12D90123C2E7179B5A1C17925A781C
:1095C0000130302AF8D0A2F13103082B00F2D984FF
:1095D000179B0590002008930546303A00F10103DF
:1095E00014D00599194405912B4600EB050E0A216C
:1095F000734513D12B18082B05F1010505441CDC1C
:1096000007990A2303FB012307930023179A511C90
:10961000179152781846C9E73846D2E7082B04DC80
:10962000079E4E4307960133E2E703F1010CBCF1BC
:10963000100FD8BF01FB09F9F5E7102DDCBF0A2395
:1096400003FB0929E1E70023059301237CE74FF0A1
:10965000000C08F10202179298F8022085E74FF0FB
:10966000010CF6E7A4D60008B8D300080000F07F8C
:10967000179A511C17915278302AF9D0A2F1310172
:1096800008293FF679AFA2F1300E179A0692179A81
:10969000511C17915278A2F13006092E37D9069E37
:1096A000891B082944F61F6602DC7645A8BF76466A
:1096B000BCF1000F00D07642002D4DD1049901433A
:1096C0007FF4C6AE002B7FF4E1AE692A27D024DCFC
:1096D000492A24D04E2A7FF4D9AE9F4917A801F019
:1096E000F3FF00283FF4D2AE179B1B78282B2DD117
:1096F0009A491AAA17A801F0FBFF052826D11B9B3F
:10970000DDF868A043F0FF4B4BF4E00BA0E60A2124
:1097100001FB0E2EAEF1300EB9E76E2ADBE7904961
:1097200017A801F0D1FF00283FF4B0AE179B8D4978
:10973000013B17A8179301F0C7FF10B9179B01331E
:109740001793DFF830B24FF0000A81E6864803F045
:109750006FF95BEC10AB7BE6059B0798F31A002FC3
:1097600008BF2F46102D0693A846A8BF4FF010083B
:10977000F6F798FE092D82468B4613DD7B4B03EBF3
:10978000C80353E91223F7F703FA824648468B468B
:10979000F6F788FE02460B4650465946F6F746FD58
:1097A00082468B460F2D38DC069B002B3FF450AED3
:1097B00024DD162B0BDC6D4901EBC301D1E900015F
:1097C00052465B46F7F7E4F982468B4640E6069A36
:1097D000C5F12503934220DB644CC5F10F0504EB72
:1097E000C50152465B46D1E90001F7F7D1F9069B66
:1097F0005D1B04EBC504D4E90023E3E7069B1633A5
:109800000BDB059B9E1B594B03EBC606D6E90023D9
:1098100050465946F7F7E6FAD6E7069BA5EB080847
:109820009844B8F1000F74DD18F00F030AD04F49C7
:1098300001EBC30152465B46D1E90001F7F7A8F9F5
:1098400082468B4638F00F084FD0B8F59A7F22DD5C
:1098500000252E46079505952223DFF818B12360D1
:109860004FF0000A079B002B3FF4F2AD18992046F9
:1098700002F0AEF80599204602F0AAF831462046DB
:1098800002F0A6F80799204602F0A2F829462046E1
:1098900002F09EF8DCE5364B049300234FEA2818CB
:1098A000504659469946B8F1010F21DC0BB182466A
:1098B0008B462F4BABF1547B03EBC90952465B46F9
:1098C000D9E90001F7F764F92A4B0A460B402A4907
:1098D0008B428246BCD8A1F580118B4286BFDFF84F
:1098E0009CB04FF0FF3A02F1547B0023049384E0D4
:1098F00018F0010F05D0049BD3E90023F7F748F9CE
:109900000123049A083209F101094FEA6808049218
:10991000C9E7EAD0C8F1000818F00F020AD0134BCB
:1099200003EBC20350465946D3E90023F7F75AFA2E
:1099300082468B465FEA2818D7D0B8F11F0F1FDD8B
:1099400000252E460795059522234FF0000A4FF07B
:10995000000B236086E700BF89D30008CCD3000842
:1099600081D300080CD5000880D8000860D7000813
:1099700038D700080000F07F0000A07CFFFFEF7FD9
:1099800018F0100318BF6A23DFF8AC930493504615
:109990005946002318F0010F04D0D9E90023F7F746
:1099A000F7F801235FEA680809F10809F2D10BB161
:1099B00082468B46049BC3B1CBF30A52C2F16B03C0
:1099C000002B594611DD1F2B40F32481342BDEBFC1
:1099D000C2F14B024FF0FF3303FA02F24FF0000ADC
:1099E000CCBF4FF05C7B02EA010B00220023504603
:1099F0005946F6F727FE0028A2D1079B0093089945
:109A00002B463A46204602F04BF8079000283FF4D8
:109A10001FAF059B9E1B069B002BB4BF3346002344
:109A20000C93069B002523EAE37312932E46079BB3
:109A30002046596801F08CFF059000283FF40CAFD8
:109A4000079B1A69023203F10C0192000C3001F0FD
:109A500071FF4BEC10AB1AAA19A9204602F066FB65
:109A60004BEC18AB189000283FF4F6AE01212046CD
:109A700002F0B0F8064600283FF4EEAE199B0499B8
:109A8000002BABBF0C9A129A129FDDF83090ACBF3E
:109A900003EB0209D71A1A9AA3EB01089044A14BD1
:109AA00008F1FF389845C2F1360280F2C780A3EB77
:109AB00008031F2BA2EB03024FF0010100F3B1805A
:109AC00001FA03F30D930023089309EB0208049BAA
:109AD000C14517441F444B46A8BF4346BB42A8BFDD
:109AE0003B46002BC2BFA8EB0308FF1AA9EB0309F2
:109AF0000C9B002B17DD31461A46204602F02AF94E
:109B0000064600283FF4A8AE0146189A204602F007
:109B100077F80B9000283FF49FAE1899204601F08B
:109B200057FF0B9B1893B8F1000F00F38C80069B36
:109B3000002B08DD129A0599204602F00BF90590DA
:109B400000283FF489AE002F08DD05993A462046EB
:109B500002F05AF9059000283FF47EAEB9F1000FEB
:109B600008DD31464A46204602F04EF906460028F6
:109B70003FF472AE059A1899204602F0D1F90546D5
:109B800000283FF469AEC3680B930023C3603146DD
:109B900002F0AAF9002860DA0B9B53EA0A0340F0AE
:109BA0008280CBF31303002B7DD12BF000431B0DE0
:109BB0001B05B3F1D66F76D96B6913B92B69012BED
:109BC00071DD29460122204602F01EF93146054684
:109BD00002F08AF9002866DD0499534A5B460029A1
:109BE00000F0818002EA0B01B1F1D66F7BDCB1F1AC
:109BF0005C7F7FF7A9AE4D4B504659460022F6F7E1
:109C0000C7FF0B46034308BF222382468B4608BF8B
:109C100023602BE64FF0FF3202FA03F303EA0A0A4D
:109C2000E3E6C8F17F4808F57F0808F57B4808F1AE
:109C3000E20801FA08F308930D9146E70023089320
:109C400001230D9341E718994246204602F0DCF8C3
:109C5000189000287FF46BAFFEE55F466ED10B9A3B
:109C6000CBF3130342B3324A934228D1049B5146AB
:109C7000EBB12D4B3B40B3F1D46F4FF0FF3219D80D
:109C80001B0DC3F16B0302FA03F3994217D1294B61
:109C90009F4202D101313FF4DFAD234B3B4003F53E
:109CA000801B4FF0000A049B002BA4D1DEE54FF08F
:109CB000FF33EAE71346E8E753EA0A038CD0089B30
:109CC000DBB13B42EFD00B9B049A50465946C3B1DF
:109CD000FFF75CFB02460B4651EC180BF6F7A6FAB1
:109CE00082468B46DFE71340A3F580136FEA135BD0
:109CF0006FEA0B5B4FF0FF3AD5E70D9B13EA0A0FB3
:109D0000E0E7FFF743FB02460B4651EC180BF6F772
:109D10008BFA0022002382468B46F6F793FC00283C
:109D2000C1D011E602FCFFFF0000F07F00005039B7
:109D3000FFFF0F00FFFFEF7FE0D30008314628460A
:109D400002F050FA59EC108B10EE100A00224FF07E
:109D500080434946F6F78AFC00287AD00B9B002BFB
:109D60004AD0954B0022CDE90823DFF84C924FF002
:109D70000008924B3B400D930D9A914B9A4240F054
:109D8000B080DDE90801A7F1547B4BEC10ABCDE9C5
:109D9000080102F04FF9DDE9080153EC102BF6F74A
:109DA000F7FE52465B46F6F741FA0B468349854A71
:109DB00019409142824660D918EE903A02F15472ED
:109DC000934204D118EE103A01333FF445ADDFF869
:109DD00000B24FF0FF3A1899204601F0F9FD0599BD
:109DE000204601F0F5FD3146204601F0F1FD2946FF
:109DF000204601F0EDFD1AE6BAF1000F1BD1CBF3BE
:109E00001303F3B96C4B002240464946F6F724FC95
:109E1000D0B9404649466C4B0022F6F7B9FE804661
:109E2000894609F10043CDF850801593DDE91423EC
:109E3000CDE908239DE7BAF1010F02D1002F3FF4CD
:109E400083AD624B00228EE7DFF87C914FF0000873
:109E5000E7E75D4B404649460022F6F799FE0B9B2B
:109E60008046894633B901F100430E900F93DDE936
:109E70000E23DDE7CDE90E89F9E703F1547B049B5E
:109E8000002BA8D12BF000430D9A1B0D1B059A4205
:109E9000A1D140464946F7F7A3F8F6F74FFB024633
:109EA0000B4640464946F6F7BFF90B9ACBF313032E
:109EB00043EA0A0313438046894655D036A3D3E9C3
:109EC0000023F6F7C9FB00287FF4D0AC34A3D3E914
:109ED000002340464946F6F7DDFB00283FF47BAF00
:109EE000C4E4049B33B30D9BB3F1D46F22D82EA3EB
:109EF000D3E9002340464946F6F7B8FBA0B14946EE
:109F00004046F6F7F9FB012838BF0120F6F7CAFAF8
:109F10000B9B8046894623BB01F1004310901193AF
:109F2000DDE91023CDE90823099B0D9A03F1D663DF
:109F30009B1A0993DDE90801B0EE480AF0EE680AC1
:109F4000CDE9080102F076F8DDE9080153EC102BA9
:109F5000F6F71EFE53EC182BF6F768F982468B468F
:109F60008DE7CDE91089DBE711A3D3E90023F6F7EC
:109F700073FBB2E700230A93139A179B1360FFF752
:109F80006BBA652A3FF45FAB452A3FF45CAB012313
:109F9000FFF794BBAFF300809535A094FFFFDF3F40
:109FA00035E5AF350000E03F0000C0FFFFFFDF41B7
:109FB0009535A094FFFFCF3F0000F03F0000F07FF9
:109FC0000000E07FFFFF9F7C0000E03F0000F0BF4B
:109FD000FFFFEF7F014BFFF7F7B900BF84000020C0
:109FE000012B2DE9F04701D0242B06D9FEF71EFAEC
:109FF000162303600020BDE8F087DFF8E4C00D46BB
:10A000002E4615F8014B14F80C7017F00807F7D11D
:10A010002D2C32D12C780127B51C002B5BD0102BB6
:10A0200009D1302C07D12C7804F0DF04582C4DD105
:10A030006C781023023507F1004808F1FF384FF023
:10A04000000CB8FBF3F9664603FB198AA4F1300E45
:10A05000BEF1090F16D87446A34224DDBCF1000FEF
:10A060001EDBB1451CD301D1A24519DB06FB03461B
:10A070004FF0010C15F8014BE8E72B2C04BF2C78AE
:10A08000B51CCAE7A4F1410EBEF1190F01D8373C47
:10A09000E2E7A4F1610EBEF1190F04D8573CDBE7EB
:10A0A0004FF0FF3CE6E7BCF1000F05DA2223036026
:10A0B000464642B930469EE707B17642002AF9D0BB
:10A0C000BCF1000F00D0691E1160F3E73024002BB3
:10A0D000B1D10823AFE7302CA5D00A23ABE700BFEE
:10A0E00009D40008FFF77CBF2DE9F74F03690C691D
:10A0F000A3420746C0F28180013C01F1140800F13F
:10A10000140505EB8403019358F8243055F82420F6
:10A1100001339A424FEA840B08EB8409B2FBF3F651
:10A1200031D34FF0000E4046AC46F24650F8042BB7
:10A1300093B206FB03E34FEA134E9BB2AAEB030371
:10A14000DCF800A0120C13FA8AF306FB02E200937B
:10A15000009B4FEA124E92B2C2EB1A4202EB23422C
:10A16000BDF80030814543EA02434CF8043B4FEA16
:10A17000224ADBD255F80B302BB9019B043B9D42A0
:10A180001A462ED33C61384601F0AEFE002824DB8F
:10A19000013628464FF0000C58F8042BD0F800E0A8
:10A1A00093B2ACEB0303120C13FA8EF3C2EB1E4214
:10A1B00002EB23429BB243EA0243C14540F8043B11
:10A1C0004FEA224CE8D255F8242005EB840322B94B
:10A1D000043B9D421A460AD33C61304603B0BDE8B9
:10A1E000F08F1268043B002ACCD1013CC7E712680B
:10A1F000043B002AF0D1013CEBE70020EEE7000031
:10A200002DE9F04F2DED048B57EC106B93B0456AA0
:10A21000DDF88080069110EE10AA044609920C9396
:10A22000BB4675B9102001F06BFB0246606220B995
:10A23000A74BEA21A74802F04BFDC0E90155056094
:10A24000C560636A196851B15A684A600123934036
:10A250008B60204601F0BCFB636A00221A603B1E43
:10A26000AABF002323F0004BC8F800309A4BBCBFB4
:10A270000122C8F8002033EA0B031BD10C9A42F2EA
:10A280000F731360CBF31303334300F09285219BCC
:10A2900063B9924B22E0924B01930833219A1360E9
:10A2A000019813B0BDEC048BBDE8F08F8B4B01938C
:10A2B0000333F3E70022002350465946F6F7C2F96C
:10A2C0004BEC19AB804658B10C9A01231360219BCB
:10A2D000002B00F06B8583481860431E0193DFE775
:10A2E0004BEC10AB10AA11A9204601F01FFFCBF3D5
:10A2F0000A5508EE100A002D00F0848019EE903AFD
:10A30000C3F3130343F07F57564647F44017A5F2B3
:10A31000FF35CDF83880744B002230463946F5F7CA
:10A3200083FF65A3D3E90023F6F732FC64A3D3E9E6
:10A330000023F5F77BFF064628460F46F6F7C2F8DE
:10A3400061A3D3E90023F6F723FC02460B4630460F
:10A350003946F5F76BFF06460F46F6F7A5F90022DA
:10A360000090002330463946F6F776F950B1009850
:10A37000F6F7A8F832463B46F6F764F910B9009BA9
:10A38000013B0093009B162B5AD8009A574B03EBC6
:10A39000C203D3E9002351EC190BF6F75DF900284D
:10A3A00050D0009B013B009300230B93109B5D1B3F
:10A3B0006B1E059345BFC5F10103049300230023E1
:10A3C0004CBF05930493009B002B3DDB059B009A3B
:10A3D0000A921344059300230793069B092B00F26E
:10A3E0008980052BC4BF043B0693069BA3F102039F
:10A3F000CCBF00250125032B00F28780DFE803F0A6
:10A400002D3A3859DDE910531D4405F23243202B13
:10A41000C1BFC3F1400305F212400BFA03F326FA61
:10A4200000F0DABFC3F1200306FA03F01843F6F791
:10A4300039F801230646A1F1F877013D0E936AE74A
:10A440000123B2E70B90B1E7049B009A9B1A049397
:10A450005342079300230A93BFE700230893099B05
:10A46000002B55DC0123CDE902331A4609920CE09A
:10A470000123F3E70023099A0893009B13440293F6
:10A480000133012B0393B8BF0123606A00224260AD
:10A49000042202F114069E4241683DD9204601F093
:10A4A00057FA019000283BD1114B02464FF4D57169
:10A4B000C0E60123DFE700BF61436F63A787D23F98
:10A4C000B3C8608B288AC63FFB799F501344D33FA3
:10A4D00016D500082DD500080000F07F12D5000821
:10A4E00009D500088DD300080000F83F60D70008A8
:10A4F000ABD5000801250023069308954FF0FF33E4
:10A50000CDE9023300221223B0E701230893F5E7D7
:10A51000099BCDE90233B8E7013141605200B8E749
:10A52000636A019A1A60039B0E2B00F29D80002D36
:10A5300000F09A80009B002B32DDB74A03F00F0336
:10A5400002EBC303D3E90089009BD8054FEA231728
:10A5500016D5B24B51EC190BD3E90823F6F742FCA0
:10A5600007F00F0782468B460325AC4E57B942468B
:10A570004B4650465946F6F735FC82468B4628E056
:10A580000225F2E7F90708D540464946D6E90023F7
:10A59000F6F7FEFA0135804689467F100836E5E772
:10A5A00000F09B80009B9D4F5E429B4B06F00F028C
:10A5B00003EBC203D3E9002351EC190BF6F7E8FAD9
:10A5C000361182468B4600230225002E7AD1002BBD
:10A5D000D3D10B9B002B00F08280914B0022504680
:10A5E0005946F6F739F8002879D0039B002B76D02E
:10A5F000029B002B36DD009B504659465F1E002211
:10A60000884BF6F7C5FA029E82468B4601352846EE
:10A61000F5F758FF52465B46F6F7BAFA824B00222E
:10A62000F5F704FED046D9468246A1F1507B002EB4
:10A6300058D17E4B002240464946F5F7F5FD52467B
:10A640005B4680468946F6F725F8002840F095825B
:10A6500052460BF1004340464946F5F7FDFF0028FE
:10A6600040F089825BEC19AB119B002BC0F2488152
:10A67000009A0E2A00F34481674B03EBC203D3E92F
:10A680000089099B002B80F2D580039B002B00F3EF
:10A69000D18040F06F82654B002240464946F6F774
:10A6A00077FA52465B46F5F7EBFF039E37460028E4
:10A6B00040F04582019D312305F8013B009B0133A9
:10A6C000009340E2F20705D5D7E90023F6F760FAD8
:10A6D000013501237610083777E7022579E7009FD7
:10A6E000039E94E701994C4B31440D91089903EB7B
:10A6F000C60353E90223002943D04D490020F6F751
:10A7000071FB52465B46F5F78FFD019D82468B46F5
:10A7100049464046F5F7C8FF0646F5F7D3FE024620
:10A720000B4640464946F5F77FFD303605F8016B8C
:10A7300052465B4680468946F5F78EFF002863D176
:10A7400042464B4636490020F5F76EFD52465B46C1
:10A75000F5F782FF002840F0B5800D9B9D4281D027
:10A76000304B002250465946F6F712FA2D4B8246DE
:10A770008B46404649460022F6F70AFA804689464B
:10A78000C6E750465946F6F703FA0D9B019D0F9315
:10A7900082468B4649464046F5F786FF0646F5F762
:10A7A00091FE303602460B4640464946F5F73CFDE1
:10A7B00005F8016B0D9B9D42804689464FF00002D3
:10A7C00024D11B4B50465946F5F730FD02460B4647
:10A7D00040464946F5F75EFF002873D152465B4676
:10A7E00013490020F5F720FD02460B464046494636
:10A7F000F5F732FF00283FF435AF0F9D6B1E0F9326
:10A8000015F8013C302BF8D0009749E0054BF6F7DE
:10A81000BFF980468946BDE760D7000838D70008F1
:10A820000000F03F0000244000001C4000001440E5
:10A830000000E03F019D56465F4642464B4630468B
:10A840003946F6F7CFFAF5F72FFF8246F5F73AFECD
:10A8500042464B46F6F79CF902460B4630463946CF
:10A860000AF13006F5F7E0FC05F8016B019E039F45
:10A87000AE1BB74202460B4635D1F5F7D7FC424630
:10A880004B4606460F46F5F705FFD0B942464B4604
:10A8900030463946F5F7D6FE10B11AF0010F10D147
:10A8A000204618EE101A01F093F8002300982B7040
:10A8B0000C9B01301860219B002B3FF4F1AC1D6014
:10A8C000EEE4009F2B461D4613F8012D392A06D1D0
:10A8D000019A9A42F7D10199302201370A701A7809
:10A8E00001321A7090E7A64B0022F6F751F90022C8
:10A8F000002306460F46F5F7A5FE00289DD0CFE7BA
:10A90000089A002A00F0D780069A012A00F3BA803C
:10A910000E9A002A00F0B28003F23343079E049D92
:10A92000049A1A440492059A01211A442046059279
:10A9300001F050F90746002D0CDD059B002B09DDC9
:10A94000AB42049AA8BF2B46D21A0492059AED1A7C
:10A95000D31A0593079B1BB3089B002B00F0AF8015
:10A96000002E13DD39463246204601F0F3F918EE89
:10A97000102A01460746204601F042F918EE101A47
:10A980008046204601F024F808EE108A079B9A1BA7
:10A9900006D018EE101A204601F0DCF908EE100A75
:10A9A0000121204601F016F90A9B002B064640F3D0
:10A9B00088801A460146204601F0CCF9069B012BFF
:10A9C000064640F381804FF00008336906EB8303AD
:10A9D000186901F0AFF8C0F12000059B184410F091
:10A9E0001F0000F09280C0F12003042B40F38A8006
:10A9F000C0F11C00049B03440493059B03440544DD
:10AA00000593049B002B07DD18EE101A1A4620460A
:10AA100001F0FAF908EE100A059B002B05DD31461E
:10AA20001A46204601F0F0F906460B9B002B6ED02B
:10AA300018EE100A314601F057FA002867DA009B39
:10AA4000013B18EE101A00930A220023204600F062
:10AA5000E1FF089B08EE100A002B00F0B1810023F3
:10AA600039460A22204600F0D5FF029B002B0746FC
:10AA700000F38E80069B022B51DC89E0109BC3F112
:10AA800036034BE7039B5E1E079BB342BFBF079B8A
:10AA90000796F21A0A9BB6BF9B189E1B0A93039B4C
:10AAA000B8BF0026002BB7BFDDE90323DDE903357E
:10AAB0009D1A002334E7079E049D089F3BE7079AF1
:10AAC00067E7069B012B18DCBAF1000F15D1CBF319
:10AAD000130393B92BF000431B0D1B0583B1049B9B
:10AAE00001330493059B013305934FF001080A9B42
:10AAF000002B7FF46AAF01206FE74FF00008F6E704
:10AB00009846F4E73FF47DAF18461C3072E7039B8C
:10AB1000002B37DC069B022B34DD039B0293029B48
:10AB20006BB931460522204600F074FF0146064607
:10AB300018EE100A01F0D8F900283FF7BBAD099BC9
:10AB4000019DDB4300934FF000083146204600F0A2
:10AB50003FFF002F3FF4A4AEB8F1000F05D0B84579
:10AB600003D04146204600F033FF3946204600F02E
:10AB70002FFF95E600263746E1E70097374699E52F
:10AB800000002440089B002B00F0CA80039B029326
:10AB9000002D05DD39462A46204601F035F90746E5
:10ABA000B8F1000F5BD07968204600F0D1FE054671
:10ABB00028B9874B024640F2EA21FFF73BBB3A69CE
:10ABC0000232920007F10C010C3000F0B3FE0122BA
:10ABD0002946204601F018F9019B03F10109DDE93E
:10ABE0000123134405930AF00103B8460493074672
:10ABF000314618EE100AFFF777FA4146029000F14D
:10AC0000300A18EE100A01F06FF93A460390314607
:10AC1000204601F085F9C26809F1FF3B054602BBF9
:10AC2000014618EE100A01F05FF902462946204657
:10AC3000079200F0CDFEDDE9063243EA0201049BF3
:10AC40000B434D460FD1BAF1390F2AD0039B002B8D
:10AC500002DD029B03F1310A8BF800A075E738464C
:10AC6000BAE70122E2E7039B002B04DB06990B43C2
:10AC700004990B4322D1002AEEDD18EE101A0122AE
:10AC8000204601F0C1F8314608EE100A01F02CF917
:10AC9000002803DCE0D11AF0010FDDD0BAF1390F42
:10ACA000D7D139238BF800302B461D46013B15F8D0
:10ACB000012C392A71D001321A7046E7002A07DDCB
:10ACC000BAF1390FEDD00AF101038BF800303CE7FF
:10ACD000059B09F801AC994547D018EE101A0023DE
:10ACE0000A22204600F096FEB84508EE100A4FF002
:10ACF00000034FF00A024146204606D100F08AFECA
:10AD00008046074609F1010972E700F083FE3946E3
:10AD1000804600230A22204600F07CFE0746F1E729
:10AD2000039B0293019D18EE100A3146FFF7DCF9F0
:10AD300000F1300A019B05F801ABEA1A029B93422D
:10AD400009DD18EE101A00230A22204600F062FEE8
:10AD500008EE100AE7E7029B002BC8BF1D46019BC7
:10AD6000D8BF01251D444FF0000818EE101A01222B
:10AD7000204601F049F8314608EE100A01F0B4F817
:10AD8000002891DC02D11AF0010F8DD12B461D460F
:10AD900013F8012D302AFAD0D7E6019A9A4284D1CD
:10ADA000009B0133009331231370CEE6094BFFF76C
:10ADB00095BA219B002B7FF46EAA074BFFF78EBA42
:10ADC000029B002BAEDC069B022B3FF7A8AEA9E747
:10ADD000ABD500088CD3000809D500088A892DE975
:10ADE000F041054610070C4658D44B68002B05DC93
:10ADF0000B6C002B02DC0020BDE8F081E66A002E1F
:10AE0000F9D0002312F480522F682B6032D0606D8D
:10AE1000A3895A0705D56368C01A636B0BB1236C0D
:10AE2000C01A00230246E66A216A2846B047431C3E
:10AE3000A38906D129681D292CD82A4ACA40D607D9
:10AE400028D500226260D9042269226004D5421C00
:10AE500001D12B6803B96065616B2F600029CAD0EE
:10AE600004F14403994202D0284601F049FA002037
:10AE70006063C1E7216A01232846B047411CC7D15E
:10AE80002B68002BC4D01D2B01D0162B01D12F60B5
:10AE9000B1E7A38943F04003A381ADE70F69002F19
:10AEA000A9D093070E6808BF4B690F6018BF002335
:10AEB000A6EB07088B60B8F1000F9CDD216AA66A3B
:10AEC00043463A462846B047002806DCA38943F0AB
:10AED0004003A3814FF0FF308EE70744A8EB000842
:10AEE000E9E700BF0100402038B50B6905460C4674
:10AEF00013B90025284638BD18B183690BB900F095
:10AF000087F8144B9C421BD16C68B4F90C30002BB1
:10AF1000EFD0626ED00704D4990502D4A06D00F082
:10AF200088FC28462146FFF759FF636EDA0705467D
:10AF3000E0D4A3899B05DDD4A06D00F07BFCD9E7AC
:10AF4000054B9C4201D1AC68DFE7044B9C4208BF33
:10AF5000EC68DAE7DCD50008FCD50008BCD50008B1
:10AF6000002310B50446C0E90033C0E90433836010
:10AF700081814366C2818361194608225C30FDF7F6
:10AF80007FFA054B6362054BA362054BE362054BF9
:10AF90002462236310BD00BF61CA000883CA000891
:10AFA000BBCA0008DFCA0008014900F0AFB800BF03
:10AFB000E9AE000870B568224D1E55430E4605F1F6
:10AFC000740101F009FA044640B10021C0E90016FD
:10AFD0000C30A06005F16802FDF752FA204670BD02
:10AFE000014800F026BC00BFF1050020014800F038
:10AFF00021BC00BFF1050020014800F01ABC00BFD1
:10B00000F2050020014800F015BC00BFF205002049
:10B0100010B50446FFF7F0FFA3691BB1BDE810406F
:10B02000FFF7F0BFC4E912332365134B134A1B68C3
:10B03000A262A34204BF0123A361204600F020F8CE
:10B040006060204600F01CF8A060204600F018F870
:10B050000022E06004216068FFF782FFA0680122FF
:10B060000921FFF77DFFE06802221221FFF778FF38
:10B070000123A361D2E700BF78D30008A9AF00087D
:10B08000F8B50746FFF7ACFF1E4B1E68B36913B94E
:10B090003046FFF7BDFF4836D6E90134013B03D502
:10B0A00033680BB33668F7E7B4F90C50D5B9164BD3
:10B0B000E36004F15800656600F0BAFBFFF796FF05
:10B0C000C4E90155C4E904552560A5610822294653
:10B0D00004F15C00FDF7D4F9C4E90D55C4E912553B
:10B0E0002046F8BD6834D9E704213846FFF762FFEF
:10B0F000044630600028D5D1FFF778FF0C233B6071
:10B10000EEE700BF78D300080100FFFF2DE9F84308
:10B110000646884600F148040027D4E90195B9F1B4
:10B12000010905D52468002CF7D13846BDE8F8831D
:10B13000AB89012B07D9B5F90E30013303D029466D
:10B140003046C04707436835E9E70369B3EB611F41
:10B150002DE9F0434FEA611200F1140445DD11F0CE
:10B160001F0104EB830604EB82050CD100F11007EC
:10B170002946B14234D39B1A9B00EA1E964238BF3F
:10B180000023234415E054F82270C1F12008CF4079
:10B1900005F1040EA1467645F44615D89A1A920098
:10B1A000043A0135AE4238BF0022A318A75007B1B8
:10B1B00004331A1BA3424FEAA20208BF0023026114
:10B1C00008BF4361BDE8F083DCF800C00CFA08FC5E
:10B1D0004CEA070749F8047B5EF8047BCF40DAE7C6
:10B1E00051F804CB47F804CFC3E72346E1E7A0F1C9
:10B1F0003003092B02D82038C0B27047A0F1610398
:10B20000052B01D84738F7E7A0F14103052B01D8FA
:10B210002738F1E7002070472DE9F04F2DED028B24
:10B2200089B008EE100A0493B44B1B6801931846CA
:10B230008B469046F5F752FC019BDBF80020034457
:10B24000824613F8013C0593931CC2F1FF2202F5DC
:10B250007F02FE32D1181F4613F8010B00913028EF
:10B26000F8D0FFF7C4FF044600283AD101995246AE
:10B27000384601F038FC0546002868D117F80A0066
:10B2800007EB0A06FFF7B3FF002862D033461878B1
:10B2900030281F4603F10103F9D0FFF7A8FF01236F
:10B2A000B0FA80F46409354600933A4616460132F6
:10B2B0003078FFF79CFF0028F8D1019952463046BC
:10B2C00001F011FC80B94DB906EB0A052A46164675
:10B2D00001323078FFF78BFF0028F8D1AD1BAD00AD
:10B2E00004E000242546E0E7002DF7D1337803F091
:10B2F000DF03502B3BD173782B2B2CD02D2B2ED052
:10B30000711C4FF000090878FFF771FF431EDBB294
:10B31000182B2CD8A0F1100211F8010FFFF767FFCE
:10B32000431EDBB2182B1DD9B9F1000F00D05242D9
:10B330001544CBF80010E4B1009B002B14BF00278C
:10B340000627384609B0BDEC028BBDE8F08F3E46BB
:10B3500025460124CAE74FF00009B11CD3E74FF09E
:10B360000109FAE70A2303FB0202103AD4E7314647
:10B37000DFE7F31B013B2146072B0BDC18EE100A1D
:10B3800000F0E6FA044640B95D4B0246DE215D4816
:10B3900001F09EFC01315B10EEE700F114094FF063
:10B3A000000BCAF10103CDF80890CDF800B0069368
:10B3B000B74240D30298009B40F8043BA0EB090041
:10B3C000801046012061184600F0B4FB301AD8F80E
:10B3D0000060B04263DD871B3946204600F058FF0D
:10B3E0008246A8B17B1E591103F01F0259F82110A3
:10B3F0004FF0010A0AFA02F20A4209D0534505DD6C
:10B40000B91E204600F044FF002845D14FF0020A43
:10B4100039462046FFF799FE3D44D8F80830AB4244
:10B420004CDA18EE100A214600F0D2FA149A0023E2
:10B430001360A32785E7731E059A039316F8013C52
:10B44000934219D0BBF1200F07D1029B009A43F819
:10B45000042B0293002300939B4616F8010CFFF780
:10B46000C6FE009B00F00F0000FA0BF003430093B0
:10B470000BF1040B039B0DE0039B069A1344BB42A4
:10B48000E0D3184601990793524601F02CFB079B25
:10B490000028D7D11E468BE74FF0030AB8E70ADA37
:10B4A000371A214618EE100A3A4600F0ADFCED1BA3
:10B4B000044600F114094FF0000AAEE7D8F8040082
:10B4C000A84272DD451BAE4236DCD8F80C30022BA8
:10B4D0002AD0032B2CD0012B1CD1AE421AD1012E25
:10B4E00012D1049AD8F80430136001232361C9F8FB
:10B4F0000030149B62271C6023E700BFA4D600081D
:10B50000ABD500081CD60008711E204600F0C0FE16
:10B510000028E6D118EE100A214600F059FA149AD4
:10B520000023136050270CE7159B002BF2D1D8E7BE
:10B53000159B002BD5D1EDE76F1EBAF1000F31D16D
:10B5400027B13946204600F0A3FE82467B11012137
:10B5500059F8233007F01F0701FA07F71F42294661
:10B56000204618BF4AF0020A761BFFF7EEFDD8F816
:10B5700004500227BAF1000F48D0D8F80C30022B43
:10B5800015D0032B17D0012B09D11AF0020F06D0CA
:10B59000D9F800004AEA000A1AF0010F0ED147F06C
:10B5A000100733E04FF0010AD0E70127E2E7159BCF
:10B5B000C3F101031593159B002BF0D0D4F810B004
:10B5C00004F114034FEA8B0A03EB8B014FF0000CDC
:10B5D000184653F8042BB2F1FF3F1CD00132026031
:10B5E000022F04F114033FD1D8F80020013AB242EF
:10B5F0000AD17111012253F8213006F01F0602FA18
:10B6000006F61E4218BF174647F02007149B1C6021
:10B61000049B1D6095E6994243F804CCD8D8A368F2
:10B620009B4519DB616818EE100A013100F090F9B2
:10B63000814618B91A4B02468421A8E622690232D3
:10B6400004F10C0192000C3000F074F9214618EE60
:10B65000100A00F0BDF94C4623695A1C04EB830321
:10B66000226101225A61BBE722695A450BDD0121A3
:10B670002046FFF76AFDD8F808300135AB42FFF6E7
:10B68000D0AE0127C0E716F01F06FAD05344C6F12A
:10B69000200653F8040C00F04DFAB042E7DBF0E767
:10B6A000ABD50008C2F10802920070B5C2F12006C5
:10B6B0004368046803FA06F52C43D340046040F85D
:10B6C000043F8842F4D370BD30B50368013311F8EC
:10B6D000014B14B90360012030BD13F8012BA2F116
:10B6E0004105192D98BF2032A242F0D00020F3E787
:10B6F0002DE9F04F0B685E1102EB860613F01F0375
:10B7000087B018BF04360025371F904602680193A2
:10B71000824646F8045CB9463C460295AB465178F1
:10B72000531C039341B3084605920491FFF75FFD54
:10B7300000284FD10499059A202918D8029B9B45CF
:10B7400013DD4C4506D2072D04DC2A464946204627
:10B75000FFF7A8FF444550D90023A4F1040944F899
:10B76000043CCDF808B04C461D46039AD7E729297A
:10B7700056D10232CAF80020BBF1000F50D04C4520
:10B7800006D2072D04DC2A4649462046FFF78AFFE9
:10B79000444534D9A8F10402234653F8041B42F867
:10B7A000041F9F42F9D23B1B23F0030304330134EF
:10B7B000033EB44288BF04234344002243F8042BD1
:10B7C0009F42FBD23B681BB9474527D101233B6011
:10B7D000052026E00135082D0BF1010B06DD44455F
:10B7E000C3D9002344F8043C0125043C226800F03E
:10B7F0000F0040EA02122260B7E70825B5E7019B77
:10B80000002BDFD04FF0FF32C3F1200322FA03F305
:10B8100056F8042C1A4046F8042CD3E7043FD1E72D
:10B82000042007B0BDE8F08F004870477401002085
:10B8300070477047704770B50E46B1F90E10002979
:10B8400096B014461D4608DAB6F90C3000222A607C
:10B850001A0610D44FF480630EE06A4601F078FABD
:10B860000028F1DB019A02F47042A2F500535A421B
:10B870005A412A60EEE740230020236016B070BDD5
:10B880008B8973B59D0706460C4607D504F147031F
:10B89000236023610123636102B070BD01AB6A467E
:10B8A000FFF7C9FF00990546304600F095FD48B9FD
:10B8B000B4F90C309A05EFD423F0030343F00203EC
:10B8C000A381E3E70D4BB362A389206043F08003BB
:10B8D000A381009B6361019B20615BB1B4F90E10F1
:10B8E000304601F047FA28B1A38923F0030343F05F
:10B8F0000103A381A0890543A581CDE7A9AF000875
:10B90000024B0146186800F067BD00BF1C00002014
:10B9100082B001B901A942B14BB113780B60127822
:10B92000101E18BF012002B070471046FBE76FF0F1
:10B930000100F8E70A44914200F1FF3300D170475B
:10B9400010B511F8014B03F8014F9142F9D110BD28
:10B9500070B5466A04460D4676B91020FFF7D0FF51
:10B960000246606220B9184B1848662101F0B0F910
:10B97000C0E901660660C660666AF36883B1636AFF
:10B98000DB6853F82500B8B9012101FA05F6721DEC
:10B990009200204600F09DFC60B1C0E901560EE027
:10B9A00021220421204600F094FC636AF060DB68E9
:10B9B000002BE4D1002070BD026843F8252000234D
:10B9C000C0E90333F7E700BF16D50008B8D6000872
:10B9D00070B5466A05460C4676B91020FFF790FF11
:10B9E0000246686220B9094B09488A2101F070F9C2
:10B9F000C0E901660660C6603CB16B6A6268DB68DC
:10BA000053F82210216043F8224070BD16D500087B
:10BA1000B8D600082DE9F0410D6907460C461E46D0
:10BA200001F1140C0020DCF8003099B202FB016136
:10BA30001E0C0B0C02FB063389B2013001EB0341F3
:10BA400085424CF8041B4FEA1346ECDC0EB3A368A6
:10BA5000AB4219DC616838460131FFF779FF804657
:10BA600028B902460C4B0D48B52101F031F9226985
:10BA7000023204F10C0192000C30FFF75BFF21460B
:10BA80003846FFF7A5FF444604EB850301355E61A8
:10BA900025612046BDE8F081ABD50008B8D6000886
:10BAA0002DE9F8430C4615461F4609220833064681
:10BAB00093FBF2F3002101229A4209DB3046FFF7A3
:10BAC00047FF40B90246194B1948CE2101F000F951
:10BAD00052000131F0E7089B4361092D4FF001034B
:10BAE000036116DD04F10909C8462C4418F8013B2E
:10BAF0000146303B0A223046FFF78CFFA045F5D1C6
:10BB0000A5F108044C442D1B6319BB4204DBBDE8BE
:10BB1000F8830A340925F6E714F8013B0146303B67
:10BB20000A223046FFF776FFEEE700BFABD50008EC
:10BB3000B8D60008030C1B04D3B90004102310F07E
:10BB40007F4F04BF0002083310F0704F04BF0001A4
:10BB5000043310F0404F04BF80000233002805DB9F
:10BB600010F0804F03F1010308BF202318467047EF
:10BB70000023E4E7036813F0070201460BD0DA075D
:10BB800023D4980749BF5B089B0801200B605CBF6A
:10BB90000B600220704798B2A8B91B0C1020DAB2D3
:10BBA0000AB908301B0A1A0704BF1B0904309A0798
:10BBB00004BF9B080230DA0703D45B0800F10100E0
:10BBC00005D00B6070471046E9E700207047202041
:10BBD0007047000010B50C460121FFF7B9FE024680
:10BBE00028B9054B05484FF4A07101F071F8012305
:10BBF0004461036110BD00BFABD50008B8D6000892
:10BC00002DE9F04F91460A69D9F810309A42B8BF31
:10BC10000B460C46BCBF4C4699462769D9F810A084
:10BC2000A368616807EB0A06B34285B0B8BF01316B
:10BC3000FFF78EFE30B90246444B454840F25D1195
:10BC400001F046F800F1140505EB86082B460022AA
:10BC5000434521D304F1140303EB870709F11403CF
:10BC600003EB8A0202923A1B153A22F003020432D5
:10BC700004F115018F4238BF04220192029A039306
:10BC80009A420CD8002E03DD58F8043D002B5AD000
:10BC9000066105B0BDE8F08F43F8042BD8E7B3F890
:10BCA00000A0BAF1000F24D004F1140EA9464FF001
:10BCB000000C5EF8042BD9F800101FFA82FB89B241
:10BCC0000AFB0B114FEA124BD9F8002061444FEAEE
:10BCD000124C0AFB0BC202EB114289B241EA02414B
:10BCE000774549F8041B4FEA124CE2D8019A45F80F
:10BCF00002C0039AB2F802900433B9F1000F20D0C9
:10BD0000296804F1140CAE464FF0000ABCF800B0EC
:10BD1000BEF8022009FB0B22924489B241EA0A4193
:10BD20004EF8041B5CF8042BBEF80010120C09FB43
:10BD3000021101EB1A4167454FEA114AE6D8019A10
:10BD4000A95004359AE7013E9CE700BFABD5000837
:10BD5000B8D600082DE9F843154612F0030206464E
:10BD60000F4607D0254C013A002354F82220FFF754
:10BD700051FE0746AD103DD0746A7CB91020FFF724
:10BD8000BFFD0246706228B91D4B1E484FF4D771A3
:10BD900000F09EFFC0E901440460C460D6F824802E
:10BDA000D8F808404CB940F271213046FFF712FF35
:10BDB0000023C8F80800044603604FF00009EB07B1
:10BDC0000AD5394622463046FFF71AFF39468046E3
:10BDD0003046FFF7FDFD47466D100BD0206838B99F
:10BDE000224621463046FFF70BFF2060C0F8009046
:10BDF0000446E4E73846BDE8F88300BF28D80008C9
:10BE000016D50008B8D600082DE9F0470C46496859
:10BE1000236903EB6218A368074691464FEA621A4A
:10BE200008F10106B3420BDB3846FFF791FD0546EA
:10BE300048B902462A4B2B4840F2D91100F048FF7E
:10BE400001315B00EEE7002300F1140100F1100264
:10BE50001846534537DB20692AEAEA7A04F11403CD
:10BE600019F01F0901EB8A0103EB80002FD0C9F103
:10BE7000200E8A464FF0000C1A6802FA09F242EAD4
:10BE80000C024AF8042B53F8042B984222FA0EFCB9
:10BE9000F2D8031B153B23F00303043304F115020E
:10BEA000904238BF042341F803C0BCF1000F01D019
:10BEB00008F10206013E38462E612146FFF788FD53
:10BEC0002846BDE8F08742F8040F0133C1E7043982
:10BED00053F8042B41F8042F9842F9D8EAE700BF41
:10BEE000ABD50008B8D6000830B502690C69121B42
:10BEF0000ED100F11403143103EB840001EB840133
:10BF000050F8045D51F8044DA54203D005D3012239
:10BF1000104630BD8342F3D3FAE74FF0FF32F7E724
:10BF20002DE9F84F0C460646114620469046FFF78D
:10BF3000DBFF051E10D129463046FFF709FD30B959
:10BF40003A4B024640F23221394800F0C1FE01234B
:10BF5000C0E90435BDE8F88FA4BF4346A04630468B
:10BF6000D8F80410A6BF1C4600250125FFF7F0FCF9
:10BF700020B92E4B02464FF41071E5E7D8F8107047
:10BF80002669C56004F1140908F1140500F1140EC6
:10BF900005EB870C09EB860608F11002F24600213A
:10BFA00059F8043B52F804BF1FFA83F811FA8BF1D9
:10BFB0001B0CA1EB0808C3EB1B4303EB28431FFA40
:10BFC00088F819144E4548EA03434AF8043BE7D879
:10BFD000331B153B23F0030304331534A64238BF4B
:10BFE00004231D4473449E462E4666450ED30CF131
:10BFF0000302521B22F00302033DAC4538BF00226E
:10C000001A4452F8043D7BB10761A3E756F8048B4C
:10C0100011FA88F2141404EB184492B242EA044272
:10C020004EF8042B2114E0E7013FEAE7ABD5000806
:10C03000B8D6000882B08DED000B019B1249194063
:10C04000A1F15071002905DD00220B4643EC102BB5
:10C0500002B070474942B1F1A07F4FEA21504FF042
:10C0600000024FF0000304DA4FF4002141FA00F31C
:10C07000ECE7A0F114011E29DABF4FF0004020FACE
:10C0800001F101210A46E1E70000F07FF8B50569FA
:10C0900000F1140707EB85052E1F55F8044C2046C8
:10C0A000FFF748FDC0F120030A28DFF87CC00B60D1
:10C0B00014DCC0F10B0E24FA0EF1B74241EA0C0376
:10C0C00034BF55F8081C0021153004FA00F021FA9D
:10C0D0000EF140EA010243EC102BF8BDB7423ABF23
:10C0E00055F8081CA5F1080600210B3817D0C0F13F
:10C0F000200C04FA00F5BE4221FA0CF445EA0405CE
:10C100008CBF56F8044C002445F07F5301FA00F030
:10C1100024FA0CF443F4401340EA0402DBE744EA57
:10C120000C030A46D7E700BF0000F03F2DE9F743B4
:10C130008946012157EC106B9046FFF709FC044635
:10C1400030B90246254B264840F20A3100F0C0FDC6
:10C15000C7F30A55C7F3130335BB002E019328D04C
:10C1600068460096FFF706FD009900B3019AC0F1FA
:10C17000200302FA03F30B43C24063610192019B67
:10C18000A361002B14BF022201222261D5B1A5F2C6
:10C1900033450544C9F80050C0F13500C8F8000027
:10C1A000204603B0BDE8F08343F48013D5E7616116
:10C1B000E5E701A8FFF7DEFC019B63610122226134
:10C1C0002030E3E704EB8203A0F23240C9F800001C
:10C1D0001869FFF7AFFCC0EB4210DFE7ABD50008F2
:10C1E000B8D600082DE9F74F884669468146FFF723
:10C1F0004DFF01A9404655EC104BFFF747FFD9F81A
:10C200001030D8F81020A3EB020CDDE900329B1AA5
:10C2100003EB4C1351EC100B002BD6BF0A462A46F9
:10C22000C3EB03338B462F46D4BF02EB035B02EB19
:10C230000357204610EE102A5B463946F4F7D2FD2C
:10C2400041EC100B03B0BDE8F08F013970B5491116
:10C250001469013102F1140300EB810103EB840442
:10C26000051FA3420CD3A31A113B23F00303113281
:10C27000A24288BF002318440023884205D370BD22
:10C2800053F8046B45F8046FEBE740F8043BF4E720
:10C2900000F1140200694B11984210B511DB0ADD60
:10C2A00011F01F0107D052F8234024FA01F000FAE0
:10C2B00001F18C420BD102EB8303934203D800209F
:10C2C00010BD0346F7E753F8041D0029F5D00120FF
:10C2D000F6E737B5A1FB02244CB91146019200F0F4
:10C2E0007BF8019A054630B9284603B030BD0C22D0
:10C2F00002600025F8E72146FCF7C2F8F4E70000E9
:10C3000037B5002944D051F8043C0190002BA1F12D
:10C310000404B8BFE41800F069FD1E4A01981368D0
:10C3200033B96360146003B0BDE8304000F064BD11
:10C33000A34208D9256861198B4201BF19685B685F
:10C3400049192160EDE71A465B680BB1A342FAD99F
:10C3500011685518A5420BD1246821445418A342F2
:10C360001160E0D11C685B68536021441160DAE71A
:10C3700002D90C230360D6E7256861198B4204BFFC
:10C3800019685B68636004BF491921605460CAE79B
:10C3900003B030BDF405002070B50E4E0C46316878
:10C3A000054611B900F04CFB30602146284600F0EC
:10C3B00047FB431C0AD0C41C24F00304A04207D04E
:10C3C000211A284600F03CFB013001D14FF0FF3428
:10C3D000204670BDF80500202DE9F041CD1C25F068
:10C3E000030508350C2D38BF0C25002D074601DB51
:10C3F000A94205D90C233B6000263046BDE8F081F8
:10C400002E4E00F0F3FC33681C4634BB29463846F8
:10C41000FFF7C2FF431C04464DD134682646002E68
:10C4200040D123683146384604EB030800F008FB8E
:10C4300080453AD1216803356D1A25F0030508358A
:10C440000C2D38BF0C2529463846FFF7A5FF0130D3
:10C450002BD023682B4423600EE02268521B1ED48D
:10C460000B2A16D96119A342256018BF5960636869
:10C4700008BF316062514B60384604F10B0600F092
:10C48000BBFC26F00706231DF21AB6D09B1BA35057
:10C49000B3E76268A3420CBF32605A60ECE7234600
:10C4A0006468B2E734467668B9E70C233B603846E7
:10C4B00000F0A2FCA1E72560DEE700BFF405002044
:10C4C0002DE9F0478E689E4282460C4690461F46F4
:10C4D00038D88A8912F4906F32D025680969A5EBA3
:10C4E0000109656905EB450505EBD57501334B443D
:10C4F0006D109D4238BF1D46530531D52946FFF7C3
:10C500006BFF064650B90C23CAF80030A38943F0EC
:10C510004003A3814FF0FF30BDE8F08721694A4610
:10C52000FFF708FAA38923F4906343F08003A38103
:10C53000266165614E44A5EB09052660A5603E466F
:10C54000BE4200D93E4620683246414600F034FCE7
:10C55000A3689B1BA3602368334423600020DBE7B0
:10C560002A4600F04FFC06460028E1D121695046DA
:10C57000FFF7C6FEC7E700002DE9F04F98468B890C
:10C580001B069DB007460D4614460ED50B6963B9D0
:10C590004021FFF721FF2860286120B90C233B6070
:10C5A0004FF0FF30D1E040236B610023099320233B
:10C5B0008DF82930CDF80C803023DFF8A8818DF874
:10C5C0002A304FF0010923469A4613F8012B0AB18D
:10C5D000252AF9D1BAEB040B0BD05B46224629463B
:10C5E0003846FFF76DFF013000F0AA80099A5A44DF
:10C5F00009929AF80030002B00F0A28000234FF03F
:10C60000FF32CDE905230AF1010A049307938DF85F
:10C6100053301A935446052214F8011B5148F4F77D
:10C6200067FA049AD8B9D00644BF20238DF8533056
:10C63000110744BF2B238DF853309AF800302A2B72
:10C6400015D0079A544600204FF00A0C214611F8E5
:10C65000013B303B092B4ED9B0B1079214E0A0EB5F
:10C66000080309FA03F313430493A246D2E7039B9A
:10C67000191D1B680391002BBBBF5B4242F00202F5
:10C6800007930793B8BF049223782E2B0CD16378BD
:10C690002A2B35D1039B1A1D1B680392002BB8BFB0
:10C6A0004FF0FF3302340593DFF8C8A0217803224E
:10C6B0005046F4F71DFA40B14023A0EB0A0003FAFC
:10C6C00000F0049B03430134049314F8011B264833
:10C6D0008DF828100622F4F70BFA002838D0234BE7
:10C6E0001BBB039B073323F0070308330393099B0A
:10C6F0003344099367E70CFB02320C460120A5E79F
:10C7000000230134059319464FF00A0C204610F817
:10C71000012B303A092A03D9002BC5D00591C3E774
:10C720000CFB012104460123F0E703AB00932A46EA
:10C730000F4B04A93846FBF74BFF421C0646D6D1E7
:10C74000AB895B063FF52CAF09981DB0BDE8F08FB3
:10C7500003AB00932A46064B04A93846FCF7DCF9E4
:10C76000EBE700BF34D800083ED80008D1850008A8
:10C77000C1C400083AD800089368013B002B10B4EC
:10C78000936008DA9469A34201DB0A2903D15DF8BA
:10C79000044B00F0BDB91368581C106019700846AE
:10C7A0005DF8044B7047F8B506460F461446D51899
:10C7B000AC4201D1002007E014F8011B3A46304694
:10C7C000FFF7DAFF431CF3D1F8BD00002DE9F04F6D
:10C7D0000D469DB014469846064618B183690BB9BC
:10C7E000FEF716FC894B9D421BD175686B6ED9070D
:10C7F00005D4AB899A0502D4A86DFFF71AF8AB8966
:10C800001B0701D52B69EBB92946304600F0F2F938
:10C81000C0B16B6EDC070ED54FF0FF301DB0BDE828
:10C82000F08F7B4B9D4201D1B568DFE7794B9D428C
:10C8300008BFF568DAE7AB899805EDD4A86DFEF777
:10C84000F9FFE9E70023099320238DF82930CDF87B
:10C850000C803023DFF8C0818DF82A304FF00109B9
:10C8600023469A4613F8012B0AB1252AF9D1BAEBCF
:10C87000040B0BD05B46224629463046FFF793FF58
:10C88000013000F0AA80099A5A4409929AF80030BF
:10C89000002B00F0A28000234FF0FF32CDE90523EA
:10C8A0000AF1010A049307938DF853301A93544602
:10C8B000052214F8011B5848F4F71AF9049AD8B95C
:10C8C000D10644BF20238DF85330130744BF2B23D8
:10C8D0008DF853309AF800302A2B15D0079A544619
:10C8E00000204FF00A0C214611F8013B303B092B88
:10C8F0004ED9B0B1079214E0A0EB080309FA03F394
:10C9000013430493A246D2E7039B191D1B680391AE
:10C91000002BBBBF5B4242F0020207930793B8BFF4
:10C92000049223782E2B0CD163782A2B35D1039BCC
:10C930001A1D1B680392002BB8BF4FF0FF3302345F
:10C940000593DFF8E4A0217803225046F4F7D0F8ED
:10C9500040B14023A0EB0A0003FA00F0049B03431C
:10C960000134049314F8011B2C488DF8281006227A
:10C97000F4F7BEF800283FD0294B1BBB039B0733BD
:10C9800023F0070308330393099B3B44099367E7AC
:10C990000CFB02320C460120A5E70023013405936D
:10C9A00019464FF00A0C204610F8012B303A092A9C
:10C9B00003D9002BC5D00591C3E70CFB0121044628
:10C9C0000123F0E703AB00932A46164B04A9304637
:10C9D000FBF7FEFD0746781CD6D16B6ED90705D450
:10C9E000AB899A0502D4A86DFEF724FFAB895B06DC
:10C9F0003FF512AF099811E703AB00932A46094BA4
:10CA000004A93046FCF788F8E4E700BFDCD500084D
:10CA1000FCD50008BCD5000834D800083ED8000872
:10CA2000D1850008A7C700083AD800080000000018
:10CA30009FED010B704700BF000000000000F87F71
:10CA400038B5064D0023044608462B60F4F744FF32
:10CA5000431C02D12B6803B1236038BDFC050020C4
:10CA600010B50C46B1F90E1000F0FCF90028ABBF70
:10CA7000636DA3891B1823F48053ACBF6365A38146
:10CA800010BD2DE9F0411F468B89DB0505460C469C
:10CA9000164605D5B1F90E100223002200F07AF9EE
:10CAA000A389B4F90E1023F48053A38132463B4688
:10CAB0002846BDE8F04100F08BB810B50C46B1F93E
:10CAC0000E1000F067F9431CA38915BF606523F4BD
:10CAD000805343F48053A38118BFA38110BDB1F9E3
:10CAE0000E1000F013B910B57AB10346013984185D
:10CAF00013F8010B11F8012F904201D1A34201D18B
:10CB0000801A10BD0028F3D1FAE71046F9E70000BB
:10CB1000F8B50E461446054618B183690BB9FEF701
:10CB200077FA214B9C422BD16C68A369A360A3893F
:10CB30001A072FD523696BB323692068C01A63696C
:10CB4000F6B28342374604DC21462846FEF7CCF98C
:10CB500030BBA368013BA36023685A1C22601E708F
:10CB600063690130834204D0A389DB0706D50A2E0E
:10CB700004D121462846FEF7B7F988B93846F8BDF2
:10CB80000A4B9C4201D1AC68CFE7094B9C4208BFDD
:10CB9000EC68CAE72146284600F02CF80028CBD0E4
:10CBA0004FF0FF37EAE700BFDCD50008FCD50008EE
:10CBB000BCD5000849B1FF2A85BF8A2303600A70EB
:10CBC0004FF0FF3098BF01207047084670470000C3
:10CBD00038B5074D04460846114600222A601A4619
:10CBE000FAF7C4F9431C02D12B6803B1236038BDA6
:10CBF000FC050020324B70B51D6806460C4625B179
:10CC0000AB6913B92846FEF703FA2E4B9C420FD1AD
:10CC10006C68A389B4F90C2019072CD4DD0611D453
:10CC20000923336042F04003A3814FF0FF303EE020
:10CC3000254B9C4201D1AC68EBE7244B9C4208BFDA
:10CC4000EC68E6E7580712D5616B41B104F1440383
:10CC5000994202D03046FFF753FB00236363A38958
:10CC600023F02403A3810023636023692360A38945
:10CC700043F00803A38123694BB9A38903F420730C
:10CC8000B3F5007F03D021463046FEF7F9FDA089B9
:10CC9000B4F90C2010F001030AD00023A3606369EB
:10CCA0005B42A361236943B910F08000BAD170BD23
:10CCB000810758BF6369A360F4E70020F7E700BF6E
:10CCC0001C000020DCD50008FCD50008BCD50008FD
:10CCD0001FB514461A46094B1B680546D8684CB167
:10CCE000074B0091CDE9013406492B4600F01EF8B0
:10CCF00000F0CAF8044B1C46F3E700BF1C000020FC
:10CD000045D8000852D8000880D8000838B5064D2C
:10CD10000023044608462B60FAF742F9431C02D16F
:10CD20002B6803B1236038BDFC0500200EB403B5A9
:10CD3000014603AB054853F8042B00680193FFF745
:10CD400045FD02B05DF804EB03B070471C00002005
:10CD500038B5074D00230446084611462B60FAF704
:10CD60004BF9431C02D12B6803B1236038BD00BFCF
:10CD7000FC05002038B5064D0023044608462B600C
:10CD8000FAF7E8F8431C02D12B6803B1236038BDE1
:10CD9000FC05002038B5074D044608461146002220
:10CDA0002A601A46FAF708F9431C02D12B6803B12E
:10CDB000236038BDFC050020884210B501EB020459
:10CDC00002D98442234607D8431EA14208D011F855
:10CDD000012B03F8012FF8E7024401468A4200D1F3
:10CDE00010BD13F8014D02F8014DF7E70148FEF7B9
:10CDF00020BD00BFF00500200148FEF71BBD00BFAD
:10CE0000F00500202DE9F041804614460E4621B978
:10CE1000BDE8F0411146FFF7DFBA2AB9FFF770FA13
:10CE200025462846BDE8F08100F035F884420746E3
:10CE300002D8B4EB500F12D821464046FFF7CCFA87
:10CE400005460028EDD0BC422246314628BF3A466E
:10CE5000FEF770FD31464046FFF752FAE1E73546EE
:10CE6000DFE7000038B5074D0446084611460022AA
:10CE70002A601A46FAF7A8F8431C02D12B6803B1BE
:10CE8000236038BDFC05002008B5062000F034F80A
:10CE90000120F4F71BFD51F8043C181F002BBCBF08
:10CEA0000B58C01870471F2938B504460D4604D9E1
:10CEB000162303604FF0FF3038BD426C12B152F8B8
:10CEC00021304BB9204600F031F82A460146204671
:10CED000BDE8384000F018B8012B0AD0591C03D126
:10CEE000162303600120E7E7002442F82540284686
:10CEF00098470020E0E70000024B01461868FFF762
:10CF0000D2BF00BF1C00002038B5074D00230446E7
:10CF1000084611462B60F4F7D1FC431C02D12B6864
:10CF200003B1236038BD00BFFC050020F4F7C4BC8A
:10CF3000F8B500BFF8BC08BC9E467047F8B500BF06
:08CF4000F8BC08BC9E467047D6
:10CF480000000000000000000102030406070809B1
:10CF580000000000010203040100020004000600B2
:10CF680008000A000C0010002000400080000001AA
:10CF7800080402040801010101010103070100007E
:10CF8800252E32662C252E32662C252E32662C252F
:10CF98002E32660D0A00000000000000000000802C
:10CFA800000FC93F000F494000CB9640000FC94011
:10CFB8000053FB4000CB164100ED2F41000F4941C3
:10CFC8000031624100537B41003A8A4100CB9641CF
:10CFD800005CA34100EDAF41007EBC41000FC94198
:10CFE80000A0D5410031E24100C2EE410053FB41AF
:10CFF80000F20342003A0A420083104200CB164274
:10D0080000141D42005C234200A5294200ED2F4276
:10D0180000363642007E3C4200C74242000F494279
:10D02800A2000000F9000000830000006E0000006C
:10D038004E00000044000000150000002900000018
:10D04800FC0000002700000057000000D10000008D
:10D05800F500000034000000DD000000C000000002
:10D06800DB0000006200000095000000990000004D
:10D078003C00000043000000900000004100000058
:10D08800FE0000005100000063000000AB0000003B
:10D09800DE000000BB000000C500000061000000C9
:10D0A800B7000000240000006E0000003A000000F5
:10D0B800420000004D000000D2000000E000000027
:10D0C80006000000490000002E000000EA000000F1
:10D0D80009000000D1000000920000001C000000C0
:10D0E800FE0000001D000000EB0000001C00000016
:10D0F800B100000029000000A70000003E00000069
:10D10800E80000008200000035000000F500000083
:10D118002E000000BB000000440000008400000056
:10D12800E90000009C0000007000000026000000DC
:10D13800B40000005F0000007E0000004100000015
:10D148003900000091000000D600000039000000FE
:10D15800830000005300000039000000F4000000C4
:10D168009C000000840000005F0000008B000000AD
:10D17800BD000000F9000000280000003B0000008E
:10D188001F000000F800000097000000FF000000EA
:10D19800DE00000005000000980000000F000000FD
:10D1A800EF0000002F000000110000008B000000BD
:10D1B8005A0000000A0000006D0000001F00000077
:10D1C8006D000000360000007E000000CF00000067
:10D1D80027000000CB00000009000000B700000095
:10D1E8004F000000460000003F00000066000000FD
:10D1F8009E0000005F000000EA0000002D00000013
:10D208007500000027000000BA000000C7000000F9
:10D21800EB000000E5000000F10000007B000000CA
:10D228003D0000000700000039000000F700000082
:10D238008A0000005200000092000000EA0000008E
:10D248006B000000FB0000005F000000B100000060
:10D258001F0000008D0000005D00000008000000B5
:10D2680056000000030000003000000046000000E7
:10D27800FC0000007B0000006B000000AB00000019
:10D28800F0000000CF000000BC00000020000000FB
:10D298009A000000F4000000360000001D000000A5
:10D2A800A9000000E30000009100000061000000F8
:10D2B8005E000000E60000001B00000008000000FF
:10D2C8006500000099000000850000005F00000074
:10D2D80014000000A00000006800000040000000EA
:10D2E8008D000000FF000000D80000008000000052
:10D2F8004D0000007300000027000000310000000E
:10D30800060000000600000015000000560000009E
:10D31800CA00000073000000A8000000C900000057
:10D3280060000000E20000007B000000C000000078
:10D338008C0000006B0000000000C93F0000F039BD
:10D348000000DA370000A2330000842E0000502BC2
:10D358000000C2270000D0220000C41F0000C61B26
:10D368000000441704000000070000000900000046
:10D3780020000020494E4600696E66004E414E006E
:10D388006E616E003000303132333435363738391B
:10D39800414243444546003031323334353637381C
:10D3A800396162636465660065256C64000000008D
:10D3B80035000000CEFBFFFFCB030000010000009A
:10D3C8000000000034000000CEFBFFFFCB0300008C
:10D3D8000100000000000000BC89D897B2D29C3C34
:10D3E80033A7A8D523F649393DA7F444FD0FA53244
:10D3F8009D978CCF08BA5B25436FAC6428066811EB
:10D40800002020202020202020202828282828200C
:10D418002020202020202020202020202020202004
:10D42800208810101010101010101010101010106C
:10D43800100404040404040404040410101010105C
:10D448001010414141414141010101010101010126
:10D458000101010101010101010101011010101078
:10D4680010104242424242420202020202020202F8
:10D47800020202020202020202020202101010104C
:10D488002000000000000000000000000000000074
:10D498000000000000000000000000000000000084
:10D4A8000000000000000000000000000000000074
:10D4B8000000000000000000000000000000000064
:10D4C8000000000000000000000000000000000054
:10D4D8000000000000000000000000000000000044
:10D4E8000000000000000000000000000000000034
:10D4F8000000000000000000000000000000000024
:10D5080000496E66696E697479004E614E00524535
:10D51800454E54206D616C6C6F6320737563636551
:10D5280065646564002F6D6E742F776F726B73700E
:10D538006163652F776F726B73706163652F474303
:10D54800432D31302D706970656C696E652F6A6581
:10D558006E6B696E732D4743432D31302D706970A2
:10D56800656C696E652D3333385F32303231313056
:10D5780031385F313633343531363230332F7372C8
:10D58800632F6E65776C69622F6E65776C69622FA1
:10D598006C6962632F7374646C69622F64746F6161
:10D5A8002E630042616C6C6F6320737563636565FD
:10D5B8006465640000000000000000000000000036
:10D5C8000000000000000000000000000000000053
:10D5D8000000000000000000000000000000000043
:10D5E8000000000000000000000000000000000033
:10D5F8000000000000000000000000000000000023
:10D608000000000000000000000000000000000012
:10D61800000000002F6D6E742F776F726B7370614E
:10D6280063652F776F726B73706163652F47434330
:10D638002D31302D706970656C696E652F6A656E65
:10D648006B696E732D4743432D31302D70697065BA
:10D658006C696E652D3333385F3230323131303199
:10D66800385F313633343531363230332F737263A5
:10D678002F6E65776C69622F6E65776C69622F6CA7
:10D688006962632F7374646C69622F6764746F6175
:10D698002D6765746865782E63002E00A2D6000891
:10D6A80080D80008800000204300504F534958009C
:10D6B8002F6D6E742F776F726B73706163652F7740
:10D6C8006F726B73706163652F4743432D31302D43
:10D6D800706970656C696E652F6A656E6B696E73CB
:10D6E8002D4743432D31302D706970656C696E6527
:10D6F8002D3333385F32303231313031385F3136A3
:10D7080033343531363230332F7372632F6E657789
:10D718006C69622F6E65776C69622F6C6962632F22
:10D728007374646C69622F6D707265632E63000098
:10D738000080E03779C34143176E05B5B5B8934605
:10D74800F5F93FE9034F384D321D30F94877825AD1
:10D758003CBF737FDD4F1575000000000000F03FEF
:10D7680000000000000024400000000000005940B4
:10D778000000000000408F40000000000088C34007
:10D7880000000000006AF8400000000080842E417C
:10D7980000000000D01263410000000084D79741C8
:10D7A8000000000065CDCD41000000205FA00242CE
:10D7B800000000E876483742000000A2941A6D4243
:10D7C800000040E59C30A2420000901EC4BCD64236
:10D7D80000003426F56B0C430080E03779C34143E1
:10D7E80000A0D8855734764300C84E676DC1AB4357
:10D7F800003D9160E458E143408CB5781DAF154475
:10D8080050EFE2D6E41A4B4492D54D06CFF080444F
:10D81800F64AE1C7022DB544B49DD9794378EA4464
:10D8280005000000190000007D000000232D302BAA
:10D838002000686C4C00656667454647002C2066EA
:10D84800756E6374696F6E3A2000617373657274E4
:10D85800696F6E2022257322206661696C65643ABF
:10D868002066696C6520222573222C206C696E6500
:0CD87800202564257325730A00000000C1
:08D88400842FFF7F010000006A
:04D88C000502000889
:04D89000E1010008AA
:10D894000024F4000100000010000000000080409B
:10D8A400FAED6B3C4D84AD3E9A99993E20000020E0
:10D8B40000000000DCD50008FCD50008BCD5000839
:10D8C4000000000000000000000000000000000054
:10D8D4000000000000000000000000000000000044
:10D8E4000000000000000000000000000000000034
:10D8F4000000000000000000000000000000000024
:10D904000000000000000000000000000000000013
:10D91400FF000000430000000000000000000000C1
:10D9240000000000000000000000000000000000F3
:10D9340000000000430000000000000000000000A0
:10D9440000000000000000000000000000000000D3
:10D954000000000043000000000000000000000080
:10D9640000000000000000000000000000000000B3
:10D974000000000043000000000000000000000060
:10D984000000000000000000000000000000000093
:10D994000000000043000000000000000000000040
:10D9A4000000000000000000000000000000000073
:10D9B4000000000043000000000000000000000020
:10D9C4000000000000000000000000000000000053
:10D9D4000000000043000000000000000000000000
:10D9E4000000000000000000000000000000000033
:10D9F40000000000B5CB000811B9000800000000C9
:10DA040008D40008A2D6000880D8000880D80008EE
:10DA140080D8000880D8000880D8000880D8000882
:10DA240080D8000880D8000880D80008FFFFFFFFD6
:10DA3400FFFFFFFFFFFFFFFFFFFF00000100415357
:10DA440043494900000000000000000000000000FD
:10DA5400000000000000000000000000000041532E
:10DA640043494900000000000000000000000000DD
:10DA740000000000000000000000000000000000A2
:04000005080075A1D9
:00000001FF
