:020000040800F2
:10000000A8120020350300088D880008B17D000883
:1000100089880008F51E0008CDA000080000000037
:10002000000000000000000000000000CD8A000871
:10003000C91F0008000000002D8A0008258B000859
:100040004F0300084F0300084F0300084F03000848
:100050004F0300084F0300084F0300084F03000838
:100060004F0300084F0300084F0300084F03000828
:100070004F030008F91E0008091F00084F0300087D
:100080004F03000800000000D51D00084F030008C2
:100090004F0300081D2100084F0300084F0300080C
:1000A0004F0300084F0300084F0300084F030008E8
:1000B000B98B00084F0300084F0300084F030008E6
:1000C0004F0300084F0300084F0300084F030008C8
:1000D0004F0300084F0300084F030008BDA00008AD
:1000E0004F0300084F0300084F0300084F030008A8
:1000F0004F0300084F0300084F03000800000000F2
:10010000000000004F030008000000004F0300083B
:100110004F030008000000004F0300084F030008D1
:100120004F0300084F0300084F0300084F03000867
:100130004F03000800000000000000004F0300080B
:100140004F0300084F0300080000000000000000FB
:10015000000000000000000000000000000000009F
:100160000000000000000000000000004F03000835
:100170004F03000800000000000000000000000025
:10018000000000004F030008000000000000000015
:10019000000000000000000000000000000000005F
:1001A00000000000000000004F0300084F0300089B
:1001B0004F0300084F0300084F0300080000000031
:1001C000000000004F0300080000000000000000D5
:1001D0004F0300084F03000800F002F800F09AF8FF
:1001E0000AA090E8000C82448344AAF10107DA4592
:1001F00001D100F08FF8AFF2090EBAE80F0013F04A
:10020000010F18BFFB1A43F001031847DCBD0000C3
:10021000FCBD0000103A24BF78C878C1FAD8520754
:1002200024BF30C830C144BF04680C607047000070
:100230000023002400250026103A28BF78C1FBD8EF
:10024000520728BF30C148BF0B6070476E2900F0CD
:10025000E981702900F01F8366290BF0E885652984
:100260000BF0E58567290BF0E28561290BF0E1854C
:1002700003681B0A28BF41F08001692900F09681BC
:10028000642900F09381752900F090816F2900F0B6
:10029000AD82782900F0EB82E92900F04782E42959
:1002A00000F04482F52900F04182EF2900F0AA8293
:1002B000F82900F0EA820368DB0928BF41F08001D9
:1002C000632901F00780732901F00C80E32901F014
:1002D0001780F32901F01C80002070471FB50BF038
:1002E00094FD9DE8030001F00DFB01F00BF9040003
:1002F000002000210BF022FB401C60600020002148
:100300000BF006FBE06001F00BF81FBD10B501F02B
:1003100070F810BD01F0C8F81146FFF7DFFF0AF0D2
:10032000D3FA01F08FFA03B4FFF7F0FF03BC01F03A
:1003300099FC00000948804709480047FEE7FEE7AE
:10034000FEE7FEE7FEE7FEE7FEE7FEE7FEE7FEE785
:1003500004480549054A064B70470000A58B000874
:10036000D9010008A8060020A8120020A80A002031
:10037000A80A002053EA020C00F069802DE9F04B36
:100380004FF00006002B1FBFB3FA83F503FA05F404
:1003900024FA05F65E4012BF1643B2FA82F502FA5D
:1003A00005F4C5F120051EBF22FA05FC44EA0C0441
:1003B000203556EA044C4FEA144418BF641C4FF031
:1003C00000084FF00009904271EB030C39D300296B
:1003D00019BFB1FA81F701FA07F6B0FA80F700FA0F
:1003E00007F6C7F120071EBF20FA07FC46EA0C06F5
:1003F0002037B6FBF4FCA7EB0507103F07F01F0BF7
:10040000CBF120062CFA06F60CFA0BFB44BFB346E0
:100410000026202FA4BF5E464FF0000B5BEA060CBF
:1004200008BF4FF0010B19EB0B0948EB0608ABFBBB
:10043000027C06FB02CC0BFB03CCC01B71EB0C0156
:10044000C1E70B46024641464846BDE8F08B13B56E
:10045000084318BF4FF0FF300146AFF30080BDE8FE
:100460001C4070470FB4044910B503AA029800F06D
:10047000EDF810BC5DF814FB6C0000204FF000029A
:1004800000B5134694469646203922BFA0E80C508A
:10049000A0E80C50B1F12001BFF4F7AF090728BF65
:1004A000A0E80C5048BF0CC05DF804EB890028BFE1
:1004B00040F8042B08BF704748BF20F8022B11F00A
:1004C000804F18BF00F8012B704770477047704786
:1004D00010B500F0AFFA006810BD10B5044600F08A
:1004E000A9FA046010BD70B5044685690068C106AC
:1004F00001D5302600E02026C00707D070BDD4E922
:10050000012130469047206A401C20626D1EF6D5BE
:1005100070BD70B5044685690078C00707D170BD0D
:10052000D4E9012120209047206A401C20626D1EE2
:10053000F6D570BD09684A0501D540B27047C905B6
:10054000FCD500B2704709684A0501D5C0B27047B2
:10055000C905FCD580B2704770B50C460546012A26
:1005600005D02878800600D5EA69002302E001233F
:1005700005E05B1C934202D2E05C0028F9D1A86937
:10058000E618C01AA861286A184428622846FFF7AE
:10059000AAFF04E0D5E9012114F8010B9047B44209
:1005A000F8D32846FFF7B5FF70BD00002DE9F041F4
:1005B0000646002410687529314616A510D0FFF7AD
:1005C000B9FF002802DA404213A507E031688A0724
:1005D00001D512A502E0490704D511A5012401E0C7
:1005E000FFF7B1FF00210A2206F1240709E0B0FB62
:1005F000F2FCB0FBF2F302FB1C00303078541846DA
:10060000491C0028F3D123462A463046BDE8F04174
:1006100000F059BA000000002D0000002B0000007F
:100620002000000011680268006A530501D50870B7
:100630000AE0D30501D5088006E0130603D5C217EA
:10064000C1E9000200E0086001207047074B70B567
:100650000D467B4400F021FE0446284600F05CFE77
:1006600010B14FF0FF3070BD204670BDDFA000001C
:100670002DE9FF5F15468A460446DFF8AC80F84452
:100680000027D8E900103E46CDE9001010E03AF806
:1006900016106A4602A800F0DFFE411C07D0217840
:1006A000890603D5E269391891420DD80744761CB2
:1006B0002078800602D5E069B84205DDAE42E6DB6F
:1006C0003AF816000028E2D1A069C01BA0612046BC
:1006D000FFF709FFD8E90010CDE90010002017E06E
:1006E0003AF818106A4602A800F0B6FEB0F1FF3FD3
:1006F00081460BD000250DF1080B05E0D4E901215E
:100700001BF8050090476D1C4D45F7D308F101001B
:10071000B0428046E4DB206A384420622046FFF77E
:10072000F8FEBDE8FF9F0000B6B700002DE9F041DC
:100730008046D21D22F007020025D2E90002F529E9
:1007400015A614D0011E72F1000106DA0023D0EBC9
:10075000030063EB020211A608E0D8F800108B0733
:1007600001D50FA602E0490701D50EA601251146C5
:10077000002408F1240704E000F060F930323A5513
:10078000641C50EA0102F7D12B463246214640460E
:10079000BDE8F04100F097B9000000002D00000016
:1007A0002B0000002000000030B4002100F12404E0
:1007B00008E002F00705D208303542EA4372DB0850
:1007C0006554491C52EA0305F3D10468002310A2C2
:1007D000250708D504F020040C4304D0C469012384
:1007E0000CA2641EC46130BC00F06DB910B50446A3
:1007F00021461068FFF7A7FE02462046BDE81040DC
:100800000023D1E7D21D22F00701D1E90023CBE775
:100810000000000030000000F0B40D46018809051A
:1008200002D5214C7C4402E01F4C7C440E34002154
:1008300000F1240608E002F00F071209E75D42EA22
:1008400003721B097754491C52EA0307F3D102785B
:100850000023120704D5702D06D009B102231134EC
:100860002246F0BC00F02FB901231034F8E770B530
:1008700004460D4621461068FFF765FE02462946EC
:100880002046BDE870400023C6E7D21D22F00703D2
:10089000D3E90023C0E70368126843F02003036034
:1008A0000823C3610023B7E718B600002DE9F05F05
:1008B000894604464FF0000ADFF874B1FB44C0F8E3
:1008C00020A02046E1688847002874D0252806D05B
:1008D000D4E901219047206A401C2062F1E70026FC
:1008E0005F462046E16888472028054607DB312D12
:1008F00005D2781910F8200C08B10643F1E7B007CB
:1009000001D526F00406C4F81CA00027C4F818A0DE
:100910002A2D09D028460AF0F3FF38B304EB8708E4
:10092000303DC8F8185019E059F8041B204604EB74
:1009300087029161E1688847012F054618D1E06977
:10094000002820DA26F020061DE0D8F8180000EB79
:10095000800005EB40003038C8F818002046E168F8
:10096000884705460AF0CCFF0028EED1012F0AD0B7
:100970002E2D08D12046E16888477F1C0546022FAE
:1009800046F02006C4DBA069002803DA404246F0A6
:100990000106A061F00701D026F010066C2D0BD0E7
:1009A000682D09D04C2D39D06A2D35D0742D35D015
:1009B0007A2D33D016E038E0E1682F46204688478C
:1009C000B842054609D16C2F26D04FF48060E1680B
:1009D000064320468847054604E06C2F1AD04FF4A2
:1009E000807006430DB3A5F14100192802D82035C7
:1009F00046F400664A462946204626604E46FFF7E2
:100A000025FC80B101280BD0F61D26F0070000F16F
:100A1000080956E74020E4E78020D8E70020D6E721
:100A200006F104094DE7284652E7206ABDE8F09F29
:100A3000A8B50000004870471401002030B5B0F19F
:100A40000A0271F100034FEA900E4EEA817EB0EB8C
:100A50000E0061EB91014FEA101E4EEA017E10EB91
:100A60000E0041EB11114FEA102E4EEA016E10EB11
:100A70000E0041EB11214FEA104E4EEA014E10EBF1
:100A80000E0041EB1141401841F100014FEAD00046
:100A900040EA41704FEAD1014FEA810444EA907480
:100AA00010EB800544EB01046D1944EB0404521B68
:100AB000A3414FF0000348BF0A3200D530BD401CAF
:100AC00041F1000130BD2DE9F0470D4699469246AF
:100AD000044600F124080168880604D5E06921F085
:100AE0001001216000E00120A84201DD471B00E069
:100AF0000027A1697A1902EB0900081AA061207881
:100B0000C00602D42046FFF7EEFC002608E0D4E938
:100B100001211AF806009047206A401C761C2062CA
:100B20004E45F4DB2078C0060AD52046FFF7DBFCF3
:100B300006E0D4E9012130209047206A401C206261
:100B4000381EA7F10107F4DC07E0D4E9012118F809
:100B500005009047206A401C2062281EA5F101056F
:100B6000F3DC2046FFF7D5FC2078000602D50220F2
:100B7000BDE8F0870120FBE72DE9FF4F0C461E463C
:100B80004FF0FF378BB0D2E90001DDF860800A90AA
:100B90008A46C1F30A5505B93D46002108464FF083
:100BA0000000BAF1000F00F4400005DA00EB80000D
:100BB0004FF4400101EA50004FEA9059B9F1010F9A
:100BC00000DDB9460A9850EA4A000ED044F61050AB
:100BD000A5F2FF3545432F14B8F1000F1ED0754222
:100BE000291E1EDDC9F100021CE0B8F1010F4FF013
:100BF000000001D0302103E0F24305E02154401C05
:100C0000B042FBDB30460022002121540B99C1F891
:100C10000880C1E900200FB0BDE8F08FBD1B6D1C3E
:100C2000DEE74A4600DA694206A800F0D7FC06ABC8
:100C300093E8070003AB83E8070050460A990AF0DF
:100C40003DF88DE80700A0F500501F38009003988C
:100C5000002D0ADD42F21F014A460844002303A981
:100C6000039068460AF0A6FA09E0A0F500504A464B
:100C70001F38002303A9039068460AF0B0FA8DE8F4
:100C800007000004000C03D04FF0FF30410800E0E3
:100C90001046B8F1000F03D00022009215461EE066
:100CA000751E05D4FFF7CAFE303262556D1EF9D5A8
:100CB000B3460122084302D000227F1C04E02078C2
:100CC000302801D100227F1E002A099784D01DE020
:100CD000112D07DAFFF7B2FE303262556D1C50EA73
:100CE0000102F5D1084302D00098C8B10EE00021FE
:100CF000681E05E0235C625C63542254401E491C5C
:100D00008142F7DBAB46A81B401E0990002004F887
:100D10000B000B98099AC0F80880C0E9002B7AE70D
:100D200011264FF0000857E72DE9F04F884604469A
:100D3000D21D22F0070191B0D1E90001CDE90A01ED
:100D40000AF084FB02460B98C00F01D02D2007E06B
:100D50002068810701D52B2002E0202101EAC00094
:100D6000032A099001D0072A05DB034641462046A5
:100D700000F0F4FB0BE12078800601D5E06900E08B
:100D80000620B8F1650F814606D0B8F1660F18D07D
:100D9000B8F1670F70D131E00020B9F1110F009068
:100DA00001DB112301E009F101030AAA01A90CA842
:100DB000FFF7E2FEDDE90C70002609F1010583462C
:100DC00047E001204B4600904FF000470AAA01A9D6
:100DD0000CA8FFF7D1FEDDE90DB00C995D460026A9
:100DE00010B909F101000D18B9EB050003D4C0F1E9
:100DF000FF3609F10105A5EB09002BE0B9F1010F60
:100E000001DA4FF001090020B9F1110F00904846B6
:100E100001DD112300E003460AAA01A90CA8FFF78F
:100E2000ABFEDDE90C704D460026834620780007B6
:100E30000AD4AB4500DA5D4601A8012D04DD411955
:100E400011F8011C302907D04F4502DA17F1040FC1
:100E500004DA012082460FE06D1EEEE7002F02DC6F
:100E6000ED1B3E4403E0781CA84200DD7D1CB81B4E
:100E700000F1010A4FF000472078000703D4AA458B
:100E800001DB4FF0FF3A0021B7F1004F0DF14308AD
:100E90008DF8431024D002202B23002F01DA7F424B
:100EA0002D230A21021EA0F1010000DC5FB197FB97
:100EB000F1FC97FBF1F201FB1C7C17460CF1300CA6
:100EC00008F801CDEEE7A8F10100037021880905BB
:100ED00001D5452100E06521A0F1010800F8011CC1
:100EE00009980FA9A1EB0807FF1D00B101204119C6
:100EF00001EBEA70A1693844081A401EA06120780D
:100F0000C00602D42046FFF7EEFA099828B1D4E9CA
:100F100001219047206A401C20622078C00622D51B
:100F20002046FFF7E0FA1EE0002E04DBB34502DDA9
:100F300001A8805D00E03020D4E901219047206ABB
:100F4000401C2062761CAAF101005FEA000A0AD167
:100F500000F0D8FAC0680168405CD4E901219047EC
:100F6000206A401C2062281EA5F10105DCDC07E098
:100F7000D4E9012118F8010B9047206A401C206237
:100F8000381EA7F10107F3DC2046FFF7C2FA032061
:100F900011B041E62DE9F04F04460D46D21D22F076
:100FA000070089B0D0E90097484639460AF04EFA62
:100FB0000246F80F01D02D2307E02068810701D5F4
:100FC0002B2302E0202101EAC0038DF820300BB171
:100FD000012000E00020032A824601D0072A04DB1A
:100FE0002946204600F0BAFA3FE12078800601D475
:100FF0000D2500E0E569C7F30A560D2D49DA0021F9
:101000004FEA175B08464FF00000002F00F4400045
:1010100007DA00EB80004FF4400100EBD07001EAEA
:1010200060008115012901DD4FF0FF3100224FEAF8
:10103000850CBCF1180F06D31346ACF118004FF025
:101040008052C24003E04FF4801323FA0CF30CF1FA
:101050000C0CBCF1200F04D3ACF1200C09FA0CF0FD
:1010600001E007FA0CF000294FF0004801DD18B943
:101070000FE00ED140450CD319EB02095F4121B9B5
:10108000404502D19F4329EA0209BBEB175F00D01C
:10109000761C2088000502D57B48784402E07A4817
:1010A0007844193808AA302302F80A30037C0AF180
:1010B0000101002E0AF1020A53546A4602DC4FF085
:1010C000300101E04FF031014FF001088DF80010C0
:1010D00002D0A6F2FF3603E059EA470100D06B4E7A
:1010E000002D02DC2178090704D54FF002082E21DB
:1010F0008DF80110C44600210BE0C7F303433F0104
:10110000C35C491C6D1E02F80830052908F101086E
:1011100001DA002DF1DC00210CE000EB1973491C11
:101120001B786D1E082902F808304FEA091908F1EA
:10113000010801DA002DF0DC21688B0602D516E0EB
:10114000A8F10108E04505DD02EB080313F8013CB6
:10115000302BF5D0B8F1000F09DD02EB080313F8CE
:10116000013C2E2B03D1090701D4A8F10108002D61
:1011700005DD3E2102F808106D1E08F10108407CD3
:10118000002E02F8080008F1010804DA2D2076424A
:1011900002F8080002E02B2002F808000A214FF4B0
:1011A0007A70864208F101080BDB96FBF0F33033CE
:1011B00002F8083096FBF0F308F1010800FB136613
:1011C00001E0642E0CDB642096FBF0F3303302F870
:1011D000083096FBF0F308F1010800FB136601E00C
:1011E0000A2E06DB96FBF1F0303002F8080008F119
:1011F000010896FBF1F001FB1060303002F80800A6
:10120000A16908F1010808EB050202EB0A00081ABF
:10121000A0612078C00602D42046FFF764F9216A55
:1012200008AE01EB0A00206204E0D4E9012116F8BF
:10123000010B9047BAF1010AF7D22078C00602D517
:101240002046FFF750F96E4609E016F8010B3E28DC
:101250000FD0D4E901219047206A401C2062B8F1E8
:101260000108F2D22046FFF754F909B00320BDE887
:10127000F08F206A2844206203E0D4E90121302065
:1012800090476D1EEBD3F8E711AE000002FCFFFFA4
:1012900001694A1C02610878704700B58FB0CDE93A
:1012A00001310021059105497944CDE9031011462A
:1012B0006846FFF7FBFA0FB000BD0000E5FFFFFF37
:1012C00010B5436913B1AFF3008001E0FFF744F9B3
:1012D000012010BD127800F124010A7000224A702A
:1012E0000122EDE711684FF0FF32E9E710B54369DD
:1012F00013B1AFF3008001E0FFF7BAF9012010BD90
:10130000128800F1240182840022C2840122EDE7C8
:1013100011684FF0FF32E9E7007B00F08000704772
:1013200010B542485421FFF7A9F841485421FFF76E
:10133000A5F840485421FFF7A1F83F493B483C4AF3
:101340003F4B08603D490A603A491960531C0365E8
:10135000481C1065012008653B48344A39A178448F
:1013600000F0D2F920B9384878440A3800F073FA0E
:1013700037482F4A35A1784400F0C6F920B93448DF
:1013800078440A3800F067FA32482A4A2FA1784494
:1013900000F0BAF920B92F4878440A3800F05BFA17
:1013A00040232248DC000021224600F089F920B1C8
:1013B00025487844543800F04EFA1D482246402310
:1013C000002100F07DF920B121487844543800F024
:1013D00042FA184822461023002100F071F9002833
:1013E00006D01C487844BDE81040563800F033BAA7
:1013F00010BD104870B5006D20F001040B4800F0DE
:10140000FBF90B4800F0F8F90A4800F0F5F909E09B
:10141000206D20F00105204600F0EEF9204600F096
:1014200075F82C46002CF3D170BD00001800002088
:101430006C000020C00000200000002004000020FC
:10144000080000207200000060AB00007700000080
:101450004CAB000038AB00002DE9F04116460C46BD
:10146000054600F047F8036893F80101012807D00A
:10147000FF2C12D8185D80B101202C70BDE8F081DE
:10148000D3F807013246214603F20713C71828464E
:10149000BC46BDE8F041002360474FF0FF30EDE768
:1014A00000487047140100207546FFF7F9FFAE466B
:1014B00005006946534620F00700854618B020B560
:1014C000FEF746FFBDE820404FF000064FF0000752
:1014D0004FF000084FF0000BAC46ACE8C009ACE898
:1014E000C009ACE8C009ACE8C00921F007018D468D
:1014F0007047000010B500F005F8001D10BD00BFDA
:101500003DA40000004870473401002070B5044637
:10151000051F00F0DBF90068002C14BF446870BDA3
:10152000002C18BFAC423CBF20466468F8D3016869
:101530000A18AA4218BF456003D12A68054611441B
:10154000016028684119A1421CBF6C6070BD6168D0
:10155000696021680844286070BD00002DE9F041F1
:101560001F46044603260168072A01F4006004DBD5
:1015700008B116A505E016A503E008B115A500E021
:1015800015A521F010002060A069C01EA0610FB158
:10159000401EA0612046FEF7A6FF4FB1D4E901210D
:1015A00038469047206A401C2062C01C206206E03A
:1015B000206AFAE7D4E9012115F8010B9047761E5D
:1015C000F8D22046FEF7A5FFBDE8F0814E414E005F
:1015D0006E616E00494E4600696E66002DE9F04767
:1015E000814616468AB0354878440DC88DE80D000E
:1015F00032487844801C03AC0DC884E80D0041F6E5
:101600009B300844372190FBF1F290FBF1F5A5F1F6
:10161000800501FB12041B3C02D56442012000E05E
:101620000020DFF898A080460027FA44AAF1BE0AFD
:101630000EE0E0070AD03246684607EB4701012377
:101640000AEB810109F0CBFD8DE8070064107F1CD7
:10165000002CEED1194F7F44AE3F19E0E80715D0BA
:1016600007EB04100DF1180A90E80E008AE80E004E
:10167000C068F04201D1981908903246012306A9AA
:1016800003A809F0ACFD03AB83E807006D10641CF0
:10169000002DE3D14FF0010332466946B8F1000F47
:1016A00003A802D009F086FD01E009F098FDC9E920
:1016B0000001C9F808200AB0BDE8F08760A9000061
:1016C00070B5C468A50713D0650211D4B2F5807F48
:1016D00009D0B2F5007F06D0B2F5806F08D10123A2
:1016E00000F1240106E05D1E6FF07F46B54201D394
:1016F000012070BD0161C361416024F47061114338
:10170000C160002070BD00002DE9F0410C46164676
:10171000070047D0104600F06FF82078611C612860
:101720000AD0722802D077283CD102E0012500249B
:1017300005E00225042402E0082448F2020511F81D
:10174000010B2B2806D0622809D011F8010C74284F
:101750000AD00BE045F0030544F00204EFE745F042
:10176000040544F00104EAE744F010043846214639
:1017700000F078F8411C15D00021316171604FF400
:101780000071F560F1617061200704D530460222D6
:10179000002100F015F9306D40F001003065304651
:1017A000BDE8F0810020FBE72DE9F0410D4606463B
:1017B000104C206DC10704D0410804D020F0010472
:1017C000F7E722460EE0542000F0CBF807000ED0D9
:1017D000206D47F001010843542120653846FEF78B
:1017E0004DFE3A4629463046BDE8F0418CE70020E0
:1017F000D6E70000180000202DE9F04704464FF01E
:1018000000094FF0FF37C568D4E90486A80707D060
:10181000204600F085F9304600F02EF8002802DA64
:101820003846BDE8F087280502D54046FFF76EFE32
:101830004C212046FEF722FE206D20F0010020659D
:101840004846EEE710B50446AFF300802046BDE8F9
:101850001040FEF768BD10B500F0ACF9BDE81040CF
:1018600000F0A2B90EB5CDE9000100F064FA0290D3
:1018700069460120ABBE0EBD08B569460090022046
:10188000ABBE08BD1FB58DE8070069460520ABBE9D
:1018900004B010BD1FB58DE80F0069460620ABBE31
:1018A000F6E708B5694600900920ABBE08BD1CB537
:1018B000CDE9000169460A20ABBE1CBD704708B5E2
:1018C000694600900C20ABBE08BD00000048704780
:1018D0001C010020704770477047704738B50446B8
:1018E0000A4600206946AFF30080002808BF38BDD3
:1018F00002460099204600F0C3F9012038BD0120BE
:1019000000F012BAF8B5AFF30080054600200C468F
:10191000102000BF0646A819A0420DD932466946DC
:101920000020AFF30080070008BF00F0FDF9009829
:10193000A04218BF0546C419FFF7C8FF0560074657
:10194000F01D20F007004619284600F092F9B44235
:1019500008BFF8BDA21B31463868BDE8F84000F06A
:101960008FB970B50646FFF7B1FF056806F10B00A9
:1019700020F00704B4429CBF002070BD2B466A686B
:10198000BAB11068A04210D304F1080188423CBFEC
:101990005068586007D35168101941601168091BDD
:1019A000016058601460101D70BD13465268002A13
:1019B000E7D121462846FFF791FF0028DED170BD10
:1019C0002DE9F041044616460D464769007B800725
:1019D0002ED03846FFF765FF50BB3EB3012E02D034
:1019E000022E25D104E0204600F064F905441DE0F4
:1019F0003846FFF764FFE168002841F01001E1601C
:101A000005DA204600F058F80120BDE8F081C9034E
:101A10000BD56268E16A914200D81146A26911446F
:101A20002269891A814200DD08460544002D01DA49
:101A30000220EAE7E16A6068E268814206D2910327
:101A4000E06203D522F4003141F01002A6690027BC
:101A5000AE4213DCE16A814201D90B4600E0034645
:101A600003EB060C2369ACEB030CAC4506DD8142AD
:101A700001D98C4600E084469C4505D1A7602760CB
:101A800042F02000A5620DE0AD1BE669AE1B81426D
:101A9000A66000D90846C01A281A2060581960604C
:101AA00022F0200003490840E060002084F84870DC
:101AB000ABE70000BFCFD7FFC16821F4001141F0B0
:101AC0008001C16000218160016070472DE9F0470D
:101AD000814614460E464FF0FF383248D5685769A4
:101AE000054209D03846A169FFF7E1FE002811DB65
:101AF0002C48C0430540E5602B46324649463846EF
:101B0000FFF7C0FEA16920F00042B21A114400287C
:101B1000A16103D02046FFF7CFFF4046BDE8F08724
:101B200070B504460569C06A6168884200D80846F5
:101B3000E16821F42011E160C90312D5A84208D060
:101B40002246411B2846FFF7C1FF10B14FF0FF307E
:101B500070BD0020E562C4E90150E06820F48030E7
:101B6000E060002070BD10B50446C06820F0200081
:101B7000E060A16AA06988420DD02046FFF7D0FF3F
:101B8000E06820F4405040F01000E060A06AA061DE
:101B90002069E062606044F24001E0688843E060F0
:101BA00010BD000010000200002801D000F05AB85B
:101BB0007047000010B5014602A000F09CF801201B
:101BC00010BD000053494752545245443A205265D3
:101BD0006469726563743A2063616E2774206F7064
:101BE000656E3A200000000030B44FF0013C50F820
:101BF000042B51F8043BCCFA52F4D51A20D1FCB98D
:101C000050F8042B51F8043BCCFA52F4D51A17D1F2
:101C1000B4B950F8042B51F8043BCCFA52F4D51A5D
:101C20000ED16CB950F8042B51F8043BCCFA52F4A5
:101C3000D51A05D1002CDAD030BC4FF00000704727
:101C400029BAB1FA81F111F01801D1F120008440D4
:101C5000F2D1CA40CB4012F0FF0213F0FF0330BCB8
:101C6000D01A704701491820ABBEFEE726000200DB
:101C7000704700210160C0E90110704710207047D3
:101C8000034640688C46002818BF88423CBF034684
:101C90004068F8D318681844884207D00CF1030054
:101CA00020F00700001D411A521A0146081D0A6063
:101CB000FFF72CBC10B50146C268900703D0900610
:101CC00007D5886A0AE0FEF7B5FE01210160881E8B
:101CD00010BD8B69486818440B69C01A91F84830E8
:101CE0001BB191F84910401A10BD1103FCD5002812
:101CF000FADD401E10BD70B505460C460A2000E016
:101D00006D1C00F037F835B128780028F8D102E0D2
:101D1000641C00F02FF814B120780028F8D1BDE839
:101D200070400A2000F026B810B500F02BF8BDE88E
:101D30001040FFF739BF10B5431C02E010F8011B3B
:101D400071B18107FAD14FF0013202C88C1A8C436D
:101D500014EAC211F9D0C01A0A0603D0C01E10BD81
:101D6000C01A10BD0A0401D0801E10BD0902FCD0AB
:101D7000401E10BD08B569468DF800000320ABBEBB
:101D800008BD000010B5012805D0002103A0FFF711
:101D9000B2FF012010BD09A1F8E7000053494752E6
:101DA000544D454D3A204F7574206F66206865612B
:101DB00070206D656D6F7279000000003A204865F3
:101DC0006170206D656D6F727920636F72727570CE
:101DD0007465640080B540F2C810C2F2000001F0E2
:101DE0002FFB80BD80B584B0029000200090029847
:101DF000006806F07BF8002874D1FFE702980068BD
:101E000080683F21C8F2000108420ED0FFE7029926
:101E1000C86D40F01000C8650299086E40F00100DE
:101E2000086601208DF80F0060E00298006805F058
:101E3000CDFF40F20030C5F2000005F0E5FF0002E2
:101E400000281CD5FFE740F20C00C2F20000006839
:101E5000800942F66351C0F23E51A0FB0110800997
:101E600000EB40010C2000EB81000090FFE70098A0
:101E700020B1FFE7009801380090F8E7FFE702F093
:101E800085FE0190FFE7029800680068C00740BB2C
:101E9000FFE70298006806F029F828B9FFE70298E2
:101EA000006805F093FFFFE702F070FE0199401A09
:101EB000032815D3FFE7029800680068C00770B9CF
:101EC000FFE70299C86D40F01000C8650299086EDE
:101ED00040F00100086601208DF80F0006E0FFE7E2
:101EE000D1E7FFE700208DF80F00FFE79DF80F0016
:101EF00004B080BDFFE7FEE780B540F23420C2F2B7
:101F0000000001F08DFF80BD80B540F29420C2F248
:101F1000000001F085FF80BD84B003900398006845
:101F200040F20741C4F20201884206D8FFE740F6BA
:101F30000000C4F20200009005E040F62000C4F268
:101F400002000090FFE7009802900398007808389C
:101F50004CF6CD41CCF6CC41A0FB0110000901901C
:101F6000029803994A6C22F0030210448864039992
:101F700040F68000C4F20200C864019800F01F011E
:101F8000012088400399086504B0704782B0019031
:101F9000019800790090009940F6FC00C4F202001C
:101FA00000EB810001994865019940F64010C4F2A8
:101FB000020088650098013800F01F010120884068
:101FC0000199C86502B0704770470000000000002A
:101FD00080B584B0039002A806F0C8F8029803996F
:101FE000C860039908798A685043D1ED000A91EDE1
:101FF000030A08F085FC039880ED060A039890ED2B
:10200000030A90ED041A30EE410A80ED050A0398A8
:1020100090ED050A9FED2C1AB4EE410AF1EE10FA8C
:102020000ADDFFE7039890ED050A9FED2A1A30EECE
:10203000010A80ED050A15E0039890ED050A9FED71
:10204000231AB4EE410AF1EE10FA0ADAFFE7039818
:1020500090ED050A9FED1E1A30EE010A80ED050A8B
:10206000FFE7FFE70398406909F05EFE41EC100BC3
:102070009FED131B53EC112B51EC100B09F0A6FC38
:1020800041EC100B51EC100B09F06EFC0190039920
:10209000C86808619DED010A9FED0F1A20EE010A44
:1020A000039890ED071A9FED0D2A21EE021A30EEEB
:1020B000010A80ED070A04B080BD00BF00BF00BF69
:1020C0002D431CEBE2362A3FDB0F4940DB0F49C0B2
:1020D000DB0FC940DB0FC9C0CDCCCC3E9A99193F6C
:1020E00080B584B003908DF80B1001928DED000A3D
:1020F00006F066F89DF80B000399087101980399A2
:10210000886000980399086004B080BD81B0EFF347
:10211000108072B60090FFE7FEE7000080B540F245
:10212000F420C2F2000002F003F880BD83B00290F8
:102130004AF20040C4F2000000900098029908643E
:1021400002980068D0F8800020F4F810029A116814
:10215000526B40EA0240C1F880000098703002994A
:10216000486402980068D0F8800020F07060029AFD
:102170001168926B40EA0260C1F880000098B030AC
:1021800002998864009800F5C4700299C8640098A8
:1021900000F5187002990865009800F51E70029904
:1021A000486500980190FFE70198009901F5547186
:1021B000884208D2FFE7019900200860FFE70198F4
:1021C00004300190F0E703B07047000081B0009048
:1021D00001B0704780B5C2B02290219100208DF8E7
:1021E00083001B901A902298406908B1FFE7FFE72F
:1021F0002198C0680021C4F27F01884201D0FFE726
:1022000000E0FFE7FFE7229890F85800012805D189
:10221000FFE702208DF88F0000F0B7BC2299012063
:1022200081F85800FFE7FFE72298406928B1FFE7EF
:102230002198006A01282FD1FFE7219840680928DA
:1022400029D1FFE72198806A68B1FFE721990A68E0
:10225000886AC96A02F0F84200F07C0040EA524005
:1022600008431A9006E02198006800F0F840400CFE
:102270001A90FFE722980068C06C44F20001C0F297
:10228000104108401A99084322990968C8641A98AD
:1022900022994866FFE747E02298806EE0B9FFE7A1
:1022A0002198006A22998866229900204866219820
:1022B000806A58B1FFE72199086A8A6AC96A0138B9
:1022C00002F07C02104308431A9004E02198006A4F
:1022D00001381A90FFE7FFE7219908684968C0F3C1
:1022E000846001F01F0100FA01F11A9808431A9066
:1022F0002299886E013888661A9A2299486E10438E
:1023000048662298806E70B9FFE722980068C06C1A
:1023100044F20001C0F210410840229A1168526E46
:102320001043C864FFE7FFE72298006805F0B4FD9A
:1023300030BBFFE7219890F8250090B9FFE722987D
:102340000068C06820F44010219991F8242091F889
:102350002610490541EA0251084322990968C860DC
:102360000DE022980068C06820F44010219991F88F
:10237000261040EA415022990968C860FFE7FFE74C
:102380002298006805F0D2FD1D902298006805F0A3
:1023900083FD1C901D98002840F00982FFE71C98DF
:1023A000002840F00482FFE72198806A20B1FFE70F
:1023B0002198C06AA8B9FFE7219890F82500012864
:1023C00007D1FFE722980168C86840F00070C86034
:1023D00006E022980168C86820F00070C860FFE736
:1023E00016E0219890F82500012809D1FFE72299ED
:1023F000C86D40F02000C86501208DF8830006E01C
:1024000022980168C86820F00070C860FFE7FFE705
:10241000219890F83000012810D1FFE72298006839
:10242000006920F4FF71219A506B926B10430843AE
:1024300040F0020022990968086106E022980168CC
:10244000086920F002000861FFE721988068B0F178
:10245000004F0ED1FFE722980068219909680022F9
:1024600005F078FD229800684FF0004105F01EFE4F
:102470000CE022980068219A1168926805F06AFDC4
:1024800022980068002105F011FEFFE721984069BD
:1024900022990968C96801F01801890888401F90CD
:1024A0002198006904281CD0FFE722980068219930
:1024B0000A6809691F9B05F09FFD22980068219A10
:1024C0001169926905F0CAFD22980068219A116984
:1024D000127F013AB2FA82F25209520605F0AAFDC1
:1024E00064E122980068002105F0B6FC400348B979
:1024F000FFE722980068002105F0AEFCC0F384607D
:10250000199018E022980068002105F0A5FC90FAC7
:10251000A0F02490249820B9FFE720208DF89700A0
:1025200005E02498B0FA80F08DF89700FFE79DF859
:1025300097001990FFE719981890219800684003B8
:1025400030B9FFE721980068C0F38460179015E068
:102550002198006890FAA0F02690269820B9FFE70D
:1025600020208DF89F0005E02698B0FA80F08DF8C5
:102570009F00FFE79DF89F001790FFE718981799B5
:10258000884207D1FFE7229800680022114605F033
:1025900079FDFFE722980068012105F05DFC40030A
:1025A00048B9FFE722980068012105F055FCC0F307
:1025B0008460169018E022980068012105F04CFC18
:1025C00090FAA0F02890289820B9FFE720208DF8F5
:1025D000A70005E02898B0FA80F08DF8A700FFE783
:1025E0009DF8A7001690FFE71698159021980068AF
:1025F000400330B9FFE721980068C0F3846014906D
:1026000015E02198006890FAA0F02A902A9820B945
:10261000FFE720208DF8AF0005E02A98B0FA80F09F
:102620008DF8AF00FFE79DF8AF001490FFE7159815
:102630001499884207D1FFE72298006801210022FF
:1026400005F020FDFFE722980068022105F004FC58
:10265000400348B9FFE722980068022105F0FCFB1F
:10266000C0F38460139018E022980068022105F0FE
:10267000F3FB90FAA0F02C902C9820B9FFE72020D3
:102680008DF8B70005E02C98B0FA80F08DF8B7000F
:10269000FFE79DF8B7001390FFE713981290219879
:1026A0000068400330B9FFE721980068C0F38460F8
:1026B000119015E02198006890FAA0F02E902E98C5
:1026C00020B9FFE720208DF8BF0005E02E98B0FA72
:1026D00080F08DF8BF00FFE79DF8BF001190FFE785
:1026E00012981199884207D1FFE7229800680221C9
:1026F000002205F0C7FCFFE722980068032105F0DF
:10270000ABFB400348B9FFE722980068032105F0BE
:10271000A3FBC0F38460109018E0229800680321A6
:1027200005F09AFB90FAA0F03E903E9820B9FFE7A2
:1027300020208DF8FF0005E03E98B0FA80F08DF87B
:10274000FF00FFE79DF8FF001090FFE710980F9043
:1027500021980068400330B9FFE721980068C0F372
:1027600084600E9015E02198006890FAA0F04090E7
:10277000409820B9FFE720208DF8070105E0409838
:10278000B0FA80F08DF80701FFE79DF807010E9081
:10279000FFE70F980E99884207D1FFE7229800685B
:1027A0000321002205F06EFCFFE7FFE7FFE7229818
:1027B000006805F0A3FB002840F04481FFE7229861
:1027C0000068219A1168D26805F0E0FB2198C06882
:1027D0000021C4F27F01884240F03381FFE7229854
:1027E00000680D9021980068400330B9FFE72198F8
:1027F0000068C0F384600C9015E02198006890FA9E
:10280000A0F03C903C9820B9FFE720208DF8F7001D
:1028100005E03C98B0FA80F08DF8F700FFE79DF8EE
:10282000F7000C90FFE70C98013000F01F0009281A
:102830007DD8FFE721980068400330B9FFE7219871
:102840000068C0F384600B9015E02198006890FA4E
:10285000A0F03A903A9820B9FFE720208DF8EF00D9
:1028600005E03A98B0FA80F08DF8EF00FFE79DF8A8
:10287000EF000B90FFE70B98013000F01F0080067F
:102880000A9021980068400330B9FFE7219800685A
:10289000C0F38460099015E02198006890FAA0F0D8
:1028A0003890389820B9FFE720208DF8E70005E040
:1028B0003898B0FA80F08DF8E700FFE79DF8E70060
:1028C0000990FFE70A980999013101F01F020121DF
:1028D00091400843089021980068400330B9FFE711
:1028E00021980068C0F38460079015E02198006883
:1028F00090FAA0F03690369820B9FFE720208DF8A6
:10290000DF0005E03698B0FA80F08DF8DF00FFE7D1
:102910009DF8DF000790FFE708980799013101F063
:102920001F0101EB410140EA0150069082E021982D
:102930000068400330B9FFE721980068C0F3846065
:10294000059015E02198006890FAA0F03490349832
:1029500020B9FFE720208DF8D70005E03498B0FAC1
:1029600080F08DF8D700FFE79DF8D7000590FFE7CE
:102970000598013000F01F0080060490219800683F
:10298000400330B9FFE721980068C0F384600390EA
:1029900015E02198006890FAA0F03290329820B9A2
:1029A000FFE720208DF8CF0005E03298B0FA80F0E4
:1029B0008DF8CF00FFE79DF8CF000390FFE7049864
:1029C0000399013101F01F02012191400843029057
:1029D00021980068400330B9FFE721980068C0F3F0
:1029E0008460019015E02198006890FAA0F0309082
:1029F000309820B9FFE720208DF8C70005E0309817
:102A0000B0FA80F08DF8C700FFE79DF8C70001908D
:102A1000FFE702990198013000F01F0000EB40022F
:102A20000020CFF6206000EB0250084340F0007019
:102A30000690FFE70D980699219A926805F08AFAA8
:102A4000FFE7FFE72198408848F20801084200F0BC
:102A50009180FFE740F20030C5F2000005F0DCF99C
:102A60001E90219800680021CCF22131884208D0C4
:102A7000FFE7219800681021C9F2C001884232D1D5
:102A8000FFE79DF87A00000600282CD4FFE7229883
:102A90000068B0F1A04F25D1FFE71E9840F4000177
:102AA00040F20030C5F2000005F098FA40F20C0048
:102AB000C2F200000068800942F66351C0F23E5144
:102AC000A0FB0110800900EB4001182000EB810001
:102AD0001B90FFE71B9820B1FFE71B9801381B9064
:102AE000F8E7FFE745E0219800680021CCF2527139
:102AF000884219D1FFE79DF87B00C007A0B9FFE726
:102B00002298006840F20011C5F2000188420AD004
:102B1000FFE71E9840F0807140F20030C5F20000DF
:102B200005F05CFAFFE723E0219800680021CCF66D
:102B3000843188421AD1FFE79DF87A0040060028C8
:102B400014D4FFE72298006840F20011C5F200019A
:102B500088420AD0FFE71E9840F4800140F200301E
:102B6000C5F2000005F03AFAFFE700E0FFE7FFE7F3
:102B7000FFE7FFE7FFE72299002081F85800FFE711
:102B80009DF883008DF88F00FFE79DF88F0042B01D
:102B900080BD000080B592B011904FF090401021A0
:102BA000002201F0DDFF11980068B0F1A04F40F065
:102BB0001A81FFE740F27A60C2F200000078002834
:102BC0007AD1FFE740F27410C2F2000001680131CF
:102BD0000160006818B3FFE740F2C810C2F20000BD
:102BE0000168D1F8803040F28012C2F20002116810
:102BF000194411600168D1F8843040F28C12C2F29D
:102C000000021168194411600068D0F8882040F271
:102C10009811C2F20001086810440860FFE740F212
:102C20007410C2F200000068B0F57A7F43D1FFE76C
:102C300040F28013C2F2000393ED000AB8EE400A9E
:102C40009FEDE61A80EE010A40F27C10C2F200000D
:102C500080ED000A40F28C12C2F2000292ED000AEE
:102C6000B8EE400A80EE010A40F28810C2F200007D
:102C700080ED000A40F29811C2F2000191ED000AC5
:102C8000B8EE400A80EE010A40F29410C2F2000051
:102C900080ED000A40F27A6CC2F2000C01208CF840
:102CA0000000002018601060086040F27411C2F249
:102CB00000010860FFE795E040F2C811C2F2000190
:102CC0000868D0F8802040F27810C2F2000002605C
:102CD00090ED000AB8EE400A40F27C10C2F200000B
:102CE00090ED001A30EE410A9FEDEA3A80EE030AB9
:102CF0009FEDE92A20EE020AB3EE041A20EE010A43
:102D000040F29C50C2F2000080ED000A0A68D2F83E
:102D1000843040F28412C2F20002136092ED000A85
:102D2000B8EE400A40F28812C2F2000292ED004A68
:102D300030EE440A80EE030A20EE020A20EE010A79
:102D400080ED010A0968D1F8882040F29011C2F2A2
:102D500000010A6091ED000AB8EE400A40F29411B9
:102D6000C2F2000191ED004A30EE440A80EE030AFF
:102D700020EE020A20EE010A80ED020A90ED000A20
:102D800020EE000A9FEDC51AB4EE410AF1EE10FAEA
:102D900020DCFFE740F29C50C2F2000090ED010AF7
:102DA00020EE000A9FEDBD1AB4EE410AF1EE10FAD2
:102DB00010DCFFE740F29C50C2F2000090ED020AE6
:102DC00020EE000A9FEDB51AB4EE410AF1EE10FABA
:102DD00007DDFFE740F27861C2F2000100200870D1
:102DE000FFE7FFE7FFE740F2A810C2F200000B90F8
:102DF000FFF7EEF840F25830C2F200000D9090ED6F
:102E0000160A40F29C50C2F20000059040F2B05108
:102E1000C2F20001039107F025FB0398016840F21C
:102E2000C052C2F200020292D160416840F20460D6
:102E3000C2F200000490C1600121019105F044F943
:102E40000199049805F040F9029ADDF80CC0049B42
:102E50000B990D989CED000A92ED051A30EE410A8F
:102E600040F2B852C2F2000282ED000A9CED010A63
:102E700093ED051A30EE410A82ED010A13680366EC
:102E8000526842668A69826691ED021A91ED070ADC
:102E9000B1EE0C2A20EE020AB8EEC11A20EE010AA9
:102EA00080ED1B0A04F050FE0B9940F27460C2F2F0
:102EB0000000026840F24860C2F200000790026120
:102EC000C969C16040F27861C2F2000110910978CD
:102ED0009FED730A8DED090A05F010FD05980B9919
:102EE00091ED060A40F2A851C2F20001089107F0E4
:102EF000B9FA089A9DED090A109940F2D850C2F229
:102F000000000690002303611268C260097805F092
:102F1000F5FC069B0798089A9DED090A10991B6A13
:102F200040F2946CC2F2000CCDF830C0CCF8003006
:102F3000036A40F21C60C2F200000A90036152680A
:102F4000C260097805F0DAFC0A9A0B990C98126AAB
:102F5000426091ED060A40F27C61C2F200010F91DD
:102F600007F004FB0D9804F039FE0D990A6D40F24C
:102F70009C60C2F2000002604A6D426091ED160A48
:102F800040F28861C2F200010E9107F0EFFA0E994B
:102F90000F9891ED000A90ED001A30EE010A80EDD5
:102FA000000A91ED010A90ED011A30EE010A80ED60
:102FB000010A91ED020A90ED021A30EE010A80ED4D
:102FC000020A40F29C11C2F20001B2EE080A07F0B8
:102FD00041FB1098007801283BD101E000007A44C1
:102FE00040F29C11C2F2000191ED000A42F62C4021
:102FF000C4F2010090ED001AB8EE411A20EE010A69
:10300000BCEEC00A42F63442C4F2010282ED000A6C
:1030100091ED010A90ED001AB8EE411A20EE010A76
:10302000BCEEC00A42F63842C4F2010282ED000A48
:1030300091ED020A90ED001AB8EE411A20EE010A55
:10304000BCEEC00A42F63C40C4F2010080ED000A2A
:1030500017E042F62C41C4F20101086842F63442FE
:10306000C4F20102002010600A6842F63842C4F23D
:1030700001021060096842F63C41C4F20101086097
:10308000FFE74FF090401021012201F069FD12B0DE
:1030900080BD00BF00008045333353400000C8436B
:1030A00017B7513981B0009001B0704780B588B032
:1030B000069040F20030C5F2000004F0C5FE039017
:1030C0000698006804F0E8FE20B1FFE702208DF8C2
:1030D0001F00E5E006980068C06800F0004004901A
:1030E00006980068C06C10F4C07F0CD1FFE704980C
:1030F00048B9FFE70699C86D40F02000C865012077
:103100008DF81F00CCE0FFE7069890F858000128E2
:1031100004D1FFE702208DF81F00C1E006990120CD
:1031200081F85800FFE7FFE70698FEF75BFE8DF891
:1031300017009DF81700002840F0A680FFE70698CA
:10314000C06DC005002806D5FFE70699086E20F07F
:103150000800086603E0069900200866FFE7069865
:10316000C06D40F4805042F2010188430699C86561
:103170000698006840F20011C5F20001884204D1AF
:10318000FFE74FF0A040029003E00698006802902D
:10319000FFE7029806990968884203D0FFE7039881
:1031A00030B9FFE70699C86D20F48010C865FFE7C5
:1031B0000698016860200860FFE70699002081F802
:1031C0005800FFE706980068C0688002002807D50D
:1031D000FFE706980168486840F480604860FFE7B0
:1031E0000698806908280DD1FFE7069801684868AD
:1031F00020F02000486006980168486840F04000D0
:1032000048600CE006980168486820F0400048607B
:1032100006980168486840F020004860FFE706987B
:10322000006840F20011C5F20001884204D1FFE7B6
:103230004FF0A040019003E0069800680190FFE77E
:1032400001980699096888420BD0FFE7039840B1BE
:10325000FFE70398062804D0FFE7039807280CD15E
:10326000FFE70698006804F007FE28B9FFE7069814
:10327000006804F025FEFFE705E00699C86D40F4FC
:103280008010C865FFE706E0FFE70699002081F897
:103290005800FFE7FFE79DF817008DF81F00FFE7D4
:1032A0009DF81F0008B080BD81B0009001B070474C
:1032B00081B0009001B0704780B5A4B022902191F8
:1032C00000208DF883002198006808B1FFE7FFE730
:1032D000FFE7229890F85800012804D1FFE7022068
:1032E0008DF88F009FE02299012081F85800FFE7B8
:1032F000FFE700201B901C9022980068B0F1A04FBF
:1033000006D1FFE740F20010C5F20000049002E091
:1033100000200490FFE7049878B9FFE72299C86D70
:1033200040F02000C865FFE72299002081F858008E
:10333000FFE701208DF88F0075E0049804F0F6FD9A
:1033400003902298006804F0F1FD002857D1FFE7B0
:103350000398002853D1FFE740F20030C5F2000087
:103360001F902198006860B3FFE71F98806820F4E1
:10337000604021994968229A92F8382041EA423106
:1033800008431F9988604FF0A04004F0B7FD0290F9
:1033900040F20010C5F2000004F0B0FD01460298B2
:1033A000084368B9FFE71F98806840F61F7188439B
:1033B000219A11689268114308431F998860FFE7BA
:1033C0001CE01F99886820F4604088604FF0A0409E
:1033D00004F094FD019040F20010C5F2000004F0EA
:1033E0008DFD01460198084338B9FFE71F998868A9
:1033F00040F61F7290438860FFE7FFE708E02299DC
:10340000C86D40F02000C86501208DF88300FFE7FB
:10341000FFE72299002081F85800FFE79DF883001C
:103420008DF88F00FFE79DF88F0024B080BD00006D
:1034300081B0009001B0704781B0009001B070473A
:1034400080B58EB00D9000200C900D98006800683B
:103450000B900D98006840680A9040F20030C5F269
:10346000000004F0E9FC05909DF82C00800700287E
:103470001AD5FFE79DF828008007002814D5FFE73C
:103480000D98C06DC006002806D4FFE70D99C86DE1
:1034900040F40060C865FFE70D98FEF797FE0D98B1
:1034A000016802200860FFE79DF82C004007002813
:1034B00006D5FFE70A9800F0040004280ED0FFE7C5
:1034C0009DF82C000007002840F19B80FFE79DF845
:1034D00028000007002840F19480FFE70D98C06D98
:1034E000C006002806D4FFE70D99C86D40F40070AF
:1034F000C865FFE70D98006804F020FD002878D02B
:10350000FFE70D98006840F20011C5F20001884203
:1035100004D1FFE74FF0A040049003E00D9800684D
:103520000490FFE704980D99096888420BD0FFE7E3
:10353000059840B1FFE70598052804D0FFE70598F6
:10354000092805D1FFE70D980068C068079016E0CC
:103550000D98006840F20011C5F20001884204D1C4
:10356000FFE74FF0A040039003E00D980068039040
:10357000FFE7039806900698C0680790FFE7079852
:1035800000F40050B0F5005F32D0FFE70D980068FE
:103590000068000700282AD5FFE70D98006804F0AE
:1035A000BDFCC0B9FFE70D980168486820F00C0029
:1035B00048600D99C86D20F48070C8650D98C06D85
:1035C000C004002806D4FFE70D99C86D40F0010043
:1035D000C865FFE70AE00D99C86D40F01000C865A6
:1035E0000D99086E40F001000866FFE7FFE7FFE76E
:1035F000FFE70D98FFF71CFF0D9801680C2008608D
:10360000FFE79DF82C008006002806D5FFE70A9802
:1036100000F0200020280ED0FFE79DF82C00400687
:10362000002840F1B280FFE79DF8280040060028FE
:1036300040F1AB80FFE70D98C06DC006002806D4AE
:10364000FFE70D99C86D40F40050C865FFE70D987D
:10365000006804F029FC09900D98006804F06EFCE5
:1036600008900D98006840F20011C5F200018842F0
:1036700004D1FFE74FF0A040029003E00D980068EE
:103680000290FFE702980D99096888420BD0FFE786
:10369000059840B1FFE70598062804D0FFE7059894
:1036A000072805D1FFE70D980068C068079016E06D
:1036B0000D98006840F20011C5F20001884204D163
:1036C000FFE74FF0A040019003E00D9800680190E3
:1036D000FFE7019806900698C0680790FFE70998F1
:1036E00000284AD0FFE79DF81F00800700280AD570
:1036F000FFE7089800283FD0FFE79DF81D008006EF
:10370000002839D4FFE70D980068006840060028BB
:1037100031D5FFE79DF81E00800600282AD4FFE778
:103720000D98006804F0B0FBC0B9FFE70D98016880
:10373000486820F0600048600D99C86D20F4805002
:10374000C8650D98C06DC005002806D4FFE70D9927
:10375000C86D40F00100C865FFE70AE00D99C86D2B
:1037600040F01000C8650D99086E40F00100086631
:10377000FFE7FFE7FFE7FFE7FFE70D98FFF70AFA2C
:103780000D98016860200860FFE79DF82C00000696
:10379000002813D5FFE79DF82800000600280DD566
:1037A000FFE70D99C86D40F48030C8650D9800F0B2
:1037B00029FA0D98016880200860FFE79DF82D0028
:1037C000C00798B1FFE79DF82900C00770B1FFE777
:1037D0000D99C86D40F40030C8650D98FFF764FD81
:1037E0000D9801684FF480700860FFE79DF82D0088
:1037F0008007002814D5FFE79DF8290080070028DE
:103800000ED5FFE70D99C86D40F48020C8650D986E
:10381000FFF74EFD0D9801684FF400700860FFE758
:103820009DF82C00C00600283ED5FFE79DF8280033
:10383000C006002838D5FFE70D98C06B18B9FFE720
:1038400001200C9019E0059860B1FFE740F20030CC
:10385000C5F2000004F0E8FA18B1FFE701200C906F
:10386000FFE709E00D980068C068C00718B1FFE7DE
:1038700001200C90FFE7FFE7FFE70C9801280ED12D
:10388000FFE70D99C86D40F48060C8650D99086E1A
:1038900040F0020008660D98FFF7CEFDFFE70D9897
:1038A000016810200860FFE79DF82D004007002800
:1038B00019D5FFE79DF829004007002813D5FFE739
:1038C0000D99C86D40F48040C8650D99086E40F0B0
:1038D000080008660D9801684FF4806008600D9834
:1038E000FFF7E0FBFFE70EB080BD000080B588B0B9
:1038F000069000208DF817000190069820B9FFE788
:1039000001208DF81F0079E10698406940B1FFE77A
:10391000069890F82400012801D1FFE7FFE7FFE7B0
:103920000698C06D50B9FFE7069800F06FF9069948
:1039300000200866069981F85800FFE7069800689D
:1039400004F0CCFA28B1FFE70698006804F032FAD8
:10395000FFE70698006804F0D9FAF0B9FFE7069887
:10396000006804F041FA40F20C00C2F20000006866
:10397000800942F66351C0F23E51A0FB011081095B
:10398000022000EB41000190FFE7019820B1FFE722
:10399000019801380190F8E7FFE70698006804F005
:1039A000B5FA70B9FFE70699C86D40F01000C86518
:1039B0000699086E40F00100086601208DF8170096
:1039C000FFE70698006804F0A9FA03900698C06D16
:1039D000C006002800F10481FFE70398002840F0AA
:1039E000FF80FFE70698C06D40F0020020F4807071
:1039F0000699C8650698006804F078FAD0B9FFE720
:103A00004FF0A04004F072FA009040F20010C5F2AE
:103A1000000004F06BFA01460098084348B9FFE73C
:103A20000698416840F20030C5F2000004F0C8FA80
:103A3000FFE7FFE706994A7FC86B40EA42308A6891
:103A4000CB681843104391F8241040EA01400490D9
:103A5000069890F8240001280BD1FFE70698816AA8
:103A60000020CFF6FE7000EB41410498084304901B
:103A7000FFE70698C06A50B1FFE70699C86A096B6C
:103A800000F478700143049808430490FFE7069817
:103A90000068C06844F20701CFF6F071084004994D
:103AA000084306990968C86006980068006920F014
:103AB0004060069A1168526B1043086106980068CE
:103AC00004F0E2F902900398002868D1FFE7029819
:103AD000002864D1FFE70699087F91F83810800329
:103AE00040EA4100049006980068C06844F2020170
:103AF00088430499084306990968C86006980069D4
:103B0000A0B1FFE706980168086940F480300861B9
:103B100006980068D0F8C00043F6FF718843069A03
:103B2000116812691043C1F8C00011E006980168DD
:103B3000086920F48030086106980068D0F8C00059
:103B400043F6FF71884306990968C1F8C000FFE792
:103B5000069890F84000012819D1FFE70698006800
:103B6000006940F2FD7120EA0102069B1968586C59
:103B7000D3F848E0D3F84CC040EA0E0040EA0C000D
:103B80001B6D1843104340F00100086106E00698E1
:103B90000168086920F001000861FFE7FFE7069867
:103BA000406901280CD1FFE706980068006B20F0FF
:103BB0000F00069A1168126A013A1043086306E082
:103BC00006980168086B20F00F000863FFE706986D
:103BD000C06D40F0010020F002000699C86508E0C1
:103BE0000699C86D40F01000C86501208DF81700D7
:103BF000FFE79DF817008DF81F00FFE79DF81F00F5
:103C000008B080BD81B0009001B0704780B59CB015
:103C10001B9000201A90199018901790169005A8E4
:103C20004421FCF72BFC1B980068B0F1A04F45D154
:103C3000FFE74FF4004005904FF00050149005A8A6
:103C400001F046F918B1FFE7FEF760FAFFE7FFE77A
:103C500041F24C00C4F20200016841F400510160DD
:103C6000006800F4005004900498FFE7FFE741F279
:103C70004C00C4F20200016841F0020101600068DA
:103C800000F0020003900398FFE741F6030016904E
:103C90000320179000200190189040F20040C4F6D5
:103CA000000016A900F090FD019A12200290114622
:103CB00001F00AF8029800F0FDFFFFE71CB080BD9C
:103CC00082B0019000208DF80300019890F8250043
:103CD000022807D0FFE701990420C86301208DF86E
:103CE00003002DE001980168086820F00E000860CC
:103CF0000198816C086820F4807008600198016860
:103D0000086820F0010008600198016C406C00F028
:103D10001F020120904048600198C16C006D48600E
:103D20000198406D58B1FFE70198416D086820F493
:103D3000807008600198816DC06D4860FFE7FFE703
:103D40000199012081F82500FFE70199002081F801
:103D50002400FFE79DF8030002B0704780B582B0F1
:103D6000019000208DF80300019890F825000228AA
:103D700011D0FFE701990420C8630199012081F85F
:103D80002500FFE70199002081F82400FFE70120CA
:103D90008DF803003FE001980168086820F00E00EC
:103DA000086001980168086820F001000860019827
:103DB000816C086820F4807008600198016C406C88
:103DC00000F01F020120904048600198C16C006D16
:103DD00048600198406D58B1FFE70198416D08684F
:103DE00020F4807008600198816DC06D4860FFE725
:103DF0000199012081F82500FFE70199002081F851
:103E00002400FFE70198806B20B1FFE70198816BE8
:103E10008847FFE7FFE79DF8030002B080BD000080
:103E200080B584B003900398006C006802900398FA
:103E300000680068019002980399496C01F01F0125
:103E4000C8404007002825D5FFE79DF8040040073B
:103E500000281FD5FFE70398006800688006002847
:103E600007D4FFE703980168086820F004000860A1
:103E7000FFE70398016C406C00F01F0204209040A3
:103E800048600398006B20B1FFE70398016B8847F7
:103E9000FFE76EE002980399496C01F01F01C840EA
:103EA000800700282FD5FFE79DF804008007002831
:103EB00029D5FFE7039800680068800600280BD426
:103EC000FFE703980168086820F00A00086003997A
:103ED000012081F82500FFE70398016C406C00F099
:103EE0001F02022090404860FFE70399002081F8FC
:103EF0002400FFE70398C06A20B1FFE70398C16A76
:103F00008847FFE734E002980399496C01F01F01EC
:103F1000C8400007002829D5FFE79DF804000007E6
:103F2000002823D5FFE703980168086820F00E00F9
:103F300008600398026C406C00F01F01012000FA39
:103F400001F151600399C863039981F82500FFE7E7
:103F50000399002081F82400FFE70398406B20B10B
:103F6000FFE70398416B8847FFE700E0FFE7FFE7C3
:103F7000FFE704B080BD000080B584B002900298D5
:103F800020B9FFE701208DF80F009CE0029800683F
:103F900040F20741C4F20201884218D8FFE70299B3
:103FA00008684FF6F872CBF6FD7210444CF6CD421D
:103FB000CCF6CC42A0FB02026FF0030000EA9200B4
:103FC000486402990020C4F20200086418E00299D3
:103FD00008684FF6F832CBF6FD7210444CF6CD422D
:103FE000CCF6CC42A0FB02026FF0030000EA920084
:103FF0004864029940F20040C4F202000864FFE7FE
:104000000299022081F8250002980068006801905A
:10401000019847F6F0718843019002998868D1F8B9
:104020000CC00B694A6940EA0C00184310438A69C6
:104030001043CA691043096A01430198084301907B
:1040400001980299096808600298FDF765FF0298D7
:104050008068B0F5804F04D1FFE7029900204860E6
:10406000FFE702990879896C08600298C16C006DBD
:1040700048600298406888B1FFE7029840680428C9
:104080000CD8FFE70298FDF781FF0298416D0020F0
:1040900008600298816DC06D486007E002990020B9
:1040A0004865029988650299C865FFE70299002072
:1040B000C863029A012182F82510029981F8240030
:1040C0008DF80F00FFE79DF80F0004B080BD0000E1
:1040D00080B584B0039000F059FD029003980190E0
:1040E0000198013048B1FFE740F21000C2F2000031
:1040F0000168019808440190FFE7FFE700F046FDE2
:104100000299401A0199884201D2FFE7F6E704B00C
:1041100080BD000081B0009001B0704782B0019076
:10412000009102B07047000081B0009001B070476C
:1041300080B58AB0099009980068006D00F4E050DD
:10414000089009980068416D0898084008900998FF
:104150000068006D00F00700079009980068416D45
:1041600007980840079009980068006D00F0380033
:10417000069009980068416D0698084006900998D5
:104180000068006D00F47100059009980068416DA9
:1041900005980840059009980068006D00F46020BB
:1041A000049009980068416D0498084004900998AB
:1041B0000068406D019009980068006D00909DF8BE
:1041C000000000F040010020B0EB911F12D0FFE78B
:1041D0009DF8040000F040010020B0EB911F08D0D2
:1041E000FFE709980168402008650998FFF79CFFE0
:1041F000FFE7FFE79DF80100C007E0B1FFE79DF88A
:104200000500C007B0B1FFE709980068D0F8D800F2
:10421000029009980068D0F8E010029808400290D7
:10422000099801684FF4807008650998029900F0B8
:10423000B5FAFFE7FFE7089848B1FFE70898099942
:10424000096808650998089900F0B4FAFFE707982B
:1042500048B1FFE70798099909680865099807991F
:1042600000F088FAFFE7069848B1FFE70698099939
:10427000096808650998069900F082FAFFE79DF839
:10428000010000F002010020B0EB510F13D0FFE756
:104290009DF8050000F002010020B0EB510F09D09D
:1042A000FFE7099801684FF400700865099800F06D
:1042B00087FAFFE7FFE79DF800100020B0EBD11F61
:1042C0001DD0FFE79DF804100020B0EBD11F15D0E2
:1042D000FFE709980068D0F8D400039009980068B7
:1042E000D0F8DC10039808400390099801688020FA
:1042F00008650998039900F057FAFFE7FFE79DF872
:10430000010000F020010020B0EB511F13D0FFE7A7
:104310009DF8050000F020010020B0EB511F09D0EE
:10432000FFE7099801684FF400500865099800F00C
:1043300031FAFFE7FFE79DF801100020B0EBD11F35
:1043400011D0FFE79DF805100020B0EBD11F09D078
:10435000FFE7099801684FF400400865099800F0EC
:1043600015FAFFE7FFE79DF8010000F0400100208B
:10437000B0EB911F15D0FFE79DF8050000F040015C
:104380000020B0EB911F0BD0FFE7099801684FF4B4
:10439000804008650999086E40F080000866FFE7D4
:1043A000FFE7049848B1FFE7049809990968086590
:1043B00009980499FFF7B2FEFFE7059850B1FFE7AF
:1043C0000598099909680865059A0999086E1043C6
:1043D0000866FFE70998006E20B1FFE70998FFF72C
:1043E00099FEFFE70AB080BD80B584B002900298C4
:1043F00020B9FFE701208DF80F0057E1029800680F
:1044000046F20041C4F20001884201D1FFE7FFE714
:1044100002988068B0F5407F01D1FFE7FFE702987E
:1044200090F85C0040B9FFE70299002081F85D0038
:10443000029800F03FF9FFE702980168886920F0D0
:104440001000886100F0A2FB0190FFE7029800686D
:1044500080690007002815D5FFE700F097FB019958
:10446000401A0B280DD3FFE70299086E40F00100B7
:1044700008660299032081F85C0001208DF80F0086
:1044800014E1E3E702980168886940F0010088615F
:1044900000F07CFB0190FFE7029800688069C0078C
:1044A000A8B9FFE700F072FB0199401A0B280DD361
:1044B000FFE70299086E40F00100086602990320A8
:1044C00081F85C0001208DF80F00EFE0E4E702982E
:1044D0000168886940F0020088610298006846F22D
:1044E0000041C4F20001884208D1FFE70298406809
:1044F00046F20051C4F200010860FFE70298007C18
:10450000012807D1FFE702980168886920F0400080
:10451000886106E002980168886940F0400088617F
:10452000FFE70298407C012807D1FFE70298016865
:10453000886940F48040886106E0029801688869D3
:1045400020F480408861FFE70298807C012807D131
:10455000FFE702980168886920F48050886106E0CE
:1045600002980168886940F480508861FFE70298EA
:104570000068806920F44070029A116892681043C4
:10458000886102980168886920F0A4008861029817
:104590000168086920F0100008610298C0680128CD
:1045A00007D1FFE702980168886940F0040088613C
:1045B0002BE00298C06830B3FFE70298C068022879
:1045C00019D0FFE702980168886940F0800088618F
:1045D00002980168086940F0100008610298C068FC
:1045E000032807D1FFE702980168886940F020009E
:1045F0008861FFE706E002980168886940F02000C2
:104600008861FFE700E0FFE7FFE7029A116853695E
:104610009069D2F81CE0A0F1010C6FF0FF0000EBF4
:104620000E2040EA4C60126A013A10430022CFF695
:10463000FF7202EB03421043C86102988068B0F534
:10464000407F1CD1FFE7029A1168536A906AD2F842
:104650002CE001386FF0FF0C0CEB0E2C40EA0C0044
:10466000D2F830C06FF00F0202EB0C1210430022A0
:10467000CFF6FF7202EB03421043C860FFE70298D7
:104680000168C26BD1F8C0001043C1F8C0000298A5
:10469000FDF74CFD02990020886502990866029A90
:1046A000012182F85C108DF80F00FFE79DF80F00E4
:1046B00004B080BD80B59CB01B9000201A9019906A
:1046C00018901790169005A84421FBF7D7FE1B9869
:1046D000006846F20041C4F20001884248D1FFE779
:1046E0004FF4805005904FF00070119005A800F035
:1046F000EFFB18B1FFE7FDF709FDFFE7FFE741F228
:104700005800C4F20200016841F0007101600068C5
:1047100000F0007004900498FFE7FFE741F24C00BE
:10472000C4F20200016841F002010160006800F07B
:10473000020003900398FFE74FF4407016900220A8
:104740001790002001901890199009201A9040F2BB
:104750000040C4F6000016A900F036F8019A1520B2
:104760000290012100F0B0FA029800F0A3FAFFE7EE
:104770001CB080BD82B00190009102B07047000073
:1047800082B00190009102B07047000081B00090AB
:1047900001B0704781B0009001B0704782B00190C5
:1047A000009102B07047000082B00190009102B009
:1047B0007047000082B00190009102B07047000085
:1047C00081B0009001B070478BB00A900991002031
:1047D0000890FFE7099800680899C840002800F091
:1047E000A581FFE709980068089A012191400840D7
:1047F00007900798002800F09581FFE70998406826
:1048000000F00300012807D0FFE70998406800F096
:10481000030002282FD1FFE70A98806806900898C5
:104820004100032000FA01F1069888430690099898
:10483000C0680899490000FA01F1069808430690FB
:1048400006980A9988600A9840680690089901209D
:1048500000FA01F106988843069009984068C0F371
:104860000010089900FA01F106980843069006988E
:104870000A994860FFE70998406800F003000328A0
:1048800018D0FFE70A98C0680690089841000320F6
:1048900000FA01F106988843069009988068089903
:1048A000490000FA01F106980843069006980A9913
:1048B000C860FFE70998406800F00300022826D18D
:1048C000FFE70A9808996FF0030202EA51010844D1
:1048D000006A0690089800F0070081000F2000FA97
:1048E00001F106988843069009980069089901F03B
:1048F0000701890000FA01F106980843069006981E
:104900000A99089B02EA530211440862FFE70A98D9
:104910000068069008984100032000FA01F106980B
:10492000884306900998406800F003000899490000
:1049300000FA01F106980843069006980A99086063
:10494000099880798007002800F0EB80FFE7FFE7F7
:1049500041F26000C4F20200016841F0010101600F
:10496000006800F0010005900598FFE7089820F026
:1049700003000821C4F2010140580690089800F095
:10498000030081000F2000FA01F106988843069089
:104990000A98B0F1904F03D1FFE70020049042E065
:1049A0000A9840F20041C4F60001884203D1FFE7B3
:1049B0000120039034E00A9840F60001C4F600019B
:1049C000884203D1FFE70220029026E00A9840F6D1
:1049D0000041C4F60001884203D1FFE703200190A3
:1049E00018E00A9841F20001C4F60001884203D1A0
:1049F000FFE7042000900AE00A9941F20042C4F661
:104A000000020620914208BF05200090FFE70098B1
:104A10000190FFE701980290FFE702980390FFE7FB
:104A200003980490FFE70498089901F003018900B6
:104A300000FA01F10698084306900698089921F0BB
:104A400003010822C4F20102885040F20840C4F277
:104A50000100006806900799069888430690099817
:104A60008079C006002805D5FFE707990698084316
:104A70000690FFE7069840F20841C4F20101086081
:104A800040F20C40C4F201000068069007990698B5
:104A900088430690099880798006002805D5FFE7AD
:104AA0000799069808430690FFE7069840F20C41E4
:104AB000C4F20101086040F20440C4F20100006841
:104AC0000690079906988843069009988079800790
:104AD000002805D5FFE70799069808430690FFE7E9
:104AE000069840F20441C4F20101086040F200401F
:104AF000C4F2010000680690079906988843069062
:104B000009988079C00728B1FFE7079906980843FC
:104B10000690FFE7069840F20041C4F201010860E8
:104B2000FFE7FFE708980130089053E60BB07047A5
:104B300082B00190ADF8021001980069BDF8021032
:104B4000084204D0FFE701208DF8010003E00020B7
:104B50008DF80100FFE79DF8010002B070470000EA
:104B600082B00190ADF802108DF801209DF801008F
:104B700028B1FFE7BDF802000199886104E0BDF8A3
:104B8000020001998862FFE702B0704740F2A4601A
:104B9000C2F200000068704740F21000C2F200004C
:104BA000026840F2A461C2F2000108681044086083
:104BB0007047000080B582B000208DF80700032008
:104BC00000F09AF80F2000F00DF820B1FFE7012067
:104BD0008DF8070002E000F049F8FFE79DF80700B4
:104BE00002B080BD80B582B0019000208DF8030036
:104BF00040F21000C2F20000006878B3FFE740F214
:104C00000C00C2F20000006840F21001C2F2000184
:104C10000A684FF47A71B1FBF2F1B0FBF1F001F0E8
:104C2000A1F9B0B9FFE701980F280DD8FFE7019966
:104C30004FF0FF30002200F047F8019840F21401D5
:104C4000C2F20001086003E001208DF80300FFE7D5
:104C500003E001208DF80300FFE703E001208DF859
:104C60000300FFE79DF8030002B080BD80B582B06D
:104C7000FFE741F26000C4F20200016841F0010167
:104C80000160006800F0010001900198FFE7FFE774
:104C900041F25800C4F20200016841F08051016005
:104CA000006800F0805000900098FFE700F006F9DF
:104CB00002B080BD80B582B08DF807009DF9070075
:104CC00005F070FB02B080BD80B586B08DF817008E
:104CD0000491039205F07EFB02909DF9170001906C
:104CE00002980499039A03F0D3FD0146019805F058
:104CF00079FB06B080BD000080B582B001900198BC
:104D000005F092FB02B080BD85B0039003980028A7
:104D10005ED1FFE747F20000C4F20000006800F433
:104D2000C060B0F5806F49D1FFE747F28001C4F25F
:104D30000001086820F48070086047F20002C4F2A5
:104D400000021168012060F34A21116040F20C0159
:104D5000C2F200010968322251434DF68362C4F267
:104D60001B32A1FB022100EB91400290FFE747F2CA
:104D70001400C4F2000001680020490500290190D8
:104D800006D5FFE70298002818BF01200190FFE731
:104D90000198C00720B1FFE7029801380290E6E7CA
:104DA00047F21400C4F2000000684005002804D552
:104DB000FFE703208DF813007CE008E047F2800154
:104DC000C4F20001086820F480700860FFE76DE01D
:104DD0000398B0F5007F5ED1FFE747F20000C4F210
:104DE0000000006800F4C060B0F5806F49D1FFE7B3
:104DF00047F28001C4F20001086840F48070086046
:104E000047F20002C4F200021168012060F34A2157
:104E1000116040F20C01C2F20001096832225143D4
:104E20004DF68362C4F21B32A1FB022100EB9140DC
:104E30000290FFE747F21400C4F20000016800206E
:104E400049050029009006D5FFE70298002818BF01
:104E500001200090FFE70098C00720B1FFE702980B
:104E600001380290E6E747F21400C4F2000000683F
:104E70004005002804D5FFE703208DF8130019E052
:104E800008E047F28001C4F20001086840F4807035
:104E90000860FFE709E047F20001C4F2000108687A
:104EA000022262F34A200860FFE7FFE700208DF846
:104EB0001300FFE79DF8130005B0704747F20801A3
:104EC000C4F20001086840F48040086070470000A8
:104ED00080B586B0059000208DF80B008DF80A0093
:104EE000059880780007002840F1B580FFE7002092
:104EF0008DF8090041F25800C4F202000068C000B9
:104F0000002813D4FFE7FFE741F25800C4F2020083
:104F1000016841F080510160006800F0805001900C
:104F20000198FFE701208DF80900FFE747F2000133
:104F3000C4F20001086840F480700860FFF726FEA4
:104F40000390FFE747F20000C4F200000068C005CC
:104F500000280CD4FFE7FFF719FE0399401A032835
:104F600004D3FFE703208DF80B0000E0EAE79DF88B
:104F70000B0000285BD1FFE741F29000C4F2020071
:104F8000006800F4407004900498C8B1FFE70498EA
:104F90000599096C884213D0FFE741F29001C4F2F1
:104FA0000201086820F440700490086840F48030E2
:104FB0000860086820F48030086004980860FFE703
:104FC0009DF81000C007E0B1FFE7FFF7DFFD039099
:104FD000FFE741F29000C4F2020000688007002859
:104FE0000ED4FFE7FFF7D2FD0399401A41F2893151
:104FF000884204D3FFE703208DF80B0000E0E8E7C8
:10500000FFE79DF80B0060B9FFE741F29001C4F2A1
:105010000201086820F44070059A126C1043086081
:1050200004E09DF80B008DF80A00FFE704E09DF80E
:105030000B008DF80A00FFE79DF80900012809D14F
:10504000FFE741F25801C4F20201086820F08050E5
:105050000860FFE7FFE705980078C00760B1FFE749
:1050600041F28801C4F20201086820F00300059AA9
:10507000526810430860FFE7059800788007002811
:105080000CD5FFE741F28801C4F20201086820F064
:105090000C00059A926810430860FFE705980078B5
:1050A000400700280CD5FFE741F28801C4F2020155
:1050B000086820F03000059AD26810430860FFE7C6
:1050C00005980078000700280CD5FFE741F2880119
:1050D000C4F20201086820F0C000059A126910436A
:1050E0000860FFE705980078800600280CD5FFE7E8
:1050F00041F28801C4F20201086820F44060059A78
:10510000526910430860FFE70598007840060028C0
:105110000CD5FFE741F28801C4F20201086820F4CF
:105120004050059A926910430860FFE7059800789F
:10513000000600280CD5FFE741F28801C4F2020105
:10514000086820F44040059AD26910430860FFE7E0
:1051500005984078C00760B1FFE741F28801C4F2CA
:105160000201086820F44030059A126A1043086072
:10517000FFE705984078800700280CD5FFE741F24B
:105180008801C4F20201086820F44020059A526A9E
:1051900010430860FFE705984078400700281BD5BA
:1051A000FFE741F28801C4F20201086820F44010D0
:1051B000059A926A104308600598806AB0F5801FCE
:1051C00009D1FFE741F20C01C4F20201086840F482
:1051D00080100860FFE7FFE7059840780007002887
:1051E0001BD5FFE741F28801C4F20201086820F4F0
:1051F0004000059AD26A104308600598C06AB0F56D
:10520000800F09D1FFE741F20C01C4F202010868E6
:1052100040F480100860FFE7FFE705984078C0067B
:1052200000281BD5FFE741F28801C4F2020108689B
:1052300020F04070059A126B104308600598006BCF
:10524000B0F1807F09D1FFE741F20C01C4F2020105
:10525000086840F480100860FFE7FFE70598407891
:10526000800600281BD5FFE741F28801C4F2020145
:10527000086820F04060059A526B1043086005985A
:10528000406BB0F1006F09D1FFE741F20C01C4F2AD
:105290000201086840F480100860FFE7FFE7059806
:1052A0004078400600281BD5FFE741F28801C4F290
:1052B0000201086820F04060059A926B1043086074
:1052C0000598806BB0F1006F09D1FFE741F20C0146
:1052D000C4F20201086840F480100860FFE7FFE7AD
:1052E00005984078000600281BD5FFE741F28801A9
:1052F000C4F20201086820F04050059AD26B1043B6
:1053000008600598C06BB0F1805F09D1FFE741F2FA
:105310000C01C4F20201086840F480300860FFE725
:10532000FFE79DF80A0006B080BD000080B586B09A
:105330000490039100200090049820B9FFE7012019
:105340008DF8170081E1039842F20001C4F20201D6
:10535000096801F00F01884216D9FFE742F2000008
:10536000C4F20200016821F00F01039A11430160A9
:10537000006800F00F000399884204D0FFE7012085
:105380008DF8170061E1FFE704980078C007002856
:1053900000F0A380FFE704984068032839D1FFE7B5
:1053A00041F20000C4F2020000688001002804D429
:1053B000FFE701208DF8170047E103F039FB01906A
:1053C00001984BF20141C0F2C441884220D3FFE76B
:1053D00041F20800C4F20200006810F0F00F0AD099
:1053E000FFE7049800788007002810D5FFE70498AD
:1053F000806860B9FFE741F20801C4F20201086861
:10540000082262F30710086080200090FFE7FFE7A2
:1054100038E00498406802280ED1FFE741F200000E
:10542000C4F2020000688003002804D4FFE70120D2
:105430008DF8170009E10DE041F20000C4F202000E
:1054400000684005002804D4FFE701208DF817000C
:10545000FBE0FFE700F02CF9019001984BF20141CD
:10546000C0F2C44188420CD3FFE741F20801C4F204
:1054700002010868082262F307100860802000908B
:10548000FFE7FFE741F20801C4F20201086820F0DB
:105490000300049A526810430860FFF777FB0290FC
:1054A000FFE741F20800C4F20200006800F00C00BF
:1054B00004994968B0EB810F0ED0FFE7FFF766FB58
:1054C0000299401A41F28931884204D3FFE7032050
:1054D0008DF81700B9E0E4E7FFE70498007880074B
:1054E00000282CD5FFE7049800784007002809D54C
:1054F000FFE741F20801C4F20201086840F4E060ED
:105500000860FFE704980078000700280BD5FFE744
:1055100041F20801C4F20201086840F4E06020F49E
:1055200060500860FFE741F20801C4F20201086818
:1055300020F0F000049A9268104308600DE0009893
:10554000802809D1FFE741F20801C4F2020108688E
:1055500020F0F0000860FFE7FFE7039842F2000147
:10556000C4F20201096801F00F01884228D2FFE766
:1055700042F20001C4F20201086820F00F00039A11
:1055800010430860FFF702FB0290FFE742F20000C1
:10559000C4F20200006800F00F00039988420ED0A8
:1055A000FFE7FFF7F3FA0299401A41F28931884286
:1055B00004D3FFE703208DF8170046E0E6E7FFE796
:1055C00004980078400700280CD5FFE741F2080155
:1055D000C4F20201086820F4E060049AD268104323
:1055E0000860FFE704980078000700280DD5FFE762
:1055F00041F20801C4F20201086820F46050049AE4
:10560000126940EAC2000860FFE700F051F841F279
:105610000801C4F202010968C9B20A094BF66471B3
:10562000C0F60001895C01F01F01C84040F20C0186
:10563000C2F20001086040F21400C2F200000068EB
:10564000FFF7D0FA8DF81700FFE79DF8170006B0B6
:1056500080BD000040F20C00C2F2000000687047FC
:1056600080B5FFF7F7FF41F20801C4F202010968B3
:10567000C1F302224BF67471C0F60001895C01F09F
:105680001F01C84080BD000080B5FFF7E3FF41F275
:105690000801C4F202010968C1F3C2224BF6747119
:1056A000C0F60001895C01F01F01C84080BD000008
:1056B00086B041F20800C4F20200006800F00C005D
:1056C000042806D1FFE742F20040C0F2F400019046
:1056D00069E041F20800C4F20200006800F00C002A
:1056E000082806D1FFE741F20020C0F27A000190BD
:1056F00058E041F20800C4F20200006800F00C001B
:105700000C284BD1FFE741F20C00C4F20200016803
:1057100001F0030104910068C1B2012000EB1110F7
:10572000029004980090022815D0FFE70098032803
:1057300012D1FFE7029941F20020C0F27A00B0FBDB
:10574000F1F041F20C01C4F202010968C1F3062133
:105750004843059011E0FFE7029942F20040C0F291
:10576000F400B0FBF1F041F20C01C4F2020109684F
:10577000C1F3062148430590FFE741F20C00C4F253
:105780000200006800F0C061022000EB116003908D
:1057900005980399B0FBF1F0019002E00020019020
:1057A000FFE7FFE7FFE7019806B07047B0B588B0A4
:1057B0000690069820B9FFE701208DF81F00CCE382
:1057C00006980078C007002800F09B80FFE741F2B0
:1057D0000800C4F20200006800F00C00049041F2DE
:1057E0000C00C4F20200006800F00300039004986B
:1057F0000C2804D1FFE70398032804D0FFE704989E
:10580000082812D1FFE741F20000C4F2020000684C
:105810008003002808D5FFE70698406820B9FFE715
:1058200001208DF81F0098E36AE0FFE706984068C2
:10583000B0F5803F09D1FFE741F20001C4F2020157
:10584000086840F48030086020E006984068B0F5B1
:10585000A02F0DD1FFE741F20001C4F20201086858
:1058600040F480200860086840F4803008600CE054
:1058700041F20001C4F20201086820F4803008609F
:10588000086820F480200860FFE7FFE7FFE706983C
:105890004068D0B1FFE7FFF779F90590FFE741F2E3
:1058A0000000C4F202000068800300280CD4FFE767
:1058B000FFF76CF90599401A652804D3FFE7032028
:1058C0008DF81F0049E3EAE719E0FFF75FF905905B
:1058D000FFE741F20000C4F20200006880030028E4
:1058E0000CD5FFE7FFF752F90599401A652804D354
:1058F000FFE703208DF81F002FE3EAE7FFE7FFE74C
:10590000FFE7069800788007002840F19F80FFE7B6
:1059100041F20800C4F20200006800F00C0004909C
:1059200041F20C00C4F20200006800F00300039092
:1059300004980C2804D1FFE70398022804D0FFE75D
:10594000049804282CD1FFE741F20000C4F20200C1
:1059500000684005002808D5FFE70698C06820B910
:10596000FFE701208DF81F00F7E241F20401C4F2C5
:105970000201086820F0FE40069A126940EA0260BF
:10598000086040F21400C2F200000068FFF72AF934
:1059900020B1FFE701208DF81F00DEE2FFE754E0B1
:1059A0000698C06870B3FFE741F20001C4F202013B
:1059B000086840F480700860FFF7E8F80590FFE79A
:1059C00041F20000C4F202000068400500280CD437
:1059D000FFE7FFF7DBF80599401A032804D3FFE738
:1059E00003208DF81F00B8E2EAE741F20401C4F297
:1059F0000201086820F0FE40069A126940EA02603F
:105A0000086021E041F20001C4F20201086820F4BC
:105A100080700860FFF7BAF80590FFE741F20000D8
:105A2000C4F202000068400500280CD5FFE7FFF72C
:105A3000ADF80599401A032804D3FFE703208DF839
:105A40001F008AE2EAE7FFE7FFE7FFE70698007832
:105A50000007002849D5FFE70698406910B3FFE723
:105A600041F29401C4F20201086840F001000860AC
:105A7000FFF78CF80590FFE741F29400C4F20200B2
:105A80000068800700280CD4FFE7FFF77FF805992E
:105A9000401A032804D3FFE703208DF81F005CE2BF
:105AA000EAE721E041F29401C4F20201086820F023
:105AB00001000860FFF76AF80590FFE741F29400E3
:105AC000C4F202000068800700280CD5FFE7FFF74A
:105AD0005DF80599401A032804D3FFE703208DF8E9
:105AE0001F003AE2EAE7FFE7FFE706980078400781
:105AF000002840F1C680FFE700208DF80B0041F23E
:105B00005800C4F202000068C000002813D4FFE768
:105B1000FFE741F25800C4F20200016841F08051F1
:105B20000160006800F0805001900198FFE70120BB
:105B30008DF80B00FFE747F20000C4F20000006898
:105B4000C005002822D4FFE747F20001C4F200019B
:105B5000086840F480700860FFF718F80590FFE7C8
:105B600047F20000C4F200000068C00500280CD411
:105B7000FFE7FFF70BF80599401A032804D3FFE766
:105B800003208DF81F00E8E1EAE7FFE7FFE706984A
:105B90008068012809D1FFE741F29001C4F20201B7
:105BA000086840F0010008601FE00698806805283A
:105BB0000DD1FFE741F29001C4F20201086840F004
:105BC00004000860086840F0010008600CE041F241
:105BD0009001C4F20201086820F001000860086822
:105BE00020F004000860FFE7FFE7FFE70698806801
:105BF000E0B1FFE7FEF7CAFF0590FFE741F2900032
:105C0000C4F202000068800700280ED4FFE7FEF708
:105C1000BDFF0599401A41F28931884204D3FFE75C
:105C200003208DF81F0098E1E8E71BE0FEF7AEFFC8
:105C30000590FFE741F29000C4F20200006880077F
:105C400000280ED5FFE7FEF7A1FF0599401A41F2A3
:105C50008931884204D3FFE703208DF81F007CE1DF
:105C6000E8E7FFE79DF80B00012809D1FFE741F2C3
:105C70005801C4F20201086820F080500860FFE774
:105C8000FFE7069800788006002849D5FFE70698C8
:105C9000806910B3FFE741F29801C4F2020108687D
:105CA00040F001000860FEF771FF0590FFE741F248
:105CB0009800C4F202000068800700280CD4FFE7B7
:105CC000FEF764FF0599401A032804D3FFE7032079
:105CD0008DF81F0041E1EAE721E041F29801C4F2AA
:105CE0000201086820F001000860FEF74FFF0590F0
:105CF000FFE741F29800C4F2020000688007002824
:105D00000CD5FFE7FEF742FF0599401A032804D39C
:105D1000FFE703208DF81F001FE1EAE7FFE7FFE739
:105D20000698C069002800F01481FFE741F20800DE
:105D3000C4F20200006800F00C000C2800F0B080F3
:105D4000FFE70698C06902287CD1FFE741F2000115
:105D5000C4F20201086820F080700860FEF716FFA8
:105D60000590FFE741F20000C4F2020000688001E4
:105D700000280CD5FFE7FEF709FF0599401A032814
:105D800004D3FFE703208DF81F00E6E0EAE741F2C5
:105D90000C01C4F20201086848F20C02C0F29F1222
:105DA0001040DDF818C0DCF82020DCF82450DCF8C6
:105DB00028E0DCF82C306FF00F0404EB05142243CC
:105DC00042EA0E22DCF8304040F2000ECFF6E07ED0
:105DD0000EEA045EAEF5001E42EA0E02DCF834E084
:105DE0004FF07E4C0CEA0E6C0CF17E4C42EA0C0239
:105DF00042EAC3621043086041F20002C4F20202A8
:105E0000106840F080701060086840F08070086092
:105E1000FEF7BCFE0590FFE741F20000C4F202006D
:105E20000068800100280CD4FFE7FEF7AFFE05995B
:105E3000401A032804D3FFE703208DF81F008CE0ED
:105E4000EAE72CE041F20001C4F20201086820F008
:105E500080700860FEF79AFE0590FFE741F20000AF
:105E6000C4F202000068800100280CD5FFE7FEF7AD
:105E70008DFE0599401A032804D3FFE703208DF80F
:105E80001F006AE0EAE741F20C01C4F2020108686F
:105E90004FF6FC72CFF6EE6210400860FFE757E065
:105EA0000698C069012804D1FFE701208DF81F0082
:105EB00053E041F20C00C4F2020000680390039822
:105EC00000F003000699096A88423BD1FFE7039876
:105ED00000F0F00006994A6A6FF00F0101EB021121
:105EE00088422FD1FFE7039800F4FE400699896AA3
:105EF000B0EB012F26D1FFE7039800F07840069918
:105F0000C96AB0EBC16F1DD1FFE7039800F4C00070
:105F100006990A6B0021CFF6E07101EA0251A1F562
:105F2000001188420ED1FFE7039800F0C060069987
:105F30004A6B4FF07E4101EA026101F17E418842E5
:105F400004D0FFE701208DF81F0006E0FFE7FFE720
:105F5000FFE700208DF81F00FFE79DF81F0008B045
:105F6000B0BD000080B582B00190019802F0B0FD94
:105F700002B080BD81B0009001B0704781B0009048
:105F800001B0704781B0009001B0704784B00290BA
:105F9000019100200090FFE7029890F83C00012852
:105FA00004D1FFE702208DF80F0083E00299012061
:105FB00081F83C00FFE7FFE7009820F0FF0001991F
:105FC000C96808430090009820F4407001998968DE
:105FD00008430090009820F48060019949680843C4
:105FE0000090009820F4006001990968084300902F
:105FF000009820F4805001990969084300900098A6
:1060000020F400500199496908430090009820F459
:1060100080400199096B08430090009820F470209B
:106020000199896940EA01400090009820F0805071
:106030000199C969084300900298006842F600413E
:10604000C4F20101884209D0FFE70298006843F2D8
:106050000041C4F2010188421ED1FFE7009820F4FC
:1060600070000199896A40EA01500090009820F080
:1060700080700199096A08430090009820F0007030
:106080000199496A08430090009820F00050019956
:10609000C96A08430090FFE70098029909684864BC
:1060A000FFE70299002081F83C00FFE700208DF80F
:1060B0000F00FFE79DF80F0004B0704781B000901B
:1060C00001B0704781B0009001B0704781B000907E
:1060D00001B0704785B003900291FFE7039890F8F4
:1060E0003C00012804D1FFE702208DF813008CE06A
:1060F0000399012081F83C00FFE7FFE703990220A4
:1061000081F83D000398006840680190039800689A
:10611000806800900398006842F60041C4F20101D3
:10612000884209D0FFE70398006843F20041C4F2B7
:10613000010188420AD1FFE7019820F47000019024
:1061400002984168019808430190FFE701984FF6D3
:106150008F71CFF6FF5108400190029801680198B5
:106160000843019001980399096848600398006802
:1061700042F60041C4F2010188422AD0FFE70398A9
:106180000068B0F1804F24D0FFE70398006840F228
:106190000041C4F2000188421BD0FFE70398006869
:1061A00040F60001C4F20001884212D0FFE70398D4
:1061B000006843F20041C4F20101884209D0FFE7C0
:1061C0000398006844F20001C4F2010188420ED134
:1061D000FFE7009820F08000009002988168009806
:1061E000084300900098039909688860FFE70399C5
:1061F000012081F83D00FFE70399002081F83C0071
:10620000FFE700208DF81300FFE79DF8130005B0AD
:106210007047000080B58AB008900791079828B9A8
:10622000FFE7089890F8440005901CE007980428C0
:1062300005D1FFE7089890F84500049010E0079812
:10624000082805D1FFE7089890F84600039004E07D
:10625000089890F847000390FFE703980490FFE741
:1062600004980590FFE70598012804D0FFE7012076
:106270008DF8270089E0079828B9FFE708990220E0
:1062800081F844001EE00798042806D1FFE708992A
:10629000022081F84500029012E00798082806D1F4
:1062A000FFE70899022081F84600019005E008996F
:1062B000022081F847000190FFE701980290FFE774
:1062C0000298FFE7089800680799042202F064FD2D
:1062D00008980168486C40F40040486408980068D9
:1062E00042F60041C4F2010188422AD0FFE7089833
:1062F0000068B0F1804F24D0FFE70898006840F2B2
:106300000041C4F2000188421BD0FFE708980068F2
:1063100040F60001C4F20001884212D0FFE708985D
:10632000006843F20041C4F20101884209D0FFE74E
:106330000898006844F20001C4F20101884219D1B2
:10634000FFE70898006880680721C0F20101084053
:106350000690069806280CD0FFE70698B0F5803F17
:1063600007D0FFE708980168086840F0010008605E
:10637000FFE706E008980168086840F0010008603F
:10638000FFE700208DF82700FFE79DF827000AB0FF
:1063900080BD000081B0009001B0704780B582B030
:1063A0000090009820B9FFE701208DF8070045E034
:1063B000009890F83D0040B9FFE70099002081F86F
:1063C0003C00009800F03EF8FFE70099022081F8B9
:1063D0003D00009951F8040B02F0F6FB00990120F2
:1063E00081F84800FFE70099012081F83E000099FC
:1063F00081F83F00009981F84000009981F8410040
:10640000009981F84200009981F84300FFE7FFE717
:106410000099012081F84400009981F84500009915
:1064200081F84600009981F84700FFE700990120B4
:1064300081F83D0000208DF80700FFE79DF8070078
:1064400002B080BD80B584B003900398006842F626
:106450000041C4F20101884210D1FFE7FFE741F299
:106460006000C4F20200016841F40061016000684C
:1064700000F4006002900298FFE71FE003980068B4
:10648000B0F1804F19D1FFE7FFE741F25800C4F2A5
:106490000200016841F001010160006800F00100A4
:1064A00001900198FFE71C20009000221146FEF7A2
:1064B0000BFC0098FEF7FEFBFFE7FFE704B080BD92
:1064C00083B00190019890F83D00012804D0FFE7C7
:1064D00001208DF80B005AE00199022081F83D005F
:1064E0000198006842F60041C4F2010188422AD0B6
:1064F000FFE701980068B0F1804F24D0FFE70198D2
:10650000006840F20041C4F2000188421BD0FFE75E
:106510000198006840F60001C4F20001884212D0E0
:10652000FFE70198006843F20041C4F2010188428C
:1065300009D0FFE70198006844F20001C4F20101AC
:10654000884219D1FFE70198006880680721C0F2EE
:10655000010108400090009806280CD0FFE7009841
:10656000B0F5803F07D0FFE701980168086840F068
:1065700001000860FFE706E001980168086840F044
:1065800001000860FFE700208DF80B00FFE79DF891
:106590000B0003B07047000080B586B004900391F3
:1065A00000208DF80B00FFE7049890F83C000128CC
:1065B00004D1FFE702208DF81700D3E004990120F1
:1065C00081F83C00FFE7FFE70499022081F83D00D5
:1065D000049800688068019001984FF68871CFF6A2
:1065E000CE7108400190019820F47F4001900198FD
:1065F000049909688860039800680090002800F0FA
:106600009780FFE70098102800F09280FFE700983D
:10661000202800F08D80FFE70098302800F0888067
:10662000FFE70098402876D0FFE70098502858D020
:10663000FFE70098602861D0FFE7009870282CD011
:10664000FFE70098B0F5805F26D0FFE70098B0F52F
:10665000005F37D0FFE70098B0F1101F68D0FFE768
:1066600000982021C0F21001884261D0FFE7009815
:106670003021C0F2100188425AD0FFE70098402133
:10668000C0F21001884253D0FFE700987021C0F299
:10669000100188424CD052E055E004980068039BFA
:1066A0005A689968DB6802F093FB04980068806878
:1066B0000190019840F077000190019804990968D1
:1066C000886040E004980068039B5A689968DB681A
:1066D00002F07EFB04980168886840F4804088607E
:1066E00031E004980068039A5168D26802F048FFCC
:1066F00004980068502102F085FB24E004980068AB
:10670000039A5168D26802F063FF04980068602120
:1067100002F078FB17E004980068039A5168D26889
:1067200002F02EFF04980068402102F06BFB0AE0A3
:10673000049800680399096802F064FB03E00120F3
:106740008DF80B00FFE70499012081F83D00FFE779
:106750000499002081F83C00FFE79DF80B008DF8BC
:106760001700FFE79DF8170006B080BD81B00090CC
:1067700001B0704780B584B0039003980068C0688A
:10678000029003980068006901909DF8040080075A
:10679000002824D5FFE79DF80800800700281DD5B4
:1067A000FFE7039801686FF0020008610399012078
:1067B0000877039800688069800720B1FFE7039895
:1067C000FFF7D4FF06E0039800F0BCF9039800F04F
:1067D000EDFAFFE7039900200877FFE7FFE79DF850
:1067E00004004007002825D5FFE79DF80800400772
:1067F00000281ED5FFE7039801686FF004000861C8
:1068000003990220087703980068806910F4407F9C
:1068100004D0FFE70398FFF7A9FF06E0039800F014
:1068200091F9039800F0C2FAFFE703990020087776
:10683000FFE7FFE79DF804000007002824D5FFE7E5
:106840009DF80800000700281DD5FFE703980168A0
:106850006FF0080008610399042008770398006826
:10686000C069800720B1FFE70398FFF77FFF06E0CC
:10687000039800F067F9039800F098FAFFE703998E
:1068800000200877FFE7FFE79DF80400C006002816
:1068900025D5FFE79DF80800C00600281ED5FFE7B4
:1068A000039801686FF010000861039908200877C9
:1068B00003980068C06910F4407F04D0FFE7039894
:1068C000FFF754FF06E0039800F03CF9039800F04E
:1068D0006DFAFFE7039900200877FFE7FFE79DF8CF
:1068E0000400C00778B1FFE79DF80800C00748B171
:1068F000FFE7039801686FF001000861039800F05A
:1069000089FBFFE7FFE7019800F08000802806D0B0
:10691000FFE79DF805008006002810D5FFE79DF8E9
:1069200008000006002809D5FFE7039801686FF406
:10693000025008610398FFF721FBFFE7FFE79DF88E
:106940000500C00780B1FFE79DF808000006002899
:1069500009D5FFE7039801686FF480700861039818
:10696000FFF708FBFFE7FFE79DF80400400600285B
:1069700010D5FFE79DF808004006002809D5FFE77D
:10698000039801686FF040000861039800F046FB2F
:10699000FFE7FFE79DF804008006002810D5FFE719
:1069A0009DF808008006002809D5FFE703980168D4
:1069B0006FF0200008610398FFF7E4FAFFE7FFE7B4
:1069C0009DF80600C006002810D5FFE79DF80A00D4
:1069D000C006002809D5FFE7039801686FF480100E
:1069E00008610398FFF76EFBFFE7FFE79DF80600DD
:1069F0008006002810D5FFE79DF80A0080060028D1
:106A000009D5FFE7039801686FF400100861039847
:106A1000FFF754FBFFE7FFE79DF80600400600285C
:106A200010D5FFE79DF80A004006002809D5FFE7CA
:106A3000039801686FF4800008610398FFF746FB34
:106A4000FFE7FFE79DF806000006002810D5FFE7E6
:106A50009DF80A000006002809D5FFE703980168A1
:106A60006FF4000008610398FFF794FCFFE7FFE76D
:106A700004B080BD80B58EB00D9000200C900B90BE
:106A80000A90099008900D98006842F60041C4F2FF
:106A90000101884254D1FFE7FFE741F24C00C4F204
:106AA0000200016841F002010160006800F002008C
:106AB00007900798FFE7FFE741F24C00C4F202009D
:106AC000016841F001010160006800F001000690DA
:106AD0000698FFE74FF4C04008900220029009900A
:106AE000002003900A900B90062004900C9040F236
:106AF0000040C4F60000019008A90591FDF764FE6E
:106B00000198029B039A05994FF4004CCDF820C0E0
:106B100009930A920B9204220C92FDF755FE029BF8
:106B2000039A049805994FF4E06CCDF820C00993BE
:106B30000A920B920C904FF09040FDF745FEFFE754
:106B40000EB080BD81B0009001B0704780B586B0B6
:106B500004900391029200208DF80700FFE704984B
:106B600090F83C00012804D1FFE702208DF81700BF
:106B7000C0E00499012081F83C00FFE7FFE702989C
:106B80000090142800F2A7800099DFE801F00BA420
:106B9000A4A424A4A4A43EA4A4A457A4A4A471A41B
:106BA000A4A48A0004980068039902F043F90498A9
:106BB0000168886940F00800886104980168886964
:106BC00020F00400886103980269049801688869CC
:106BD0001043886183E004980068039902F0D4F9B7
:106BE00004980168886940F400608861049801682D
:106BF000886920F4806088610398026904980168BC
:106C0000886940EA0220886169E004980068039975
:106C100002F072FA04980168C86940F00800C8617F
:106C200004980168C86920F00400C86103980269EB
:106C300004980168C8691043C86150E0049800686E
:106C4000039902F011FB04980168C86940F40060E0
:106C5000C86104980168C86920F48060C86103981D
:106C6000026904980168C86940EA0220C86136E0F8
:106C700004980068039902F0AFFB04980168086D5E
:106C800040F00800086504980168086D20F00400D1
:106C900008650398026904980168086D1043086547
:106CA0001DE004980068039902F000FC0498016854
:106CB000086D40F40060086504980168086D20F4D0
:106CC000806008650398026904980168086D40EACD
:106CD0000220086503E001208DF80700FFE7FFE7C9
:106CE0000499002081F83C00FFE79DF807008DF82B
:106CF0001700FFE79DF8170006B080BD80B582B091
:106D00000090009820B9FFE701208DF8070045E0CA
:106D1000009890F83D0040B9FFE70099002081F805
:106D20003C00009800F03EF8FFE70099022081F84F
:106D30003D00009951F8040B01F046FF0099012035
:106D400081F84800FFE70099012081F83E00009992
:106D500081F83F00009981F84000009981F84100D6
:106D6000009981F84200009981F84300FFE7FFE7AE
:106D70000099012081F84400009981F845000099AC
:106D800081F84600009981F84700FFE7009901204B
:106D900081F83D0000208DF80700FFE79DF807000F
:106DA00002B080BD81B0009001B0704781B000900A
:106DB00001B0704780B590B00E900D910D9828B934
:106DC000FFE70E9890F83E000B9034E00D980428F1
:106DD00005D1FFE70E9890F83F000A9028E00D9843
:106DE000082805D1FFE70E9890F8400009901CE0B4
:106DF0000D980C2805D1FFE70E9890F841000890F7
:106E000010E00D98102805D1FFE70E9890F8420089
:106E1000079004E00E9890F843000790FFE707986A
:106E20000890FFE708980990FFE709980A90FFE7A4
:106E30000A980B90FFE70B98012804D0FFE7012088
:106E40008DF83F00E1E00D9828B9FFE70E99022088
:106E500081F83E0038E00D98042806D1FFE70E992E
:106E6000022081F83F0006902CE00D98082806D1FA
:106E7000FFE70E99022081F8400005901FE00D9871
:106E80000C2806D1FFE70E99022081F841000490FA
:106E900012E00D98102806D1FFE70E99022081F824
:106EA0004200039005E00E99022081F84300039010
:106EB000FFE703980490FFE704980590FFE7059823
:106EC0000690FFE70698FFE70E9800680D990122EB
:106ED000019201F045FF01980E99096842F60042BF
:106EE000C4F20102914202902DD0FFE70E98016892
:106EF000012043F20042C4F201029142029022D0EA
:106F0000FFE70E980168012044F20002C4F201027A
:106F10009142029017D0FFE70E980168012044F2D9
:106F20000042C4F20102914202900CD0FFE70E9899
:106F300000684BF60001CBF6FE710844B0FA80F011
:106F400040090290FFE70298C00738B1FFE70E98AA
:106F50000168486C40F400404864FFE70E98006800
:106F600042F60041C4F2010188422AD0FFE70E98A0
:106F70000068B0F1804F24D0FFE70E98006840F21F
:106F80000041C4F2000188421BD0FFE70E98006860
:106F900040F60001C4F20001884212D0FFE70E98CB
:106FA000006843F20041C4F20101884209D0FFE7C2
:106FB0000E98006844F20001C4F20101884219D120
:106FC000FFE70E98006880680721C0F201010840C1
:106FD0000C900C9806280CD0FFE70C98B0F5803F79
:106FE00007D0FFE70E980168086840F001000860CC
:106FF000FFE706E00E980168086840F001000860AD
:10700000FFE700208DF83F00FFE79DF83F0010B03C
:1070100080BD000081B0009001B0704781B0009049
:1070200001B0704783B00190FFE7019890F88400A9
:10703000012804D1FFE702208DF80B002CE0019914
:10704000012081F88400FFE7FFE701992420C1F8BF
:10705000880001980068006800900198016808683D
:1070600020F001000860009820F000500090019985
:10707000002048660098019909680860019920205D
:10708000C1F88800FFE70199002081F88400FFE73C
:1070900000208DF80B00FFE79DF80B0003B0704750
:1070A00082B00190ADF8021002B0704781B000903C
:1070B00001B0704780B584B002900191FFE702985B
:1070C00090F88400012804D1FFE702208DF80F001A
:1070D00032E00299012081F88400FFE7FFE702997E
:1070E0002420C1F888000298006800680090029887
:1070F0000168086820F00100086002980068806854
:1071000020F060600199084302990968886002983C
:1071100002F088FA00980299096808600299202014
:10712000C1F88800FFE70299002081F88400FFE79A
:1071300000208DF80F00FFE79DF80F0004B080BD20
:1071400080B584B002900191FFE7029890F8840026
:10715000012804D1FFE702208DF80F0032E00299E8
:10716000012081F88400FFE7FFE702992420C1F89D
:10717000880002980068006800900298016808681A
:1071800020F00100086002980068806820F06040EC
:1071900001990843029909688860029802F042FA4E
:1071A000009802990968086002992020C1F88800B7
:1071B000FFE70299002081F88400FFE700208DF8A6
:1071C0000F00FFE79DF80F0004B080BD81B0009074
:1071D00001B0704781B0009001B0704781B000905D
:1071E00001B0704780B590B00F900F980068C069EB
:1071F0000E900F98006800680D900F9800688068E6
:107200000C900E9840F60F0108400B900B98E0B9D7
:10721000FFE79DF838008006002815D5FFE79DF8A8
:1072200034008006002806D4FFE79DF83300C0062E
:10723000002809D5FFE70F98406F20B1FFE70F98AE
:10724000416F8847FFE796E2FFE70B98002800F0C0
:107250000C81FFE70C980121C1F20001084209D11D
:10726000FFE70D9840F22011C0F20041084200F003
:10727000FC80FFE79DF83800C00788B1FFE79DF864
:107280003500C00760B1FFE70F9801680120086270
:107290000F99D1F8900040F00100C1F89000FFE78D
:1072A0009DF838008007002811D5FFE79DF83000D1
:1072B000C00760B1FFE70F980168022008620F99CC
:1072C000D1F8900040F00400C1F89000FFE79DF86D
:1072D00038004007002811D5FFE79DF83000C007AF
:1072E00060B1FFE70F980168042008620F99D1F898
:1072F000900040F00200C1F89000FFE79DF83800D0
:107300000007002819D5FFE79DF834008006002803
:1073100007D4FFE70C980121C1F2000108420CD00C
:10732000FFE70F980168082008620F99D1F89000D4
:1073300040F00800C1F89000FFE79DF83900000711
:10734000002813D5FFE79DF83700400700280DD52A
:10735000FFE70F9801684FF4006008620F99D1F8B9
:10736000900040F02000C1F89000FFE70F98D0F89F
:107370009000002878D0FFE79DF8380080060028AC
:1073800015D5FFE79DF834008006002806D4FFE7F6
:107390009DF83300C006002809D5FFE70F98406F1D
:1073A00020B1FFE70F98416F8847FFE7FFE70F988D
:1073B000D0F890000A900F980068806800F04000B4
:1073C000402806D0FFE79DF8280010F0280F42D093
:1073D000FFE70F9802F0C2FA0F9800688068400635
:1073E000002833D5FFE7FFE7FFE70F98006850E874
:1073F000020F20F040000990FFE709990F980268FA
:1074000042E802100028F0D1FFE7FFE70F98D0F81C
:107410008000B0B1FFE70F98D0F8801049F63D101A
:10742000C0F6000088630F98D0F88000FCF796FC47
:1074300030B1FFE70F98D0F88000816B8847FFE7F5
:1074400003E00F98FFF7CAFEFFE703E00F98FFF78E
:10745000C5FEFFE707E00F98FFF7C0FE0F99002079
:10746000C1F89000FFE7FFE785E10F98C06E0128A3
:1074700040F02281FFE79DF83800C006002840F167
:107480001B81FFE79DF83400C006002840F11481FD
:10749000FFE70F980168102008620F980068806865
:1074A0004006002840F1A680FFE70F98D0F8800042
:1074B00000684068ADF82200BDF8220000287CD0AA
:1074C000FFE7BDF822000F99B1F85C10884274DA2A
:1074D000FFE7BDF822000F99A1F85E000F98D0F8E1
:1074E0008000006800688006002859D4FFE7FFE7A5
:1074F000FFE70F98006850E8000F20F480700790B5
:10750000FFE707990F98026842E800100028F0D1C1
:10751000FFE7FFE7FFE7FFE70F98006850E8020F7B
:1075200020F001000690FFE706990F98026842E8F4
:1075300002100028F0D1FFE7FFE7FFE7FFE70F9811
:10754000006850E8020F20F040000590FFE7059921
:107550000F98026842E802100028F0D1FFE7FFE729
:107560000F992020C1F88C000F990020C866FFE712
:10757000FFE70F98006850E8000F20F0100004901B
:10758000FFE704990F98026842E800100028F0D144
:10759000FFE7FFE70F98D0F88000FCF791FBFFE7CB
:1075A0000F99022008670F98B0F85C10B0F85E20C1
:1075B000891A89B2FFF774FD1BE0BDF822000F990C
:1075C000B1F85C10884213D1FFE70F98D0F8800023
:1075D000006800688006002809D5FFE70F9902209F
:1075E00008670F98B0F85C10FFF75AFDFFE7FFE758
:1075F000FFE7C0E00F99B1F85C00B1F85E10401AE7
:10760000ADF80E000F98B0F85E00002853D0FFE7E9
:10761000BDF80E0000284ED0FFE7FFE7FFE70F9808
:10762000006850E8000F20F490700290FFE7029984
:107630000F98026842E800100028F0D1FFE7FFE74A
:10764000FFE7FFE70F98006850E8020F4FF6FE7162
:10765000CEF6FF7108400190FFE701990F9802688C
:1076600042E802100028EDD1FFE7FFE70F99202044
:10767000C1F88C000F990020C8660F994867FFE792
:10768000FFE70F98006850E8000F20F0100000900E
:10769000FFE700990F98026842E800100028F0D137
:1076A000FFE7FFE70F99022008670F98BDF80E105B
:1076B000FFF7F6FCFFE75EE09DF83A00C006002801
:1076C0000FD5FFE79DF832004006002809D5FFE7F7
:1076D0000F9801684FF4801008620F98FFF77AFD49
:1076E00049E09DF838000006002815D5FFE79DF811
:1076F00034000006002806D4FFE79DF8320000069B
:10770000002809D5FFE70F98806F20B1FFE70F9899
:10771000816F8847FFE72EE09DF83800400600287B
:107720000AD5FFE79DF834004006002804D5FFE79E
:107730000F9802F063F91EE09DF83A000006002859
:107740000AD5FFE79DF837004006002804D5FFE77B
:107750000F98FFF73BFD0EE09DF83B00C00750B1CE
:10776000FFE79DF837000006002804D5FFE70F98D3
:10777000FFF79CFCFFE710B080BD000080B582B031
:107780000090009820B9FFE701208DF8070046E03F
:107790000098806908B1FFE700E0FFE70098D0F8A3
:1077A000880040B9FFE70099002081F88400009824
:1077B00000F03AF8FFE700992420C1F8880000980B
:1077C0000168086820F0010008600098806A20B114
:1077D000FFE7009801F06AFFFFE7009802F030F938
:1077E000012804D1FFE701208DF8070017E0009879
:1077F0000168486820F490404860009801688868F3
:1078000020F02A00886000980168086840F00100B4
:107810000860009801F0EEFF8DF80700FFE79DF883
:10782000070002B080BD000080B5A0B01F9000200E
:107830001E901D901C901B901A9009A84421F8F7E7
:107840001DFE1F98006843F60001C4F20101884242
:107850003BD1FFE70120099000200A9009A8FDF71D
:1078600037FB18B1FFE7FAF751FCFFE7FFE741F2FA
:107870006000C4F20200016841F4804101600068C8
:1078800000F4804008900898FFE7FFE741F24C00C1
:10789000C4F20200016841F004010160006800F0D8
:1078A000040007900798FFE730201A9002201B90F1
:1078B00000201C901D9007201E9040F60000C4F68A
:1078C00000001AA9FCF780FF9CE01F98006844F6AE
:1078D0000001C4F20001884240F09380FFE70420D9
:1078E000099000200C9009A8FDF7F2FA18B1FFE703
:1078F000FAF70CFCFFE7FFE741F25800C4F2020080
:10790000016841F480210160006800F48020069045
:107910000698FFE7FFE741F24C00C4F2020001685D
:1079200041F004010160006800F004000590059832
:10793000FFE74FF440601A9002201B900020039054
:107940001C901D9007201E9040F60000C4F6000019
:107950001AA9FCF739FF039940F23420C2F2000063
:1079600004903022C4F2020202601C224260816054
:10797000C1608022026141618161C1610162FCF7E5
:10798000FBFA18B1FFE7FAF7C1FBFFE7FFE71F9823
:1079900040F23421C2F20001C0F880101F988862C2
:1079A000FFE740F29420C2F2000002904421C4F2AA
:1079B000020101601D214160102181600021C16030
:1079C0008022026141618161C1610162FCF7D4FAE8
:1079D00018B1FFE7FAF79AFBFFE7FFE71F9840F2BD
:1079E0009421C2F20001C1671F988862FFE7272037
:1079F000019001210022FDF767F90198FDF75AF97E
:107A0000FFE7FFE720B080BD80B58AB008900791FE
:107A1000ADF81A2005930898D0F88800202840F087
:107A20008780FFE7079820B1FFE7BDF81A0020B96B
:107A3000FFE701208DF827007EE008990020C1F8BB
:107A4000900008992120C1F88800FDF79FF8029066
:107A5000BDF81A000899A1F85400BDF81A00089959
:107A6000A1F8560008988068B0F5805F09D1FFE75B
:107A70000898006928B9FFE7002004900798039050
:107A800004E00798049000200390FFE7FFE70898C0
:107A9000B0F8560088B3FFE70898029B05996A463C
:107AA00011608021002202F083FA40B1FFE70899BB
:107AB0002020C1F8880003208DF827003CE00498BE
:107AC00058B9FFE7039800886FF35F2008990968A9
:107AD000886203980230039008E0049800780899BF
:107AE00009688862049801300490FFE70899B1F8AA
:107AF00056000138A1F85600C9E70898029B05997D
:107B00006A4611604021002202F052FA40B1FFE7BC
:107B100008992020C1F8880003208DF827000BE089
:107B200008992020C1F8880000208DF8270003E084
:107B300002208DF82700FFE79DF827000AB080BDDE
:107B400081B0009001B0704780B582B0019001987B
:107B500000F088F8019800F0A1F802B080BD0000A4
:107B600080B586B005908DED040ACDED030A8DED4C
:107B7000021ACDED011A8DED002A049805990860CE
:107B8000039805994860059808309DED020ADDEDDF
:107B9000010A9FED101ADFED101A00F02FFF059972
:107BA00001F134009DED000AD1ED010A00F0B2FAB6
:107BB0000599002081F84D00059A012182F84C10AA
:107BC0000599086705994867059988670599C86701
:107BD00006B080BD000000000000807F82B00190F0
:107BE000019890F84D0050B9FFE70199012081F804
:107BF0004C000199002008650199486530E0019822
:107C000090F84C0001460091012804D0FFE700984D
:107C100002280BD019E00199086808650199002035
:107C200048650199022081F84C0018E0019890ED18
:107C3000000AB1EE400A80ED140A0199002048655F
:107C40000199012081F84C0009E00199012081F897
:107C50004C0001990020086501994865FFE7FFE79E
:107C600002B0704781B000900099086E91F84C20E6
:107C700001EBC20188660099486E91F84C2001EB37
:107C8000C201C866009890ED1D0A90ED1F1A30EEF3
:107C9000410A80ED200A01B07047000080B582B033
:107CA0000190019890F84D0080B9FFE701990020FC
:107CB0008861019948610199C861019988620199B7
:107CC00008640199886401994864FFE70199D1F833
:107CD00080008861019900204861019A02F1080042
:107CE00092F84D1092ED010A00F008FE0199886AA1
:107CF0000864019901F1340091F84D1000F0E4F9A5
:107D00000199886CC865019890ED012A90ED0A1AD6
:107D100090ED160A21EE021A30EE010A80ED160AE5
:107D2000FFE7019890ED160A9FED1D1AB4EE410A87
:107D3000F1EE10FA0ADAFFE7019890ED160A9FEDCE
:107D40001B1A30EE010A80ED160AEAE7FFE70198F8
:107D500090ED160A9FED131AB4EE410AF1EE10FAF7
:107D60000ADDFFE7019890ED160A9FED0F1A30EE3D
:107D7000010A80ED160AEAE7019890F84D0020B953
:107D8000FFE70199C86EC865FFE7019890F84D00BC
:107D900020B9FFE70199886E8865FFE702B080BDD2
:107DA000DB0F49C0DB0F4940DB0FC9C0DB0FC94007
:107DB000FFE7FEE781B00090009988684FF6C07237
:107DC000C5F6FF721040886001B0704781B0009026
:107DD000009880684FF6C071C7F6FF710840013007
:107DE0000099886001B0704781B000900098806869
:107DF00040F080504FF6C071C7F6FF7108400099FF
:107E0000886001B07047000081B0009000988068E1
:107E100000F0E07001B0704781B000900098806879
:107E200000F0E07001B0704781B000900098806869
:107E300000F4604001B0704781B000900098806805
:107E400000F01F0001B0704781B00090009880687A
:107E500000F01F0001B0704783B0029001910298BA
:107E6000019900EB8100603000900098006800F0FC
:107E7000F84003B07047000081B000900098C068DF
:107E800000F0007001B0704781B0009000988068E9
:107E9000C0F3C00001B0704781B0009000988068C6
:107EA000C0F3C00001B0704781B000900098C06C72
:107EB00000F4C070B0FA80F0400901B070470000D3
:107EC00081B00090009880684FF6C071C7F6FF71CE
:107ED000084008300099886001B0704781B0009078
:107EE00000988068C0F3407001B0704781B0009086
:107EF0000098806800F0010001B0704781B00090E8
:107F00000098806800F0010001B0704781B00090D7
:107F100000988068C0F3007001B0704781B0009095
:107F200000988068C0F3800001B0704781B0009075
:107F300000988068C0F3800001B0704781B0009065
:107F40000098C06800F44060B0FA80F0400901B0C9
:107F50007047000084B00390029101920398029947
:107F600001F0007100EBD1501430009000980068CF
:107F70000299C1F30452072191408843019991402D
:107F800008430099086004B07047000083B0029075
:107F9000019100920298D0F8B00001996FF3DF418F
:107FA0008843009A02F018034FF6FF72C0F20702EE
:107FB000DA40114008430299C1F8B00003B070479D
:107FC00082B0019000910198806820F47C100099A3
:107FD00008430199886002B07047000082B00190A8
:107FE00000910198806820F0E070009908430199A1
:107FF000886002B07047000085B00490039102923F
:1080000001930498039900EB810060300090009880
:1080100000684FF20001C0F2FF310140029800F009
:10802000F840019A1043084340F00040009908606E
:1080300005B0704784B003900291019203980299B1
:1080400000EB8100603000900098006820F0007024
:10805000019908430099086004B0704784B0039008
:10806000029101920398029900EB81006030009028
:108070000098006820F0807001990843009908601A
:1080800004B0704784B00390029101920398029962
:1080900000EB8100603000900098006820F0004004
:1080A000019908430099086004B0704782B00190BC
:1080B00000910198406920F000400099084301991F
:1080C000486102B07047000082B001908DF8031043
:1080D0009DF80300012813D1FFE7019890ED021AE3
:1080E00090ED032A90ED040A32EE402A21EE021AA6
:1080F00030EE010A80ED050A01994869086107E040
:10810000019900204861019908610199C860FFE761
:1081100002B0704783B002908DED010ACDED000AE8
:108120009DED010A9FED101A20EE010A029880EDE4
:10813000010A009802990860029890ED001A90EDEB
:10814000010A20EE010AB7EE001A30EE011A80EEA5
:10815000010A80ED020A0299002008610299486133
:108160000299C86003B07047DB0FC94080B582B088
:1081700001900620032102220DF1020300F024F8F1
:108180009DF802009DF80310800140EA9100ADF8CF
:108190000000BDF9000000EE100AB8EEC00A9FED25
:1081A000061A20EE010A9FED051A80EE010A0198D9
:1081B00080ED000A02B080BDDB0FC94000008046A0
:1081C00080B501F0B1FF80BD80B582B08DF80600AA
:1081D0008DF805108DF80420009302F06BF89DF8DF
:1081E00006004000C0B202F00DF802F0A7F830B16E
:1081F000FFE702F087F801208DF8070035E09DF8D1
:10820000050001F0FFFF02F099F802F053F89DF825
:10821000060040000130C0B201F0F4FF02F08EF819
:10822000FFE79DF80400D0B1FFE79DF804000128A6
:1082300006D1FFE7002001F09BFF0099087005E0E0
:10824000012001F095FF00990870FFE79DF80400F8
:1082500001388DF80400009801300090E1E702F049
:1082600051F800208DF80700FFE79DF8070002B0E5
:1082700080BD000080B594B0002000901390129053
:10828000119002A83C21F8F7F9F8009940F2C810C3
:10829000C2F2000001904FF0A04202604FF4403261
:1082A00042608160C16001610122426104238361F7
:1082B00001774177026280F8241080F83810C1639A
:1082C00080F84010FBF712FB18B1FFE7F9F71EFF2B
:1082D000FFE70020119040F2C810C2F2000011A97F
:1082E000FAF7EAFF18B1FFE7F9F710FFFFE741F2ED
:1082F0000000C3F260200290092003900020049047
:108300007F2105910421069107900A918DF82C0098
:108310008DF82D008DF82E00A0210C9180210D915B
:108320008DF8380040F2C810C2F2000002A9F9F737
:1083300051FF18B1FFE7F9F7E9FEFFE744F200004B
:10834000C3F6C020029040F20F10039040F2C81014
:10835000C2F2000002A9F9F73DFF18B1FFE7F9F7F3
:10836000D5FEFFE740F60000C2F63060029040F212
:108370001520039040F2C810C2F2000002A9F9F7DC
:1083800029FF18B1FFE7F9F7C1FEFFE748F2000047
:10839000C3F6F060029040F21B30039040F2C81028
:1083A000C2F2000002A9F9F715FF18B1FFE7F9F7CB
:1083B000ADFEFFE714B080BD80B586B0FFE741F2A7
:1083C0004800C4F20200016841F004010160006845
:1083D00000F0040005900598FFE7FFE741F2480030
:1083E000C4F20200016841F001010160006800F080
:1083F000010004900498FFE70D20019000220292F2
:108400001146FCF761FC0198FCF754FC029A0E201F
:1084100003901146FCF758FC0398FCF74BFC06B0A0
:1084200080BD000080B582B040F2F420C2F20000AE
:10843000019046F20041C4F2000101600021416058
:108440008160C1600174417481744FF0180EC0F8EE
:1084500014E0012282614FF0060CC0F81CC0052315
:108460000362C0F824E08262C0F82CC00363426358
:108470008263C163FBF7B8FF18B1FFE7F9F746FE67
:10848000FFE702B080BD000080B58CB000200B90EB
:108490000A90099008900790FFE741F24C00C4F25F
:1084A0000200016841F020010160006800F0200036
:1084B00006900698FFE7FFE741F24C00C4F2020085
:1084C000016841F001010160006800F001000590C1
:1084D0000598FFE7FFE741F24C00C4F20200016893
:1084E00041F004010160006800F004000490049869
:1084F000FFE7FFE741F24C00C4F20200016841F0DF
:1085000002010160006800F0020003900398FFE799
:108510004FF090400190D02100220092FCF720FB08
:1085200000990198102207920122089209910A915C
:1085300007A90291FCF748F9009A01980299C02313
:10854000079311230893099203220A92FCF73CF93E
:108550000CB080BD80B59EB0002001901D901C9095
:108560001B901A90199018901790169015901490CF
:10857000139012901190109003A83421F7F77EFF0A
:10858000019940F2DC30C2F20000029042F6004253
:10859000C4F2010202604160202282604FF46162F5
:1085A000C2600161072242618161FDF7F7FE18B1E7
:1085B000FFE7F9F7ABFDFFE74FF480501A9040F268
:1085C000DC30C2F200001AA9FDF7E6FF18B1FFE7A0
:1085D000F9F79CFDFFE740F2DC30C2F20000FEF745
:1085E0008DFB18B1FFE7F9F791FDFFE70020179029
:1085F0004FF400111891199040F2DC30C2F20000E3
:1086000017A9FDF767FD18B1FFE7F9F77FFDFFE751
:1086100060201090002211921292139214921592DF
:10862000169240F2DC30C2F2000010A9FEF78EFA7A
:1086300018B1FFE7F9F76AFDFFE740F2DC30C2F25C
:10864000000010A90422FEF781FA18B1FFE7F9F73C
:108650005DFDFFE740F2DC30C2F2000010A9082205
:10866000FEF774FA18B1FFE7F9F750FDFFE7702045
:1086700010900120119040F2DC30C2F2000010A9ED
:108680000C22FEF763FA18B1FFE7F9F73FFDFFE7A9
:1086900000200090039004900590322106910790ED
:1086A0004FF40051089109900A900B904FF000711F
:1086B0000C910D900E900F9040F2DC30C2F2000051
:1086C00003A9FDF763FC18B1FFE7F9F71FFDFFE70A
:1086D00040F2DC30C2F20000FEF7CCF91EB080BDE3
:1086E00080B588B000210091079106910591049111
:1086F00003910291019140F22840C2F200004FF034
:108700008042026040F29F524260816042F20F72EA
:10871000C26001618161FDF741FE18B1FFE7F9F721
:10872000F5FCFFE74FF48050049040F22840C2F27D
:10873000000004A9FDF730FF18B1FFE7F9F7E6FCE8
:10874000FFE700200190039040F22840C2F20000B1
:1087500001A9FDF7BFFC18B1FFE7F9F7D7FCFFE768
:1087600008B080BD80B582B040F27440C2F2000013
:10877000009043F60001C4F2010101604FF4E131C1
:108780004160002101918160C16001610C22426160
:108790008161C161016241628162FEF7EFFF18B140
:1087A000FFE7F9F7B3FCFFE740F27440C2F20000C4
:1087B0000021FEF7C5FC18B1FFE7F9F7A7FCFFE7BA
:1087C00040F27440C2F200000021FEF773FC18B1C1
:1087D000FFE7F9F79BFCFFE740F27440C2F20000AC
:1087E000FEF720FC18B1FFE7F9F790FCFFE702B0B5
:1087F00080BD000080B582B040F20850C2F2000097
:10880000009044F60001C4F20001016049F2004109
:10881000C0F211014160002101918160C1600161DC
:108820000C2242618161C161016241628162FEF795
:10883000A5FF18B1FFE7F9F769FCFFE740F2085020
:10884000C2F200000021FEF77BFC18B1FFE7F9F748
:108850005DFCFFE740F20850C2F200000021FEF785
:1088600029FC18B1FFE7F9F751FCFFE740F2085087
:10887000C2F20000FEF7D6FB18B1FFE7F9F746FC9D
:10888000FFE702B080BD0000FFE7FEE7FFE7FEE77D
:1088900088B0079006910592079800F007000490B1
:1088A0000498C0F10700052803D3FFE704200190D6
:1088B00004E00498C0F107000190FFE701980390DD
:1088C00004980430062803D8FFE70020009003E056
:1088D000049803380090FFE70098029006980399E7
:1088E000012202FA01F101390840029B98400599E2
:1088F0009A40013A1140084308B0704784B0039091
:108900008DF80B108DED010A9DF80B00012864D144
:10891000FFE7039890ED031A90ED040A30EE410A48
:1089200080ED050A0398009090ED000A90ED014A51
:1089300090ED021A90ED052A90ED073A32EE435A77
:1089400020EE050A9DED015A24EE054A24EE024A66
:1089500030EE040A33EE033A32EE432A90ED063A43
:1089600032EE032A21EE021A30EE011A90ED080AC7
:1089700030EE010A80ED080A0399C86988610398FE
:1089800090ED031A90ED040A30EE410A80ED070ADB
:10899000039890ED080A90ED091AB4EE410AF1EE41
:1089A00010FA04DDFFE70399486A0862FFE70398BD
:1089B00090ED080A90ED091AB1EE411AB4EE410AA1
:1089C000F1EE10FA08DAFFE7039890ED090AB1EE2C
:1089D000400A80ED080AFFE70DE0039900200861D6
:1089E0000399C860039908620399486103998861F3
:1089F0000399C861FFE704B07047000085B0049098
:108A00008DED030ACDED020A8DED011ACDED001AB0
:108A100003980499086002980499486001980499A1
:108A2000886000980499486205B07047704700005C
:108A300086B041F20C00C4F20200016801F00301AB
:108A400004910068C1B2012000EB1110029004985B
:108A50000090022815D0FFE70098032812D1FFE705
:108A6000029941F20020C0F27A00B0FBF1F041F22D
:108A70000C01C4F202010968C1F3062148430590C4
:108A800011E0FFE7029942F20040C0F2F400B0FBAF
:108A9000F1F041F20C01C4F202010968C1F30621B0
:108AA00048430590FFE741F20C00C4F20200006861
:108AB00000F0C061022000EB11600390059803995B
:108AC000B0FBF1F00190019806B0704770470000CC
:108AD00080B582B0009000980138B0F1807F03D358
:108AE000FFE70120019019E0009801384EF21401CF
:108AF000CEF2000108604FF0FF300F2101F072FC50
:108B00004EF21801CEF20001002008604EF2100271
:108B1000CEF20002072111600190FFE7019802B038
:108B200080BD000080B5FCF737F880BD80B594B0FB
:108B300006A800903821F7F7A1FC002005900490CA
:108B40000390029001904FF40070FCF7DDF800985C
:108B5000012206924FF48031079102210D910323E7
:108B60000E930F92242210921191062212921391C9
:108B7000FCF71CFE18B1FFE7F9F7C8FAFFE70F2072
:108B8000019003200290002003900490059001A81A
:108B90000421FCF7CBFB18B1FFE7F9F7B7FAFFE7C1
:108BA00014B080BD4EF68851CEF20001086840F442
:108BB000700008607047000080B540F22840C2F2A3
:108BC0000000FDF7D7FD80BD83B0029001910298AF
:108BD00000680090029842F60041C4F20101884208
:108BE0001DD0FFE70298B0F1804F18D0FFE7029840
:108BF00040F20041C4F20001884210D0FFE7029821
:108C000040F60001C4F20001884208D0FFE7029854
:108C100043F20041C4F2010188420AD1FFE7009803
:108C200020F070000090019841680098084300907F
:108C3000FFE7029842F60041C4F20101884235D0B4
:108C4000FFE70298B0F1804F30D0FFE7029840F282
:108C50000041C4F20001884228D0FFE7029840F6A4
:108C60000001C4F20001884220D0FFE7029843F2DD
:108C70000041C4F20101884218D0FFE7029844F293
:108C80000001C4F20101884210D0FFE7029844F2CB
:108C90000041C4F20101884208D0FFE7029844F67F
:108CA0000001C4F2010188420AD1FFE7009820F4D4
:108CB000407000900198C168009808430090FFE759
:108CC000009820F0800001994969084300900098BD
:108CD00002990860019880680299C862019800684A
:108CE00002998862029842F60041C4F2010188426A
:108CF00020D0FFE7029843F20041C4F2010188420C
:108D000018D0FFE7029844F20001C4F20101884242
:108D100010D0FFE7029844F20041C4F201018842FA
:108D200008D0FFE7029844F60001C4F2010188422E
:108D300005D1FFE70198006902990863FFE70299EE
:108D40000120486102980069C00730B1FFE702992D
:108D5000086920F001000861FFE703B070470000D8
:108D600084B0039002910192029800F01F0101204B
:108D700088400090009A0399086A9043086201981D
:108D8000029901F01F0100FA01F20399086A1043E9
:108D9000086204B07047000084B003900291019211
:108DA000029800F00F01042088400090009A039977
:108DB000086A904308620198029901F00F0100FAD5
:108DC00001F20399086A1043086204B0704700007A
:108DD00085B00490039102920193049880680090FA
:108DE000009820F47F40009003980299019A41EA8C
:108DF000022101430098084300900098049988607C
:108E000005B0704783B0029001910298806800908D
:108E100000984FF68F71CFF6CF71084000900198FF
:108E20000099084340F0070000900098029988607C
:108E300003B0704785B0049003910498006A0190D4
:108E40000499086A20F001000862049840680090C4
:108E500004988069029002984FF68F71CFF6FE71E8
:108E600008400290029820F00300029003980168E5
:108E7000029808430290019820F0020001900398A4
:108E80008168019808430190049842F60041C4F2B9
:108E90000101884220D0FFE7049843F20041C4F268
:108EA0000101884218D0FFE7049844F20001C4F29F
:108EB0000101884210D0FFE7049844F20041C4F257
:108EC0000101884208D0FFE7049844F60001C4F28B
:108ED000010188420ED1FFE7019820F008000190BF
:108EE0000398C168019808430190019820F004009C
:108EF0000190FFE7049842F60041C4F20101884264
:108F000020D0FFE7049843F20041C4F201018842F7
:108F100018D0FFE7049844F20001C4F2010188422E
:108F200010D0FFE7049844F20041C4F201018842E6
:108F300008D0FFE7049844F60001C4F2010188421A
:108F400013D1FFE7009820F480700090009820F47F
:108F500000700090039841690098084300900398BE
:108F60008169009808430090FFE7009804994860E1
:108F700002980499886103984068049948630198AD
:108F80000499086205B0704785B004900391049875
:108F9000006A01900499086A20F0100008620498A1
:108FA00040680090049880690290029848F6FF712A
:108FB000CFF6FF6108400290029820F440700290C2
:108FC00003980168029840EA01200290019820F07D
:108FD0002000019003988168019840EA01100190F7
:108FE000049842F60041C4F20101884229D0FFE70B
:108FF000049843F20041C4F20101884221D0FFE706
:10900000049844F20001C4F20101884203D1FFE751
:109010000020B0B9FFE7049844F20041C4F2010116
:10902000884203D1FFE7002058B9FFE7049844F6CF
:109030000001C4F20101884212D1FFE7012078B992
:10904000FFE7019820F0800001900398C168019823
:1090500040EA01100190019820F040000190FFE7E4
:10906000049842F60041C4F20101884220D0FFE793
:10907000049843F20041C4F20101884218D0FFE78E
:10908000049844F20001C4F20101884210D0FFE7C5
:10909000049844F20041C4F20101884208D0FFE77D
:1090A000049844F60001C4F20101884215D1FFE79B
:1090B000009820F480600090009820F400600090F8
:1090C00003984169009840EA810000900398816903
:1090D000009840EA81000090FFE7009804994860FA
:1090E00002980499886103984068049988630198FC
:1090F0000499086205B0704785B004900391049804
:10910000006A01900499086A20F48070086204984B
:10911000406800900498C069029002984FF68F71E1
:10912000CFF6FE7108400290029820F003000290F2
:1091300003980168029808430290019820F4007097
:10914000019003988168019840EA012001900498F9
:1091500042F60041C4F20101884229D0FFE7049899
:1091600043F20041C4F20101884221D0FFE7049894
:1091700044F20001C4F20101884203D1FFE700205C
:10918000B0B9FFE7049844F20041C4F201018842FB
:1091900003D1FFE7002058B9FFE7049844F6000127
:1091A000C4F20101884212D1FFE7012078B9FFE73C
:1091B000019820F4006001900398C168019840EA8A
:1091C00001200190019820F480600190FFE704984D
:1091D00042F60041C4F20101884220D0FFE7049822
:1091E00043F20041C4F20101884218D0FFE704981D
:1091F00044F20001C4F20101884210D0FFE7049854
:1092000044F20041C4F20101884208D0FFE704980B
:1092100044F60001C4F20101884215D1FFE700982D
:1092200020F480500090009820F4005000900398A3
:109230004169009840EA0110009003988169009804
:1092400040EA01100090FFE70098049948600298F6
:109250000499C861039840680499C8630198049907
:10926000086205B07047000085B00490039104982F
:10927000006A01900499086A20F4805008620498FA
:10928000406800900498C0690290029848F6FF7107
:10929000CFF6FF6108400290029820F440700290DF
:1092A00003980168029840EA01200290019820F496
:1092B0000050019003988168019840EA01300190C4
:1092C000049842F60041C4F20101884229D0FFE728
:1092D000049843F20041C4F20101884221D0FFE723
:1092E000049844F20001C4F20101884203D1FFE76F
:1092F0000020B0B9FFE7049844F20041C4F2010134
:10930000884203D1FFE7002058B9FFE7049844F6EC
:109310000001C4F20101884212D1FFE7012078B9AF
:10932000FFE7019820F4004001900398C16801987C
:1093300040EA01300190019820F480400190FFE75D
:10934000049842F60041C4F20101884220D0FFE7B0
:10935000049843F20041C4F20101884218D0FFE7AB
:10936000049844F20001C4F20101884210D0FFE7E2
:10937000049844F20041C4F20101884208D0FFE79A
:10938000049844F60001C4F20101884215D1FFE7B8
:10939000009820F480400090009820F40040009055
:1093A00003984169009840EA811000900398816910
:1093B000009840EA81100090FFE700980499486007
:1093C00002980499C8610398406804990864019858
:1093D0000499086205B0704785B004900391049821
:1093E000006A01900499086A20F4803008620498A9
:1093F000406800900498006D029002984FF68F71BB
:10940000CFF6FE7108400290039801680298084365
:109410000290019820F4003001900398816801982F
:1094200040EA01400190049842F60041C4F2010173
:10943000884220D0FFE7049843F20041C4F20101C2
:10944000884218D0FFE7049844F20001C4F20101F9
:10945000884210D0FFE7049844F20041C4F20101B1
:10946000884208D0FFE7049844F60001C4F20101E5
:1094700088420BD1FFE7009820F4803000900398D9
:109480004169009840EA01200090FFE700980499A4
:1094900048600298049908650398406804998864B4
:1094A00001980499086205B07047000085B00490E7
:1094B00003910498006A01900499086A20F48010CE
:1094C00008620498406800900498006D0290029829
:1094D00048F6FF71CFF6FF610840029003980168DB
:1094E000029840EA01200290019820F400100190B7
:1094F00003988168019840EA01500190049842F66F
:109500000041C4F20101884220D0FFE7049843F2F1
:109510000041C4F20101884218D0FFE7049844F2E8
:109520000001C4F20101884210D0FFE7049844F220
:109530000041C4F20101884208D0FFE7049844F6D4
:109540000001C4F2010188420BD1FFE7009820F42A
:109550008020009003984169009840EA81200090A3
:10956000FFE70098049948600298049908650398F9
:1095700040680499C86401980499086205B070476E
:1095800085B00490039102920498006A00900499B7
:10959000086A20F00100086204988069019001982F
:1095A00020F0F00001900299019840EA011001902A
:1095B000009820F00A00009003990098084300905A
:1095C00001980499886100980499086205B0704771
:1095D00085B00490039102920498006A0090049967
:1095E000086A20F0100008620498806901900198D0
:1095F00020F4704001900299019840EA01300190F6
:10960000009820F0A00000900399009840EA011013
:10961000009001980499886100980499086205B047
:109620007047000082B001900198406E40B9FFE79A
:1096300001990120A1F86A000199A1F8680032E0BF
:1096400008208DF803008DF80200019800688068FA
:10965000C0F342608DF80100019800688068400FF7
:109660008DF800009DF802009DF800204BF68473F1
:10967000C0F60003995C48434BF67C71C0F60001CC
:109680008A5CB0FBF2F0019AA2F86A009DF8030030
:109690009DF801209B5C5843895CB0FBF1F0019977
:1096A000A1F86800FFE702B07047000081B00090A9
:1096B000009890F82800000700280BD5FFE70098D5
:1096C0000068406820F40040009A1168926B1043D3
:1096D0004860FFE7009890F82800C00758B1FFE7FE
:1096E00000980068406820F40030009A1168D26A3F
:1096F00010434860FFE7009890F828008007002892
:109700000BD5FFE700980068406820F48030009A8D
:109710001168126B10434860FFE7009890F828002A
:10972000400700280BD5FFE700980068406820F448
:109730008020009A1168526B10434860FFE7009840
:1097400090F82800C00600280BD5FFE700980068B5
:10975000806820F48050009A1168D26B10438860B2
:10976000FFE7009890F82800800600280BD5FFE757
:1097700000980068806820F40050009A1168126C0C
:1097800010438860FFE7009890F828004006002802
:109790001CD5FFE700980068406820F48010009A0C
:1097A0001168526C104348600098406CB0F5801FFF
:1097B0000BD1FFE700980068406820F4C000009AD1
:1097C0001168926C10434860FFE7FFE7009890F83B
:1097D0002800000600280BD5FFE7009800684068C5
:1097E00020F40020009A1168D26C10434860FFE713
:1097F00001B0704780B588B0069006990020C1F886
:109800009000FBF7C3F90590069800680068000710
:1098100000282FD5FFE70698059B6A466FF07E412A
:1098200011604FF40011002200F0C2FB08B3FFE703
:10983000FFE7FFE70698006850E8000F20F080007F
:109840000490FFE704990698026842E80010002897
:10985000F0D1FFE7FFE706992020C1F88800FFE775
:109860000699002081F88400FFE703208DF81F008F
:109870005FE0FFE70698006800684007002842D5CF
:10988000FFE70698059B6A466FF07E4111604FF432
:109890008001002200F08CFBA0B3FFE7FFE7FFE7A9
:1098A0000698006850E8000F20F490700390FFE7DE
:1098B00003990698026842E800100028F0D1FFE7FB
:1098C000FFE7FFE7FFE70698006850E8020F20F087
:1098D00001000290FFE702990698026842E8021030
:1098E0000028F0D1FFE7FFE706992020C1F88C009F
:1098F000FFE70699002081F88400FFE703208DF838
:109900001F0016E0FFE706992020C1F8880006999D
:10991000C1F88C0006990020C86606990867FFE721
:109920000699002081F88400FFE700208DF81F00D1
:10993000FFE79DF81F0008B080BD000080B582B031
:1099400001900198806A009000990020A1F85E00C3
:109950000098FDF743FC02B080BD000084B0039086
:10996000FFE7FFE70398006850E8000F20F49070CD
:109970000290FFE702990398026842E8001000286D
:10998000F0D1FFE7FFE7FFE7FFE70398006850E843
:10999000020F4FF6FE71CEF6FF7108400190FFE70F
:1099A00001990398026842E802100028EDD1FFE710
:1099B000FFE70398C06E012814D1FFE7FFE7FFE738
:1099C0000398006850E8000F20F010000090FFE7B7
:1099D00000990398026842E800100028F0D1FFE7E0
:1099E000FFE7FFE703992020C1F88C0003990020CE
:1099F000C8660399486704B07047000080B582B01C
:109A00000190FFE7FFE70198006850E8000F20F0A1
:109A100040000090FFE700990198026842E80010BA
:109A20000028F0D1FFE7FFE701992020C1F8880066
:109A30000199002088670198FEF782F802B080BD86
:109A400080B592B0119000208DF837001198006811
:109A500048F20001C4F20001884201D1FFE700E0B2
:109A6000FFE7119988680B694A69C969184310436F
:109A70000843109011980068006846F6F311CCF680
:109A8000FF710840109908431199096808601198FE
:109A90000068406820F44050119A1168D268104361
:109AA00048601198806910901198006848F2000190
:109AB000C4F20001884206D0FFE71198016A1098AD
:109AC00008431090FFE71198006880684FF2FF414B
:109AD000C1F2FF1108401099084311990968886084
:109AE00011980068C06A20F00F00119A1168526A3C
:109AF0001043C862FFE71198006843F60001C4F202
:109B00000101884225D1FFE741F28800C4F202003A
:109B1000006800F0030001460A91032814D80A994E
:109B2000DFE801F0020A060E01208DF83D000FE08B
:109B300002208DF83D000BE004208DF83D0007E089
:109B400008208DF83D0003E010208DF83D00FFE770
:109B5000DCE01198006844F20041C4F20001884240
:109B60002AD1FFE741F28800C4F20200006800F049
:109B70000C00014609910C2819D80999DFE801F079
:109B8000071717170F1717170B17171713000020B2
:109B90008DF83D000FE002208DF83D000BE0042021
:109BA0008DF83D0007E008208DF83D0003E010200F
:109BB0008DF83D00FFE7A8E01198006844F6000129
:109BC000C4F2000188422CD1FFE741F28800C4F2C0
:109BD0000200006800F030000146089160B1FFE724
:109BE0000898102810D0FFE70898202808D0FFE731
:109BF000089830280CD00FE000208DF83D000FE0D1
:109C000002208DF83D000BE004208DF83D0007E0B8
:109C100008208DF83D0003E010208DF83D00FFE79F
:109C200072E01198006844F60041C4F200018842D5
:109C30002CD1FFE741F28800C4F20200006800F076
:109C4000C0000146079160B1FFE70798402810D097
:109C5000FFE70798802808D0FFE70798C0280CD0B6
:109C60000FE000208DF83D000FE002208DF83D0050
:109C70000BE004208DF83D0007E008208DF83D0042
:109C800003E010208DF83D00FFE73CE011980068EC
:109C900048F20001C4F2000188422FD1FFE741F2EF
:109CA0008800C4F20200006800F44060014606919A
:109CB00078B1FFE70698B0F5806F12D0FFE70698FD
:109CC000B0F5006F09D0FFE70698B0F5406F0CD0F3
:109CD0000FE000208DF83D000FE002208DF83D00E0
:109CE0000BE004208DF83D0007E008208DF83D00D2
:109CF00003E010208DF83D00FFE703E010208DF811
:109D00003D00FFE7FFE7FFE7FFE7FFE7FFE7119809
:109D1000006848F20001C4F20001884240F07E80F1
:109D2000FFE79DF83D0001460591082819D80599DF
:109D3000DFE801F0051709170F1717171300FBF7D6
:109D40008FFC0B9013E042F20040C0F2F4000B9045
:109D50000DE0FBF7ADFC0B9009E04FF400400B90D9
:109D600005E000200B9001208DF83700FFE70B98ED
:109D7000002852D0FFE70B9811994A6A4BF68C7174
:109D8000C0F6000131F81210B0FBF1F00C900C9805
:109D90001199496801EB4101884207D3FFE70C980C
:109DA00011994968B0EB013F04D9FFE701208DF814
:109DB000370031E00B9811994A6803924A6A4BF6D2
:109DC0008C71C0F6000131F812200023049319466B
:109DD000F6F7D0FA039A049B090241EA10610002E7
:109DE00010EB520041F10001F6F7C4FA0E900E9804
:109DF000B0F5407F0BD3FFE70E990020B0EB115F69
:109E000005D1FFE70E9811990968C86003E00120A9
:109E10008DF83700FFE7FFE7FFE7B9E01198C06969
:109E2000B0F5004F61D1FFE79DF83D00014602917A
:109E300008281DD80299DFE801F005090D1B131B46
:109E40001B1B1700FBF70CFC0B9017E0FBF71CFC2F
:109E50000B9013E042F20040C0F2F4000B900DE0D2
:109E6000FBF726FC0B9009E04FF400400B9005E057
:109E700000200B9001208DF83700FFE70B9898B376
:109E8000FFE70B98119A5168536A4BF68C72C0F633
:109E9000000232F81320B0FBF2F0400000EB51005A
:109EA000B0FBF1F00E900E98102818D3FFE7BDF824
:109EB0003A00A0B9FFE70E9820F00F00ADF83E0081
:109EC0000E9800F00E01BDF83E0040EA5100ADF8DA
:109ED0003E00BDF83E0011990968C86003E001200A
:109EE0008DF83700FFE7FFE751E09DF83D000146A0
:109EF000019108281DD80199DFE801F005090D1B23
:109F0000131B1B1B1700FBF7ABFB0B9017E0FBF7BA
:109F1000BBFB0B9013E042F20040C0F2F4000B9048
:109F20000DE0FBF7C5FB0B9009E04FF400400B90F0
:109F300005E000200B9001208DF83700FFE70B981B
:109F400020B3FFE70B98119A5168536A4BF68C7255
:109F5000C0F6000232F81320B0FBF2F000EB510023
:109F6000B0FBF1F00E900E9810280AD3FFE7BDF871
:109F70003A0030B9FFE7BDF8380011990968C860A8
:109F800003E001208DF83700FFE7FFE7FFE7FFE779
:109F900011990120A1F86A001199A1F8680011999E
:109FA00000204867119988679DF8370012B080BD7E
:109FB00080B586B0DDF820C0049003918DF80B20A9
:109FC0000193FFE704980068C06903990840401AAC
:109FD000B0FA80F040099DF80B10884266D1FFE787
:109FE00008980130002860D0FFE7FAF7CFFD01990B
:109FF000401A0899884203D8FFE7089820B9FFE77C
:10A0000003208DF8170055E00498006800684007A9
:10A01000002849D5FFE70398802845D0FFE703983B
:10A02000402841D0FFE704980068C06900F00801AB
:10A030000120B0EBD10F16D1FFE70498016808208A
:10A04000009008620498FFF789FC00980499C1F811
:10A050009000FFE70499002081F88400FFE70120C9
:10A060008DF8170026E004980068C06900F40061CC
:10A070000120B0EBD12F16D1FFE7049801684FF40F
:10A08000006008620498FFF769FC04992020C1F879
:10A090009000FFE70499002081F88400FFE7032087
:10A0A0008DF8170006E0FFE7FFE78BE700208DF84B
:10A0B0001700FFE79DF8170006B080BD80B540F29D
:10A0C0000850C2F20000FDF78DF880BDFFE7FEE703
:10A0D00080B5FFE74FF0904040210022FAF740FDA5
:10A0E000FFE700F01DF8FFE74FF0904080210122CC
:10A0F000FAF736FDFFE700F013F8FFE74FF0904066
:10A1000080210022FAF72CFDFFE700F009F8FFE7B5
:10A110004FF0904040210122FAF722FDFFE780BD79
:10A1200081B001B07047000080B500F0EBF880BD51
:10A1300080B5FFE74FF0904040210122FAF710FD73
:10A14000FFE7FFF7EDFFFFE74FF09040802101228E
:10A15000FAF706FDFFE7FFF7E3FFFFE74FF0904058
:10A1600080210022FAF7FCFCFFE7FFF7D9FF80BD52
:10A1700080B582B08DF8070000208DF805008DF8BD
:10A180000600FFE79DF8060007282DDCFFE79DF895
:10A19000050040008DF80500FFE74FF0904080215A
:10A1A0000122FAF7DDFCFFE7FFF7BAFF4FF090401E
:10A1B0004021FAF7BDFC30B1FFE79DF80500013002
:10A1C0008DF80500FFE7FFE74FF090408021002267
:10A1D000FAF7C6FCFFE7FFF7A3FFFFE79DF80600CD
:10A1E00001308DF80600CDE79DF8070018B9FFE7AC
:10A1F000FFF79EFF02E0FFF76BFFFFE79DF805000A
:10A2000002B080BD80B582B08DF8070000208DF8C7
:10A210000600FFE79DF80600072848DCFFE79DF8E9
:10A2200007000006002809D5FFE7FFE74FF0904040
:10A2300040210122FAF794FCFFE708E0FFE74FF026
:10A24000904040210022FAF78BFCFFE7FFE7FFF781
:10A2500067FFFFE74FF0904080210122FAF780FC72
:10A26000FFE7FFF75DFFFFE74FF0904080210022FE
:10A27000FAF776FCFFE79DF80600072809D1FFE70B
:10A28000FFE74FF0904040210122FAF769FCFFE719
:10A29000FFE79DF8070040008DF80700FFF740FF3B
:10A2A000FFE79DF8060001308DF80600B2E702B026
:10A2B00080BD000080B5FFE74FF0904040210122B3
:10A2C000FAF74EFCFFE7FFE74FF0904080210122B4
:10A2D000FAF746FCFFE7FFF723FFFFE74FF0904058
:10A2E00040210022FAF73CFCFFE7FFF719FFFFE7E8
:10A2F0004FF0904080210022FAF732FCFFE7FFF791
:10A300000FFF80BD80B5FFE74FF090404021002255
:10A31000FAF726FCFFE7FFE74FF09040802101228B
:10A32000FAF71EFCFFE7FFF7FBFEFFE74FF0904058
:10A3300040210122FAF714FCFFE780BD80B582B00E
:10A34000FFE74FF0904040210122FAF709FCFFE7B8
:10A35000FFF7E6FEFFE74FF0904080210122FAF779
:10A36000FFFBFFE7FFF7DCFE4FF090404021FAF7DC
:10A37000DFFB20B1FFE701208DF8070003E000209C
:10A380008DF80700FFE7FFE74FF0904080210022A3
:10A39000FAF7E6FBFFE7FFF7C3FE9DF8070002B000
:10A3A00080BD000081B08DF803009DF903000028F6
:10A3B0000ED4FFE79DF9031001F01F020120904029
:10A3C0004A094EF20011CEF2000141F82200FFE7E7
:10A3D00001B070474EF60C50CEF200000068C0F39A
:10A3E0000220704782B08DF8070000919DF90700A8
:10A3F00000280AD4FFE7009800019DF907104EF2EB
:10A400000042CEF2000288540BE0009800019DF853
:10A41000071001F00F014EF61452CEF200028854DC
:10A42000FFE702B07047000083B00290029800F08E
:10A43000070000904EF60C51CEF200010868019022
:10A4400001984FF6FF02104001900198009A40EAEF
:10A4500002200022C0F2FA521043019001980860D5
:10A4600003B0704780B588B0079006918DED050A5E
:10A470009DED050A01F016F8079890ED001A20EE00
:10A48000010A8DED000A9DED050A9FED351A8DED4F
:10A49000021A30EE410A01F005F89DED021AB0EE05
:10A4A000402A9DED000A079890ED013A22EE032A1A
:10A4B00030EE020A8DED010A9DED050A30EE010A2B
:10A4C00000F0F0FFB0EE401A9DED010A079890ED04
:10A4D000022A21EE021A30EE010A9FED221A20EE26
:10A4E000010A069880ED000A9DED050A01F082F848
:10A4F0009DED021A079890ED002A20EE020A8DEDDC
:10A50000030A9DED050A30EE410A01F073F89DED56
:10A51000021AB0EE402A9DED030A079890ED013A29
:10A5200022EE032A30EE020A8DED040A9DED050AA3
:10A5300030EE010A01F05EF8B0EE401A9DED040A1B
:10A54000079890ED022A21EE021A30EE010A9FEDE3
:10A55000061A20EE010A069880ED010A08B080BDB7
:10A56000920A0640ABAA2A3FABAA2ABF80B588B0A0
:10A57000079006918DED050A9DED050A00F092FF0A
:10A58000079890ED001A20EE010A8DED010A9DED6D
:10A59000050A01F02FF8B0EE401A9DED010A079868
:10A5A00090ED012A21EE021A30EE410A069880ED64
:10A5B000000A9DED050A9FED261A8DED031A30EE77
:10A5C000410A00F06FFF9DED031A079890ED002AF5
:10A5D00020EE020A8DED020A9DED050A30EE410AD9
:10A5E00001F008F89DED031AB0EE402A9DED020A35
:10A5F000079890ED013A22EE032A30EE420A0698BF
:10A6000080ED010A9DED050A30EE010A00F04AFFD7
:10A610009DED031A079890ED002A20EE020A8DEDB9
:10A62000040A9DED050A30EE010A00F0E3FFB0EEEA
:10A63000401A9DED040A079890ED012A21EE021AB6
:10A6400030EE410A069880ED020A08B080BD00BFD6
:10A65000920A064080B58AB009908DED080A0791EC
:10A66000099890ED000A8DED000AD0ED010A90EDF9
:10A67000021A00F0B5F8B0EE402A9DED000AB6EEE1
:10A68000001A8DED021A22EE012A30EE020A8DED3B
:10A69000060A9DED060A9DED082A80EE020A30EEBC
:10A6A000010A079880ED000A099890ED000AD0EDA4
:10A6B000010ACDED010A90ED021A00F091F89DED2E
:10A6C000021AB0EE402A9DED010A22EE012A30EE78
:10A6D000020A8DED050A9DED050A9DED082A80EE22
:10A6E000020A30EE010A079880ED010A099890ED00
:10A6F000000AD0ED010A90ED021A8DED031A00F068
:10A700006FF89DED021AB0EE402A9DED030A22EE8D
:10A71000012A30EE020A8DED040A9DED040A9DED3A
:10A72000082A80EE020A30EE010A079880ED020A3C
:10A730000AB080BD80B584B00390029103988DF873
:10A74000070040F20850C2F200000DF1070101229B
:10A750004FF0FF33FDF758F9039804B080BD0000B7
:10A7600084B08DED030ACDED020A8DED011A0020B3
:10A7700000909DED030A9DED021AB4EE410AF1EE40
:10A7800010FA0DDBFFE79DED030A9DED011AB4EE13
:10A79000410AF1EE10FA03DBFFE7039800901AE09C
:10A7A0009DED020A9DED031AB4EE410AF1EE10FA96
:10A7B0000DDBFFE79DED020A9DED011AB4EE410AA3
:10A7C000F1EE10FA03DBFFE70298009002E0019837
:10A7D0000090FFE7FFE79DED000A04B0704700001E
:10A7E00080B586B08DED050ACDED040A8DED031A16
:10A7F000002002909DED050ADDED040A30EE202ACE
:10A800009DED031A32EE012A8DED002AFFF7A8FF15
:10A81000B0EE401A9DED000A30EE410A8DED010ABE
:10A820009DED050ADDED040A9DED031A00F00CF81C
:10A83000B0EE401A9DED010A30EE410A8DED020A9C
:10A840009DED020A06B080BD84B08DED030ACDED0A
:10A85000020A8DED011A002000909DED030A9DED86
:10A86000021AB4EE410AF1EE10FA0DDCFFE79DED9D
:10A87000030A9DED011AB4EE410AF1EE10FA03DC71
:10A88000FFE7039800901AE09DED020A9DED031A80
:10A89000B4EE410AF1EE10FA0DDCFFE79DED020A7D
:10A8A0009DED011AB4EE410AF1EE10FA03DCFFE768
:10A8B0000298009002E001980090FFE7FFE79DED0D
:10A8C000000A04B07047000080B582B000200190FB
:10A8D000FAF770F9FEF72AF9FDF7D6FDFDF76CFDE2
:10A8E000FDF738FEFDF7C6FCFDF73CFFFDF79AFDCE
:10A8F000FDF780FFFDF7F4FE00F04CF8FFE7FEE700
:10A9000085B004908DED030ACDED020A9DED040A99
:10A91000B8EEC00A9DED031A20EE010A9DED021A61
:10A9200030EE410A8DED010A01980090FFE79DEDA0
:10A93000000A9FED141AB4EE410AF1EE10FA09DA9A
:10A94000FFE79DED000A9FED121A30EE010A8DED32
:10A95000000AECE7FFE79DED000A9FED0B1AB4EE4D
:10A96000410AF1EE10FA09DDFFE79DED000A9FEDC7
:10A97000071A30EE010A8DED000AECE79DED000AA2
:10A9800005B07047DB0F49C0DB0F4940DB0FC9C082
:10A99000DB0FC94080B5A8B040F2D850C2F2000029
:10A9A0009FEDBA0ADFEDBA0ACDED210A9FEDB91A83
:10A9B0008DED231ADFEDB81ACDED221AFEF71EF841
:10A9C000DDED210ADDED221A9DED231A40F21C6017
:10A9D000C2F200009FEDB10AFEF710F89DED231AB8
:10A9E00040F24860C2F200009FEDAD0ADFEDAD0A13
:10A9F000F0EE001AFEF702F840F2C050C2F200007A
:10AA00009FEDA90A8DED250ADFEDA80ACDED240AF8
:10AA1000FDF780FBDDED240A9DED250A40F2046080
:10AA2000C2F20000FDF776FBDDED240A9DED251A4C
:10AA300040F25830C2F20000B7EE080ADFED9C1A6F
:10AA40009FED9C2AFDF78CF840F2A810C2F200009E
:10AA5000072101229FED980AF7F742FB40F2C81048
:10AA6000C2F20000279002682021116001680420D2
:10AA7000086040F2DC30C2F200002690FBF720FDB7
:10AA800026980C21FCF796F92798F8F70FFBFFE7BB
:10AA900040F27A60C2F20000007820B9FFE701209E
:10AAA000F9F716FBF4E740F2DC30C2F20000209028
:10AAB00000211D91FCF77EF9209804211E91FCF7DE
:10AAC00079F9209808211F91FCF774F91D992098B5
:10AAD000FBF7A0FB1E992098FBF79CFB1F99209881
:10AAE000FBF798FBFFE740F27960C2F200000078C4
:10AAF00001461C91032800F2B7801C99DFE801F0A1
:10AB000002376C9040F29C11C2F2000108684A685A
:10AB100014928968169101F007F90246149815926B
:10AB20000A46159942EC101B8DED1A0B01F0FCF84A
:10AB30000246169817920A46179942EC101B8DEDA3
:10AB4000180B01F0F1F89DED181B9DED1A0B41EC6F
:10AB5000120B684680ED022B80ED001B53EC102B8E
:10AB60004BF6B470C0F60000F5F77CFC7DE040F2D7
:10AB70009C51C2F2000108684A680C9289680E91E3
:10AB800001F0D2F802460C980D920A460D9942EC5B
:10AB9000101B8DED120B01F0C7F802460E980F92B4
:10ABA0000A460F9942EC101B8DED100B01F0BCF81A
:10ABB0009DED101B9DED120B41EC120B684680EDD4
:10ABC000022B80ED001B53EC102B4BF6A470C0F64B
:10ABD0000000F5F747FC48E040F25830C2F20000B0
:10ABE000816D0891806E01F09FF8024608980992E5
:10ABF0000A46099942EC101B8DED0A0B01F094F8FE
:10AC00009DED0A0B41EC110B684680ED001B53ECE7
:10AC1000102B4BF6C470C0F60000F5F723FC24E0BF
:10AC200040F25830C2F20000C16D0491C06E01F0D4
:10AC30007BF80246049805920A46059942EC101BDF
:10AC40008DED060B01F070F89DED060B41EC110B3C
:10AC5000684680ED001B53EC102B4BF6D670C0F607
:10AC60000000F5F7FFFB00E0FFE740F27860C2F27A
:10AC70000000007840B9FFE740F25831C2F200010D
:10AC8000002081F84D00FFE72DE700BFB537783C85
:10AC9000675BA44200000000D8B3DD400D349F3C48
:10ACA000A4C40E3D65E4003F0000FA4417B75139D3
:10ACB00000401C4600004842C49941405FEA400CF5
:10ACC00008BF91F0000F4FEA8C234FEAC12243EAFC
:10ACD00051514FEA1C5018BF00F5F0404FEA3000C8
:10ACE00018BF41F000415FEA6C5C00F02980BCF1C4
:10ACF000FF3F08BF40F080407047130C06BF1204AE
:10AD00004FF0100C4FF0000C130E04BF12020CF1A8
:10AD1000080C130F04BF12010CF1040C930F04BFB5
:10AD200092000CF1020CD30F04BF52000CF1010C85
:10AD300011464FF00002A0F11F00A0EB0C0070477D
:10AD400011F0004F08BF704731F000413FF4D5AF1C
:10AD50000B0C06BF09044FF0100C4FF0000C0B0E4B
:10AD600004BF09020CF1080C0B0F04BF09010CF120
:10AD7000040C8B0F04BF89000CF1020CCB0F04BF35
:10AD800049000CF1010CCCF1200322FA03F341EA53
:10AD9000030102FA0CF2A0EB0C0000F10100704775
:10ADA00023F07F4720F07F4C80EA030000F0004052
:10ADB000ACEB070303F57C5303F1FF032DE9804956
:10ADC00009B44FEA144324EA03484FEA154B25EA35
:10ADD0000B4E0FF2042606EB13273E7803FB0667A3
:10ADE000C7F5000707FB06F64FEAD64606F102064E
:10ADF0004FEA543707FB066CCCF1005C4FEA1C4766
:10AE00002CEA074C0CFB06F507FB06F404EB154691
:10AE10004FEA961649085FEA320234BF00204FF02D
:10AE200000404FEAD13706FB07FC4FEA1C4C0CFBF5
:10AE30000BF7D21B03FB0CF761EB07010CFB0EF7C2
:10AE4000B0EB074072EB17420CFB08F734BFA2EBE4
:10AE50000742B2EB074261EB17414FEA0C444FEA5D
:10AE6000910706FB07FC4FEA1C4C0CFB0BF7B0EB01
:10AE7000C74072EB573203FB0CF734BFA2EBC7425B
:10AE8000B2EBC74261EB57310CFB0EF7B0EBC700DA
:10AE900072EB57720CFB08F734BFA2EBC702B2EBA0
:10AEA000C70261EB57714FEA816141EA92114FEAA3
:10AEB000826242EA90124FEA806004EBCC04039F66
:10AEC0004FEAD13706FB07FC4FEA1C4C0CFB0BF793
:10AED000D21B03FB0CF761EB07010CFB0EF7B0EB89
:10AEE000074072EB17420CFB08F734BFA2EB074296
:10AEF000B2EB074261EB17414FEA8C5504EB9C24FF
:10AF00004FEA910706FB07FC4FEA1C4C0CFB0BF7C2
:10AF1000B0EBC74072EB573203FB0CF734BFA2EB28
:10AF2000C742B2EBC74261EB57310CFB0EF7B0EBF7
:10AF3000C70072EB57720CFB08F734BFA2EBC702D5
:10AF4000B2EBC70261EB57714FEA816141EA92119E
:10AF50004FEA826242EA90124FEA806015EB4C257C
:10AF600044F100044FEAD13706FB07FC4FEA1C4CC2
:10AF70000CFB0BF7D21B03FB0CF761EB07010CFB7F
:10AF80000EF7B0EB074072EB17420CFB08F734BF2B
:10AF9000A2EB0742B2EB074261EB17414FEA813166
:10AFA00041EA92414FEA823242EA90424FEA8030CF
:10AFB0004FEA0C7615EB1C1544F1000448EA0343F4
:10AFC0004EEA0B484FF0000EB2EB080C71EB030792
:10AFD00024BF624639464EEB0E0E4FF0000B0018B0
:10AFE000524149414BEB0B0BB2EB080C71EB0307E1
:10AFF0007BF1000B24BF624639464EEB0E0E4FF03C
:10B00000000B0018524149414BEB0B0BB2EB080C03
:10B0100071EB03077BF1000B24BF624639464EEB10
:10B020000E0E51EA020718BF46F0010616EB0E7627
:10B0300055F1000254F1000103D5BDE88901BDE8D6
:10B040000088BDE88901BDE80048B619524141EBCE
:10B050000101A3F10103704780807F7E7D7C7B7AB4
:10B060007978777676757473727171706F6E6E6DB4
:10B070006C6C6B6A6A69686867666665646463635A
:10B0800062616160605F5F5E5E5D5D5C5C5B5B5AE0
:10B090005A5959585857575656555555545453534D
:10B0A00052525251515050504F4F4F4E4E4D4D4DA8
:10B0B0004C4C4C4B4B4B4A4A4A49494948484847F3
:10B0C0004747474646464545454444444443434331
:10B0D00043424242424141419C46002B30D47700DA
:10B0E0002BD04FEA37071CB503B44FF010004FF0D8
:10B0F0001001BAF1000F06D0BCF1000FDCBF40F028
:10B10000080040F008014FF000000FBCBDE81040FF
:10B110000BF1010BBBF1010F08BF5FEA170722BF5C
:10B1200012F1010211F101014FF0004143F100035E
:10B1300000F0004043EA00007047F9D35708D0E719
:10B1400046EA06464FEA164613F1400F1FDD13F19B
:10B15000200FDFBF16430A46002120335B42BED0DA
:10B16000C3F1200746EA06464FEA164602FA07F7F9
:10B1700046EA070622FA03F2C3F1200701FA07F7AD
:10B1800042EA070221FA03F14FF00003A7E746EA7B
:10B19000020646EA06464FEA164646EA0106BCBFE4
:10B1A00046EA0646360C4FF000034FF000024FF01F
:10B1B000000194E72DE9804C70B49A46934691E8DB
:10B1C000380007C831EA400C48BF34EA430C03D5C5
:10B1D000FFF7E6FDFFF780FFF0BCBDE8008C2DE92E
:10B1E000804C70B49A46934691E8380007C810F036
:10B1F000804F08BF13F0804F03D100F005F8FFF730
:10B200006BFFF0BCBDE8008C20F07F4723F07F4C43
:10B2100080EA030000F0004007EB0C03A3F57C5329
:10B22000A3F1FE0392F0000F00F0B38095F0000F41
:10B2300000F077802DE901494FEA114021EA0048EA
:10B240004FEA144624EA064700FB06FC08FB06F614
:10B2500007FB08F818EB06484CEB164C00FB07F709
:10B2600018EB07484CEB17404FEA124B22EA0B4E03
:10B270004FEA154625EA06470BFB06FC0EFB06F6D1
:10B2800007FB0EFE1EEB064E4CEB164C0BFB07F7B6
:10B290001EEB074E4CEB174B18EB0B0840F1000070
:10B2A00018EB0E0B58EB000840F100008F1A4FF01E
:10B2B00000014FF000063CBFC943661B14BFB5EB4D
:10B2C000040C00213CBFC943F61B4FEA174427EA90
:10B2D00004454FEA1C472CEA074C04FB076205FBB8
:10B2E00007F70CFB05F616EB074642EB174204FB8B
:10B2F0000CFC16EB0C4642EB1C421BEB060658EB13
:10B30000020241414EEA8E0E46EA9E0601D5BDE894
:10B310000189B619524141EB0101A3F10103BDE8D6
:10B3200001894FEA144524EA05464FEA114721EA0C
:10B33000074C05FB07F406FB07F70CFB06F111EBC6
:10B34000074144EB174405FB0CFC11EB0C4144EBAB
:10B350001C444FEA124722EA074C05FB07F206FBA2
:10B3600007F70CFB06F616EB074642EB174205FB08
:10B370000CFC16EB0C4642EB1C456A1854F100011C
:10B3800048BF7047B619524141EB0101A3F10103D7
:10B39000704795F0000F37D04FEA114221EA02467C
:10B3A0004FEA144724EA074C02FB07F106FB07F7B4
:10B3B0000CFB06F414EB074441EB174102FB0CFCB9
:10B3C00014EB0C4441EB1C414FEA154725EA074CAE
:10B3D00002FB07F506FB07F70CFB06F616EB074624
:10B3E00045EB174502FB0CFC16EB0C4645EB1C42EB
:10B3F000121951F1000148BF7047B619524141EB93
:10B400000101A3F1010370474FEA144524EA054600
:10B410004FEA114721EA074C05FB07F106FB07F746
:10B420000CFB06F212EB074241EB174105FB0CFC4B
:10B4300012EB0C4251EB1C414FF0000648BF704725
:10B44000921841EB0101A3F10103704703B4019885
:10B450004100009850EAC12018BF04204A0D18BFCF
:10B4600040F0010040F2FF72B2EB515F08BF40F0C4
:10B470000200012808BF052002B070474100080201
:10B4800018BF04200A0E18BF40F001004FF07F42A1
:10B4900032EA010108BF40F00200012808BF052080
:10B4A0007047000010EE101A08B5444A6846B2EB27
:10B4B000410F28D94FF0E640B0EB410F94BF002078
:10B4C0004FF0FF3000900098002861DB60EE000A2A
:10B4D00010F0010F45D010F0020FDFED391A9FED8B
:10B4E000391A00EEA11ADFED381A40EE811A21EE6A
:10B4F000A01AF0EE400A40EE010A08BFF1EE600A21
:10B50000B0EE600A08BD314B21F0004293423CD9B5
:10B5100011F0004FDFED2E0A20EE201ADFED2D0A8C
:10B5200019BF31EE601A71EE200A31EE201A71EE69
:10B53000600ABDEEE01A11EE100A9FED271A00F026
:10B54000030000EEC10A9FED251A009000EEC10A2B
:10B550009FED231A00EEC10A9FED221A00EEC10AE8
:10B56000B1E79FED211A9FED210A10F0020F00EEC6
:10B57000810A9FED1F1A00EE801AB7EE000A00EE56
:10B58000810A18BFB1EE400A08BD00F00FF99AE732
:10B5900010EE100A4000B0F17F4F3CBFB7EE000A3A
:10B5A00008BD07D14FF00100F4F797FFBDE8084050
:10B5B00000F0ECB8BDE8084000F0E4B8B61F927E99
:10B5C000336D4CB9DA82083CA0AA2ABE490E49461E
:10B5D00083F9223F0000004B0000C93F00A0FD3965
:10B5E0000020A2331A61342CB93AB2BACA9F2A3D5C
:10B5F000DDFFFFBE00B510EE101A2DED028B81B0FD
:10B60000524A6846B2EB410F2ED94FF0E640B0EBFC
:10B61000410F94BF00204FF0FF3000900098B0EE33
:10B62000408A00286ADB10F0010F4BD068EE080A50
:10B630009FED471A9FED470A00EE810A9FED461ADB
:10B6400010F0020F00EE801AB7EE000A00EE810A39
:10B6500002BF01B0BDEC028B00BD00BF01B0B1EE76
:10B66000400ABDEC028B00BD3C4B21F000429342EE
:10B6700041D911F0004FDFED3A0A20EE201ADFED3C
:10B68000390A19BF31EE601A71EE200A31EE201A24
:10B6900071EE600ABDEEE01A11EE100A9FED321A4B
:10B6A00000F0030000EEC10A9FED301A009000EE9A
:10B6B000C10A9FED2F1A00EEC10A9FED2E1A00EE6F
:10B6C000C10AABE728EE080A9FED2B1ADFED2B0A23
:10B6D00010F0020F40EE010A9FED291A00EE201A29
:10B6E00061EE000AB0EE480A08EE200AB6D101B0B9
:10B6F000BDEC028B00BD00F059F88FE718EE100A80
:10B700004000B0F17F4F0DD218EE100AFFF7B6FEE1
:10B71000042808BF00F042F8B0EE480A01B0BDECC2
:10B72000028B00BD09D10120F4F7D7FE01B0BDECBA
:10B73000028B5DF804EB00F029B801B0B0EE480AC6
:10B74000BDEC028B5DF804EB00F01CB8B61F927ED6
:10B75000B93AB2BACA9F2A3DDDFFFFBE490E49463B
:10B7600083F9223F0000004B0000C93F00A0FD39D3
:10B770000020A2331A61342C336D4CB9DA82083CB4
:10B78000A0AA2ABE30EE000A70470000DFED020AD0
:10B7900080EEA00A70470000000000009FED020A42
:10B7A00020EE000A70470000000000102DE9F001B3
:10B7B0004FF07F42B2EB410F9FBF4FF0FF3101606E
:10B7C000BDE8F00170474FF0004242EA0123C1F3A7
:10B7D000C752783A551112F01F0C434CCCF1200699
:10B7E0007C44C1F3C752A2F178024FEA621204EB23
:10B7F000820254F8254008BFD2E9015612D055689C
:10B8000004FA0CF425FA06F73C43976805FA0CF5A0
:10B8100027FA06F8D26807FA0CFCF24045EA080558
:10B820004CEA0206A4FB034CA5FB0352A6FB0363F0
:10B830001D449D4234BF012600261319334416B11E
:10B84000934202D903E0934201D2012200E0002298
:10B85000624402F1200C9206DC0C42EA443200EE13
:10B86000102A5B03DFED210AF8EEC01A00EE103A51
:10B870004FEA9C1C11F0004FB8EE400AC0F800C01F
:10B8800020EE201A00EE105ADFED190AB8EE400A39
:10B8900020EE200A71EE810A70EE800A10EE902AE6
:10B8A00002F500626FF30B0200EE902A70EEE11ACF
:10B8B00031EEC11ADFED101A30EE411A9FED0D0A7C
:10B8C00020EE800A01EE210A9FED0C1A00EE810A9B
:10B8D00004BFBDE8F0017047CCF180510160BDE8C4
:10B8E000F001B1EE400A70479806000000000036F3
:10B8F0000000802C22AAFD29DB0FC92F0000C92FD0
:10B9000030380A2801D2012070470020704700001B
:10B9100010B500290AD00878002807D005487844D7
:10B92000F6F762F9002801D0002010BD02487844E3
:10B9300010BD0000EA060000E206000010B5002974
:10B940000AD00878002807D005487844F6F74CF963
:10B95000002801D0002010BD0248784410BD00002E
:10B96000DA060000D206000021F0004201F0004398
:10B97000A2F16052B2F5801F28BFD2F17F6C0BD9C3
:10B980005FEA001C43EAC20242EB507018BF7047E6
:10B9900028BF20F001007047B2F5801FBCBF1846D9
:10B9A00070474FEA410C1CF5001F02D2084600F018
:10B9B00039BA70B500F064F900000089FFF7F6BFEE
:10B9C0004FF00040A0F58000704700002DE9C04115
:10B9D00030B4DFF8A4C23CEA111418BF3CEA1314D7
:10B9E00000F0ED801CEA111481EA030544EAD574E5
:10B9F00018BF1CEA131500F0C880A4EB050404F17D
:10BA00007F7404F500344FF0004545EAC12145EA52
:10BA1000C32341EA505143EA52534FEAC0204FEA50
:10BA2000C222994208BF904200F09D804FEA136500
:10BA30000FF24416765D4FEA134506FB05F7C7F192
:10BA4000807706FB07F74FEAD737A7FB03687642F4
:10BA5000A7FB06CEC8F5803838BFA8F1010807FB60
:10BA600008E6A6FB028C4FF0000EE6FB03CEDCF1ED
:10BA7000000CCEF1004E38BFAEF1010EA6FB0C5803
:10BA80004FF00007E6FB0E87A1FB08C6A0FB07CE20
:10BA900016EB0E064FF0000545F10005E1FB0765CA
:10BAA00015F1E04E7EBFA4F580345FEA46066D4195
:10BAB00016F1800745F100054FEA172747EA0567A9
:10BAC0004FEA15254FEA0666A6F1DE46B6F1805F1D
:10BAD00020D9384605EBC47124F0010C01EB0C11A0
:10BAE000BCF1FE6F02D8F0BCBDE8008124425CBF0F
:10BAF00001F5801E9EEAC47F02D4F0BCBDE800813F
:10BB0000244200F13980A1F1C041F0BCBDE8004100
:10BB100000F004B94FEAD02040EA41504FEAD12169
:10BB20004FEAD22242EA43524FEAD323A7FB0286CE
:10BB300007FB036605FB02661EEA0E0F58BFA6EB65
:10BB40000056B6EB00564FEA520E4EEAC37E18EB93
:10BB50000E0E56EB530EBCD518EB02085E417F1C4F
:10BB600055F10005B5E74FF480154FF000074FF091
:10BB700000064FF00008ACE701F1C04101F00041C0
:10BB80004FF00000F0BCBDE800810CEA131511EA8B
:10BB90000C1F00D00CE013EA0C1F00F026804FF0C1
:10BBA000000081EA030101F00041F0BCBDE8008122
:10BBB000F0BCBDE8004181EA030100F0AFB8F0BC81
:10BBC000BDE8004170B500F05BF800BF097EFC3EA7
:10BBD00000F007B84FF0000081EA030101F00041D6
:10BBE000704781EA030100F099B8F0BCBDE800415C
:10BBF00022494FF000007047FFFDFBF9F7F5F4F222
:10BC0000F0EEEDEBE9E8E6E4E3E1E0DEDDDBDAD8F7
:10BC1000D7D5D4D3D1D0CFCDCCCBCAC8C7C6C5C455
:10BC2000C2C1C0BFBEBDBCBBBAB9B8B7B6B5B4B36C
:10BC3000B2B1B0AFAEADACABAAA9A8A8A7A6A5A457
:10BC4000A3A3A2A1A09F9F9E9D9C9C9B9A9999981B
:10BC50009797969595949393929191908F8F8E8EBE
:10BC60008D8C8C8B8B8A898988888787868585844B
:10BC700084838382828181800000FF070000F87F37
:10BC80000EF1020E2EF0030E5EF8046B364205D460
:10BC9000012A43EB030515F5001F12D8012841EBDB
:10BCA000010C1CF5001F0CD80ED14FEAD17C0CEB17
:10BCB0004C0C0CF1020C15F5001F08BF4CEBD37CAB
:10BCC00004E04FF0080C01E04FEAD37C0CEB4C058C
:10BCD00026FA05F606F00706B6F1040C06D20EEBBE
:10BCE000860CBDE870404CF0010C6047DFE80CF0BA
:10BCF000090B02024FF00041A1F500214FF00000B6
:10BD000070BD19461046012851EB010418BFD4F547
:10BD1000001484BF002001F0004170BD0808A0F5A8
:10BD200000114FEA3101704743004FEAD30C4FEA4C
:10BD30003C0C43401FBF40070CF1605113F0FE4F15
:10BD400070471CF0006F03D10CF0004100207047D9
:10BD50000CF0004343EA507040EACC0010B500F00C
:10BD60000EF800BF000000924FEA0001FFF7D6BFB7
:10BD70004FF00041A1F500214FF0000070470EF197
:10BD8000020E2EF0030E5EF8044B244204D44FEA58
:10BD90004102B2F17F4F11D84FEA4003B3F17F4F18
:10BDA0000CD80ED14FEAD07C0CEB4C0C0CF1020CF1
:10BDB000B2F17F4F08BF4CEBD17C04E04FF0080C90
:10BDC00001E04FEAD17C0CEB4C0324FA03F404F0BD
:10BDD0000704B4F1040C06D20EEB840CBDE810404D
:10BDE0004CF0010C6047DFE80CF0070802024FF04E
:10BDF0000040A0F5800010BD0846420018BFD2F1F7
:10BE0000807288BF00F0004010BDF1EE100A4FF6BE
:10BE1000FF71C0F2C03120EA010040F04070E1EE55
:10BE2000100A7047FF2141EAD050C0057047F4F76F
:10BE30007BBFF5F7AFB80000000000000000000075
:10BE40003031323334353637383941424344454650
:10BE5000403058003031323334353637383961624A
:10BE6000636465664030780004000008000000004C
:10BE700000000002000100001000000000000000AF
:10BE80006E83F9A22915444ED15727FCC0DD34F545
:10BE9000999562DB4190433CAB6351FE30313233C4
:10BEA00034353637383961626364656678700030DE
:10BEB00031323334353637383941424344454658B8
:10BEC00050003A7474003A7474003A7474000000BC
:10BED00002400000000000A000000000054000003B
:10BEE000000000C8000000000C4000000000409C62
:10BEF00000000000194000000020BCBE000000004F
:10BF000034400000BFC91B8E00000004B540000093
:10BF1000504BCFD06607E2CF010000006C4100001B
:10BF20003E8251AADFEEA73401000000D942000092
:10BF3000DCB5A0E23A301F97FFFFFFFFB4450000D9
:10BF4000FD25A0C8E9A3C14FFFFFFFFFFF3F000091
:10BF50000000008000000000FF3F000000000080A3
:10BF600000000000000000000000000001020304C7
:10BF70000607080900000000010203040804020487
:10BF80000801010101010103070100000100020095
:10BF90000400060008000A000C0010002000400009
:10BFA00080000001696162633A25662C25662C25B4
:10BFB000660D0A00647574793A25662C25662C2571
:10BFC000660D0A0074686574613A252E34662C2566
:10BFD0002E34660D0A0073706565643A252E34664A
:10BFE0002C252E34660D0A0038C100080000002000
:10BFF000180000001402000850C1000818000020BA
:10C0000090120000300200081C00000043000000F5
:10C01000F8FFFFFF0C0000000E0000000F00000002
:10C020002E0000001001000043000000F8FFFFFF99
:10C03000004040404040404040404141414141403B
:10C0400040404040404040404040404040404040F0
:10C05000400502020202020202020202020202027F
:10C060000220202020202020202020020202020284
:10C0700002029090909090901010101010101010DC
:10C0800010101010101010101010101002020202E8
:10C09000020288888888888808080808080808082C
:10C0A0000808080808080808080808080202020228
:10C0B0004000000000000000000000000000000040
:10C0C0000000000000000000000000000000000070
:10C0D0000000000000000000000000000000000060
:10C0E0000000000000000000000000000000000050
:10C0F0000000000000000000000000000000000040
:10C10000000000000000000000000000000000002F
:10C11000000000000000000000000000000000001F
:10C12000000000000000000000000000000000000F
:10C1300000000000000000000000000000000000FF
:10C14000000000000024F4000100000010000000C6
:04000005080001D915
:00000001FF
