:020000040800F2
:10000000D81200203503000895890008B97E000841
:1000100091890008F51E0008D5A100080000000025
:10002000000000000000000000000000D58B000868
:10003000C91F000800000000358B00082D8C000847
:100040004F0300084F0300084F0300084F03000848
:100050004F0300084F0300084F0300084F03000838
:100060004F0300084F0300084F0300084F03000828
:100070004F030008F91E0008091F00084F0300087D
:100080004F03000800000000D51D00084F030008C2
:100090004F0300081D2100084F0300084F0300080C
:1000A0004F0300084F0300084F0300084F030008E8
:1000B000C18C00084F0300084F0300084F030008DD
:1000C0004F0300084F0300084F0300084F030008C8
:1000D0004F0300084F0300084F030008C5A10008A4
:1000E0004F0300084F0300084F0300084F030008A8
:1000F0004F0300084F0300084F03000800000000F2
:10010000000000004F030008000000004F0300083B
:100110004F030008000000004F0300084F030008D1
:100120004F0300084F0300084F0300084F03000867
:100130004F03000800000000000000004F0300080B
:100140004F0300084F0300080000000000000000FB
:10015000000000000000000000000000000000009F
:100160000000000000000000000000004F03000835
:100170004F03000800000000000000000000000025
:10018000000000004F030008000000000000000015
:10019000000000000000000000000000000000005F
:1001A00000000000000000004F0300084F0300089B
:1001B0004F0300084F0300084F0300080000000031
:1001C000000000004F0300080000000000000000D5
:1001D0004F0300084F03000800F002F800F09AF8FF
:1001E0000AA090E8000C82448344AAF10107DA4592
:1001F00001D100F08FF8AFF2090EBAE80F0013F04A
:10020000010F18BFFB1A43F00103184754C0000048
:1002100074C00000103A24BF78C878C1FAD85207D9
:1002200024BF30C830C144BF04680C607047000070
:100230000023002400250026103A28BF78C1FBD8EF
:10024000520728BF30C148BF0B6070476E2900F0CD
:10025000E981702900F01F8366290BF02487652946
:100260000BF0218767290BF01E8761290BF01D8792
:1002700003681B0A28BF41F08001692900F09681BC
:10028000642900F09381752900F090816F2900F0B6
:10029000AD82782900F0EB82E92900F04782E42959
:1002A00000F04482F52900F04182EF2900F0AA8293
:1002B000F82900F0EA820368DB0928BF41F08001D9
:1002C000632901F00780732901F00C80E32901F014
:1002D0001780F32901F01C80002070471FB50BF038
:1002E000D0FE9DE8030001F00DFB01F00BF90400C6
:1002F000002000210BF05EFC401C6060002000210B
:100300000BF042FCE06001F00BF81FBD10B501F0EE
:1003100070F810BD01F0C8F81146FFF7DFFF0AF0D2
:10032000D5FB01F08FFA03B4FFF7F0FF03BC01F037
:1003300099FC00000948804709480047FEE7FEE7AE
:10034000FEE7FEE7FEE7FEE7FEE7FEE7FEE7FEE785
:1003500004480549054A064B70470000AD8C00086B
:10036000D9010008D8060020D8120020D80A0020A1
:10037000D80A002053EA020C00F069802DE9F04B06
:100380004FF00006002B1FBFB3FA83F503FA05F404
:1003900024FA05F65E4012BF1643B2FA82F502FA5D
:1003A00005F4C5F120051EBF22FA05FC44EA0C0441
:1003B000203556EA044C4FEA144418BF641C4FF031
:1003C00000084FF00009904271EB030C39D300296B
:1003D00019BFB1FA81F701FA07F6B0FA80F700FA0F
:1003E00007F6C7F120071EBF20FA07FC46EA0C06F5
:1003F0002037B6FBF4FCA7EB0507103F07F01F0BF7
:10040000CBF120062CFA06F60CFA0BFB44BFB346E0
:100410000026202FA4BF5E464FF0000B5BEA060CBF
:1004200008BF4FF0010B19EB0B0948EB0608ABFBBB
:10043000027C06FB02CC0BFB03CCC01B71EB0C0156
:10044000C1E70B46024641464846BDE8F08B13B56E
:10045000084318BF4FF0FF300146AFF30080BDE8FE
:100460001C4070470FB4044910B503AA029800F06D
:10047000EDF810BC5DF814FB6C0000204FF000029A
:1004800000B5134694469646203922BFA0E80C508A
:10049000A0E80C50B1F12001BFF4F7AF090728BF65
:1004A000A0E80C5048BF0CC05DF804EB890028BFE1
:1004B00040F8042B08BF704748BF20F8022B11F00A
:1004C000804F18BF00F8012B704770477047704786
:1004D00010B500F0AFFA006810BD10B5044600F08A
:1004E000A9FA046010BD70B5044685690068C106AC
:1004F00001D5302600E02026C00707D070BDD4E922
:10050000012130469047206A401C20626D1EF6D5BE
:1005100070BD70B5044685690078C00707D170BD0D
:10052000D4E9012120209047206A401C20626D1EE2
:10053000F6D570BD09684A0501D540B27047C905B6
:10054000FCD500B2704709684A0501D5C0B27047B2
:10055000C905FCD580B2704770B50C460546012A26
:1005600005D02878800600D5EA69002302E001233F
:1005700005E05B1C934202D2E05C0028F9D1A86937
:10058000E618C01AA861286A184428622846FFF7AE
:10059000AAFF04E0D5E9012114F8010B9047B44209
:1005A000F8D32846FFF7B5FF70BD00002DE9F041F4
:1005B0000646002410687529314616A510D0FFF7AD
:1005C000B9FF002802DA404213A507E031688A0724
:1005D00001D512A502E0490704D511A5012401E0C7
:1005E000FFF7B1FF00210A2206F1240709E0B0FB62
:1005F000F2FCB0FBF2F302FB1C00303078541846DA
:10060000491C0028F3D123462A463046BDE8F04174
:1006100000F059BA000000002D0000002B0000007F
:100620002000000011680268006A530501D50870B7
:100630000AE0D30501D5088006E0130603D5C217EA
:10064000C1E9000200E0086001207047074B70B567
:100650000D467B4400F021FE0446284600F05CFE77
:1006600010B14FF0FF3070BD204670BDE3A2000016
:100670002DE9FF5F15468A460446DFF8AC80F84452
:100680000027D8E900103E46CDE9001010E03AF806
:1006900016106A4602A800F0DFFE411C07D0217840
:1006A000890603D5E269391891420DD80744761CB2
:1006B0002078800602D5E069B84205DDAE42E6DB6F
:1006C0003AF816000028E2D1A069C01BA0612046BC
:1006D000FFF709FFD8E90010CDE90010002017E06E
:1006E0003AF818106A4602A800F0B6FEB0F1FF3FD3
:1006F00081460BD000250DF1080B05E0D4E901215E
:100700001BF8050090476D1C4D45F7D308F101001B
:10071000B0428046E4DB206A384420622046FFF77E
:10072000F8FEBDE8FF9F00002EBA00002DE9F04161
:100730008046D21D22F007020025D2E90002F529E9
:1007400015A614D0011E72F1000106DA0023D0EBC9
:10075000030063EB020211A608E0D8F800108B0733
:1007600001D50FA602E0490701D50EA601251146C5
:10077000002408F1240704E000F060F930323A5513
:10078000641C50EA0102F7D12B463246214640460E
:10079000BDE8F04100F097B9000000002D00000016
:1007A0002B0000002000000030B4002100F12404E0
:1007B00008E002F00705D208303542EA4372DB0850
:1007C0006554491C52EA0305F3D10468002310A2C2
:1007D000250708D504F020040C4304D0C469012384
:1007E0000CA2641EC46130BC00F06DB910B50446A3
:1007F00021461068FFF7A7FE02462046BDE81040DC
:100800000023D1E7D21D22F00701D1E90023CBE775
:100810000000000030000000F0B40D46018809051A
:1008200002D5214C7C4402E01F4C7C440E34002154
:1008300000F1240608E002F00F071209E75D42EA22
:1008400003721B097754491C52EA0307F3D102785B
:100850000023120704D5702D06D009B102231134EC
:100860002246F0BC00F02FB901231034F8E770B530
:1008700004460D4621461068FFF765FE02462946EC
:100880002046BDE870400023C6E7D21D22F00703D2
:10089000D3E90023C0E70368126843F02003036034
:1008A0000823C3610023B7E790B800002DE9F05F8B
:1008B000894604464FF0000ADFF874B1FB44C0F8E3
:1008C00020A02046E1688847002874D0252806D05B
:1008D000D4E901219047206A401C2062F1E70026FC
:1008E0005F462046E16888472028054607DB312D12
:1008F00005D2781910F8200C08B10643F1E7B007CB
:1009000001D526F00406C4F81CA00027C4F818A0DE
:100910002A2D09D028460BF02FF938B304EB8708AD
:10092000303DC8F8185019E059F8041B204604EB74
:1009300087029161E1688847012F054618D1E06977
:10094000002820DA26F020061DE0D8F8180000EB79
:10095000800005EB40003038C8F818002046E168F8
:10096000884705460BF008F90028EED1012F0AD080
:100970002E2D08D12046E16888477F1C0546022FAE
:1009800046F02006C4DBA069002803DA404246F0A6
:100990000106A061F00701D026F010066C2D0BD0E7
:1009A000682D09D04C2D39D06A2D35D0742D35D015
:1009B0007A2D33D016E038E0E1682F46204688478C
:1009C000B842054609D16C2F26D04FF48060E1680B
:1009D000064320468847054604E06C2F1AD04FF4A2
:1009E000807006430DB3A5F14100192802D82035C7
:1009F00046F400664A462946204626604E46FFF7E2
:100A000025FC80B101280BD0F61D26F0070000F16F
:100A1000080956E74020E4E78020D8E70020D6E721
:100A200006F104094DE7284652E7206ABDE8F09F29
:100A300020B80000004870471401002030B5B0F124
:100A40000A0271F100034FEA900E4EEA817EB0EB8C
:100A50000E0061EB91014FEA101E4EEA017E10EB91
:100A60000E0041EB11114FEA102E4EEA016E10EB11
:100A70000E0041EB11214FEA104E4EEA014E10EBF1
:100A80000E0041EB1141401841F100014FEAD00046
:100A900040EA41704FEAD1014FEA810444EA907480
:100AA00010EB800544EB01046D1944EB0404521B68
:100AB000A3414FF0000348BF0A3200D530BD401CAF
:100AC00041F1000130BD2DE9F0470D4699469246AF
:100AD000044600F124080168880604D5E06921F085
:100AE0001001216000E00120A84201DD471B00E069
:100AF0000027A1697A1902EB0900081AA061207881
:100B0000C00602D42046FFF7EEFC002608E0D4E938
:100B100001211AF806009047206A401C761C2062CA
:100B20004E45F4DB2078C0060AD52046FFF7DBFCF3
:100B300006E0D4E9012130209047206A401C206261
:100B4000381EA7F10107F4DC07E0D4E9012118F809
:100B500005009047206A401C2062281EA5F101056F
:100B6000F3DC2046FFF7D5FC2078000602D50220F2
:100B7000BDE8F0870120FBE72DE9FF4F0C461E463C
:100B80004FF0FF378BB0D2E90001DDF860800A90AA
:100B90008A46C1F30A5505B93D46002108464FF083
:100BA0000000BAF1000F00F4400005DA00EB80000D
:100BB0004FF4400101EA50004FEA9059B9F1010F9A
:100BC00000DDB9460A9850EA4A000ED044F61050AB
:100BD000A5F2FF3545432F14B8F1000F1ED0754222
:100BE000291E1EDDC9F100021CE0B8F1010F4FF013
:100BF000000001D0302103E0F24305E02154401C05
:100C0000B042FBDB30460022002121540B99C1F891
:100C10000880C1E900200FB0BDE8F08FBD1B6D1C3E
:100C2000DEE74A4600DA694206A800F0D7FC06ABC8
:100C300093E8070003AB83E8070050460A990AF0DF
:100C40005DF98DE80700A0F500501F38009003986B
:100C5000002D0ADD42F21F014A460844002303A981
:100C6000039068460AF0C6FB09E0A0F500504A462A
:100C70001F38002303A9039068460AF0D0FB8DE8D3
:100C800007000004000C03D04FF0FF30410800E0E3
:100C90001046B8F1000F03D00022009215461EE066
:100CA000751E05D4FFF7CAFE303262556D1EF9D5A8
:100CB000B3460122084302D000227F1C04E02078C2
:100CC000302801D100227F1E002A099784D01DE020
:100CD000112D07DAFFF7B2FE303262556D1C50EA73
:100CE0000102F5D1084302D00098C8B10EE00021FE
:100CF000681E05E0235C625C63542254401E491C5C
:100D00008142F7DBAB46A81B401E0990002004F887
:100D10000B000B98099AC0F80880C0E9002B7AE70D
:100D200011264FF0000857E72DE9F04F884604469A
:100D3000D21D22F0070191B0D1E90001CDE90A01ED
:100D40000AF0A4FC02460B98C00F01D02D2007E04A
:100D50002068810701D52B2002E0202101EAC00094
:100D6000032A099001D0072A05DB034641462046A5
:100D700000F0F4FB0BE12078800601D5E06900E08B
:100D80000620B8F1650F814606D0B8F1660F18D07D
:100D9000B8F1670F70D131E00020B9F1110F009068
:100DA00001DB112301E009F101030AAA01A90CA842
:100DB000FFF7E2FEDDE90C70002609F1010583462C
:100DC00047E001204B4600904FF000470AAA01A9D6
:100DD0000CA8FFF7D1FEDDE90DB00C995D460026A9
:100DE00010B909F101000D18B9EB050003D4C0F1E9
:100DF000FF3609F10105A5EB09002BE0B9F1010F60
:100E000001DA4FF001090020B9F1110F00904846B6
:100E100001DD112300E003460AAA01A90CA8FFF78F
:100E2000ABFEDDE90C704D460026834620780007B6
:100E30000AD4AB4500DA5D4601A8012D04DD411955
:100E400011F8011C302907D04F4502DA17F1040FC1
:100E500004DA012082460FE06D1EEEE7002F02DC6F
:100E6000ED1B3E4403E0781CA84200DD7D1CB81B4E
:100E700000F1010A4FF000472078000703D4AA458B
:100E800001DB4FF0FF3A0021B7F1004F0DF14308AD
:100E90008DF8431024D002202B23002F01DA7F424B
:100EA0002D230A21021EA0F1010000DC5FB197FB97
:100EB000F1FC97FBF1F201FB1C7C17460CF1300CA6
:100EC00008F801CDEEE7A8F10100037021880905BB
:100ED00001D5452100E06521A0F1010800F8011CC1
:100EE00009980FA9A1EB0807FF1D00B101204119C6
:100EF00001EBEA70A1693844081A401EA06120780D
:100F0000C00602D42046FFF7EEFA099828B1D4E9CA
:100F100001219047206A401C20622078C00622D51B
:100F20002046FFF7E0FA1EE0002E04DBB34502DDA9
:100F300001A8805D00E03020D4E901219047206ABB
:100F4000401C2062761CAAF101005FEA000A0AD167
:100F500000F0D8FAC0680168405CD4E901219047EC
:100F6000206A401C2062281EA5F10105DCDC07E098
:100F7000D4E9012118F8010B9047206A401C206237
:100F8000381EA7F10107F3DC2046FFF7C2FA032061
:100F900011B041E62DE9F04F04460D46D21D22F076
:100FA000070089B0D0E90097484639460AF06EFB41
:100FB0000246F80F01D02D2307E02068810701D5F4
:100FC0002B2302E0202101EAC0038DF820300BB171
:100FD000012000E00020032A824601D0072A04DB1A
:100FE0002946204600F0BAFA3FE12078800601D475
:100FF0000D2500E0E569C7F30A560D2D49DA0021F9
:101000004FEA175B08464FF00000002F00F4400045
:1010100007DA00EB80004FF4400100EBD07001EAEA
:1010200060008115012901DD4FF0FF3100224FEAF8
:10103000850CBCF1180F06D31346ACF118004FF025
:101040008052C24003E04FF4801323FA0CF30CF1FA
:101050000C0CBCF1200F04D3ACF1200C09FA0CF0FD
:1010600001E007FA0CF000294FF0004801DD18B943
:101070000FE00ED140450CD319EB02095F4121B9B5
:10108000404502D19F4329EA0209BBEB175F00D01C
:10109000761C2088000502D57B48784402E07A4817
:1010A0007844193808AA302302F80A30037C0AF180
:1010B0000101002E0AF1020A53546A4602DC4FF085
:1010C000300101E04FF031014FF001088DF80010C0
:1010D00002D0A6F2FF3603E059EA470100D06B4E7A
:1010E000002D02DC2178090704D54FF002082E21DB
:1010F0008DF80110C44600210BE0C7F303433F0104
:10110000C35C491C6D1E02F80830052908F101086E
:1011100001DA002DF1DC00210CE000EB1973491C11
:101120001B786D1E082902F808304FEA091908F1EA
:10113000010801DA002DF0DC21688B0602D516E0EB
:10114000A8F10108E04505DD02EB080313F8013CB6
:10115000302BF5D0B8F1000F09DD02EB080313F8CE
:10116000013C2E2B03D1090701D4A8F10108002D61
:1011700005DD3E2102F808106D1E08F10108407CD3
:10118000002E02F8080008F1010804DA2D2076424A
:1011900002F8080002E02B2002F808000A214FF4B0
:1011A0007A70864208F101080BDB96FBF0F33033CE
:1011B00002F8083096FBF0F308F1010800FB136613
:1011C00001E0642E0CDB642096FBF0F3303302F870
:1011D000083096FBF0F308F1010800FB136601E00C
:1011E0000A2E06DB96FBF1F0303002F8080008F119
:1011F000010896FBF1F001FB1060303002F80800A6
:10120000A16908F1010808EB050202EB0A00081ABF
:10121000A0612078C00602D42046FFF764F9216A55
:1012200008AE01EB0A00206204E0D4E9012116F8BF
:10123000010B9047BAF1010AF7D22078C00602D517
:101240002046FFF750F96E4609E016F8010B3E28DC
:101250000FD0D4E901219047206A401C2062B8F1E8
:101260000108F2D22046FFF754F909B00320BDE887
:10127000F08F206A2844206203E0D4E90121302065
:1012800090476D1EEBD3F8E789B0000002FCFFFF2A
:1012900001694A1C02610878704700B58FB0CDE93A
:1012A00001310021059105497944CDE9031011462A
:1012B0006846FFF7FBFA0FB000BD0000E5FFFFFF37
:1012C00010B5436913B1AFF3008001E0FFF744F9B3
:1012D000012010BD127800F124010A7000224A702A
:1012E0000122EDE711684FF0FF32E9E710B54369DD
:1012F00013B1AFF3008001E0FFF7BAF9012010BD90
:10130000128800F1240182840022C2840122EDE7C8
:1013100011684FF0FF32E9E7007B00F08000704772
:1013200010B542485421FFF7A9F841485421FFF76E
:10133000A5F840485421FFF7A1F83F493B483C4AF3
:101340003F4B08603D490A603A491960531C0365E8
:10135000481C1065012008653B48344A39A178448F
:1013600000F0D2F920B9384878440A3800F073FA0E
:1013700037482F4A35A1784400F0C6F920B93448DF
:1013800078440A3800F067FA32482A4A2FA1784494
:1013900000F0BAF920B92F4878440A3800F05BFA17
:1013A00040232248DC000021224600F089F920B1C8
:1013B00025487844543800F04EFA1D482246402310
:1013C000002100F07DF920B121487844543800F024
:1013D00042FA184822461023002100F071F9002833
:1013E00006D01C487844BDE81040563800F033BAA7
:1013F00010BD104870B5006D20F001040B4800F0DE
:10140000FBF90B4800F0F8F90A4800F0F5F909E09B
:10141000206D20F00105204600F0EEF9204600F096
:1014200075F82C46002CF3D170BD00001800002088
:101430006C000020C00000200000002004000020FC
:101440000800002072000000D8AD00007700000006
:10145000C4AD0000B0AD00002DE9F04116460C46C9
:10146000054600F047F8036893F80101012807D00A
:10147000FF2C12D8185D80B101202C70BDE8F081DE
:10148000D3F807013246214603F20713C71828464E
:10149000BC46BDE8F041002360474FF0FF30EDE768
:1014A00000487047140100207546FFF7F9FFAE466B
:1014B00005006946534620F00700854618B020B560
:1014C000FEF746FFBDE820404FF000064FF0000752
:1014D0004FF000084FF0000BAC46ACE8C009ACE898
:1014E000C009ACE8C009ACE8C00921F007018D468D
:1014F0007047000010B500F005F8001D10BD00BFDA
:10150000B5A60000004870473401002070B50446BD
:10151000051F00F0DBF90068002C14BF446870BDA3
:10152000002C18BFAC423CBF20466468F8D3016869
:101530000A18AA4218BF456003D12A68054611441B
:10154000016028684119A1421CBF6C6070BD6168D0
:10155000696021680844286070BD00002DE9F041F1
:101560001F46044603260168072A01F4006004DBD5
:1015700008B116A505E016A503E008B115A500E021
:1015800015A521F010002060A069C01EA0610FB158
:10159000401EA0612046FEF7A6FF4FB1D4E901210D
:1015A00038469047206A401C2062C01C206206E03A
:1015B000206AFAE7D4E9012115F8010B9047761E5D
:1015C000F8D22046FEF7A5FFBDE8F0814E414E005F
:1015D0006E616E00494E4600696E66002DE9F04767
:1015E000814616468AB0354878440DC88DE80D000E
:1015F00032487844801C03AC0DC884E80D0041F6E5
:101600009B300844372190FBF1F290FBF1F5A5F1F6
:10161000800501FB12041B3C02D56442012000E05E
:101620000020DFF898A080460027FA44AAF1BE0AFD
:101630000EE0E0070AD03246684607EB4701012377
:101640000AEB810109F0EBFE8DE8070064107F1CB6
:10165000002CEED1194F7F44AE3F19E0E80715D0BA
:1016600007EB04100DF1180A90E80E008AE80E004E
:10167000C068F04201D1981908903246012306A9AA
:1016800003A809F0CCFE03AB83E807006D10641CCF
:10169000002DE3D14FF0010332466946B8F1000F47
:1016A00003A802D009F0A6FE01E009F0B8FEC9E9DE
:1016B0000001C9F808200AB0BDE8F087D8AB0000E7
:1016C00070B5C468A50713D0650211D4B2F5807F48
:1016D00009D0B2F5007F06D0B2F5806F08D10123A2
:1016E00000F1240106E05D1E6FF07F46B54201D394
:1016F000012070BD0161C361416024F47061114338
:10170000C160002070BD00002DE9F0410C46164676
:10171000070047D0104600F06FF82078611C612860
:101720000AD0722802D077283CD102E0012500249B
:1017300005E00225042402E0082448F2020511F81D
:10174000010B2B2806D0622809D011F8010C74284F
:101750000AD00BE045F0030544F00204EFE745F042
:10176000040544F00104EAE744F010043846214639
:1017700000F078F8411C15D00021316171604FF400
:101780000071F560F1617061200704D530460222D6
:10179000002100F015F9306D40F001003065304651
:1017A000BDE8F0810020FBE72DE9F0410D4606463B
:1017B000104C206DC10704D0410804D020F0010472
:1017C000F7E722460EE0542000F0CBF807000ED0D9
:1017D000206D47F001010843542120653846FEF78B
:1017E0004DFE3A4629463046BDE8F0418CE70020E0
:1017F000D6E70000180000202DE9F04704464FF01E
:1018000000094FF0FF37C568D4E90486A80707D060
:10181000204600F085F9304600F02EF8002802DA64
:101820003846BDE8F087280502D54046FFF76EFE32
:101830004C212046FEF722FE206D20F0010020659D
:101840004846EEE710B50446AFF300802046BDE8F9
:101850001040FEF768BD10B500F0ACF9BDE81040CF
:1018600000F0A2B90EB5CDE9000100F064FA0290D3
:1018700069460120ABBE0EBD08B569460090022046
:10188000ABBE08BD1FB58DE8070069460520ABBE9D
:1018900004B010BD1FB58DE80F0069460620ABBE31
:1018A000F6E708B5694600900920ABBE08BD1CB537
:1018B000CDE9000169460A20ABBE1CBD704708B5E2
:1018C000694600900C20ABBE08BD00000048704780
:1018D0001C010020704770477047704738B50446B8
:1018E0000A4600206946AFF30080002808BF38BDD3
:1018F00002460099204600F0C3F9012038BD0120BE
:1019000000F012BAF8B5AFF30080054600200C468F
:10191000102000BF0646A819A0420DD932466946DC
:101920000020AFF30080070008BF00F0FDF9009829
:10193000A04218BF0546C419FFF7C8FF0560074657
:10194000F01D20F007004619284600F092F9B44235
:1019500008BFF8BDA21B31463868BDE8F84000F06A
:101960008FB970B50646FFF7B1FF056806F10B00A9
:1019700020F00704B4429CBF002070BD2B466A686B
:10198000BAB11068A04210D304F1080188423CBFEC
:101990005068586007D35168101941601168091BDD
:1019A000016058601460101D70BD13465268002A13
:1019B000E7D121462846FFF791FF0028DED170BD10
:1019C0002DE9F041044616460D464769007B800725
:1019D0002ED03846FFF765FF50BB3EB3012E02D034
:1019E000022E25D104E0204600F064F905441DE0F4
:1019F0003846FFF764FFE168002841F01001E1601C
:101A000005DA204600F058F80120BDE8F081C9034E
:101A10000BD56268E16A914200D81146A26911446F
:101A20002269891A814200DD08460544002D01DA49
:101A30000220EAE7E16A6068E268814206D2910327
:101A4000E06203D522F4003141F01002A6690027BC
:101A5000AE4213DCE16A814201D90B4600E0034645
:101A600003EB060C2369ACEB030CAC4506DD8142AD
:101A700001D98C4600E084469C4505D1A7602760CB
:101A800042F02000A5620DE0AD1BE669AE1B81426D
:101A9000A66000D90846C01A281A2060581960604C
:101AA00022F0200003490840E060002084F84870DC
:101AB000ABE70000BFCFD7FFC16821F4001141F0B0
:101AC0008001C16000218160016070472DE9F0470D
:101AD000814614460E464FF0FF383248D5685769A4
:101AE000054209D03846A169FFF7E1FE002811DB65
:101AF0002C48C0430540E5602B46324649463846EF
:101B0000FFF7C0FEA16920F00042B21A114400287C
:101B1000A16103D02046FFF7CFFF4046BDE8F08724
:101B200070B504460569C06A6168884200D80846F5
:101B3000E16821F42011E160C90312D5A84208D060
:101B40002246411B2846FFF7C1FF10B14FF0FF307E
:101B500070BD0020E562C4E90150E06820F48030E7
:101B6000E060002070BD10B50446C06820F0200081
:101B7000E060A16AA06988420DD02046FFF7D0FF3F
:101B8000E06820F4405040F01000E060A06AA061DE
:101B90002069E062606044F24001E0688843E060F0
:101BA00010BD000010000200002801D000F05AB85B
:101BB0007047000010B5014602A000F09CF801201B
:101BC00010BD000053494752545245443A205265D3
:101BD0006469726563743A2063616E2774206F7064
:101BE000656E3A200000000030B44FF0013C50F820
:101BF000042B51F8043BCCFA52F4D51A20D1FCB98D
:101C000050F8042B51F8043BCCFA52F4D51A17D1F2
:101C1000B4B950F8042B51F8043BCCFA52F4D51A5D
:101C20000ED16CB950F8042B51F8043BCCFA52F4A5
:101C3000D51A05D1002CDAD030BC4FF00000704727
:101C400029BAB1FA81F111F01801D1F120008440D4
:101C5000F2D1CA40CB4012F0FF0213F0FF0330BCB8
:101C6000D01A704701491820ABBEFEE726000200DB
:101C7000704700210160C0E90110704710207047D3
:101C8000034640688C46002818BF88423CBF034684
:101C90004068F8D318681844884207D00CF1030054
:101CA00020F00700001D411A521A0146081D0A6063
:101CB000FFF72CBC10B50146C268900703D0900610
:101CC00007D5886A0AE0FEF7B5FE01210160881E8B
:101CD00010BD8B69486818440B69C01A91F84830E8
:101CE0001BB191F84910401A10BD1103FCD5002812
:101CF000FADD401E10BD70B505460C460A2000E016
:101D00006D1C00F037F835B128780028F8D102E0D2
:101D1000641C00F02FF814B120780028F8D1BDE839
:101D200070400A2000F026B810B500F02BF8BDE88E
:101D30001040FFF739BF10B5431C02E010F8011B3B
:101D400071B18107FAD14FF0013202C88C1A8C436D
:101D500014EAC211F9D0C01A0A0603D0C01E10BD81
:101D6000C01A10BD0A0401D0801E10BD0902FCD0AB
:101D7000401E10BD08B569468DF800000320ABBEBB
:101D800008BD000010B5012805D0002103A0FFF711
:101D9000B2FF012010BD09A1F8E7000053494752E6
:101DA000544D454D3A204F7574206F66206865612B
:101DB00070206D656D6F7279000000003A204865F3
:101DC0006170206D656D6F727920636F72727570CE
:101DD0007465640080B540F2C810C2F2000001F0E2
:101DE0003FFB80BD80B584B0029000200090029837
:101DF000006806F0FFF8002874D1FFE70298006839
:101E000080683F21C8F2000108420ED0FFE7029926
:101E1000C86D40F01000C8650299086E40F00100DE
:101E2000086601208DF80F0060E00298006806F057
:101E300051F840F20030C5F2000006F069F80002E7
:101E400000281CD5FFE740F20C00C2F20000006839
:101E5000800942F66351C0F23E51A0FB0110800997
:101E600000EB40010C2000EB81000090FFE70098A0
:101E700020B1FFE7009801380090F8E7FFE702F093
:101E800095FE0190FFE7029800680068C00740BB1C
:101E9000FFE70298006806F0ADF828B9FFE702985E
:101EA000006806F017F8FFE702F080FE0199401A7B
:101EB000032815D3FFE7029800680068C00770B9CF
:101EC000FFE70299C86D40F01000C8650299086EDE
:101ED00040F00100086601208DF80F0006E0FFE7E2
:101EE000D1E7FFE700208DF80F00FFE79DF80F0016
:101EF00004B080BDFFE7FEE780B540F23420C2F2B7
:101F0000000001F09DFF80BD80B540F29420C2F238
:101F1000000001F095FF80BD84B003900398006835
:101F200040F20741C4F20201884206D8FFE740F6BA
:101F30000000C4F20200009005E040F62000C4F268
:101F400002000090FFE7009802900398007808389C
:101F50004CF6CD41CCF6CC41A0FB0110000901901C
:101F6000029803994A6C22F0030210448864039992
:101F700040F68000C4F20200C864019800F01F011E
:101F8000012088400399086504B0704782B0019031
:101F9000019800790090009940F6FC00C4F202001C
:101FA00000EB810001994865019940F64010C4F2A8
:101FB000020088650098013800F01F010120884068
:101FC0000199C86502B0704770470000000000002A
:101FD00080B584B0039002A806F04CF902980399EA
:101FE000C860039908798A685043D1ED000A91EDE1
:101FF000030A08F087FD039880ED060A039890ED28
:10200000030A90ED041A30EE410A80ED050A0398A8
:1020100090ED050A9FED2C1AB4EE410AF1EE10FA8C
:102020000ADDFFE7039890ED050A9FED2A1A30EECE
:10203000010A80ED050A15E0039890ED050A9FED71
:10204000231AB4EE410AF1EE10FA0ADAFFE7039818
:1020500090ED050A9FED1E1A30EE010A80ED050A8B
:10206000FFE7FFE70398406909F09AFF41EC100B86
:102070009FED131B53EC112B51EC100B09F0E2FDFB
:1020800041EC100B51EC100B09F0AAFD01900399E3
:10209000C86808619DED010A9FED0F1A20EE010A44
:1020A000039890ED071A9FED0D2A21EE021A30EEEB
:1020B000010A80ED070A04B080BD00BF00BF00BF69
:1020C0002D431CEBE2362A3FDB0F4940DB0F49C0B2
:1020D000DB0FC940DB0FC9C0CDCCCC3E9A99193F6C
:1020E00080B584B003908DF80B1001928DED000A3D
:1020F00006F0EAF89DF80B0003990871019803991E
:10210000886000980399086004B080BD81B0EFF347
:10211000108072B60090FFE7FEE7000080B540F245
:10212000F420C2F2000002F013F880BD83B00290E8
:102130004AF20040C4F2000000900098029908643E
:1021400002980068D0F8800020F4F810029A116814
:10215000526B40EA0240C1F880000098703002994A
:10216000486402980068D0F8800020F07060029AFD
:102170001168926B40EA0260C1F880000098B030AC
:1021800002998864009800F5C4700299C8640098A8
:1021900000F5187002990865009800F51E70029904
:1021A000486500980190FFE70198009901F5547186
:1021B000884208D2FFE7019900200860FFE70198F4
:1021C00004300190F0E703B07047000081B0009048
:1021D00001B0704780B5C2B02290219100208DF8E7
:1021E00083001B901A902298406908B1FFE7FFE72F
:1021F0002198C0680021C4F27F01884201D0FFE726
:1022000000E0FFE7FFE7229890F85800012805D189
:10221000FFE702208DF88F0000F0B7BC2299012063
:1022200081F85800FFE7FFE72298406928B1FFE7EF
:102230002198006A01282FD1FFE7219840680928DA
:1022400029D1FFE72198806A68B1FFE721990A68E0
:10225000886AC96A02F0F84200F07C0040EA524005
:1022600008431A9006E02198006800F0F840400CFE
:102270001A90FFE722980068C06C44F20001C0F297
:10228000104108401A99084322990968C8641A98AD
:1022900022994866FFE747E02298806EE0B9FFE7A1
:1022A0002198006A22998866229900204866219820
:1022B000806A58B1FFE72199086A8A6AC96A0138B9
:1022C00002F07C02104308431A9004E02198006A4F
:1022D00001381A90FFE7FFE7219908684968C0F3C1
:1022E000846001F01F0100FA01F11A9808431A9066
:1022F0002299886E013888661A9A2299486E10438E
:1023000048662298806E70B9FFE722980068C06C1A
:1023100044F20001C0F210410840229A1168526E46
:102320001043C864FFE7FFE72298006805F038FE15
:1023300030BBFFE7219890F8250090B9FFE722987D
:102340000068C06820F44010219991F8242091F889
:102350002610490541EA0251084322990968C860DC
:102360000DE022980068C06820F44010219991F88F
:10237000261040EA415022990968C860FFE7FFE74C
:102380002298006805F056FE1D902298006805F01E
:1023900007FE1C901D98002840F00982FFE71C985A
:1023A000002840F00482FFE72198806A20B1FFE70F
:1023B0002198C06AA8B9FFE7219890F82500012864
:1023C00007D1FFE722980168C86840F00070C86034
:1023D00006E022980168C86820F00070C860FFE736
:1023E00016E0219890F82500012809D1FFE72299ED
:1023F000C86D40F02000C86501208DF8830006E01C
:1024000022980168C86820F00070C860FFE7FFE705
:10241000219890F83000012810D1FFE72298006839
:10242000006920F4FF71219A506B926B10430843AE
:1024300040F0020022990968086106E022980168CC
:10244000086920F002000861FFE721988068B0F178
:10245000004F0ED1FFE722980068219909680022F9
:1024600005F0FCFD229800684FF0004105F0A2FE47
:102470000CE022980068219A1168926805F0EEFD40
:1024800022980068002105F095FEFFE72198406939
:1024900022990968C96801F01801890888401F90CD
:1024A0002198006904281CD0FFE722980068219930
:1024B0000A6809691F9B05F023FE22980068219A8B
:1024C0001169926905F04EFE22980068219A1169FF
:1024D000127F013AB2FA82F25209520605F02EFE3C
:1024E00064E122980068002105F03AFD400348B9F4
:1024F000FFE722980068002105F032FDC0F38460F8
:10250000199018E022980068002105F029FD90FA42
:10251000A0F02490249820B9FFE720208DF89700A0
:1025200005E02498B0FA80F08DF89700FFE79DF859
:1025300097001990FFE719981890219800684003B8
:1025400030B9FFE721980068C0F38460179015E068
:102550002198006890FAA0F02690269820B9FFE70D
:1025600020208DF89F0005E02698B0FA80F08DF8C5
:102570009F00FFE79DF89F001790FFE718981799B5
:10258000884207D1FFE7229800680022114605F033
:10259000FDFDFFE722980068012105F0E1FC400302
:1025A00048B9FFE722980068012105F0D9FCC0F383
:1025B0008460169018E022980068012105F0D0FC94
:1025C00090FAA0F02890289820B9FFE720208DF8F5
:1025D000A70005E02898B0FA80F08DF8A700FFE783
:1025E0009DF8A7001690FFE71698159021980068AF
:1025F000400330B9FFE721980068C0F3846014906D
:1026000015E02198006890FAA0F02A902A9820B945
:10261000FFE720208DF8AF0005E02A98B0FA80F09F
:102620008DF8AF00FFE79DF8AF001490FFE7159815
:102630001499884207D1FFE72298006801210022FF
:1026400005F0A4FDFFE722980068022105F088FC50
:10265000400348B9FFE722980068022105F080FC9A
:10266000C0F38460139018E022980068022105F0FE
:1026700077FC90FAA0F02C902C9820B9FFE720204E
:102680008DF8B70005E02C98B0FA80F08DF8B7000F
:10269000FFE79DF8B7001390FFE713981290219879
:1026A0000068400330B9FFE721980068C0F38460F8
:1026B000119015E02198006890FAA0F02E902E98C5
:1026C00020B9FFE720208DF8BF0005E02E98B0FA72
:1026D00080F08DF8BF00FFE79DF8BF001190FFE785
:1026E00012981199884207D1FFE7229800680221C9
:1026F000002205F04BFDFFE722980068032105F05A
:102700002FFC400348B9FFE722980068032105F039
:1027100027FCC0F38460109018E022980068032121
:1027200005F01EFC90FAA0F03E903E9820B9FFE71D
:1027300020208DF8FF0005E03E98B0FA80F08DF87B
:10274000FF00FFE79DF8FF001090FFE710980F9043
:1027500021980068400330B9FFE721980068C0F372
:1027600084600E9015E02198006890FAA0F04090E7
:10277000409820B9FFE720208DF8070105E0409838
:10278000B0FA80F08DF80701FFE79DF807010E9081
:10279000FFE70F980E99884207D1FFE7229800685B
:1027A0000321002205F0F2FCFFE7FFE7FFE7229894
:1027B000006805F027FC002840F04481FFE72298DC
:1027C0000068219A1168D26805F064FC2198C068FD
:1027D0000021C4F27F01884240F03381FFE7229854
:1027E00000680D9021980068400330B9FFE72198F8
:1027F0000068C0F384600C9015E02198006890FA9E
:10280000A0F03C903C9820B9FFE720208DF8F7001D
:1028100005E03C98B0FA80F08DF8F700FFE79DF8EE
:10282000F7000C90FFE70C98013000F01F0009281A
:102830007DD8FFE721980068400330B9FFE7219871
:102840000068C0F384600B9015E02198006890FA4E
:10285000A0F03A903A9820B9FFE720208DF8EF00D9
:1028600005E03A98B0FA80F08DF8EF00FFE79DF8A8
:10287000EF000B90FFE70B98013000F01F0080067F
:102880000A9021980068400330B9FFE7219800685A
:10289000C0F38460099015E02198006890FAA0F0D8
:1028A0003890389820B9FFE720208DF8E70005E040
:1028B0003898B0FA80F08DF8E700FFE79DF8E70060
:1028C0000990FFE70A980999013101F01F020121DF
:1028D00091400843089021980068400330B9FFE711
:1028E00021980068C0F38460079015E02198006883
:1028F00090FAA0F03690369820B9FFE720208DF8A6
:10290000DF0005E03698B0FA80F08DF8DF00FFE7D1
:102910009DF8DF000790FFE708980799013101F063
:102920001F0101EB410140EA0150069082E021982D
:102930000068400330B9FFE721980068C0F3846065
:10294000059015E02198006890FAA0F03490349832
:1029500020B9FFE720208DF8D70005E03498B0FAC1
:1029600080F08DF8D700FFE79DF8D7000590FFE7CE
:102970000598013000F01F0080060490219800683F
:10298000400330B9FFE721980068C0F384600390EA
:1029900015E02198006890FAA0F03290329820B9A2
:1029A000FFE720208DF8CF0005E03298B0FA80F0E4
:1029B0008DF8CF00FFE79DF8CF000390FFE7049864
:1029C0000399013101F01F02012191400843029057
:1029D00021980068400330B9FFE721980068C0F3F0
:1029E0008460019015E02198006890FAA0F0309082
:1029F000309820B9FFE720208DF8C70005E0309817
:102A0000B0FA80F08DF8C700FFE79DF8C70001908D
:102A1000FFE702990198013000F01F0000EB40022F
:102A20000020CFF6206000EB0250084340F0007019
:102A30000690FFE70D980699219A926805F00EFB23
:102A4000FFE7FFE72198408848F20801084200F0BC
:102A50009180FFE740F20030C5F2000005F060FA17
:102A60001E90219800680021CCF22131884208D0C4
:102A7000FFE7219800681021C9F2C001884232D1D5
:102A8000FFE79DF87A00000600282CD4FFE7229883
:102A90000068B0F1A04F25D1FFE71E9840F4000177
:102AA00040F20030C5F2000005F01CFB40F20C00C3
:102AB000C2F200000068800942F66351C0F23E5144
:102AC000A0FB0110800900EB4001182000EB810001
:102AD0001B90FFE71B9820B1FFE71B9801381B9064
:102AE000F8E7FFE745E0219800680021CCF2527139
:102AF000884219D1FFE79DF87B00C007A0B9FFE726
:102B00002298006840F20011C5F2000188420AD004
:102B1000FFE71E9840F0807140F20030C5F20000DF
:102B200005F0E0FAFFE723E0219800680021CCF6E9
:102B3000843188421AD1FFE79DF87A0040060028C8
:102B400014D4FFE72298006840F20011C5F200019A
:102B500088420AD0FFE71E9840F4800140F200301E
:102B6000C5F2000005F0BEFAFFE700E0FFE7FFE76F
:102B7000FFE7FFE7FFE72299002081F85800FFE711
:102B80009DF883008DF88F00FFE79DF88F0042B01D
:102B900080BD000080B594B013904FF0904010219C
:102BA000002201F0EDFF13980068B0F1A04F40F053
:102BB0001A81FFE740F2AA60C2F200000078002804
:102BC0007AD1FFE740F27410C2F2000001680131CF
:102BD0000160006818B3FFE740F2C810C2F20000BD
:102BE0000168D1F8803040F28012C2F20002116810
:102BF000194411600168D1F8843040F28C12C2F29D
:102C000000021168194411600068D0F8882040F271
:102C10009811C2F20001086810440860FFE740F212
:102C20007410C2F200000068B0F57A7F43D1FFE76C
:102C300040F28013C2F2000393ED000AB8EE400A9E
:102C40009FEDEE1A80EE010A40F27C10C2F2000005
:102C500080ED000A40F28C12C2F2000292ED000AEE
:102C6000B8EE400A80EE010A40F28810C2F200007D
:102C700080ED000A40F29811C2F2000191ED000AC5
:102C8000B8EE400A80EE010A40F29410C2F2000051
:102C900080ED000A40F2AA6CC2F2000C01208CF810
:102CA0000000002018601060086040F27411C2F249
:102CB00000010860FFE795E040F2C811C2F2000190
:102CC0000868D0F8802040F27810C2F2000002605C
:102CD00090ED000AB8EE400A40F27C10C2F200000B
:102CE00090ED001A30EE410A9FEDF23A80EE030AB1
:102CF0009FEDF12A20EE020AB3EE041A20EE010A3B
:102D000040F2A450C2F2000080ED000A0A68D2F836
:102D1000843040F28412C2F20002136092ED000A85
:102D2000B8EE400A40F28812C2F2000292ED004A68
:102D300030EE440A80EE030A20EE020A20EE010A79
:102D400080ED010A0968D1F8882040F29011C2F2A2
:102D500000010A6091ED000AB8EE400A40F29411B9
:102D6000C2F2000191ED004A30EE440A80EE030AFF
:102D700020EE020A20EE010A80ED020A90ED000A20
:102D800020EE000A9FEDCD1AB4EE410AF1EE10FAE2
:102D900020DCFFE740F2A450C2F2000090ED010AEF
:102DA00020EE000A9FEDC51AB4EE410AF1EE10FACA
:102DB00010DCFFE740F2A450C2F2000090ED020ADE
:102DC00020EE000A9FEDBD1AB4EE410AF1EE10FAB2
:102DD00007DDFFE740F2A861C2F2000100200870A1
:102DE000FFE7FFE7FFE740F2A810C2F200000D90F6
:102DF000FFF7EEF840F2A450C2F20000049040F257
:102E0000B051C2F20001029107F0B0FB02990A68CA
:102E100040F2C050C2F200000190C260496840F226
:102E2000D852C2F200020392D1600121069105F04E
:102E3000CFF90398069905F0CBF90198029B039A04
:102E40000D9993ED000A90ED051A30EE410A40F21B
:102E50005830C2F200000F9080ED1E0A93ED010A77
:102E600092ED051A30EE410A80ED1F0A8A69C0F81A
:102E7000802091ED021A91ED070AB1EE0C2A20EEA6
:102E8000020AB8EEC11A20EE010A80ED210A04F010
:102E90006BFE0D9940F2A460C2F20000026840F29D
:102EA0007860C2F2000009900261C969C16040F215
:102EB000A861C2F20001129109789FED810A8DED9F
:102EC0000B0A05F09FFD04980D9991ED060A40F25A
:102ED000B851C2F200010A9107F09AFB06990A98CC
:102EE000026840F2F050C2F200000590C26005F0A6
:102EF0006FF9059A06990A9852690260426840F291
:102F00003460C2F200000790C26005F061F90798D2
:102F10000A9A9DED0B0A12994069506040F20860D0
:102F2000C2F200000890002303611268C2600978B1
:102F300005F068FD089B09980A9A9DED0B0A129905
:102F40001B6A40F2CC6CC2F2000CCDF838C0CCF851
:102F50000030036A40F24C60C2F200000C90036142
:102F60005268C260097805F04DFD0C9A0D990E98D3
:102F7000126A426091ED060A40F2AC61C2F20001B1
:102F8000119107F0F5FB0F9804F038FE0F998A6E47
:102F900040F2C460C2F200000260C96E416040F2BB
:102FA000B861C2F20001109107F0B6FB10991198B8
:102FB00091ED000A90ED001A30EE010A80ED000A52
:102FC00091ED010A90ED011A30EE010A80ED010A3F
:102FD00091ED020A90ED021A30EE010A80ED020A2C
:102FE00040F29C11C2F20001B2EE080A07F034FC74
:102FF0001298007801283CD102E000BF00007A441A
:1030000040F29C11C2F2000191ED000A42F62C4000
:10301000C4F2010090ED001AB8EE411A20EE010A48
:10302000BCEEC00A42F63442C4F2010282ED000A4C
:1030300091ED010A90ED001AB8EE411A20EE010A56
:10304000BCEEC00A42F63842C4F2010282ED000A28
:1030500091ED020A90ED001AB8EE411A20EE010A35
:10306000BCEEC00A42F63C40C4F2010080ED000A0A
:1030700017E042F62C41C4F20101086842F63442DE
:10308000C4F20102002010600A6842F63842C4F21D
:1030900001021060096842F63C41C4F20101086077
:1030A000FFE74FF090401021012201F069FD14B0BC
:1030B00080BD00BF00008045333353400000C8434B
:1030C00017B7513981B0009001B0704780B588B012
:1030D000069040F20030C5F2000004F039FF039082
:1030E0000698006804F05CFF20B1FFE702208DF82D
:1030F0001F00E5E006980068C06800F000400490FA
:1031000006980068C06C10F4C07F0CD1FFE70498EB
:1031100048B9FFE70699C86D40F02000C865012056
:103120008DF81F00CCE0FFE7069890F858000128C2
:1031300004D1FFE702208DF81F00C1E006990120AD
:1031400081F85800FFE7FFE70698FEF74BFE8DF881
:1031500017009DF81700002840F0A680FFE70698AA
:10316000C06DC005002806D5FFE70699086E20F05F
:103170000800086603E0069900200866FFE7069845
:10318000C06D40F4805042F2010188430699C86541
:103190000698006840F20011C5F20001884204D18F
:1031A000FFE74FF0A040029003E00698006802900D
:1031B000FFE7029806990968884203D0FFE7039861
:1031C00030B9FFE70699C86D20F48010C865FFE7A5
:1031D0000698016860200860FFE70699002081F8E2
:1031E0005800FFE706980068C0688002002807D5ED
:1031F000FFE706980168486840F480604860FFE790
:103200000698806908280DD1FFE70698016848688C
:1032100020F02000486006980168486840F04000AF
:1032200048600CE006980168486820F0400048605B
:1032300006980168486840F020004860FFE706985B
:10324000006840F20011C5F20001884204D1FFE796
:103250004FF0A040019003E0069800680190FFE75E
:1032600001980699096888420BD0FFE7039840B19E
:10327000FFE70398062804D0FFE7039807280CD13E
:10328000FFE70698006804F07BFE28B9FFE7069880
:10329000006804F099FEFFE705E00699C86D40F468
:1032A0008010C865FFE706E0FFE70699002081F877
:1032B0005800FFE7FFE79DF817008DF81F00FFE7B4
:1032C0009DF81F0008B080BD81B0009001B070472C
:1032D00081B0009001B0704780B5A4B022902191D8
:1032E00000208DF883002198006808B1FFE7FFE710
:1032F000FFE7229890F85800012804D1FFE7022048
:103300008DF88F009FE02299012081F85800FFE797
:10331000FFE700201B901C9022980068B0F1A04F9E
:1033200006D1FFE740F20010C5F20000049002E071
:1033300000200490FFE7049878B9FFE72299C86D50
:1033400040F02000C865FFE72299002081F858006E
:10335000FFE701208DF88F0075E0049804F06AFE05
:1033600003902298006804F065FE002857D1FFE71B
:103370000398002853D1FFE740F20030C5F2000067
:103380001F902198006860B3FFE71F98806820F4C1
:10339000604021994968229A92F8382041EA4231E6
:1033A00008431F9988604FF0A04004F02BFE029064
:1033B00040F20010C5F2000004F024FE014602981D
:1033C000084368B9FFE71F98806840F61F7188437B
:1033D000219A11689268114308431F998860FFE79A
:1033E0001CE01F99886820F4604088604FF0A0407E
:1033F00004F008FE019040F20010C5F2000004F055
:1034000001FE01460198084338B9FFE71F99886813
:1034100040F61F7290438860FFE7FFE708E02299BB
:10342000C86D40F02000C86501208DF88300FFE7DB
:10343000FFE72299002081F85800FFE79DF88300FC
:103440008DF88F00FFE79DF88F0024B080BD00004D
:1034500081B0009001B0704781B0009001B070471A
:1034600080B58EB00D9000200C900D98006800681B
:103470000B900D98006840680A9040F20030C5F249
:10348000000004F05DFD05909DF82C0080070028E9
:103490001AD5FFE79DF828008007002814D5FFE71C
:1034A0000D98C06DC006002806D4FFE70D99C86DC1
:1034B00040F40060C865FFE70D98FEF787FE0D98A1
:1034C000016802200860FFE79DF82C0040070028F3
:1034D00006D5FFE70A9800F0040004280ED0FFE7A5
:1034E0009DF82C000007002840F19B80FFE79DF825
:1034F00028000007002840F19480FFE70D98C06D78
:10350000C006002806D4FFE70D99C86D40F400708E
:10351000C865FFE70D98006804F094FD002878D096
:10352000FFE70D98006840F20011C5F200018842E3
:1035300004D1FFE74FF0A040049003E00D9800682D
:103540000490FFE704980D99096888420BD0FFE7C3
:10355000059840B1FFE70598052804D0FFE70598D6
:10356000092805D1FFE70D980068C068079016E0AC
:103570000D98006840F20011C5F20001884204D1A4
:10358000FFE74FF0A040039003E00D980068039020
:10359000FFE7039806900698C0680790FFE7079832
:1035A00000F40050B0F5005F32D0FFE70D980068DE
:1035B0000068000700282AD5FFE70D98006804F08E
:1035C00031FDC0B9FFE70D980168486820F00C0094
:1035D00048600D99C86D20F48070C8650D98C06D65
:1035E000C004002806D4FFE70D99C86D40F0010023
:1035F000C865FFE70AE00D99C86D40F01000C86586
:103600000D99086E40F001000866FFE7FFE7FFE74D
:10361000FFE70D98FFF71CFF0D9801680C2008606C
:10362000FFE79DF82C008006002806D5FFE70A98E2
:1036300000F0200020280ED0FFE79DF82C00400667
:10364000002840F1B280FFE79DF8280040060028DE
:1036500040F1AB80FFE70D98C06DC006002806D48E
:10366000FFE70D99C86D40F40050C865FFE70D985D
:10367000006804F09DFC09900D98006804F0E2FCDD
:1036800008900D98006840F20011C5F200018842D0
:1036900004D1FFE74FF0A040029003E00D980068CE
:1036A0000290FFE702980D99096888420BD0FFE766
:1036B000059840B1FFE70598062804D0FFE7059874
:1036C000072805D1FFE70D980068C068079016E04D
:1036D0000D98006840F20011C5F20001884204D143
:1036E000FFE74FF0A040019003E00D9800680190C3
:1036F000FFE7019806900698C0680790FFE70998D1
:1037000000284AD0FFE79DF81F00800700280AD54F
:10371000FFE7089800283FD0FFE79DF81D008006CE
:10372000002839D4FFE70D9800680068400600289B
:1037300031D5FFE79DF81E00800600282AD4FFE758
:103740000D98006804F024FCC0B9FFE70D980168EB
:10375000486820F0600048600D99C86D20F48050E2
:10376000C8650D98C06DC005002806D4FFE70D9907
:10377000C86D40F00100C865FFE70AE00D99C86D0B
:1037800040F01000C8650D99086E40F00100086611
:10379000FFE7FFE7FFE7FFE7FFE70D98FFF7FAF91D
:1037A0000D98016860200860FFE79DF82C00000676
:1037B000002813D5FFE79DF82800000600280DD546
:1037C000FFE70D99C86D40F48030C8650D9800F092
:1037D00029FA0D98016880200860FFE79DF82D0008
:1037E000C00798B1FFE79DF82900C00770B1FFE757
:1037F0000D99C86D40F40030C8650D98FFF764FD61
:103800000D9801684FF480700860FFE79DF82D0067
:103810008007002814D5FFE79DF8290080070028BD
:103820000ED5FFE70D99C86D40F48020C8650D984E
:10383000FFF74EFD0D9801684FF400700860FFE738
:103840009DF82C00C00600283ED5FFE79DF8280013
:10385000C006002838D5FFE70D98C06B18B9FFE700
:1038600001200C9019E0059860B1FFE740F20030AC
:10387000C5F2000004F05CFB18B1FFE701200C90DA
:10388000FFE709E00D980068C068C00718B1FFE7BE
:1038900001200C90FFE7FFE7FFE70C9801280ED10D
:1038A000FFE70D99C86D40F48060C8650D99086EFA
:1038B00040F0020008660D98FFF7CEFDFFE70D9877
:1038C000016810200860FFE79DF82D0040070028E0
:1038D00019D5FFE79DF829004007002813D5FFE719
:1038E0000D99C86D40F48040C8650D99086E40F090
:1038F000080008660D9801684FF4806008600D9814
:10390000FFF7E0FBFFE70EB080BD000080B588B098
:10391000069000208DF817000190069820B9FFE767
:1039200001208DF81F0079E10698406940B1FFE75A
:10393000069890F82400012801D1FFE7FFE7FFE790
:103940000698C06D50B9FFE7069800F06FF9069928
:1039500000200866069981F85800FFE7069800687D
:1039600004F040FB28B1FFE70698006804F0A6FACF
:10397000FFE70698006804F04DFBF0B9FFE70698F2
:10398000006804F0B5FA40F20C00C2F200000068D2
:10399000800942F66351C0F23E51A0FB011081093B
:1039A000022000EB41000190FFE7019820B1FFE702
:1039B000019801380190F8E7FFE70698006804F0E5
:1039C00029FB70B9FFE70699C86D40F01000C86583
:1039D0000699086E40F00100086601208DF8170076
:1039E000FFE70698006804F01DFB03900698C06D81
:1039F000C006002800F10481FFE70398002840F08A
:103A0000FF80FFE70698C06D40F0020020F4807050
:103A10000699C8650698006804F0ECFAD0B9FFE78B
:103A20004FF0A04004F0E6FA009040F20010C5F21A
:103A3000000004F0DFFA01460098084348B9FFE7A8
:103A40000698416840F20030C5F2000004F03CFBEB
:103A5000FFE7FFE706994A7FC86B40EA42308A6871
:103A6000CB681843104391F8241040EA01400490B9
:103A7000069890F8240001280BD1FFE70698816A88
:103A80000020CFF6FE7000EB4141049808430490FB
:103A9000FFE70698C06A50B1FFE70699C86A096B4C
:103AA00000F478700143049808430490FFE70698F7
:103AB0000068C06844F20701CFF6F071084004992D
:103AC000084306990968C86006980068006920F0F4
:103AD0004060069A1168526B1043086106980068AE
:103AE00004F056FA02900398002868D1FFE7029884
:103AF000002864D1FFE70699087F91F83810800309
:103B000040EA4100049006980068C06844F202014F
:103B100088430499084306990968C86006980069B3
:103B2000A0B1FFE706980168086940F48030086199
:103B300006980068D0F8C00043F6FF718843069AE3
:103B4000116812691043C1F8C00011E006980168BD
:103B5000086920F48030086106980068D0F8C00039
:103B600043F6FF71884306990968C1F8C000FFE772
:103B7000069890F84000012819D1FFE706980068E0
:103B8000006940F2FD7120EA0102069B1968586C39
:103B9000D3F848E0D3F84CC040EA0E0040EA0C00ED
:103BA0001B6D1843104340F00100086106E00698C1
:103BB0000168086920F001000861FFE7FFE7069847
:103BC000406901280CD1FFE706980068006B20F0DF
:103BD0000F00069A1168126A013A1043086306E062
:103BE00006980168086B20F00F000863FFE706984D
:103BF000C06D40F0010020F002000699C86508E0A1
:103C00000699C86D40F01000C86501208DF81700B6
:103C1000FFE79DF817008DF81F00FFE79DF81F00D4
:103C200008B080BD81B0009001B0704780B59CB0F5
:103C30001B9000201A90199018901790169005A8C4
:103C40004421FCF71BFC1B980068B0F1A04F45D144
:103C5000FFE74FF4004005904FF00050149005A886
:103C600001F046F918B1FFE7FEF750FAFFE7FFE76A
:103C700041F24C00C4F20200016841F400510160BD
:103C8000006800F4005004900498FFE7FFE741F259
:103C90004C00C4F20200016841F0020101600068BA
:103CA00000F0020003900398FFE741F6030016902E
:103CB0000320179000200190189040F20040C4F6B5
:103CC000000016A900F090FD019A12200290114602
:103CD00001F00AF8029800F0FDFFFFE71CB080BD7C
:103CE00082B0019000208DF80300019890F8250023
:103CF000022807D0FFE701990420C86301208DF84E
:103D000003002DE001980168086820F00E000860AB
:103D10000198816C086820F480700860019801683F
:103D2000086820F0010008600198016C406C00F008
:103D30001F020120904048600198C16C006D4860EE
:103D40000198406D58B1FFE70198416D086820F473
:103D5000807008600198816DC06D4860FFE7FFE7E3
:103D60000199012081F82500FFE70199002081F8E1
:103D70002400FFE79DF8030002B0704780B582B0D1
:103D8000019000208DF80300019890F8250002288A
:103D900011D0FFE701990420C8630199012081F83F
:103DA0002500FFE70199002081F82400FFE70120AA
:103DB0008DF803003FE001980168086820F00E00CC
:103DC000086001980168086820F001000860019807
:103DD000816C086820F4807008600198016C406C68
:103DE00000F01F020120904048600198C16C006DF6
:103DF00048600198406D58B1FFE70198416D08682F
:103E000020F4807008600198816DC06D4860FFE704
:103E10000199012081F82500FFE70199002081F830
:103E20002400FFE70198806B20B1FFE70198816BC8
:103E30008847FFE7FFE79DF8030002B080BD000060
:103E400080B584B003900398006C006802900398DA
:103E500000680068019002980399496C01F01F0105
:103E6000C8404007002825D5FFE79DF8040040071B
:103E700000281FD5FFE70398006800688006002827
:103E800007D4FFE703980168086820F00400086081
:103E9000FFE70398016C406C00F01F020420904083
:103EA00048600398006B20B1FFE70398016B8847D7
:103EB000FFE76EE002980399496C01F01F01C840CA
:103EC000800700282FD5FFE79DF804008007002811
:103ED00029D5FFE7039800680068800600280BD406
:103EE000FFE703980168086820F00A00086003995A
:103EF000012081F82500FFE70398016C406C00F079
:103F00001F02022090404860FFE70399002081F8DB
:103F10002400FFE70398C06A20B1FFE70398C16A55
:103F20008847FFE734E002980399496C01F01F01CC
:103F3000C8400007002829D5FFE79DF804000007C6
:103F4000002823D5FFE703980168086820F00E00D9
:103F500008600398026C406C00F01F01012000FA19
:103F600001F151600399C863039981F82500FFE7C7
:103F70000399002081F82400FFE70398406B20B1EB
:103F8000FFE70398416B8847FFE700E0FFE7FFE7A3
:103F9000FFE704B080BD000080B584B002900298B5
:103FA00020B9FFE701208DF80F009CE0029800681F
:103FB00040F20741C4F20201884218D8FFE7029993
:103FC00008684FF6F872CBF6FD7210444CF6CD42FD
:103FD000CCF6CC42A0FB02026FF0030000EA920094
:103FE000486402990020C4F20200086418E00299B3
:103FF00008684FF6F832CBF6FD7210444CF6CD420D
:10400000CCF6CC42A0FB02026FF0030000EA920063
:104010004864029940F20040C4F202000864FFE7DD
:104020000299022081F8250002980068006801903A
:10403000019847F6F0718843019002998868D1F899
:104040000CC00B694A6940EA0C00184310438A69A6
:104050001043CA691043096A01430198084301905B
:1040600001980299096808600298FDF755FF0298C7
:104070008068B0F5804F04D1FFE7029900204860C6
:10408000FFE702990879896C08600298C16C006D9D
:1040900048600298406888B1FFE7029840680428A9
:1040A0000CD8FFE70298FDF771FF0298416D0020E0
:1040B00008600298816DC06D486007E00299002099
:1040C0004865029988650299C865FFE70299002052
:1040D000C863029A012182F82510029981F8240010
:1040E0008DF80F00FFE79DF80F0004B080BD0000C1
:1040F00080B584B0039000F059FD029003980190C0
:104100000198013048B1FFE740F21000C2F2000010
:104110000168019808440190FFE7FFE700F046FDC1
:104120000299401A0199884201D2FFE7F6E704B0EC
:1041300080BD000081B0009001B0704782B0019056
:10414000009102B07047000081B0009001B070474C
:1041500080B58AB0099009980068006D00F4E050BD
:10416000089009980068416D0898084008900998DF
:104170000068006D00F00700079009980068416D25
:1041800007980840079009980068006D00F0380013
:10419000069009980068416D0698084006900998B5
:1041A0000068006D00F47100059009980068416D89
:1041B00005980840059009980068006D00F460209B
:1041C000049009980068416D04980840049009988B
:1041D0000068406D019009980068006D00909DF89E
:1041E000000000F040010020B0EB911F12D0FFE76B
:1041F0009DF8040000F040010020B0EB911F08D0B2
:10420000FFE709980168402008650998FFF79CFFBF
:10421000FFE7FFE79DF80100C007E0B1FFE79DF869
:104220000500C007B0B1FFE709980068D0F8D800D2
:10423000029009980068D0F8E010029808400290B7
:10424000099801684FF4807008650998029900F098
:10425000B5FAFFE7FFE7089848B1FFE70898099922
:10426000096808650998089900F0B4FAFFE707980B
:1042700048B1FFE7079809990968086509980799FF
:1042800000F088FAFFE7069848B1FFE70698099919
:10429000096808650998069900F082FAFFE79DF819
:1042A000010000F002010020B0EB510F13D0FFE736
:1042B0009DF8050000F002010020B0EB510F09D07D
:1042C000FFE7099801684FF400700865099800F04D
:1042D00087FAFFE7FFE79DF800100020B0EBD11F41
:1042E0001DD0FFE79DF804100020B0EBD11F15D0C2
:1042F000FFE709980068D0F8D40003900998006897
:10430000D0F8DC10039808400390099801688020D9
:1043100008650998039900F057FAFFE7FFE79DF851
:10432000010000F020010020B0EB511F13D0FFE787
:104330009DF8050000F020010020B0EB511F09D0CE
:10434000FFE7099801684FF400500865099800F0EC
:1043500031FAFFE7FFE79DF801100020B0EBD11F15
:1043600011D0FFE79DF805100020B0EBD11F09D058
:10437000FFE7099801684FF400400865099800F0CC
:1043800015FAFFE7FFE79DF8010000F0400100206B
:10439000B0EB911F15D0FFE79DF8050000F040013C
:1043A0000020B0EB911F0BD0FFE7099801684FF494
:1043B000804008650999086E40F080000866FFE7B4
:1043C000FFE7049848B1FFE7049809990968086570
:1043D00009980499FFF7B2FEFFE7059850B1FFE78F
:1043E0000598099909680865059A0999086E1043A6
:1043F0000866FFE70998006E20B1FFE70998FFF70C
:1044000099FEFFE70AB080BD80B584B002900298A3
:1044100020B9FFE701208DF80F0057E102980068EE
:1044200046F20041C4F20001884201D1FFE7FFE7F4
:1044300002988068B0F5407F01D1FFE7FFE702985E
:1044400090F85C0040B9FFE70299002081F85D0018
:10445000029800F03FF9FFE702980168886920F0B0
:104460001000886100F0A2FB0190FFE7029800684D
:1044700080690007002815D5FFE700F097FB019938
:10448000401A0B280DD3FFE70299086E40F0010097
:1044900008660299032081F85C0001208DF80F0066
:1044A00014E1E3E702980168886940F0010088613F
:1044B00000F07CFB0190FFE7029800688069C0076C
:1044C000A8B9FFE700F072FB0199401A0B280DD341
:1044D000FFE70299086E40F0010008660299032088
:1044E00081F85C0001208DF80F00EFE0E4E702980E
:1044F0000168886940F0020088610298006846F20D
:104500000041C4F20001884208D1FFE702984068E8
:1045100046F20051C4F200010860FFE70298007CF7
:10452000012807D1FFE702980168886920F0400060
:10453000886106E002980168886940F0400088615F
:10454000FFE70298407C012807D1FFE70298016845
:10455000886940F48040886106E0029801688869B3
:1045600020F480408861FFE70298807C012807D111
:10457000FFE702980168886920F48050886106E0AE
:1045800002980168886940F480508861FFE70298CA
:104590000068806920F44070029A116892681043A4
:1045A000886102980168886920F0A40088610298F7
:1045B0000168086920F0100008610298C0680128AD
:1045C00007D1FFE702980168886940F0040088611C
:1045D0002BE00298C06830B3FFE70298C068022859
:1045E00019D0FFE702980168886940F0800088616F
:1045F00002980168086940F0100008610298C068DC
:10460000032807D1FFE702980168886940F020007D
:104610008861FFE706E002980168886940F02000A1
:104620008861FFE700E0FFE7FFE7029A116853693E
:104630009069D2F81CE0A0F1010C6FF0FF0000EBD4
:104640000E2040EA4C60126A013A10430022CFF675
:10465000FF7202EB03421043C86102988068B0F514
:10466000407F1CD1FFE7029A1168536A906AD2F822
:104670002CE001386FF0FF0C0CEB0E2C40EA0C0024
:10468000D2F830C06FF00F0202EB0C121043002280
:10469000CFF6FF7202EB03421043C860FFE70298B7
:1046A0000168C26BD1F8C0001043C1F8C000029885
:1046B000FDF73CFD02990020886502990866029A80
:1046C000012182F85C108DF80F00FFE79DF80F00C4
:1046D00004B080BD80B59CB01B9000201A9019904A
:1046E00018901790169005A84421FBF7C7FE1B9859
:1046F000006846F20041C4F20001884248D1FFE759
:104700004FF4805005904FF00070119005A800F014
:10471000EFFB18B1FFE7FDF7F9FCFFE7FFE741F218
:104720005800C4F20200016841F0007101600068A5
:1047300000F0007004900498FFE7FFE741F24C009E
:10474000C4F20200016841F002010160006800F05B
:10475000020003900398FFE74FF440701690022088
:104760001790002001901890199009201A9040F29B
:104770000040C4F6000016A900F036F8019A152092
:104780000290012100F0B0FA029800F0A3FAFFE7CE
:104790001CB080BD82B00190009102B07047000053
:1047A00082B00190009102B07047000081B000908B
:1047B00001B0704781B0009001B0704782B00190A5
:1047C000009102B07047000082B00190009102B0E9
:1047D0007047000082B00190009102B07047000065
:1047E00081B0009001B070478BB00A900991002011
:1047F0000890FFE7099800680899C840002800F071
:10480000A581FFE709980068089A012191400840B6
:1048100007900798002800F09581FFE70998406805
:1048200000F00300012807D0FFE70998406800F076
:10483000030002282FD1FFE70A98806806900898A5
:104840004100032000FA01F1069888430690099878
:10485000C0680899490000FA01F1069808430690DB
:1048600006980A9988600A9840680690089901207D
:1048700000FA01F106988843069009984068C0F351
:104880000010089900FA01F106980843069006986E
:104890000A994860FFE70998406800F00300032880
:1048A00018D0FFE70A98C0680690089841000320D6
:1048B00000FA01F1069888430690099880680899E3
:1048C000490000FA01F106980843069006980A99F3
:1048D000C860FFE70998406800F00300022826D16D
:1048E000FFE70A9808996FF0030202EA51010844B1
:1048F000006A0690089800F0070081000F2000FA77
:1049000001F106988843069009980069089901F01A
:104910000701890000FA01F10698084306900698FD
:104920000A99089B02EA530211440862FFE70A98B9
:104930000068069008984100032000FA01F10698EB
:10494000884306900998406800F0030008994900E0
:1049500000FA01F106980843069006980A99086043
:10496000099880798007002800F0EB80FFE7FFE7D7
:1049700041F26000C4F20200016841F001010160EF
:10498000006800F0010005900598FFE7089820F006
:1049900003000821C4F2010140580690089800F075
:1049A000030081000F2000FA01F106988843069069
:1049B0000A98B0F1904F03D1FFE70020049042E045
:1049C0000A9840F20041C4F60001884203D1FFE793
:1049D0000120039034E00A9840F60001C4F600017B
:1049E000884203D1FFE70220029026E00A9840F6B1
:1049F0000041C4F60001884203D1FFE70320019083
:104A000018E00A9841F20001C4F60001884203D17F
:104A1000FFE7042000900AE00A9941F20042C4F640
:104A200000020620914208BF05200090FFE7009891
:104A30000190FFE701980290FFE702980390FFE7DB
:104A400003980490FFE70498089901F00301890096
:104A500000FA01F10698084306900698089921F09B
:104A600003010822C4F20102885040F20840C4F257
:104A700001000068069007990698884306900998F7
:104A80008079C006002805D5FFE7079906980843F6
:104A90000690FFE7069840F20841C4F20101086061
:104AA00040F20C40C4F20100006806900799069895
:104AB00088430690099880798006002805D5FFE78D
:104AC0000799069808430690FFE7069840F20C41C4
:104AD000C4F20101086040F20440C4F20100006821
:104AE0000690079906988843069009988079800770
:104AF000002805D5FFE70799069808430690FFE7C9
:104B0000069840F20441C4F20101086040F20040FE
:104B1000C4F2010000680690079906988843069041
:104B200009988079C00728B1FFE7079906980843DC
:104B30000690FFE7069840F20041C4F201010860C8
:104B4000FFE7FFE708980130089053E60BB0704785
:104B500082B00190ADF8021001980069BDF8021012
:104B6000084204D0FFE701208DF8010003E0002097
:104B70008DF80100FFE79DF8010002B070470000CA
:104B800082B00190ADF802108DF801209DF801006F
:104B900028B1FFE7BDF802000199886104E0BDF883
:104BA000020001998862FFE702B0704740F2D460CA
:104BB000C2F200000068704740F21000C2F200002C
:104BC000026840F2D461C2F2000108681044086033
:104BD0007047000080B582B000208DF807000320E8
:104BE00000F09AF80F2000F00DF820B1FFE7012047
:104BF0008DF8070002E000F049F8FFE79DF8070094
:104C000002B080BD80B582B0019000208DF8030015
:104C100040F21000C2F20000006878B3FFE740F2F3
:104C20000C00C2F20000006840F21001C2F2000164
:104C30000A684FF47A71B1FBF2F1B0FBF1F001F0C8
:104C4000A1F9B0B9FFE701980F280DD8FFE7019946
:104C50004FF0FF30002200F047F8019840F21401B5
:104C6000C2F20001086003E001208DF80300FFE7B5
:104C700003E001208DF80300FFE703E001208DF839
:104C80000300FFE79DF8030002B080BD80B582B04D
:104C9000FFE741F26000C4F20200016841F0010147
:104CA0000160006800F0010001900198FFE7FFE754
:104CB00041F25800C4F20200016841F080510160E5
:104CC000006800F0805000900098FFE700F006F9BF
:104CD00002B080BD80B582B08DF807009DF9070055
:104CE00005F0E4FB02B080BD80B586B08DF81700FA
:104CF0000491039205F0F2FB02909DF917000190D8
:104D000002980499039A03F047FE0146019805F0C2
:104D1000EDFB06B080BD000080B582B00190019827
:104D200005F006FC02B080BD85B003900398002812
:104D30005ED1FFE747F20000C4F20000006800F413
:104D4000C060B0F5806F49D1FFE747F28001C4F23F
:104D50000001086820F48070086047F20002C4F285
:104D600000021168012060F34A21116040F20C0139
:104D7000C2F200010968322251434DF68362C4F247
:104D80001B32A1FB022100EB91400290FFE747F2AA
:104D90001400C4F2000001680020490500290190B8
:104DA00006D5FFE70298002818BF01200190FFE711
:104DB0000198C00720B1FFE7029801380290E6E7AA
:104DC00047F21400C4F2000000684005002804D532
:104DD000FFE703208DF813007CE008E047F2800134
:104DE000C4F20001086820F480700860FFE76DE0FD
:104DF0000398B0F5007F5ED1FFE747F20000C4F2F0
:104E00000000006800F4C060B0F5806F49D1FFE792
:104E100047F28001C4F20001086840F48070086025
:104E200047F20002C4F200021168012060F34A2137
:104E3000116040F20C01C2F20001096832225143B4
:104E40004DF68362C4F21B32A1FB022100EB9140BC
:104E50000290FFE747F21400C4F20000016800204E
:104E600049050029009006D5FFE70298002818BFE1
:104E700001200090FFE70098C00720B1FFE70298EB
:104E800001380290E6E747F21400C4F2000000681F
:104E90004005002804D5FFE703208DF8130019E032
:104EA00008E047F28001C4F20001086840F4807015
:104EB0000860FFE709E047F20001C4F2000108685A
:104EC000022262F34A200860FFE7FFE700208DF826
:104ED0001300FFE79DF8130005B0704747F2080183
:104EE000C4F20001086840F4804008607047000088
:104EF00080B586B0059000208DF80B008DF80A0073
:104F0000059880780007002840F1B580FFE7002071
:104F10008DF8090041F25800C4F202000068C00098
:104F2000002813D4FFE7FFE741F25800C4F2020063
:104F3000016841F080510160006800F080500190EC
:104F40000198FFE701208DF80900FFE747F2000113
:104F5000C4F20001086840F480700860FFF726FE84
:104F60000390FFE747F20000C4F200000068C005AC
:104F700000280CD4FFE7FFF719FE0399401A032815
:104F800004D3FFE703208DF80B0000E0EAE79DF86B
:104F90000B0000285BD1FFE741F29000C4F2020051
:104FA000006800F4407004900498C8B1FFE70498CA
:104FB0000599096C884213D0FFE741F29001C4F2D1
:104FC0000201086820F440700490086840F48030C2
:104FD0000860086820F48030086004980860FFE7E3
:104FE0009DF81000C007E0B1FFE7FFF7DFFD039079
:104FF000FFE741F29000C4F2020000688007002839
:105000000ED4FFE7FFF7D2FD0399401A41F2893130
:10501000884204D3FFE703208DF80B0000E0E8E7A7
:10502000FFE79DF80B0060B9FFE741F29001C4F281
:105030000201086820F44070059A126C1043086061
:1050400004E09DF80B008DF80A00FFE704E09DF8EE
:105050000B008DF80A00FFE79DF80900012809D12F
:10506000FFE741F25801C4F20201086820F08050C5
:105070000860FFE7FFE705980078C00760B1FFE729
:1050800041F28801C4F20201086820F00300059A89
:10509000526810430860FFE70598007880070028F1
:1050A0000CD5FFE741F28801C4F20201086820F044
:1050B0000C00059A926810430860FFE70598007895
:1050C000400700280CD5FFE741F28801C4F2020135
:1050D000086820F03000059AD26810430860FFE7A6
:1050E00005980078000700280CD5FFE741F28801F9
:1050F000C4F20201086820F0C000059A126910434A
:105100000860FFE705980078800600280CD5FFE7C7
:1051100041F28801C4F20201086820F44060059A57
:10512000526910430860FFE70598007840060028A0
:105130000CD5FFE741F28801C4F20201086820F4AF
:105140004050059A926910430860FFE7059800787F
:10515000000600280CD5FFE741F28801C4F20201E5
:10516000086820F44040059AD26910430860FFE7C0
:1051700005984078C00760B1FFE741F28801C4F2AA
:105180000201086820F44030059A126A1043086052
:10519000FFE705984078800700280CD5FFE741F22B
:1051A0008801C4F20201086820F44020059A526A7E
:1051B00010430860FFE705984078400700281BD59A
:1051C000FFE741F28801C4F20201086820F44010B0
:1051D000059A926A104308600598806AB0F5801FAE
:1051E00009D1FFE741F20C01C4F20201086840F462
:1051F00080100860FFE7FFE7059840780007002867
:105200001BD5FFE741F28801C4F20201086820F4CF
:105210004000059AD26A104308600598C06AB0F54C
:10522000800F09D1FFE741F20C01C4F202010868C6
:1052300040F480100860FFE7FFE705984078C0065B
:1052400000281BD5FFE741F28801C4F2020108687B
:1052500020F04070059A126B104308600598006BAF
:10526000B0F1807F09D1FFE741F20C01C4F20201E5
:10527000086840F480100860FFE7FFE70598407871
:10528000800600281BD5FFE741F28801C4F2020125
:10529000086820F04060059A526B1043086005983A
:1052A000406BB0F1006F09D1FFE741F20C01C4F28D
:1052B0000201086840F480100860FFE7FFE70598E6
:1052C0004078400600281BD5FFE741F28801C4F270
:1052D0000201086820F04060059A926B1043086054
:1052E0000598806BB0F1006F09D1FFE741F20C0126
:1052F000C4F20201086840F480100860FFE7FFE78D
:1053000005984078000600281BD5FFE741F2880188
:10531000C4F20201086820F04050059AD26B104395
:1053200008600598C06BB0F1805F09D1FFE741F2DA
:105330000C01C4F20201086840F480300860FFE705
:10534000FFE79DF80A0006B080BD000080B586B07A
:105350000490039100200090049820B9FFE70120F9
:105360008DF8170081E1039842F20001C4F20201B6
:10537000096801F00F01884216D9FFE742F20000E8
:10538000C4F20200016821F00F01039A1143016089
:10539000006800F00F000399884204D0FFE7012065
:1053A0008DF8170061E1FFE704980078C007002836
:1053B00000F0A380FFE704984068032839D1FFE795
:1053C00041F20000C4F2020000688001002804D409
:1053D000FFE701208DF8170047E103F0ADFB0190D6
:1053E00001984BF20141C0F2C441884220D3FFE74B
:1053F00041F20800C4F20200006810F0F00F0AD079
:10540000FFE7049800788007002810D5FFE704988C
:10541000806860B9FFE741F20801C4F20201086840
:10542000082262F30710086080200090FFE7FFE782
:1054300038E00498406802280ED1FFE741F20000EE
:10544000C4F2020000688003002804D4FFE70120B2
:105450008DF8170009E10DE041F20000C4F20200EE
:1054600000684005002804D4FFE701208DF81700EC
:10547000FBE0FFE700F02CF9019001984BF20141AD
:10548000C0F2C44188420CD3FFE741F20801C4F2E4
:1054900002010868082262F307100860802000906B
:1054A000FFE7FFE741F20801C4F20201086820F0BB
:1054B0000300049A526810430860FFF777FB0290DC
:1054C000FFE741F20800C4F20200006800F00C009F
:1054D00004994968B0EB810F0ED0FFE7FFF766FB38
:1054E0000299401A41F28931884204D3FFE7032030
:1054F0008DF81700B9E0E4E7FFE70498007880072B
:1055000000282CD5FFE7049800784007002809D52B
:10551000FFE741F20801C4F20201086840F4E060CC
:105520000860FFE704980078000700280BD5FFE724
:1055300041F20801C4F20201086840F4E06020F47E
:1055400060500860FFE741F20801C4F202010868F8
:1055500020F0F000049A9268104308600DE0009873
:10556000802809D1FFE741F20801C4F2020108686E
:1055700020F0F0000860FFE7FFE7039842F2000127
:10558000C4F20201096801F00F01884228D2FFE746
:1055900042F20001C4F20201086820F00F00039AF1
:1055A00010430860FFF702FB0290FFE742F20000A1
:1055B000C4F20200006800F00F00039988420ED088
:1055C000FFE7FFF7F3FA0299401A41F28931884266
:1055D00004D3FFE703208DF8170046E0E6E7FFE776
:1055E00004980078400700280CD5FFE741F2080135
:1055F000C4F20201086820F4E060049AD268104303
:105600000860FFE704980078000700280DD5FFE741
:1056100041F20801C4F20201086820F46050049AC3
:10562000126940EAC2000860FFE700F051F841F259
:105630000801C4F202010968C9B20A094CF2DC117E
:10564000C0F60001895C01F01F01C84040F20C0166
:10565000C2F20001086040F21400C2F200000068CB
:10566000FFF7D0FA8DF81700FFE79DF8170006B096
:1056700080BD000040F20C00C2F2000000687047DC
:1056800080B5FFF7F7FF41F20801C4F20201096893
:10569000C1F302224CF2EC11C0F60001895C01F06A
:1056A0001F01C84080BD000080B5FFF7E3FF41F255
:1056B0000801C4F202010968C1F3C2224CF2EC11E4
:1056C000C0F60001895C01F01F01C84080BD0000E8
:1056D00086B041F20800C4F20200006800F00C003D
:1056E000042806D1FFE742F20040C0F2F400019026
:1056F00069E041F20800C4F20200006800F00C000A
:10570000082806D1FFE741F20020C0F27A0001909C
:1057100058E041F20800C4F20200006800F00C00FA
:105720000C284BD1FFE741F20C00C4F202000168E3
:1057300001F0030104910068C1B2012000EB1110D7
:10574000029004980090022815D0FFE700980328E3
:1057500012D1FFE7029941F20020C0F27A00B0FBBB
:10576000F1F041F20C01C4F202010968C1F3062113
:105770004843059011E0FFE7029942F20040C0F271
:10578000F400B0FBF1F041F20C01C4F2020109682F
:10579000C1F3062148430590FFE741F20C00C4F233
:1057A0000200006800F0C061022000EB116003906D
:1057B00005980399B0FBF1F0019002E00020019000
:1057C000FFE7FFE7FFE7019806B07047B0B588B084
:1057D0000690069820B9FFE701208DF81F00CCE362
:1057E00006980078C007002800F09B80FFE741F290
:1057F0000800C4F20200006800F00C00049041F2BE
:105800000C00C4F20200006800F00300039004984A
:105810000C2804D1FFE70398032804D0FFE704987D
:10582000082812D1FFE741F20000C4F2020000682C
:105830008003002808D5FFE70698406820B9FFE7F5
:1058400001208DF81F0098E36AE0FFE706984068A2
:10585000B0F5803F09D1FFE741F20001C4F2020137
:10586000086840F48030086020E006984068B0F591
:10587000A02F0DD1FFE741F20001C4F20201086838
:1058800040F480200860086840F4803008600CE034
:1058900041F20001C4F20201086820F4803008607F
:1058A000086820F480200860FFE7FFE7FFE706981C
:1058B0004068D0B1FFE7FFF779F90590FFE741F2C3
:1058C0000000C4F202000068800300280CD4FFE747
:1058D000FFF76CF90599401A652804D3FFE7032008
:1058E0008DF81F0049E3EAE719E0FFF75FF905903B
:1058F000FFE741F20000C4F20200006880030028C4
:105900000CD5FFE7FFF752F90599401A652804D333
:10591000FFE703208DF81F002FE3EAE7FFE7FFE72B
:10592000FFE7069800788007002840F19F80FFE796
:1059300041F20800C4F20200006800F00C0004907C
:1059400041F20C00C4F20200006800F00300039072
:1059500004980C2804D1FFE70398022804D0FFE73D
:10596000049804282CD1FFE741F20000C4F20200A1
:1059700000684005002808D5FFE70698C06820B9F0
:10598000FFE701208DF81F00F7E241F20401C4F2A5
:105990000201086820F0FE40069A126940EA02609F
:1059A000086040F21400C2F200000068FFF72AF914
:1059B00020B1FFE701208DF81F00DEE2FFE754E091
:1059C0000698C06870B3FFE741F20001C4F202011B
:1059D000086840F480700860FFF7E8F80590FFE77A
:1059E00041F20000C4F202000068400500280CD417
:1059F000FFE7FFF7DBF80599401A032804D3FFE718
:105A000003208DF81F00B8E2EAE741F20401C4F276
:105A10000201086820F0FE40069A126940EA02601E
:105A2000086021E041F20001C4F20201086820F49C
:105A300080700860FFF7BAF80590FFE741F20000B8
:105A4000C4F202000068400500280CD5FFE7FFF70C
:105A5000ADF80599401A032804D3FFE703208DF819
:105A60001F008AE2EAE7FFE7FFE7FFE70698007812
:105A70000007002849D5FFE70698406910B3FFE703
:105A800041F29401C4F20201086840F0010008608C
:105A9000FFF78CF80590FFE741F29400C4F2020092
:105AA0000068800700280CD4FFE7FFF77FF805990E
:105AB000401A032804D3FFE703208DF81F005CE29F
:105AC000EAE721E041F29401C4F20201086820F003
:105AD00001000860FFF76AF80590FFE741F29400C3
:105AE000C4F202000068800700280CD5FFE7FFF72A
:105AF0005DF80599401A032804D3FFE703208DF8C9
:105B00001F003AE2EAE7FFE7FFE706980078400760
:105B1000002840F1C680FFE700208DF80B0041F21D
:105B20005800C4F202000068C000002813D4FFE748
:105B3000FFE741F25800C4F20200016841F08051D1
:105B40000160006800F0805001900198FFE701209B
:105B50008DF80B00FFE747F20000C4F20000006878
:105B6000C005002822D4FFE747F20001C4F200017B
:105B7000086840F480700860FFF718F80590FFE7A8
:105B800047F20000C4F200000068C00500280CD4F1
:105B9000FFE7FFF70BF80599401A032804D3FFE746
:105BA00003208DF81F00E8E1EAE7FFE7FFE706982A
:105BB0008068012809D1FFE741F29001C4F2020197
:105BC000086840F0010008601FE00698806805281A
:105BD0000DD1FFE741F29001C4F20201086840F0E4
:105BE00004000860086840F0010008600CE041F221
:105BF0009001C4F20201086820F001000860086802
:105C000020F004000860FFE7FFE7FFE706988068E0
:105C1000E0B1FFE7FEF7CAFF0590FFE741F2900011
:105C2000C4F202000068800700280ED4FFE7FEF7E8
:105C3000BDFF0599401A41F28931884204D3FFE73C
:105C400003208DF81F0098E1E8E71BE0FEF7AEFFA8
:105C50000590FFE741F29000C4F20200006880075F
:105C600000280ED5FFE7FEF7A1FF0599401A41F283
:105C70008931884204D3FFE703208DF81F007CE1BF
:105C8000E8E7FFE79DF80B00012809D1FFE741F2A3
:105C90005801C4F20201086820F080500860FFE754
:105CA000FFE7069800788006002849D5FFE70698A8
:105CB000806910B3FFE741F29801C4F2020108685D
:105CC00040F001000860FEF771FF0590FFE741F228
:105CD0009800C4F202000068800700280CD4FFE797
:105CE000FEF764FF0599401A032804D3FFE7032059
:105CF0008DF81F0041E1EAE721E041F29801C4F28A
:105D00000201086820F001000860FEF74FFF0590CF
:105D1000FFE741F29800C4F2020000688007002803
:105D20000CD5FFE7FEF742FF0599401A032804D37C
:105D3000FFE703208DF81F001FE1EAE7FFE7FFE719
:105D40000698C069002800F01481FFE741F20800BE
:105D5000C4F20200006800F00C000C2800F0B080D3
:105D6000FFE70698C06902287CD1FFE741F20001F5
:105D7000C4F20201086820F080700860FEF716FF88
:105D80000590FFE741F20000C4F2020000688001C4
:105D900000280CD5FFE7FEF709FF0599401A0328F4
:105DA00004D3FFE703208DF81F00E6E0EAE741F2A5
:105DB0000C01C4F20201086848F20C02C0F29F1202
:105DC0001040DDF818C0DCF82020DCF82450DCF8A6
:105DD00028E0DCF82C306FF00F0404EB05142243AC
:105DE00042EA0E22DCF8304040F2000ECFF6E07EB0
:105DF0000EEA045EAEF5001E42EA0E02DCF834E064
:105E00004FF07E4C0CEA0E6C0CF17E4C42EA0C0218
:105E100042EAC3621043086041F20002C4F2020287
:105E2000106840F080701060086840F08070086072
:105E3000FEF7BCFE0590FFE741F20000C4F202004D
:105E40000068800100280CD4FFE7FEF7AFFE05993B
:105E5000401A032804D3FFE703208DF81F008CE0CD
:105E6000EAE72CE041F20001C4F20201086820F0E8
:105E700080700860FEF79AFE0590FFE741F200008F
:105E8000C4F202000068800100280CD5FFE7FEF78D
:105E90008DFE0599401A032804D3FFE703208DF8EF
:105EA0001F006AE0EAE741F20C01C4F2020108684F
:105EB0004FF6FC72CFF6EE6210400860FFE757E045
:105EC0000698C069012804D1FFE701208DF81F0062
:105ED00053E041F20C00C4F2020000680390039802
:105EE00000F003000699096A88423BD1FFE7039856
:105EF00000F0F00006994A6A6FF00F0101EB021101
:105F000088422FD1FFE7039800F4FE400699896A82
:105F1000B0EB012F26D1FFE7039800F078400699F7
:105F2000C96AB0EBC16F1DD1FFE7039800F4C00050
:105F300006990A6B0021CFF6E07101EA0251A1F542
:105F4000001188420ED1FFE7039800F0C060069967
:105F50004A6B4FF07E4101EA026101F17E418842C5
:105F600004D0FFE701208DF81F0006E0FFE7FFE700
:105F7000FFE700208DF81F00FFE79DF81F0008B025
:105F8000B0BD000080B582B00190019802F024FEFF
:105F900002B080BD81B0009001B0704781B0009028
:105FA00001B0704781B0009001B0704784B002909A
:105FB000019100200090FFE7029890F83C00012832
:105FC00004D1FFE702208DF80F0083E00299012041
:105FD00081F83C00FFE7FFE7009820F0FF000199FF
:105FE000C96808430090009820F4407001998968BE
:105FF00008430090009820F48060019949680843A4
:106000000090009820F4006001990968084300900E
:10601000009820F480500199096908430090009885
:1060200020F400500199496908430090009820F439
:1060300080400199096B08430090009820F470207B
:106040000199896940EA01400090009820F0805051
:106050000199C969084300900298006842F600411E
:10606000C4F20101884209D0FFE70298006843F2B8
:106070000041C4F2010188421ED1FFE7009820F4DC
:1060800070000199896A40EA01500090009820F060
:1060900080700199096A08430090009820F0007010
:1060A0000199496A08430090009820F00050019936
:1060B000C96A08430090FFE700980299096848649C
:1060C000FFE70299002081F83C00FFE700208DF8EF
:1060D0000F00FFE79DF80F0004B0704781B00090FB
:1060E00001B0704781B0009001B0704781B000905E
:1060F00001B0704785B003900291FFE7039890F8D4
:106100003C00012804D1FFE702208DF813008CE049
:106110000399012081F83C00FFE7FFE70399022083
:1061200081F83D000398006840680190039800687A
:10613000806800900398006842F60041C4F20101B3
:10614000884209D0FFE70398006843F20041C4F297
:10615000010188420AD1FFE7019820F47000019004
:1061600002984168019808430190FFE701984FF6B3
:106170008F71CFF6FF510840019002980168019895
:1061800008430190019803990968486003980068E2
:1061900042F60041C4F2010188422AD0FFE7039889
:1061A0000068B0F1804F24D0FFE70398006840F208
:1061B0000041C4F2000188421BD0FFE70398006849
:1061C00040F60001C4F20001884212D0FFE70398B4
:1061D000006843F20041C4F20101884209D0FFE7A0
:1061E0000398006844F20001C4F2010188420ED114
:1061F000FFE7009820F080000090029881680098E6
:10620000084300900098039909688860FFE70399A4
:10621000012081F83D00FFE70399002081F83C0050
:10622000FFE700208DF81300FFE79DF8130005B08D
:106230007047000080B58AB008900791079828B988
:10624000FFE7089890F8440005901CE007980428A0
:1062500005D1FFE7089890F84500049010E00798F2
:10626000082805D1FFE7089890F84600039004E05D
:10627000089890F847000390FFE703980490FFE721
:1062800004980590FFE70598012804D0FFE7012056
:106290008DF8270089E0079828B9FFE708990220C0
:1062A00081F844001EE00798042806D1FFE708990A
:1062B000022081F84500029012E00798082806D1D4
:1062C000FFE70899022081F84600019005E008994F
:1062D000022081F847000190FFE701980290FFE754
:1062E0000298FFE7089800680799042202F0D8FD99
:1062F00008980168486C40F40040486408980068B9
:1063000042F60041C4F2010188422AD0FFE7089812
:106310000068B0F1804F24D0FFE70898006840F291
:106320000041C4F2000188421BD0FFE708980068D2
:1063300040F60001C4F20001884212D0FFE708983D
:10634000006843F20041C4F20101884209D0FFE72E
:106350000898006844F20001C4F20101884219D192
:10636000FFE70898006880680721C0F20101084033
:106370000690069806280CD0FFE70698B0F5803FF7
:1063800007D0FFE708980168086840F0010008603E
:10639000FFE706E008980168086840F0010008601F
:1063A000FFE700208DF82700FFE79DF827000AB0DF
:1063B00080BD000081B0009001B0704780B582B010
:1063C0000090009820B9FFE701208DF8070045E014
:1063D000009890F83D0040B9FFE70099002081F84F
:1063E0003C00009800F03EF8FFE70099022081F899
:1063F0003D00009951F8040B02F06AFC009901205D
:1064000081F84800FFE70099012081F83E000099DB
:1064100081F83F00009981F84000009981F841001F
:10642000009981F84200009981F84300FFE7FFE7F7
:106430000099012081F84400009981F845000099F5
:1064400081F84600009981F84700FFE70099012094
:1064500081F83D0000208DF80700FFE79DF8070058
:1064600002B080BD80B584B003900398006842F606
:106470000041C4F20101884210D1FFE7FFE741F279
:106480006000C4F20200016841F40061016000682C
:1064900000F4006002900298FFE71FE00398006894
:1064A000B0F1804F19D1FFE7FFE741F25800C4F285
:1064B0000200016841F001010160006800F0010084
:1064C00001900198FFE71C20009000221146FEF782
:1064D0000BFC0098FEF7FEFBFFE7FFE704B080BD72
:1064E00083B00190019890F83D00012804D0FFE7A7
:1064F00001208DF80B005AE00199022081F83D003F
:106500000198006842F60041C4F2010188422AD095
:10651000FFE701980068B0F1804F24D0FFE70198B1
:10652000006840F20041C4F2000188421BD0FFE73E
:106530000198006840F60001C4F20001884212D0C0
:10654000FFE70198006843F20041C4F2010188426C
:1065500009D0FFE70198006844F20001C4F201018C
:10656000884219D1FFE70198006880680721C0F2CE
:10657000010108400090009806280CD0FFE7009821
:10658000B0F5803F07D0FFE701980168086840F048
:1065900001000860FFE706E001980168086840F024
:1065A00001000860FFE700208DF80B00FFE79DF871
:1065B0000B0003B07047000080B586B004900391D3
:1065C00000208DF80B00FFE7049890F83C000128AC
:1065D00004D1FFE702208DF81700D3E004990120D1
:1065E00081F83C00FFE7FFE70499022081F83D00B5
:1065F000049800688068019001984FF68871CFF682
:10660000CE7108400190019820F47F4001900198DC
:10661000049909688860039800680090002800F0D9
:106620009780FFE70098102800F09280FFE700981D
:10663000202800F08D80FFE70098302800F0888047
:10664000FFE70098402876D0FFE70098502858D000
:10665000FFE70098602861D0FFE7009870282CD0F1
:10666000FFE70098B0F5805F26D0FFE70098B0F50F
:10667000005F37D0FFE70098B0F1101F68D0FFE748
:1066800000982021C0F21001884261D0FFE70098F5
:106690003021C0F2100188425AD0FFE70098402113
:1066A000C0F21001884253D0FFE700987021C0F279
:1066B000100188424CD052E055E004980068039BDA
:1066C0005A689968DB6802F007FC049800688068E3
:1066D0000190019840F077000190019804990968B1
:1066E000886040E004980068039B5A689968DB68FA
:1066F00002F0F2FB04980168886840F480408860EA
:1067000031E004980068039A5168D26802F0BCFF37
:1067100004980068502102F0F9FB24E00498006816
:10672000039A5168D26802F0D7FF0498006860218C
:1067300002F0ECFB17E004980068039A5168D268F5
:1067400002F0A2FF04980068402102F0DFFB0AE09B
:10675000049800680399096802F0D8FB03E001205F
:106760008DF80B00FFE70499012081F83D00FFE759
:106770000499002081F83C00FFE79DF80B008DF89C
:106780001700FFE79DF8170006B080BD81B00090AC
:1067900001B0704780B584B0039003980068C0686A
:1067A000029003980068006901909DF8040080073A
:1067B000002824D5FFE79DF80800800700281DD594
:1067C000FFE7039801686FF0020008610399012058
:1067D0000877039800688069800720B1FFE7039875
:1067E000FFF7D4FF06E0039800F0BCF9039800F02F
:1067F000EDFAFFE7039900200877FFE7FFE79DF830
:1068000004004007002825D5FFE79DF80800400751
:1068100000281ED5FFE7039801686FF004000861A7
:1068200003990220087703980068806910F4407F7C
:1068300004D0FFE70398FFF7A9FF06E0039800F0F4
:1068400091F9039800F0C2FAFFE703990020087756
:10685000FFE7FFE79DF804000007002824D5FFE7C5
:106860009DF80800000700281DD5FFE70398016880
:106870006FF0080008610399042008770398006806
:10688000C069800720B1FFE70398FFF77FFF06E0AC
:10689000039800F067F9039800F098FAFFE703996E
:1068A00000200877FFE7FFE79DF80400C0060028F6
:1068B00025D5FFE79DF80800C00600281ED5FFE794
:1068C000039801686FF010000861039908200877A9
:1068D00003980068C06910F4407F04D0FFE7039874
:1068E000FFF754FF06E0039800F03CF9039800F02E
:1068F0006DFAFFE7039900200877FFE7FFE79DF8AF
:106900000400C00778B1FFE79DF80800C00748B150
:10691000FFE7039801686FF001000861039800F039
:1069200089FBFFE7FFE7019800F08000802806D090
:10693000FFE79DF805008006002810D5FFE79DF8C9
:1069400008000006002809D5FFE7039801686FF4E6
:10695000025008610398FFF721FBFFE7FFE79DF86E
:106960000500C00780B1FFE79DF808000006002879
:1069700009D5FFE7039801686FF4807008610398F8
:10698000FFF708FBFFE7FFE79DF80400400600283B
:1069900010D5FFE79DF808004006002809D5FFE75D
:1069A000039801686FF040000861039800F046FB0F
:1069B000FFE7FFE79DF804008006002810D5FFE7F9
:1069C0009DF808008006002809D5FFE703980168B4
:1069D0006FF0200008610398FFF7E4FAFFE7FFE794
:1069E0009DF80600C006002810D5FFE79DF80A00B4
:1069F000C006002809D5FFE7039801686FF48010EE
:106A000008610398FFF76EFBFFE7FFE79DF80600BC
:106A10008006002810D5FFE79DF80A0080060028B0
:106A200009D5FFE7039801686FF400100861039827
:106A3000FFF754FBFFE7FFE79DF80600400600283C
:106A400010D5FFE79DF80A004006002809D5FFE7AA
:106A5000039801686FF4800008610398FFF746FB14
:106A6000FFE7FFE79DF806000006002810D5FFE7C6
:106A70009DF80A000006002809D5FFE70398016881
:106A80006FF4000008610398FFF794FCFFE7FFE74D
:106A900004B080BD80B58EB00D9000200C900B909E
:106AA0000A90099008900D98006842F60041C4F2DF
:106AB0000101884254D1FFE7FFE741F24C00C4F2E4
:106AC0000200016841F002010160006800F002006C
:106AD00007900798FFE7FFE741F24C00C4F202007D
:106AE000016841F001010160006800F001000690BA
:106AF0000698FFE74FF4C0400890022002900990EA
:106B0000002003900A900B90062004900C9040F215
:106B10000040C4F60000019008A90591FDF764FE4D
:106B20000198029B039A05994FF4004CCDF820C0C0
:106B300009930A920B9204220C92FDF755FE029BD8
:106B4000039A049805994FF4E06CCDF820C009939E
:106B50000A920B920C904FF09040FDF745FEFFE734
:106B60000EB080BD81B0009001B0704780B586B096
:106B700004900391029200208DF80700FFE704982B
:106B800090F83C00012804D1FFE702208DF817009F
:106B9000C0E00499012081F83C00FFE7FFE702987C
:106BA0000090142800F2A7800099DFE801F00BA400
:106BB000A4A424A4A4A43EA4A4A457A4A4A471A4FB
:106BC000A4A48A0004980068039902F0B7F9049815
:106BD0000168886940F00800886104980168886944
:106BE00020F00400886103980269049801688869AC
:106BF0001043886183E004980068039902F048FA22
:106C000004980168886940F400608861049801680C
:106C1000886920F48060886103980269049801689B
:106C2000886940EA0220886169E004980068039955
:106C300002F0E6FA04980168C86940F00800C861EB
:106C400004980168C86920F00400C86103980269CB
:106C500004980168C8691043C86150E0049800684E
:106C6000039902F085FB04980168C86940F400604C
:106C7000C86104980168C86920F48060C8610398FD
:106C8000026904980168C86940EA0220C86136E0D8
:106C900004980068039902F023FC04980168086DC9
:106CA00040F00800086504980168086D20F00400B1
:106CB00008650398026904980168086D1043086527
:106CC0001DE004980068039902F074FC04980168C0
:106CD000086D40F40060086504980168086D20F4B0
:106CE000806008650398026904980168086D40EAAD
:106CF0000220086503E001208DF80700FFE7FFE7A9
:106D00000499002081F83C00FFE79DF807008DF80A
:106D10001700FFE79DF8170006B080BD80B582B070
:106D20000090009820B9FFE701208DF8070045E0AA
:106D3000009890F83D0040B9FFE70099002081F8E5
:106D40003C00009800F03EF8FFE70099022081F82F
:106D50003D00009951F8040B01F0BAFF00990120A1
:106D600081F84800FFE70099012081F83E00009972
:106D700081F83F00009981F84000009981F84100B6
:106D8000009981F84200009981F84300FFE7FFE78E
:106D90000099012081F84400009981F8450000998C
:106DA00081F84600009981F84700FFE7009901202B
:106DB00081F83D0000208DF80700FFE79DF80700EF
:106DC00002B080BD81B0009001B0704781B00090EA
:106DD00001B0704780B590B00E900D910D9828B914
:106DE000FFE70E9890F83E000B9034E00D980428D1
:106DF00005D1FFE70E9890F83F000A9028E00D9823
:106E0000082805D1FFE70E9890F8400009901CE093
:106E10000D980C2805D1FFE70E9890F841000890D6
:106E200010E00D98102805D1FFE70E9890F8420069
:106E3000079004E00E9890F843000790FFE707984A
:106E40000890FFE708980990FFE709980A90FFE784
:106E50000A980B90FFE70B98012804D0FFE7012068
:106E60008DF83F00E1E00D9828B9FFE70E99022068
:106E700081F83E0038E00D98042806D1FFE70E990E
:106E8000022081F83F0006902CE00D98082806D1DA
:106E9000FFE70E99022081F8400005901FE00D9851
:106EA0000C2806D1FFE70E99022081F841000490DA
:106EB00012E00D98102806D1FFE70E99022081F804
:106EC0004200039005E00E99022081F843000390F0
:106ED000FFE703980490FFE704980590FFE7059803
:106EE0000690FFE70698FFE70E9800680D990122CB
:106EF000019201F0B9FF01980E99096842F600422B
:106F0000C4F20102914202902DD0FFE70E98016871
:106F1000012043F20042C4F201029142029022D0C9
:106F2000FFE70E980168012044F20002C4F201025A
:106F30009142029017D0FFE70E980168012044F2B9
:106F40000042C4F20102914202900CD0FFE70E9879
:106F500000684BF60001CBF6FE710844B0FA80F0F1
:106F600040090290FFE70298C00738B1FFE70E988A
:106F70000168486C40F400404864FFE70E980068E0
:106F800042F60041C4F2010188422AD0FFE70E9880
:106F90000068B0F1804F24D0FFE70E98006840F2FF
:106FA0000041C4F2000188421BD0FFE70E98006840
:106FB00040F60001C4F20001884212D0FFE70E98AB
:106FC000006843F20041C4F20101884209D0FFE7A2
:106FD0000E98006844F20001C4F20101884219D100
:106FE000FFE70E98006880680721C0F201010840A1
:106FF0000C900C9806280CD0FFE70C98B0F5803F59
:1070000007D0FFE70E980168086840F001000860AB
:10701000FFE706E00E980168086840F0010008608C
:10702000FFE700208DF83F00FFE79DF83F0010B01C
:1070300080BD000081B0009001B0704781B0009029
:1070400001B0704783B00190FFE7019890F8840089
:10705000012804D1FFE702208DF80B002CE00199F4
:10706000012081F88400FFE7FFE701992420C1F89F
:10707000880001980068006800900198016808681D
:1070800020F001000860009820F000500090019965
:10709000002048660098019909680860019920203D
:1070A000C1F88800FFE70199002081F88400FFE71C
:1070B00000208DF80B00FFE79DF80B0003B0704730
:1070C00082B00190ADF8021002B0704781B000901C
:1070D00001B0704780B584B002900191FFE702983B
:1070E00090F88400012804D1FFE702208DF80F00FA
:1070F00032E00299012081F88400FFE7FFE702995E
:107100002420C1F888000298006800680090029866
:107110000168086820F00100086002980068806833
:1071200020F060600199084302990968886002981C
:1071300002F0FCFA00980299096808600299202080
:10714000C1F88800FFE70299002081F88400FFE77A
:1071500000208DF80F00FFE79DF80F0004B080BD00
:1071600080B584B002900191FFE7029890F8840006
:10717000012804D1FFE702208DF80F0032E00299C8
:10718000012081F88400FFE7FFE702992420C1F87D
:1071900088000298006800680090029801680868FA
:1071A00020F00100086002980068806820F06040CC
:1071B00001990843029909688860029802F0B6FABA
:1071C000009802990968086002992020C1F8880097
:1071D000FFE70299002081F88400FFE700208DF886
:1071E0000F00FFE79DF80F0004B080BD81B0009054
:1071F00001B0704781B0009001B0704781B000903D
:1072000001B0704780B590B00F900F980068C069CA
:107210000E900F98006800680D900F9800688068C5
:107220000C900E9840F60F0108400B900B98E0B9B7
:10723000FFE79DF838008006002815D5FFE79DF888
:1072400034008006002806D4FFE79DF83300C0060E
:10725000002809D5FFE70F98406F20B1FFE70F988E
:10726000416F8847FFE796E2FFE70B98002800F0A0
:107270000C81FFE70C980121C1F20001084209D1FD
:10728000FFE70D9840F22011C0F20041084200F0E3
:10729000FC80FFE79DF83800C00788B1FFE79DF844
:1072A0003500C00760B1FFE70F9801680120086250
:1072B0000F99D1F8900040F00100C1F89000FFE76D
:1072C0009DF838008007002811D5FFE79DF83000B1
:1072D000C00760B1FFE70F980168022008620F99AC
:1072E000D1F8900040F00400C1F89000FFE79DF84D
:1072F00038004007002811D5FFE79DF83000C0078F
:1073000060B1FFE70F980168042008620F99D1F877
:10731000900040F00200C1F89000FFE79DF83800AF
:107320000007002819D5FFE79DF8340080060028E3
:1073300007D4FFE70C980121C1F2000108420CD0EC
:10734000FFE70F980168082008620F99D1F89000B4
:1073500040F00800C1F89000FFE79DF839000007F1
:10736000002813D5FFE79DF83700400700280DD50A
:10737000FFE70F9801684FF4006008620F99D1F899
:10738000900040F02000C1F89000FFE70F98D0F87F
:107390009000002878D0FFE79DF83800800600288C
:1073A00015D5FFE79DF834008006002806D4FFE7D6
:1073B0009DF83300C006002809D5FFE70F98406FFD
:1073C00020B1FFE70F98416F8847FFE7FFE70F986D
:1073D000D0F890000A900F980068806800F0400094
:1073E000402806D0FFE79DF8280010F0280F42D073
:1073F000FFE70F9802F036FB0F98006880684006A0
:10740000002833D5FFE7FFE7FFE70F98006850E853
:10741000020F20F040000990FFE709990F980268D9
:1074200042E802100028F0D1FFE7FFE70F98D0F8FC
:107430008000B0B1FFE70F98D0F8801049F64520E2
:10744000C0F6000088630F98D0F88000FCF796FC27
:1074500030B1FFE70F98D0F88000816B8847FFE7D5
:1074600003E00F98FFF7CAFEFFE703E00F98FFF76E
:10747000C5FEFFE707E00F98FFF7C0FE0F99002059
:10748000C1F89000FFE7FFE785E10F98C06E012883
:1074900040F02281FFE79DF83800C006002840F147
:1074A0001B81FFE79DF83400C006002840F11481DD
:1074B000FFE70F980168102008620F980068806845
:1074C0004006002840F1A680FFE70F98D0F8800022
:1074D00000684068ADF82200BDF8220000287CD08A
:1074E000FFE7BDF822000F99B1F85C10884274DA0A
:1074F000FFE7BDF822000F99A1F85E000F98D0F8C1
:107500008000006800688006002859D4FFE7FFE784
:10751000FFE70F98006850E8000F20F48070079094
:10752000FFE707990F98026842E800100028F0D1A1
:10753000FFE7FFE7FFE7FFE70F98006850E8020F5B
:1075400020F001000690FFE706990F98026842E8D4
:1075500002100028F0D1FFE7FFE7FFE7FFE70F98F1
:10756000006850E8020F20F040000590FFE7059901
:107570000F98026842E802100028F0D1FFE7FFE709
:107580000F992020C1F88C000F990020C866FFE7F2
:10759000FFE70F98006850E8000F20F010000490FB
:1075A000FFE704990F98026842E800100028F0D124
:1075B000FFE7FFE70F98D0F88000FCF791FBFFE7AB
:1075C0000F99022008670F98B0F85C10B0F85E20A1
:1075D000891A89B2FFF774FD1BE0BDF822000F99EC
:1075E000B1F85C10884213D1FFE70F98D0F8800003
:1075F000006800688006002809D5FFE70F9902207F
:1076000008670F98B0F85C10FFF75AFDFFE7FFE737
:10761000FFE7C0E00F99B1F85C00B1F85E10401AC6
:10762000ADF80E000F98B0F85E00002853D0FFE7C9
:10763000BDF80E0000284ED0FFE7FFE7FFE70F98E8
:10764000006850E8000F20F490700290FFE7029964
:107650000F98026842E800100028F0D1FFE7FFE72A
:10766000FFE7FFE70F98006850E8020F4FF6FE7142
:10767000CEF6FF7108400190FFE701990F9802686C
:1076800042E802100028EDD1FFE7FFE70F99202024
:10769000C1F88C000F990020C8660F994867FFE772
:1076A000FFE70F98006850E8000F20F010000090EE
:1076B000FFE700990F98026842E800100028F0D117
:1076C000FFE7FFE70F99022008670F98BDF80E103B
:1076D000FFF7F6FCFFE75EE09DF83A00C0060028E1
:1076E0000FD5FFE79DF832004006002809D5FFE7D7
:1076F0000F9801684FF4801008620F98FFF77AFD29
:1077000049E09DF838000006002815D5FFE79DF8F0
:1077100034000006002806D4FFE79DF8320000067A
:10772000002809D5FFE70F98806F20B1FFE70F9879
:10773000816F8847FFE72EE09DF83800400600285B
:107740000AD5FFE79DF834004006002804D5FFE77E
:107750000F9802F0D7F91EE09DF83A0000060028C5
:107760000AD5FFE79DF837004006002804D5FFE75B
:107770000F98FFF73BFD0EE09DF83B00C00750B1AE
:10778000FFE79DF837000006002804D5FFE70F98B3
:10779000FFF79CFCFFE710B080BD000080B582B011
:1077A0000090009820B9FFE701208DF8070046E01F
:1077B0000098806908B1FFE700E0FFE70098D0F883
:1077C000880040B9FFE70099002081F88400009804
:1077D00000F03AF8FFE700992420C1F888000098EB
:1077E0000168086820F0010008600098806A20B1F4
:1077F000FFE7009801F0DEFFFFE7009802F0A4F930
:10780000012804D1FFE701208DF8070017E0009858
:107810000168486820F490404860009801688868D2
:1078200020F02A00886000980168086840F0010094
:107830000860009802F062F88DF80700FFE79DF8F5
:10784000070002B080BD000080B5A0B01F900020EE
:107850001E901D901C901B901A9009A84421F8F7C7
:107860000DFE1F98006843F60001C4F20101884232
:107870003BD1FFE70120099000200A9009A8FDF7FD
:1078800037FB18B1FFE7FAF741FCFFE7FFE741F2EA
:107890006000C4F20200016841F4804101600068A8
:1078A00000F4804008900898FFE7FFE741F24C00A1
:1078B000C4F20200016841F004010160006800F0B8
:1078C000040007900798FFE730201A9002201B90D1
:1078D00000201C901D9007201E9040F60000C4F66A
:1078E00000001AA9FCF780FF9CE01F98006844F68E
:1078F0000001C4F20001884240F09380FFE70420B9
:10790000099000200C9009A8FDF7F2FA18B1FFE7E2
:10791000FAF7FCFBFFE7FFE741F25800C4F2020070
:10792000016841F480210160006800F48020069025
:107930000698FFE7FFE741F24C00C4F2020001683D
:1079400041F004010160006800F004000590059812
:10795000FFE74FF440601A9002201B900020039034
:107960001C901D9007201E9040F60000C4F60000F9
:107970001AA9FCF739FF039940F23420C2F2000043
:1079800004903022C4F2020202601C224260816034
:10799000C1608022026141618161C1610162FCF7C5
:1079A000FBFA18B1FFE7FAF7B1FBFFE7FFE71F9813
:1079B00040F23421C2F20001C0F880101F988862A2
:1079C000FFE740F29420C2F2000002904421C4F28A
:1079D000020101601D214160102181600021C16010
:1079E0008022026141618161C1610162FCF7D4FAC8
:1079F00018B1FFE7FAF78AFBFFE7FFE71F9840F2AD
:107A00009421C2F20001C1671F988862FFE7272016
:107A1000019001210022FDF767F90198FDF75AF95D
:107A2000FFE7FFE720B080BD80B58AB008900791DE
:107A3000ADF81A2005930898D0F88800202840F067
:107A40008780FFE7079820B1FFE7BDF81A0020B94B
:107A5000FFE701208DF827007EE008990020C1F89B
:107A6000900008992120C1F88800FDF79FF8029046
:107A7000BDF81A000899A1F85400BDF81A00089939
:107A8000A1F8560008988068B0F5805F09D1FFE73B
:107A90000898006928B9FFE7002004900798039030
:107AA00004E00798049000200390FFE7FFE70898A0
:107AB000B0F8560088B3FFE70898029B05996A461C
:107AC00011608021002202F0F7FA40B1FFE7089927
:107AD0002020C1F8880003208DF827003CE004989E
:107AE00058B9FFE7039800886FF35F200899096889
:107AF000886203980230039008E00498007808999F
:107B000009688862049801300490FFE70899B1F889
:107B100056000138A1F85600C9E70898029B05995C
:107B20006A4611604021002202F0C6FA40B1FFE728
:107B300008992020C1F8880003208DF827000BE069
:107B400008992020C1F8880000208DF8270003E064
:107B500002208DF82700FFE79DF827000AB080BDBE
:107B600081B0009001B0704780B582B0019001985B
:107B700000F0B0F8019800F013F902B080BD0000E9
:107B800080B586B005908DED040ACDED030A8DED2C
:107B9000021ACDED011A8DED002A049805990860AE
:107BA000039805994860059808309DED020ADDEDBF
:107BB000010A9FED101ADFED101A00F0A3FF0599DE
:107BC00001F134009DED000AD1ED010A00F026FB21
:107BD000059901F14C00D1ED010AB0EE000A00F068
:107BE0001DFB0599002081F86500059981F8640066
:107BF00006B080BD000000000000807F80B586B028
:107C00000590059890F8650050B9FFE705990120A7
:107C100081F864000599002088660599C86655E0DA
:107C2000059890ED000A8DED030A90F8640000EECF
:107C3000100AB8EEC00AB1EE041A8DED011A80EEFA
:107C4000010A30EE000A9FED221A8DED021A20EE95
:107C5000010A03F047FD9DED012A9DED021AB0EEE9
:107C6000403A9DED030A20EE030A059880ED1A0ABA
:107C7000059890ED000A8DED040A90F8640000EE7E
:107C8000100AB8EEC00A80EE020A30EE000A20EEBA
:107C9000010A03F0CFFDB0EE401A9DED040A20EE7C
:107CA000010A059880ED1B0A059991F864000130DE
:107CB00081F86400059890F86400052805D1FFE775
:107CC0000599002081F86400FFE7FFE706B080BD5A
:107CD000DB0F494080B588B00790079890ED1C1ADB
:107CE00090ED1E0A8DED030A90F8640000EE100A74
:107CF000B8EEC00AB1EE042A8DED012A80EE020A28
:107D000030EE000A9FED252A8DED022A20EE020AB0
:107D100031EE011A30EE410A03F0E4FC9DED013A28
:107D20009DED022AB0EE401A9DED030A20EE010AF5
:107D30008DED040A079890ED1C1A90ED1F0A8DED49
:107D4000050A90F8640000EE100AB8EEC00A80EE52
:107D5000030A30EE000A20EE020A31EE011A30EE7C
:107D6000410A03F067FD9DED041AB0EE402A9DED37
:107D7000050A20EE020A30EE410A8DED060A069849
:107D80000799886507984C30012100F021FA07997E
:107D9000086EC1F8880008B080BD00BFDB0F494005
:107DA00080B582B00190019890F8650080B9FFE736
:107DB000019900208861019948610199C861019980
:107DC0008862019908640199886401994864FFE711
:107DD0000199D1F888008861019900204861019AD1
:107DE00002F1080092F8651092ED010A00F00AFE17
:107DF0000199886A0864019901F1340091F86510CD
:107E000000F0E6F90199886C4867019890ED012A25
:107E100090ED0A1A90ED1C0A21EE021A30EE010ACA
:107E200080ED1C0AFFE7019890ED1C0A9FED1E1AD9
:107E3000B4EE410AF1EE10FA0ADAFFE7019890ED8C
:107E40001C0A9FED1C1A30EE010A80ED1C0AEAE7BD
:107E5000FFE7019890ED1C0A9FED141AB4EE410A59
:107E6000F1EE10FA0ADDFFE7019890ED1C0A9FED94
:107E7000101A30EE010A80ED1C0AEAE7019890F82A
:107E8000650028B9FFE70199D1F884004867FFE74A
:107E9000019890F8650028B9FFE70199D1F88000B2
:107EA0000867FFE702B080BDDB0F49C0DB0F494028
:107EB000DB0FC9C0DB0FC940FFE7FEE781B00090D0
:107EC000009988684FF6C072C5F6FF72104088604E
:107ED00001B0704781B00090009880684FF6C07183
:107EE000C7F6FF71084001300099886001B0704703
:107EF00081B000900098806840F080504FF6C071CB
:107F0000C7F6FF7108400099886001B07047000013
:107F100081B000900098806800F0E07001B0704778
:107F200081B000900098806800F0E07001B0704768
:107F300081B000900098806800F4604001B0704704
:107F400081B000900098806800F01F0001B0704779
:107F500081B000900098806800F01F0001B0704769
:107F600083B0029001910298019900EB810060308A
:107F700000900098006800F0F84003B070470000DF
:107F800081B000900098C06800F0007001B07047A8
:107F900081B0009000988068C0F3C00001B07047C5
:107FA00081B0009000988068C0F3C00001B07047B5
:107FB00081B000900098C06C00F4C070B0FA80F0FE
:107FC000400901B07047000081B0009000988068BF
:107FD0004FF6C071C7F6FF710840083000998860FD
:107FE00001B0704781B0009000988068C0F3407085
:107FF00001B0704781B000900098806800F00100E7
:1080000001B0704781B000900098806800F00100D6
:1080100001B0704781B0009000988068C0F3007094
:1080200001B0704781B0009000988068C0F3800074
:1080300001B0704781B0009000988068C0F3800064
:1080400001B0704781B000900098C06800F44060B3
:10805000B0FA80F0400901B07047000084B003908E
:10806000029101920398029901F0007100EBD15046
:1080700014300090009800680299C1F3045207215F
:10808000914088430199914008430099086004B0E9
:108090007047000083B00290019100920298D0F8DE
:1080A000B00001996FF3DF418843009A02F0180392
:1080B0004FF6FF72C0F20702DA40114008430299FE
:1080C000C1F8B00003B0704782B0019000910198F0
:1080D000806820F47C10009908430199886002B000
:1080E0007047000082B0019000910198806820F0F4
:1080F000E070009908430199886002B07047000061
:1081000085B004900391029201930498039900EBC7
:10811000810060300090009800684FF20001C0F2CA
:10812000FF310140029800F0F840019A10430843E3
:1081300040F000400099086005B0704784B003909B
:10814000029101920398029900EB81006030009047
:108150000098006820F000700199084300990860B9
:1081600004B0704784B00390029101920398029981
:1081700000EB8100603000900098006820F0807073
:10818000019908430099086004B0704784B00390D7
:10819000029101920398029900EB810060300090F7
:1081A0000098006820F00040019908430099086099
:1081B00004B0704782B0019000910198406920F0AE
:1081C0000040009908430199486102B070470000DF
:1081D00082B001908DF803109DF80300012813D19F
:1081E000FFE7019890ED021A90ED032A90ED040A42
:1081F00032EE402A21EE021A30EE010A80ED050A25
:1082000001994869086107E00199002048610199D6
:1082100008610199C860FFE702B0704783B002901F
:108220008DED010ACDED000A9DED010A9FED101ABA
:1082300020EE010A029880ED010A00980299086078
:10824000029890ED001A90ED010A20EE010AB7EEB7
:10825000001A30EE011A80EE010A80ED020A02993E
:1082600000200861029948610299C86003B0704714
:10827000DB0FC94080B582B00190062003210222A5
:108280000DF1020300F024F89DF802009DF80310A0
:10829000800140EA9100ADF80000BDF9000000EE59
:1082A000100AB8EEC00A9FED061A20EE010A9FEDF3
:1082B000051A80EE010A019880ED000A02B080BD27
:1082C000DB0FC9400000804680B501F0B1FF80BDE2
:1082D00080B582B08DF806008DF805108DF8042069
:1082E000009302F06BF89DF806004000C0B202F067
:1082F0000DF802F0A7F830B1FFE702F087F801208F
:108300008DF8070035E09DF8050001F0FFFF02F051
:1083100099F802F053F89DF8060040000130C0B211
:1083200001F0F4FF02F08EF8FFE79DF80400D0B1F1
:10833000FFE79DF80400012806D1FFE7002001F0C7
:108340009BFF0099087005E0012001F095FF00995E
:108350000870FFE79DF8040001388DF804000098CC
:1083600001300090E1E702F051F800208DF807009D
:10837000FFE79DF8070002B080BD000080B594B013
:108380000020009013901290119002A83C21F8F761
:1083900075F8009940F2C810C2F2000001904FF049
:1083A000A04202604FF4403242608160C1600161CE
:1083B000012242610423836101774177026280F8E0
:1083C000241080F83810C16380F84010FBF79EFA43
:1083D00018B1FFE7F9F79AFEFFE70020119040F28D
:1083E000C810C2F2000011A9FAF776FF18B1FFE732
:1083F000F9F78CFEFFE741F20000C3F26020029023
:1084000009200390002004907F210591042106910A
:1084100007900A918DF82C008DF82D008DF82E0014
:10842000A0210C9180210D918DF8380040F2C810E8
:10843000C2F2000002A9F9F7CDFE18B1FFE7F9F783
:1084400065FEFFE744F20000C3F6C020029040F250
:108450000F10039040F2C810C2F2000002A9F9F711
:10846000B9FE18B1FFE7F9F751FEFFE740F600004B
:10847000C2F63060029040F21520039040F2C8101E
:10848000C2F2000002A9F9F7A5FE18B1FFE7F9F75B
:108490003DFEFFE748F20000C3F6F060029040F2B4
:1084A0001B30039040F2C810C2F2000002A9F9F795
:1084B00091FE18B1FFE7F9F729FEFFE714B080BD80
:1084C00080B586B0FFE741F24800C4F202000168BF
:1084D00041F004010160006800F004000590059877
:1084E000FFE7FFE741F24800C4F20200016841F0F3
:1084F00001010160006800F0010004900498FFE7AA
:108500000D200190002202921146FCF7EDFB01982C
:10851000FCF7E0FB029A0E2003901146FCF7E4FB07
:108520000398FCF7D7FB06B080BD000080B582B091
:1085300040F2F420C2F20000019046F20041C4F281
:1085400000010160002141608160C16001744174DB
:1085500081744FF0180EC0F814E0012282614FF0D0
:10856000060CC0F81CC005230362C0F824E0826238
:10857000C0F82CC0036342638263C163FBF744FF0E
:1085800018B1FFE7F9F7C2FDFFE702B080BD0000B8
:1085900080B58CB000200B900A900990089007904D
:1085A000FFE741F24C00C4F20200016841F02001F3
:1085B0000160006800F0200006900698FFE7FFE7E2
:1085C00041F24C00C4F20200016841F00101016077
:1085D000006800F0010005900598FFE7FFE741F211
:1085E0004C00C4F20200016841F00401016000681F
:1085F00000F0040004900498FFE7FFE741F24C000C
:10860000C4F20200016841F002010160006800F05C
:10861000020003900398FFE74FF090400190D021B3
:1086200000220092FCF7ACFA009901981022079200
:108630000122089209910A9107A90291FCF7D4F846
:10864000009A01980299C023079311230893099275
:1086500003220A92FCF7C8F80CB080BD80B59EB02A
:10866000002001901D901C901B901A90199018905A
:1086700017901690159014901390129011901090DE
:1086800003A83421F7F7FAFE019940F2E430C2F270
:108690000000029042F60042C4F201020260416012
:1086A000202282604FF46162C26001610722426150
:1086B0008161FDF783FE18B1FFE7F9F727FDFFE7BA
:1086C0004FF480501A9040F2E430C2F200001AA930
:1086D000FDF772FF18B1FFE7F9F718FDFFE740F269
:1086E000E430C2F20000FEF719FB18B1FFE7F9F71A
:1086F0000DFDFFE7002017904FF40011189119901D
:1087000040F2E430C2F2000017A9FDF7F3FC18B103
:10871000FFE7F9F7FBFCFFE76020109000221192C1
:108720001292139214921592169240F2E430C2F211
:10873000000010A9FEF71AFA18B1FFE7F9F7E6FCF6
:10874000FFE740F2E430C2F2000010A90422FEF775
:108750000DFA18B1FFE7F9F7D9FCFFE740F2E43072
:10876000C2F2000010A90822FEF700FA18B1FFE7D4
:10877000F9F7CCFCFFE7702010900120119040F237
:10878000E430C2F2000010A90C22FEF7EFF918B194
:10879000FFE7F9F7BBFCFFE700200090039004908F
:1087A00005903221069107904FF4005108910990ED
:1087B0000A900B904FF000710C910D900E900F905D
:1087C00040F2E430C2F2000003A9FDF7EFFB18B15C
:1087D000FFE7F9F79BFCFFE740F2E430C2F200004C
:1087E000FEF758F91EB080BD80B588B00021009119
:1087F000079106910591049103910291019140F234
:108800003040C2F200004FF08042026040F29F52BE
:108810004260816042F20F72C26001618161FDF7C6
:10882000CDFD18B1FFE7F9F771FCFFE74FF4805079
:10883000049040F23040C2F2000004A9FDF7BCFEF3
:1088400018B1FFE7F9F762FCFFE700200190039001
:1088500040F23040C2F2000001A9FDF74BFC18B114
:10886000FFE7F9F753FCFFE708B080BD80B582B0A1
:1088700040F27C40C2F20000009043F60001C4F2D6
:10888000010101604FF4E1314160002101918160FB
:10889000C16001610C2242618161C161016241627A
:1088A0008162FEF77BFF18B1FFE7F9F72FFCFFE7C6
:1088B00040F27C40C2F200000021FEF751FC18B1EA
:1088C000FFE7F9F723FCFFE740F27C40C2F200002B
:1088D0000021FEF7FFFB18B1FFE7F9F717FCFFE7F0
:1088E00040F27C40C2F20000FEF7ACFB18B1FFE79B
:1088F000F9F70CFCFFE702B080BD000080B582B044
:1089000040F21050C2F20000009044F60001C4F2A0
:108910000001016049F20041C0F2110141600021F3
:1089200001918160C16001610C2242618161C1617C
:10893000016241628162FEF731FF18B1FFE7F9F78A
:10894000E5FBFFE740F21050C2F200000021FEF705
:1089500007FC18B1FFE7F9F7D9FBFFE740F2105029
:10896000C2F200000021FEF7B5FB18B1FFE7F9F7EE
:10897000CDFBFFE740F21050C2F20000FEF762FBB1
:1089800018B1FFE7F9F7C2FBFFE702B080BD0000B6
:10899000FFE7FEE7FFE7FEE788B007900691059244
:1089A000079800F0070004900498C0F1070005281C
:1089B00003D3FFE70420019004E00498C0F107000E
:1089C0000190FFE70198039004980430062803D82B
:1089D000FFE70020009003E0049803380090FFE7D1
:1089E0000098029006980399012202FA01F10139D8
:1089F0000840029B984005999A40013A114008436B
:108A000008B0704784B003908DF80B108DED010A0B
:108A10009DF80B00012864D1FFE7039890ED031A3D
:108A200090ED040A30EE410A80ED050A03980090AB
:108A300090ED000A90ED014A90ED021A90ED052AA2
:108A400090ED073A32EE435A20EE050A9DED015AA9
:108A500024EE054A24EE024A30EE040A33EE033ACD
:108A600032EE432A90ED063A32EE032A21EE021A44
:108A700030EE011A90ED080A30EE010A80ED080A86
:108A80000399C8698861039890ED031A90ED040A70
:108A900030EE410A80ED070A039890ED080A90ED48
:108AA000091AB4EE410AF1EE10FA04DDFFE703996A
:108AB000486A0862FFE7039890ED080A90ED091AEA
:108AC000B1EE411AB4EE410AF1EE10FA08DAFFE70E
:108AD000039890ED090AB1EE400A80ED080AFFE71D
:108AE0000DE00399002008610399C86003990862AA
:108AF00003994861039988610399C861FFE704B04D
:108B00007047000085B004908DED030ACDED020A98
:108B10008DED011ACDED001A0398049908600298B2
:108B20000499486001980499886000980499486203
:108B300005B070477047000086B041F20C00C4F2E7
:108B40000200016801F0030104910068C1B2012034
:108B500000EB1110029004980090022815D0FFE756
:108B60000098032812D1FFE7029941F20020C0F2D9
:108B70007A00B0FBF1F041F20C01C4F20201096885
:108B8000C1F306214843059011E0FFE7029942F244
:108B90000040C0F2F400B0FBF1F041F20C01C4F26D
:108BA00002010968C1F3062148430590FFE741F23D
:108BB0000C00C4F20200006800F0C061022000EB6B
:108BC0001160039005980399B0FBF1F001900198B2
:108BD00006B070477047000080B582B000900098E2
:108BE0000138B0F1807F03D3FFE70120019019E045
:108BF000009801384EF21401CEF2000108604FF0E7
:108C0000FF300F2101F072FC4EF21801CEF200018C
:108C1000002008604EF21002CEF20002072111601F
:108C20000190FFE7019802B080BD000080B5FBF71E
:108C3000C3FF80BD80B594B006A800903821F7F737
:108C40001DFC0020059004900390029001904FF4C9
:108C50000070FCF769F80098012206924FF4803109
:108C6000079102210D9103230E930F92242210925B
:108C70001191062212921391FCF7A8FD18B1FFE79B
:108C8000F9F744FAFFE70F2001900320029000203B
:108C900003900490059001A80421FCF757FB18B13C
:108CA000FFE7F9F733FAFFE714B080BD4EF68851BD
:108CB000CEF20001086840F47000086070470000C0
:108CC00080B540F23040C2F20000FDF763FD80BD88
:108CD00083B002900191029800680090029842F6D9
:108CE0000041C4F2010188421DD0FFE70298B0F1B3
:108CF000804F18D0FFE7029840F20041C4F2000113
:108D0000884210D0FFE7029840F60001C4F200014B
:108D1000884208D0FFE7029843F20041C4F2010103
:108D200088420AD1FFE7009820F070000090019877
:108D30004168009808430090FFE7029842F600411E
:108D4000C4F20101884235D0FFE70298B0F1804FAC
:108D500030D0FFE7029840F20041C4F2000188429F
:108D600028D0FFE7029840F60001C4F200018842D3
:108D700020D0FFE7029843F20041C4F2010188428B
:108D800018D0FFE7029844F20001C4F201018842C2
:108D900010D0FFE7029844F20041C4F2010188427A
:108DA00008D0FFE7029844F60001C4F201018842AE
:108DB0000AD1FFE7009820F4407000900198C16844
:108DC000009808430090FFE7009820F08000019988
:108DD00049690843009000980299086001988068EA
:108DE0000299C8620198006802998862029842F666
:108DF0000041C4F20101884220D0FFE7029843F20B
:108E00000041C4F20101884218D0FFE7029844F201
:108E10000001C4F20101884210D0FFE7029844F239
:108E20000041C4F20101884208D0FFE7029844F6ED
:108E30000001C4F20101884205D1FFE701980069F1
:108E400002990863FFE702990120486102980069CE
:108E5000C00730B1FFE70299086920F001000861FE
:108E6000FFE703B07047000084B0039002910192C5
:108E7000029800F01F01012088400090009A039999
:108E8000086A904308620198029901F01F0100FAF4
:108E900001F20399086A1043086204B070470000A9
:108EA00084B0039002910192029800F00F01042017
:108EB00088400090009A0399086A904308620198DC
:108EC000029901F00F0100FA01F20399086A1043B8
:108ED000086204B07047000085B0049003910292CC
:108EE0000193049880680090009820F47F400090DF
:108EF00003980299019A41EA02210143009808432C
:108F0000009000980499886005B0704783B0029083
:108F1000019102988068009000984FF68F71CFF60B
:108F2000CF710840009001980099084340F0070075
:108F3000009000980299886003B0704785B0049053
:108F400003910498006A01900499086A20F00100D6
:108F50000862049840680090049880690290029822
:108F60004FF68F71CFF6FE7108400290029820F004
:108F70000300029003980168029808430290019848
:108F800020F0020001900398816801980843019045
:108F9000049842F60041C4F20101884220D0FFE764
:108FA000049843F20041C4F20101884218D0FFE75F
:108FB000049844F20001C4F20101884210D0FFE796
:108FC000049844F20041C4F20101884208D0FFE74E
:108FD000049844F60001C4F2010188420ED1FFE773
:108FE000019820F0080001900398C1680198084397
:108FF0000190019820F004000190FFE7049842F6E8
:109000000041C4F20101884220D0FFE7049843F2F6
:109010000041C4F20101884218D0FFE7049844F2ED
:109020000001C4F20101884210D0FFE7049844F225
:109030000041C4F20101884208D0FFE7049844F6D9
:109040000001C4F20101884213D1FFE7009820F427
:1090500080700090009820F400700090039841699F
:109060000098084300900398816900980843009095
:10907000FFE7009804994860029804998861039872
:1090800040680499486301980499086205B07047E4
:1090900085B0049003910498006A01900499086ACD
:1090A00020F01000086204984068009004988069DD
:1090B0000290029848F6FF71CFF6FF6108400290D7
:1090C000029820F44070029003980168029840EAE8
:1090D00001200290019820F02000019003988168FF
:1090E000019840EA01100190049842F60041C4F250
:1090F0000101884229D0FFE7049843F20041C4F2FD
:109100000101884221D0FFE7049844F20001C4F233
:109110000101884203D1FFE70020B0B9FFE70498BE
:1091200044F20041C4F20101884203D1FFE700206C
:1091300058B9FFE7049844F60001C4F201018842DF
:1091400012D1FFE7012078B9FFE7019820F08000F5
:1091500001900398C168019840EA011001900198BC
:1091600020F040000190FFE7049842F60041C4F26D
:109170000101884220D0FFE7049843F20041C4F285
:109180000101884218D0FFE7049844F20001C4F2BC
:109190000101884210D0FFE7049844F20041C4F274
:1091A0000101884208D0FFE7049844F60001C4F2A8
:1091B0000101884215D1FFE7009820F480600090FB
:1091C000009820F40060009003984169009840EAFC
:1091D0008100009003988169009840EA8100009026
:1091E000FFE7009804994860029804998861039801
:1091F00040680499886301980499086205B0704733
:1092000085B0049003910498006A01900499086A5B
:1092100020F4807008620498406800900498C06947
:10922000029002984FF68F71CFF6FE7108400290BF
:10923000029820F003000290039801680298084306
:109240000290019820F400700190039881680198C1
:1092500040EA01200190049842F60041C4F2010165
:10926000884229D0FFE7049843F20041C4F201018B
:10927000884221D0FFE7049844F20001C4F20101C2
:10928000884203D1FFE70020B0B9FFE7049844F219
:109290000041C4F20101884203D1FFE7002058B920
:1092A000FFE7049844F60001C4F20101884212D19C
:1092B000FFE7012078B9FFE7019820F400600190F2
:1092C0000398C168019840EA01200190019820F4B8
:1092D00080600190FFE7049842F60041C4F201016A
:1092E000884220D0FFE7049843F20041C4F2010114
:1092F000884218D0FFE7049844F20001C4F201014B
:10930000884210D0FFE7049844F20041C4F2010102
:10931000884208D0FFE7049844F60001C4F2010136
:10932000884215D1FFE7009820F480500090009803
:1093300020F40050009003984169009840EA011021
:10934000009003988169009840EA01100090FFE7BF
:1093500000980499486002980499C861039840688D
:109360000499C86301980499086205B07047000029
:1093700085B0049003910498006A01900499086AEA
:1093800020F4805008620498406800900498C069F6
:109390000290029848F6FF71CFF6FF6108400290F4
:1093A000029820F44070029003980168029840EA05
:1093B00001200290019820F40050019003988168E8
:1093C000019840EA01300190049842F60041C4F24D
:1093D0000101884229D0FFE7049843F20041C4F21A
:1093E0000101884221D0FFE7049844F20001C4F251
:1093F0000101884203D1FFE70020B0B9FFE70498DC
:1094000044F20041C4F20101884203D1FFE7002089
:1094100058B9FFE7049844F60001C4F201018842FC
:1094200012D1FFE7012078B9FFE7019820F400404E
:1094300001900398C168019840EA013001900198B9
:1094400020F480400190FFE7049842F60041C4F206
:109450000101884220D0FFE7049843F20041C4F2A2
:109460000101884218D0FFE7049844F20001C4F2D9
:109470000101884210D0FFE7049844F20041C4F291
:109480000101884208D0FFE7049844F60001C4F2C5
:109490000101884215D1FFE7009820F48040009038
:1094A000009820F40040009003984169009840EA39
:1094B0008110009003988169009840EA8110009023
:1094C000FFE700980499486002980499C8610398DE
:1094D00040680499086401980499086205B07047CF
:1094E00085B0049003910498006A01900499086A79
:1094F00020F4803008620498406800900498006D61
:10950000029002984FF68F71CFF6FE7108400290DC
:1095100003980168029808430290019820F40030F3
:10952000019003988168019840EA014001900498F5
:1095300042F60041C4F20101884220D0FFE70498BE
:1095400043F20041C4F20101884218D0FFE70498B9
:1095500044F20001C4F20101884210D0FFE70498F0
:1095600044F20041C4F20101884208D0FFE70498A8
:1095700044F60001C4F2010188420BD1FFE70098D4
:1095800020F48030009003984169009840EA01205F
:109590000090FFE7009804994860029804990865D4
:1095A000039840680499886401980499086205B09A
:1095B0007047000085B0049003910498006A019000
:1095C0000499086A20F480100862049840680090AA
:1095D0000498006D0290029848F6FF71CFF6FF6183
:1095E0000840029003980168029840EA0120029026
:1095F000019820F40010019003988168019840EAD6
:1096000001500190049842F60041C4F201018842E1
:1096100020D0FFE7049843F20041C4F201018842E0
:1096200018D0FFE7049844F20001C4F20101884217
:1096300010D0FFE7049844F20041C4F201018842CF
:1096400008D0FFE7049844F60001C4F20101884203
:109650000BD1FFE7009820F4802000900398416927
:10966000009840EA81200090FFE700980499486044
:10967000029804990865039840680499C8640198A1
:109680000499086205B0704785B004900391029276
:109690000498006A00900499086A20F001000862AA
:1096A000049880690190019820F0F00001900299DF
:1096B000019840EA01100190009820F00A00009003
:1096C00003990098084300900198049988610098D4
:1096D0000499086205B0704785B004900391029226
:1096E0000498006A00900499086A20F0100008624B
:1096F000049880690190019820F4704001900299CB
:10970000019840EA01300190009820F0A0000090FC
:109710000399009840EA011000900198049988612B
:1097200000980499086205B07047000082B001906B
:109730000198406E40B9FFE701990120A1F86A0045
:109740000199A1F8680032E008208DF803008DF837
:109750000200019800688068C0F342608DF8010043
:10976000019800688068400F8DF800009DF80200A5
:109770009DF800204CF2FC13C0F60003995C4843AE
:109780004CF2F411C0F600018A5CB0FBF2F0019AD1
:10979000A2F86A009DF803009DF801209B5C5843E5
:1097A000895CB0FBF1F00199A1F86800FFE702B015
:1097B0007047000081B00090009890F828000007E2
:1097C00000280BD5FFE700980068406820F40040AF
:1097D000009A1168926B10434860FFE7009890F878
:1097E0002800C00758B1FFE700980068406820F4DF
:1097F0000030009A1168D26A10434860FFE7009871
:1098000090F82800800700280BD5FFE70098006833
:10981000406820F48030009A1168126B1043486051
:10982000FFE7009890F82800400700280BD5FFE7D5
:1098300000980068406820F48020009A1168526BFC
:1098400010434860FFE7009890F82800C006002801
:109850000BD5FFE700980068806820F48050009ADC
:109860001168D26B10438860FFE7009890F82800D9
:10987000800600280BD5FFE700980068806820F478
:109880000050009A1168126C10438860FFE700983E
:1098900090F82800400600281CD5FFE700980068D3
:1098A000406820F48010009A1168526C10434860A0
:1098B0000098406CB0F5801F0BD1FFE7009800685E
:1098C000406820F4C000009A1168926C1043486010
:1098D000FFE7FFE7009890F82800000600280BD566
:1098E000FFE700980068406820F40020009A1168A3
:1098F000D26C10434860FFE701B0704780B588B074
:10990000069006990020C1F89000FBF74FF90590EA
:10991000069800680068000700282FD5FFE7069822
:10992000059B6A466FF07E4111604FF400110022E2
:1099300000F0C2FB08B3FFE7FFE7FFE70698006807
:1099400050E8000F20F080000490FFE7049906988B
:10995000026842E800100028F0D1FFE7FFE706990F
:109960002020C1F88800FFE70699002081F88400D4
:10997000FFE703208DF81F005FE0FFE7069800680F
:1099800000684007002842D5FFE70698059B6A4615
:109990006FF07E4111604FF48001002200F08CFBDB
:1099A000A0B3FFE7FFE7FFE70698006850E8000F65
:1099B00020F490700390FFE703990698026842E84C
:1099C00000100028F0D1FFE7FFE7FFE7FFE7069868
:1099D000006850E8020F20F001000290FFE70299B2
:1099E0000698026842E802100028F0D1FFE7FFE77E
:1099F00006992020C1F88C00FFE70699002081F825
:109A00008400FFE703208DF81F0016E0FFE70699AA
:109A10002020C1F888000699C1F88C000699002022
:109A2000C86606990867FFE70699002081F8840058
:109A3000FFE700208DF81F00FFE79DF81F0008B02A
:109A400080BD000080B582B001900198806A0090CE
:109A500000990020A1F85E000098FDF7CFFB02B04E
:109A600080BD000084B00390FFE7FFE70398006823
:109A700050E8000F20F490700290FFE702990398DD
:109A8000026842E800100028F0D1FFE7FFE7FFE797
:109A9000FFE70398006850E8020F4FF6FE71CEF61C
:109AA000FF7108400190FFE701990398026842E8BE
:109AB00002100028EDD1FFE7FFE70398C06E0128F0
:109AC00014D1FFE7FFE7FFE70398006850E8000FB5
:109AD00020F010000090FFE700990398026842E828
:109AE00000100028F0D1FFE7FFE7FFE703992020EF
:109AF000C1F88C0003990020C8660399486704B038
:109B00007047000080B582B00190FFE7FFE7019841
:109B1000006850E8000F20F040000090FFE7009937
:109B20000198026842E800100028F0D1FFE7FFE743
:109B300001992020C1F888000199002088670198C8
:109B4000FEF70EF802B080BD80B592B011900020F3
:109B50008DF837001198006848F20001C4F2000146
:109B6000884201D1FFE700E0FFE7119988680B699F
:109B70004A69C96918431043084310901198006856
:109B8000006846F6F311CCF6FF71084010990843BF
:109B900011990968086011980068406820F44050E5
:109BA000119A1168D268104348601198806910902A
:109BB0001198006848F20001C4F20001884206D002
:109BC000FFE71198016A109808431090FFE7119879
:109BD000006880684FF2FF41C1F2FF110840109900
:109BE000084311990968886011980068C06A20F0DC
:109BF0000F00119A1168526A1043C862FFE711986A
:109C0000006843F60001C4F20101884225D1FFE754
:109C100041F28800C4F20200006800F0030001462F
:109C20000A91032814D80A99DFE801F0020A060E07
:109C300001208DF83D000FE002208DF83D000BE083
:109C400004208DF83D0007E008208DF83D0003E07A
:109C500010208DF83D00FFE7DCE01198006844F229
:109C60000041C4F2000188422AD1FFE741F2880096
:109C7000C4F20200006800F00C00014609910C28B3
:109C800019D80999DFE801F0071717170F171717E9
:109C90000B171717130000208DF83D000FE002206E
:109CA0008DF83D000BE004208DF83D0007E0082012
:109CB0008DF83D0003E010208DF83D00FFE7A8E09F
:109CC0001198006844F60001C4F2000188422CD1CA
:109CD000FFE741F28800C4F20200006800F03000A3
:109CE0000146089160B1FFE70898102810D0FFE7FF
:109CF0000898202808D0FFE7089830280CD00FE0FB
:109D000000208DF83D000FE002208DF83D000BE0B3
:109D100004208DF83D0007E008208DF83D0003E0A9
:109D200010208DF83D00FFE772E01198006844F6BE
:109D30000041C4F2000188422CD1FFE741F28800C3
:109D4000C4F20200006800F0C0000146079160B153
:109D5000FFE70798402810D0FFE70798802808D031
:109D6000FFE70798C0280CD00FE000208DF83D00D9
:109D70000FE002208DF83D000BE004208DF83D003F
:109D800007E008208DF83D0003E010208DF83D002D
:109D9000FFE73CE01198006848F20001C4F20001BE
:109DA00088422FD1FFE741F28800C4F20200006828
:109DB00000F440600146069178B1FFE70698B0F5DF
:109DC000806F12D0FFE70698B0F5006F09D0FFE76B
:109DD0000698B0F5406F0CD00FE000208DF83D00E4
:109DE0000FE002208DF83D000BE004208DF83D00CF
:109DF00007E008208DF83D0003E010208DF83D00BD
:109E0000FFE703E010208DF83D00FFE7FFE7FFE7E5
:109E1000FFE7FFE7FFE71198006848F20001C4F28E
:109E20000001884240F07E80FFE79DF83D0001463A
:109E30000591082819D80599DFE801F005170917D9
:109E40000F1717171300FBF71BFC0B9013E042F2E0
:109E50000040C0F2F4000B900DE0FBF739FC0B90D2
:109E600009E04FF400400B9005E000200B9001202A
:109E70008DF83700FFE70B98002852D0FFE70B98CA
:109E800011994A6A4CF20421C0F6000131F812100F
:109E9000B0FBF1F00C900C981199496801EB41016D
:109EA000884207D3FFE70C9811994968B0EB013F4E
:109EB00004D9FFE701208DF8370031E00B981199A4
:109EC0004A6803924A6A4CF20421C0F6000131F854
:109ED0001220002304931946F6F74CFA039A049BC8
:109EE000090241EA1061000210EB520041F1000149
:109EF000F6F740FA0E900E98B0F5407F0BD3FFE7CF
:109F00000E990020B0EB115F05D1FFE70E98119973
:109F10000968C86003E001208DF83700FFE7FFE71C
:109F2000FFE7B9E01198C069B0F5004F61D1FFE7D4
:109F30009DF83D000146029108281DD80299DFE8EE
:109F400001F005090D1B131B1B1B1700FBF798FBEA
:109F50000B9017E0FBF7A8FB0B9013E042F20040D8
:109F6000C0F2F4000B900DE0FBF7B2FB0B9009E0A0
:109F70004FF400400B9005E000200B9001208DF87D
:109F80003700FFE70B9898B3FFE70B98119A5168D9
:109F9000536A4CF20422C0F6000232F81320B0FBE0
:109FA000F2F0400000EB5100B0FBF1F00E900E9883
:109FB000102818D3FFE7BDF83A00A0B9FFE70E98C4
:109FC00020F00F00ADF83E000E9800F00E01BDF835
:109FD0003E0040EA5100ADF83E00BDF83E00119948
:109FE0000968C86003E001208DF83700FFE7FFE74C
:109FF00051E09DF83D000146019108281DD80199C6
:10A00000DFE801F005090D1B131B1B1B1700FBF7F5
:10A0100037FB0B9017E0FBF747FB0B9013E042F286
:10A020000040C0F2F4000B900DE0FBF751FB0B90E9
:10A0300009E04FF400400B9005E000200B90012058
:10A040008DF83700FFE70B9820B3FFE70B98119AC4
:10A050005168536A4CF20422C0F6000232F8132011
:10A06000B0FBF2F000EB5100B0FBF1F00E900E9857
:10A0700010280AD3FFE7BDF83A0030B9FFE7BDF872
:10A08000380011990968C86003E001208DF8370095
:10A09000FFE7FFE7FFE7FFE711990120A1F86A005A
:10A0A0001199A1F8680011990020486711998867F3
:10A0B0009DF8370012B080BD80B586B0DDF820C0B5
:10A0C000049003918DF80B200193FFE7049800683A
:10A0D000C06903990840401AB0FA80F040099DF821
:10A0E0000B10884266D1FFE708980130002860D045
:10A0F000FFE7FAF75BFD0199401A0899884203D8F7
:10A10000FFE7089820B9FFE703208DF8170055E016
:10A110000498006800684007002849D5FFE70398C5
:10A12000802845D0FFE70398402841D0FFE70498F6
:10A130000068C06900F008010120B0EBD10F16D112
:10A14000FFE7049801680820009008620498FFF770
:10A1500089FC00980499C1F89000FFE70499002059
:10A1600081F88400FFE701208DF8170026E00498AD
:10A170000068C06900F400610120B0EBD12F16D156
:10A18000FFE7049801684FF4006008620498FFF745
:10A1900069FC04992020C1F89000FFE70499002091
:10A1A00081F88400FFE703208DF8170006E0FFE741
:10A1B000FFE78BE700208DF81700FFE79DF81700F9
:10A1C00006B080BD80B540F21050C2F20000FDF72D
:10A1D00019F880BDFFE7FEE780B5FFE74FF090403C
:10A1E00040210022FAF7CCFCFFE700F01DF8FFE762
:10A1F0004FF0904080210122FAF7C2FCFFE700F007
:10A2000013F8FFE74FF0904080210022FAF7B8FCE6
:10A21000FFE700F009F8FFE74FF0904040210122EE
:10A22000FAF7AEFCFFE780BD81B001B070470000D7
:10A2300080B500F0EBF880BD80B5FFE74FF09040AF
:10A2400040210122FAF79CFCFFE7FFF7EDFFFFE753
:10A250004FF0904080210122FAF792FCFFE7FFF7D0
:10A26000E3FFFFE74FF0904080210022FAF788FCDF
:10A27000FFE7FFF7D9FF80BD80B582B08DF80700FA
:10A2800000208DF805008DF80600FFE79DF8060018
:10A2900007282DDCFFE79DF8050040008DF805003C
:10A2A000FFE74FF0904080210122FAF769FCFFE7B9
:10A2B000FFF7BAFF4FF090404021FAF749FC30B168
:10A2C000FFE79DF8050001308DF80500FFE7FFE787
:10A2D0004FF0904080210022FAF752FCFFE7FFF791
:10A2E000A3FFFFE79DF8060001308DF80600CDE7DB
:10A2F0009DF8070018B9FFE7FFF79EFF02E0FFF7A0
:10A300006BFFFFE79DF8050002B080BD80B582B00D
:10A310008DF8070000208DF80600FFE79DF8060085
:10A32000072848DCFFE79DF807000006002809D54C
:10A33000FFE7FFE74FF0904040210122FAF720FCB1
:10A34000FFE708E0FFE74FF0904040210022FAF7D6
:10A3500017FCFFE7FFE7FFF767FFFFE74FF09040CD
:10A3600080210122FAF70CFCFFE7FFF75DFFFFE712
:10A370004FF0904080210022FAF702FCFFE79DF8A1
:10A380000600072809D1FFE7FFE74FF09040402182
:10A390000122FAF7F5FBFFE7FFE79DF80700400011
:10A3A0008DF80700FFF740FFFFE79DF8060001303A
:10A3B0008DF80600B2E702B080BD000080B5FFE76F
:10A3C0004FF0904040210122FAF7DAFBFFE7FFE768
:10A3D0004FF0904080210122FAF7D2FBFFE7FFF710
:10A3E00023FFFFE74FF0904040210022FAF7C8FB1F
:10A3F000FFE7FFF719FFFFE74FF0904080210022B1
:10A40000FAF7BEFBFFE7FFF70FFF80BD80B5FFE760
:10A410004FF0904040210022FAF7B2FBFFE7FFE740
:10A420004FF0904080210122FAF7AAFBFFE7FFF7E7
:10A43000FBFEFFE74FF0904040210122FAF7A0FB1E
:10A44000FFE780BD80B582B0FFE74FF0904040212C
:10A450000122FAF795FBFFE7FFF7E6FEFFE74FF073
:10A46000904080210122FAF78BFBFFE7FFF7DCFE2B
:10A470004FF090404021FAF76BFB20B1FFE701203D
:10A480008DF8070003E000208DF80700FFE7FFE7E5
:10A490004FF0904080210022FAF772FBFFE7FFF7B0
:10A4A000C3FE9DF8070002B080BD000081B08DF8AA
:10A4B00003009DF9030000280ED4FFE79DF9031067
:10A4C00001F01F02012090404A094EF20011CEF225
:10A4D000000141F82200FFE701B070474EF60C5032
:10A4E000CEF200000068C0F30220704782B08DF801
:10A4F000070000919DF9070000280AD4FFE70098A3
:10A5000000019DF907104EF20042CEF2000288547D
:10A510000BE0009800019DF8071001F00F014EF6C6
:10A520001452CEF200028854FFE702B070470000D8
:10A5300083B00290029800F0070000904EF60C5194
:10A54000CEF200010868019001984FF6FF0210401A
:10A5500001900198009A40EA02200022C0F2FA52CB
:10A56000104301900198086003B0704780B586B031
:10A5700005900491059890ED000A90ED013A90ED58
:10A58000021AB6EE002A23EE023A30EE430A21EE1A
:10A59000021A30EE410A9FED1D1A8DED021A20EECF
:10A5A000010A049880ED000AB0EE080A8DED000A59
:10A5B00001F008FAB0EE401A9DED000AB0EE002A54
:10A5C0008DED012A81EE021A059890ED012A21EE07
:10A5D000021A8DED031A01F0F5F99DED013A9DED9A
:10A5E000021AB0EE402A9DED030A82EE032A059876
:10A5F00090ED023A22EE032A30EE420A20EE010AE2
:10A60000049880ED010A06B080BD00BFABAA2A3FC6
:10A6100080B588B0079006918DED050A9DED050A7D
:10A6200001F060F8079890ED001A20EE010A8DED18
:10A63000000A9DED050A9FED351A8DED021A30EEE8
:10A64000410A01F04FF89DED021AB0EE402A9DED4F
:10A65000000A079890ED013A22EE032A30EE020A32
:10A660008DED010A9DED050A30EE010A01F03AF880
:10A67000B0EE401A9DED010A079890ED022A21EEF6
:10A68000021A30EE010A9FED221A20EE010A069806
:10A6900080ED000A9DED050A01F0CCF89DED021A4F
:10A6A000079890ED002A20EE020A8DED030A9DED39
:10A6B000050A30EE410A01F0BDF89DED021AB0EE38
:10A6C000402A9DED030A079890ED013A22EE032AF5
:10A6D00030EE020A8DED040A9DED050A30EE010A06
:10A6E00001F0A8F8B0EE401A9DED040A079890ED2D
:10A6F000022A21EE021A30EE010A9FED061A20EE20
:10A70000010A069880ED010A08B080BD920A064051
:10A71000ABAA2A3FABAA2ABF82B001900091019850
:10A72000006800990860019890ED000A90ED011A08
:10A73000BEEE003A20EE030A9FED0C2A21EE021A2B
:10A7400030EE010A009880ED010A019890ED000AB0
:10A7500090ED011A20EE030A21EE021A30EE410AB2
:10A76000009880ED020A02B0704700BFD7B35D3F8A
:10A7700080B588B0079006918DED050A9DED050A1C
:10A7800000F0B0FF079890ED001A20EE010A8DED61
:10A79000010A9DED050A01F04DF8B0EE401A9DED5D
:10A7A000010A079890ED012A21EE021A30EE410AC3
:10A7B000069880ED000A9DED050A9FED261A8DEDA5
:10A7C000031A30EE410A00F08DFF9DED031A079841
:10A7D00090ED002A20EE020A8DED020A9DED050A99
:10A7E00030EE410A01F026F89DED031AB0EE402A42
:10A7F0009DED020A079890ED013A22EE032A30EE11
:10A80000420A069880ED010A9DED050A30EE010A24
:10A8100000F068FF9DED031A079890ED002A20EEE6
:10A82000020A8DED040A9DED050A30EE010A01F0E1
:10A8300001F8B0EE401A9DED040A079890ED012A48
:10A8400021EE021A30EE410A069880ED020A08B0A5
:10A8500080BD00BF920A064080B58AB009908DED98
:10A86000080A0791099890ED000A8DED000AD0EDD5
:10A87000010A90ED021A00F0B5F8B0EE402A9DED05
:10A88000000AB6EE001A8DED021A22EE012A30EE11
:10A89000020A8DED060A9DED060A9DED082A80EE5E
:10A8A000020A30EE010A079880ED000A099890ED3F
:10A8B000000AD0ED010ACDED010A90ED021A00F078
:10A8C00091F89DED021AB0EE402A9DED010A22EEAC
:10A8D000012A30EE020A8DED050A9DED050A9DED77
:10A8E000082A80EE020A30EE010A079880ED010A7C
:10A8F000099890ED000AD0ED010A90ED021A8DED55
:10A90000031A00F06FF89DED021AB0EE402A9DED9B
:10A91000030A22EE012A30EE020A8DED040A9DEDB3
:10A92000040A9DED082A80EE020A30EE010A07981B
:10A9300080ED020A0AB080BD80B584B00390029118
:10A9400003988DF8070040F21050C2F200000DF19C
:10A95000070101224FF0FF33FDF766F8039804B0BA
:10A9600080BD000084B08DED030ACDED020A8DEDAF
:10A97000011A002000909DED030A9DED021AB4EE2D
:10A98000410AF1EE10FA0DDBFFE79DED030A9DEDA4
:10A99000011AB4EE410AF1EE10FA03DBFFE7039867
:10A9A00000901AE09DED020A9DED031AB4EE410AF3
:10A9B000F1EE10FA0DDBFFE79DED020A9DED011AA5
:10A9C000B4EE410AF1EE10FA03DBFFE702980090C3
:10A9D00002E001980090FFE7FFE79DED000A04B058
:10A9E0007047000080B586B08DED050ACDED040AF4
:10A9F0008DED031A002002909DED050ADDED040A9D
:10AA000030EE202A9DED031A32EE012A8DED002A48
:10AA1000FFF7A8FFB0EE401A9DED000A30EE410AA4
:10AA20008DED010A9DED050ADDED040A9DED031A89
:10AA300000F00CF8B0EE401A9DED010A30EE410A2C
:10AA40008DED020A9DED020A06B080BD84B08DED49
:10AA5000030ACDED020A8DED011A002000909DED54
:10AA6000030A9DED021AB4EE410AF1EE10FA0DDC74
:10AA7000FFE79DED030A9DED011AB4EE410AF1EEE8
:10AA800010FA03DCFFE7039800901AE09DED020A3C
:10AA90009DED031AB4EE410AF1EE10FA0DDCFFE76A
:10AAA0009DED020A9DED011AB4EE410AF1EE10FA95
:10AAB00003DCFFE70298009002E001980090FFE7B6
:10AAC000FFE79DED000A04B07047000080B582B03A
:10AAD00000200190FAF77EF8FEF7ACF8FDF758FD7C
:10AAE000FDF7EEFCFDF7BAFDFDF748FCFDF7BEFEF5
:10AAF000FDF71CFDFDF702FFFDF776FE00F04CF8B8
:10AB0000FFE7FEE785B004908DED030ACDED020A64
:10AB10009DED040AB8EEC00A9DED031A20EE010A6D
:10AB20009DED021A30EE410A8DED010A0198009068
:10AB3000FFE79DED000A9FED141AB4EE410AF1EE15
:10AB400010FA09DAFFE79DED000A9FED121A30EEC8
:10AB5000010A8DED000AECE7FFE79DED000A9FED8D
:10AB60000B1AB4EE410AF1EE10FA09DDFFE79DED94
:10AB7000000A9FED071A30EE010A8DED000AECE79E
:10AB80009DED000A05B07047DB0F49C0DB0F49405F
:10AB9000DB0FC9C0DB0FC94080B5AAB040F2086026
:10ABA000C2F200009FEDC60ADFEDC60ACDED220A13
:10ABB0009FEDC51A8DED241ADFEDC41ACDED231AD1
:10ABC000FDF7A0FFDDED220ADDED231A9DED241A2D
:10ABD00040F24C60C2F200009FEDBD0AFDF792FF0B
:10ABE0009DED241A40F27860C2F200009FEDB90A90
:10ABF000DFEDB90AF0EE001AFDF784FF40F2F050E5
:10AC0000C2F200009FEDB50A8DED250ADFEDB40A12
:10AC1000CDED270AFDF702FB9DED250ADDED270AA4
:10AC200040F23460C2F20000FDF7F8FADDED270AC9
:10AC300040F2C050C2F200009FEDAA0A8DED260A34
:10AC4000FDF7ECFA9DED260ADDED270A40F2D8501B
:10AC5000C2F20000FDF7E2FADDED270A40F25830BB
:10AC6000C2F200009FEDA00A9FEDA01ADFEDA01A2E
:10AC70009FEDA02AFCF784FF40F2A810C2F200006A
:10AC8000072101229FED9C0AF7F72AFA40F2C8102B
:10AC9000C2F200002990026820211160016804209E
:10ACA000086040F2E430C2F200002890FBF718FC84
:10ACB00028980C21FCF78EF82998F8F707FAFFE797
:10ACC00040F2AA60C2F20000007820B9FFE701203C
:10ACD000F9F70EFAF4E740F2E430C2F200002190F6
:10ACE00000211E91FCF776F8219804211F91FCF7B2
:10ACF00071F8219808212091FCF76CF81E99219891
:10AD0000FBF798FA1F992198FBF794FA209921985C
:10AD1000FBF790FAFFE740F2A960C2F2000000786A
:10AD200001461D91032800F2B9801D99DFE801F06A
:10AD300002376C9140F29C11C2F2000108684A6827
:10AD400014928968169101F02BF902461498159215
:10AD50000A46159942EC101B8DED1A0B01F020F9F3
:10AD60000246169817920A46179942EC101B8DED71
:10AD7000180B01F015F99DED181B9DED1A0B41EC18
:10AD8000120B684680ED022B80ED001B53EC102B5C
:10AD90004CF22C20C0F60000F5F764FB7FE040F297
:10ADA000A451C2F2000108684A680C9289680E91A9
:10ADB00001F0F6F802460C980D920A460D9942EC05
:10ADC000101B8DED120B01F0EBF802460E980F925E
:10ADD0000A460F9942EC101B8DED100B01F0E0F8C4
:10ADE0009DED101B9DED120B41EC120B684680EDA2
:10ADF000022B80ED001B53EC102B4CF21C20C0F6F4
:10AE00000000F5F72FFB4AE040F25830C2F2000094
:10AE1000016F0891D0F8800001F0C2F8024608984E
:10AE200009920A46099942EC101B8DED0A0B01F0BC
:10AE3000B7F89DED0A0B41EC110B684680ED001B45
:10AE400053EC102B4CF23C20C0F60000F5F70AFB47
:10AE500025E040F25830C2F20000416F0491D0F872
:10AE6000840001F09DF80246049805920A4605996F
:10AE700042EC101B8DED060B01F092F89DED060BD8
:10AE800041EC110B684680ED001B53EC102B4CF28B
:10AE90004E20C0F60000F5F7E5FA00E0FFE740F2CB
:10AEA000A860C2F20000007840B9FFE740F25831D4
:10AEB000C2F20001002081F86500FFE72BE700BF28
:10AEC000B537783C675BA44200000000D8B3DD4092
:10AED0000D349F3CA4C40E3D65E4003F0000484390
:10AEE00017B751390000FA43CDCC4C3F0000FA446B
:10AEF00000409C4600004842C49941405FEA400C33
:10AF000008BF91F0000F4FEA8C234FEAC12243EAB9
:10AF100051514FEA1C5018BF00F5F0404FEA300085
:10AF200018BF41F000415FEA6C5C00F02980BCF181
:10AF3000FF3F08BF40F080407047130C06BF12046B
:10AF40004FF0100C4FF0000C130E04BF12020CF166
:10AF5000080C130F04BF12010CF1040C930F04BF73
:10AF600092000CF1020CD30F04BF52000CF1010C43
:10AF700011464FF00002A0F11F00A0EB0C0070473B
:10AF800011F0004F08BF704731F000413FF4D5AFDA
:10AF90000B0C06BF09044FF0100C4FF0000C0B0E09
:10AFA00004BF09020CF1080C0B0F04BF09010CF1DE
:10AFB000040C8B0F04BF89000CF1020CCB0F04BFF3
:10AFC00049000CF1010CCCF1200322FA03F341EA11
:10AFD000030102FA0CF2A0EB0C0000F10100704733
:10AFE00023F07F4720F07F4C80EA030000F0004010
:10AFF000ACEB070303F57C5303F1FF032DE9804914
:10B0000009B44FEA144324EA03484FEA154B25EAF2
:10B010000B4E0FF2042606EB13273E7803FB066760
:10B02000C7F5000707FB06F64FEAD64606F102060B
:10B030004FEA543707FB066CCCF1005C4FEA1C4723
:10B040002CEA074C0CFB06F507FB06F404EB15464F
:10B050004FEA961649085FEA320234BF00204FF0EB
:10B0600000404FEAD13706FB07FC4FEA1C4C0CFBB3
:10B070000BF7D21B03FB0CF761EB07010CFB0EF780
:10B08000B0EB074072EB17420CFB08F734BFA2EBA2
:10B090000742B2EB074261EB17414FEA0C444FEA1B
:10B0A000910706FB07FC4FEA1C4C0CFB0BF7B0EBBF
:10B0B000C74072EB573203FB0CF734BFA2EBC74219
:10B0C000B2EBC74261EB57310CFB0EF7B0EBC70098
:10B0D00072EB57720CFB08F734BFA2EBC702B2EB5E
:10B0E000C70261EB57714FEA816141EA92114FEA61
:10B0F000826242EA90124FEA806004EBCC04039F24
:10B100004FEAD13706FB07FC4FEA1C4C0CFB0BF750
:10B11000D21B03FB0CF761EB07010CFB0EF7B0EB46
:10B12000074072EB17420CFB08F734BFA2EB074253
:10B13000B2EB074261EB17414FEA8C5504EB9C24BC
:10B140004FEA910706FB07FC4FEA1C4C0CFB0BF780
:10B15000B0EBC74072EB573203FB0CF734BFA2EBE6
:10B16000C742B2EBC74261EB57310CFB0EF7B0EBB5
:10B17000C70072EB57720CFB08F734BFA2EBC70293
:10B18000B2EBC70261EB57714FEA816141EA92115C
:10B190004FEA826242EA90124FEA806015EB4C253A
:10B1A00044F100044FEAD13706FB07FC4FEA1C4C80
:10B1B0000CFB0BF7D21B03FB0CF761EB07010CFB3D
:10B1C0000EF7B0EB074072EB17420CFB08F734BFE9
:10B1D000A2EB0742B2EB074261EB17414FEA813124
:10B1E00041EA92414FEA823242EA90424FEA80308D
:10B1F0004FEA0C7615EB1C1544F1000448EA0343B2
:10B200004EEA0B484FF0000EB2EB080C71EB03074F
:10B2100024BF624639464EEB0E0E4FF0000B00186D
:10B22000524149414BEB0B0BB2EB080C71EB03079E
:10B230007BF1000B24BF624639464EEB0E0E4FF0F9
:10B24000000B0018524149414BEB0B0BB2EB080CC1
:10B2500071EB03077BF1000B24BF624639464EEBCE
:10B260000E0E51EA020718BF46F0010616EB0E76E5
:10B2700055F1000254F1000103D5BDE88901BDE894
:10B280000088BDE88901BDE80048B619524141EB8C
:10B290000101A3F10103704780807F7E7D7C7B7A72
:10B2A0007978777676757473727171706F6E6E6D72
:10B2B0006C6C6B6A6A696868676666656464636318
:10B2C00062616160605F5F5E5E5D5D5C5C5B5B5A9E
:10B2D0005A5959585857575656555555545453530B
:10B2E00052525251515050504F4F4F4E4E4D4D4D66
:10B2F0004C4C4C4B4B4B4A4A4A49494948484847B1
:10B3000047474746464645454544444444434343EE
:10B3100043424242424141419C46002B30D4770097
:10B320002BD04FEA37071CB503B44FF010004FF095
:10B330001001BAF1000F06D0BCF1000FDCBF40F0E5
:10B34000080040F008014FF000000FBCBDE81040BD
:10B350000BF1010BBBF1010F08BF5FEA170722BF1A
:10B3600012F1010211F101014FF0004143F100031C
:10B3700000F0004043EA00007047F9D35708D0E7D7
:10B3800046EA06464FEA164613F1400F1FDD13F159
:10B39000200FDFBF16430A46002120335B42BED098
:10B3A000C3F1200746EA06464FEA164602FA07F7B7
:10B3B00046EA070622FA03F2C3F1200701FA07F76B
:10B3C00042EA070221FA03F14FF00003A7E746EA39
:10B3D000020646EA06464FEA164646EA0106BCBFA2
:10B3E00046EA0646360C4FF000034FF000024FF0DD
:10B3F000000194E72DE9804C70B49A46934691E899
:10B40000380007C831EA400C48BF34EA430C03D582
:10B41000FFF7E6FDFFF780FFF0BCBDE8008C2DE9EB
:10B42000804C70B49A46934691E8380007C810F0F3
:10B43000804F08BF13F0804F03D100F005F8FFF7ED
:10B440006BFFF0BCBDE8008C20F07F4723F07F4C01
:10B4500080EA030000F0004007EB0C03A3F57C53E7
:10B46000A3F1FE0392F0000F00F0B38095F0000FFF
:10B4700000F077802DE901494FEA114021EA0048A8
:10B480004FEA144624EA064700FB06FC08FB06F6D2
:10B4900007FB08F818EB06484CEB164C00FB07F7C7
:10B4A00018EB07484CEB17404FEA124B22EA0B4EC1
:10B4B0004FEA154625EA06470BFB06FC0EFB06F68F
:10B4C00007FB0EFE1EEB064E4CEB164C0BFB07F774
:10B4D0001EEB074E4CEB174B18EB0B0840F100002E
:10B4E00018EB0E0B58EB000840F100008F1A4FF0DC
:10B4F00000014FF000063CBFC943661B14BFB5EB0B
:10B50000040C00213CBFC943F61B4FEA174427EA4D
:10B5100004454FEA1C472CEA074C04FB076205FB75
:10B5200007F70CFB05F616EB074642EB174204FB48
:10B530000CFC16EB0C4642EB1C421BEB060658EBD0
:10B54000020241414EEA8E0E46EA9E0601D5BDE852
:10B550000189B619524141EB0101A3F10103BDE894
:10B5600001894FEA144524EA05464FEA114721EACA
:10B57000074C05FB07F406FB07F70CFB06F111EB84
:10B58000074144EB174405FB0CFC11EB0C4144EB69
:10B590001C444FEA124722EA074C05FB07F206FB60
:10B5A00007F70CFB06F616EB074642EB174205FBC6
:10B5B0000CFC16EB0C4642EB1C456A1854F10001DA
:10B5C00048BF7047B619524141EB0101A3F1010395
:10B5D000704795F0000F37D04FEA114221EA02463A
:10B5E0004FEA144724EA074C02FB07F106FB07F772
:10B5F0000CFB06F414EB074441EB174102FB0CFC77
:10B6000014EB0C4441EB1C414FEA154725EA074C6B
:10B6100002FB07F506FB07F70CFB06F616EB0746E1
:10B6200045EB174502FB0CFC16EB0C4645EB1C42A8
:10B63000121951F1000148BF7047B619524141EB50
:10B640000101A3F1010370474FEA144524EA0546BE
:10B650004FEA114721EA074C05FB07F106FB07F704
:10B660000CFB06F212EB074241EB174105FB0CFC09
:10B6700012EB0C4251EB1C414FF0000648BF7047E3
:10B68000921841EB0101A3F10103704703B4019843
:10B690004100009850EAC12018BF04204A0D18BF8D
:10B6A00040F0010040F2FF72B2EB515F08BF40F082
:10B6B0000200012808BF052002B0704741000802BF
:10B6C00018BF04200A0E18BF40F001004FF07F425F
:10B6D00032EA010108BF40F00200012808BF05203E
:10B6E0007047000010EE101A08B5444A6846B2EBE5
:10B6F000410F28D94FF0E640B0EB410F94BF002036
:10B700004FF0FF3000900098002861DB60EE000AE7
:10B7100010F0010F45D010F0020FDFED391A9FED48
:10B72000391A00EEA11ADFED381A40EE811A21EE27
:10B73000A01AF0EE400A40EE010A08BFF1EE600ADE
:10B74000B0EE600A08BD314B21F0004293423CD973
:10B7500011F0004FDFED2E0A20EE201ADFED2D0A4A
:10B7600019BF31EE601A71EE200A31EE201A71EE27
:10B77000600ABDEEE01A11EE100A9FED271A00F0E4
:10B78000030000EEC10A9FED251A009000EEC10AE9
:10B790009FED231A00EEC10A9FED221A00EEC10AA6
:10B7A000B1E79FED211A9FED210A10F0020F00EE84
:10B7B000810A9FED1F1A00EE801AB7EE000A00EE14
:10B7C000810A18BFB1EE400A08BD00F02BF99AE7D4
:10B7D00010EE100A4000B0F17F4F3CBFB7EE000AF8
:10B7E00008BD07D14FF00100F4F777FEBDE808402F
:10B7F00000F008B9BDE8084000F001B9B61F927E1C
:10B80000336D4CB9DA82083CA0AA2ABE490E4946DB
:10B8100083F9223F0000004B0000C93F00A0FD3922
:10B820000020A2331A61342CB93AB2BACA9F2A3D19
:10B83000DDFFFFBE00B510EE101A2DED028B81B0BA
:10B84000524A6846B2EB410F2ED94FF0E640B0EBBA
:10B85000410F94BF00204FF0FF3000900098B0EEF1
:10B86000408A00286ADB10F0010F4BD068EE080A0E
:10B870009FED471A9FED470A00EE810A9FED461A99
:10B8800010F0020F00EE801AB7EE000A00EE810AF7
:10B8900002BF01B0BDEC028B00BD00BF01B0B1EE34
:10B8A000400ABDEC028B00BD3C4B21F000429342AC
:10B8B00041D911F0004FDFED3A0A20EE201ADFEDFA
:10B8C000390A19BF31EE601A71EE200A31EE201AE2
:10B8D00071EE600ABDEEE01A11EE100A9FED321A09
:10B8E00000F0030000EEC10A9FED301A009000EE58
:10B8F000C10A9FED2F1A00EEC10A9FED2E1A00EE2D
:10B90000C10AABE728EE080A9FED2B1ADFED2B0AE0
:10B9100010F0020F40EE010A9FED291A00EE201AE6
:10B9200061EE000AB0EE480A08EE200AB6D101B076
:10B93000BDEC028B00BD00F075F88FE718EE100A21
:10B940004000B0F17F4F0DD218EE100AFFF7B6FE9F
:10B95000042808BF00F05EF8B0EE480A01B0BDEC64
:10B96000028B00BD09D10120F4F7B7FD01B0BDEC99
:10B97000028B5DF804EB00F045B801B0B0EE480A68
:10B98000BDEC028B5DF804EB00F039B8B61F927E77
:10B99000B93AB2BACA9F2A3DDDFFFFBE490E4946F9
:10B9A00083F9223F0000004B0000C93F00A0FD3991
:10B9B0000020A2331A61342C336D4CB9DA82083C72
:10B9C000A0AA2ABE10B52DED028BB1EEC08A18EEEA
:10B9D000100A20F00040C0F1FF40C00F0AD010EE66
:10B9E000100A20F00040C0F1FF40C00F04BF01204A
:10B9F000F4F773FDB0EE480ABDEC028B10BD30EEDB
:10BA0000000A7047DFED020A80EEA00A70470000CE
:10BA1000000000009FED020A20EE000A70470000BF
:10BA2000000000102DE9F0014FF07F42B2EB410F12
:10BA30009FBF4FF0FF310160BDE8F00170474FF04C
:10BA4000004242EA0123C1F3C752783A551112F07D
:10BA50001F0C434CCCF120067C44C1F3C752A2F129
:10BA600078024FEA621204EB820254F8254008BFC4
:10BA7000D2E9015612D0556804FA0CF425FA06F7FB
:10BA80003C43976805FA0CF527FA06F8D26807FADE
:10BA90000CFCF24045EA08054CEA0206A4FB034C04
:10BAA000A5FB0352A6FB03631D449D4234BF012640
:10BAB00000261319334416B1934202D903E093428E
:10BAC00001D2012200E00022624402F1200C920621
:10BAD000DC0C42EA443200EE102A5B03DFED210A5F
:10BAE000F8EEC01A00EE103A4FEA9C1C11F0004F1D
:10BAF000B8EE400AC0F800C020EE201A00EE105A3E
:10BB0000DFED190AB8EE400A20EE200A71EE810A34
:10BB100070EE800A10EE902A02F500626FF30B02BD
:10BB200000EE902A70EEE11A31EEC11ADFED101A24
:10BB300030EE411A9FED0D0A20EE800A01EE210A37
:10BB40009FED0C1A00EE810A04BFBDE8F0017047BA
:10BB5000CCF180510160BDE8F001B1EE400A7047C0
:10BB600098060000000000360000802C22AAFD2963
:10BB7000DB0FC92F0000C92F30380A2801D201205D
:10BB8000704700207047000010B500290AD00878DF
:10BB9000002807D005487844F6F726F8002801D099
:10BBA000002010BD0248784410BD0000EA060000E5
:10BBB000E206000010B500290AD00878002807D056
:10BBC00005487844F6F710F8002801D0002010BD91
:10BBD0000248784410BD0000DA060000D2060000DA
:10BBE00021F0004201F00043A2F16052B2F5801F43
:10BBF00028BFD2F17F6C0BD95FEA001C43EAC20276
:10BC000042EB507018BF704728BF20F0010070470A
:10BC1000B2F5801FBCBF184670474FEA410C1CF5B7
:10BC2000001F02D2084600F039BA70B500F064F97E
:10BC300000000089FFF7F6BF4FF00040A0F580003C
:10BC4000704700002DE9C04130B4DFF8A4C23CEADF
:10BC5000111418BF3CEA131400F0ED801CEA111413
:10BC600081EA030544EAD57418BF1CEA131500F0F5
:10BC7000C880A4EB050404F17F7404F500344FF090
:10BC8000004545EAC12145EAC32341EA505143EA50
:10BC900052534FEAC0204FEAC222994208BF904255
:10BCA00000F09D804FEA13650FF24416765D4FEA6F
:10BCB000134506FB05F7C7F1807706FB07F74FEA48
:10BCC000D737A7FB03687642A7FB06CEC8F58038B6
:10BCD00038BFA8F1010807FB08E6A6FB028C4FF06D
:10BCE000000EE6FB03CEDCF1000CCEF1004E38BFB7
:10BCF000AEF1010EA6FB0C584FF00007E6FB0E87D5
:10BD0000A1FB08C6A0FB07CE16EB0E064FF0000500
:10BD100045F10005E1FB076515F1E04E7EBFA4F596
:10BD200080345FEA46066D4116F1800745F1000553
:10BD30004FEA172747EA05674FEA15254FEA0666D7
:10BD4000A6F1DE46B6F1805F20D9384605EBC47116
:10BD500024F0010C01EB0C11BCF1FE6F02D8F0BC19
:10BD6000BDE8008124425CBF01F5801E9EEAC47FCD
:10BD700002D4F0BCBDE80081244200F13980A1F179
:10BD8000C041F0BCBDE8004100F004B94FEAD0204A
:10BD900040EA41504FEAD1214FEAD22242EA4352CF
:10BDA0004FEAD323A7FB028607FB036605FB026667
:10BDB0001EEA0E0F58BFA6EB0056B6EB00564FEA30
:10BDC000520E4EEAC37E18EB0E0E56EB530EBCD548
:10BDD00018EB02085E417F1C55F10005B5E74FF4F2
:10BDE00080154FF000074FF000064FF00008ACE759
:10BDF00001F1C04101F000414FF00000F0BCBDE88E
:10BE000000810CEA131511EA0C1F00D00CE013EAB4
:10BE10000C1F00F026804FF0000081EA030101F0C2
:10BE20000041F0BCBDE80081F0BCBDE8004181EA02
:10BE3000030100F0AFB8F0BCBDE8004170B500F000
:10BE40005BF800BF097EFC3E00F007B84FF0000031
:10BE500081EA030101F00041704781EA030100F02B
:10BE600099B8F0BCBDE8004122494FF0000070478E
:10BE7000FFFDFBF9F7F5F4F2F0EEEDEBE9E8E6E4AF
:10BE8000E3E1E0DEDDDBDAD8D7D5D4D3D1D0CFCD36
:10BE9000CCCBCAC8C7C6C5C4C2C1C0BFBEBDBCBB6F
:10BEA000BAB9B8B7B6B5B4B3B2B1B0AFAEADACAB6A
:10BEB000AAA9A8A8A7A6A5A4A3A3A2A1A09F9F9E44
:10BEC0009D9C9C9B9A9999989797969595949393F6
:10BED000929191908F8F8E8E8D8C8C8B8B8A89898D
:10BEE0008888878786858584848383828281818010
:10BEF0000000FF070000F87F0EF1020E2EF0030E87
:10BF00005EF8046B364205D4012A43EB030515F5B0
:10BF1000001F12D8012841EB010C1CF5001F0CD8A2
:10BF20000ED14FEAD17C0CEB4C0C0CF1020C15F548
:10BF3000001F08BF4CEBD37C04E04FF0080C01E07D
:10BF40004FEAD37C0CEB4C0526FA05F606F0070603
:10BF5000B6F1040C06D20EEB860CBDE870404CF036
:10BF6000010C6047DFE80CF0090B02024FF00041C2
:10BF7000A1F500214FF0000070BD194610460128C0
:10BF800051EB010418BFD4F5001484BF002001F068
:10BF9000004170BD0808A0F500114FEA310170475B
:10BFA00043004FEAD30C4FEA3C0C43401FBF40070D
:10BFB0000CF1605113F0FE4F70471CF0006F03D17D
:10BFC0000CF00041002070470CF0004343EA507031
:10BFD00040EACC0010B500F00EF800BF000000925F
:10BFE0004FEA0001FFF7D6BF4FF00041A1F5002155
:10BFF0004FF0000070470EF1020E2EF0030E5EF8B7
:10C00000044B244204D44FEA4102B2F17F4F11D8CD
:10C010004FEA4003B3F17F4F0CD80ED14FEAD07CEA
:10C020000CEB4C0C0CF1020CB2F17F4F08BF4CEB47
:10C03000D17C04E04FF0080C01E04FEAD17C0CEB1E
:10C040004C0324FA03F404F00704B4F1040C06D200
:10C050000EEB840CBDE810404CF0010C6047DFE8AB
:10C060000CF0070802024FF00040A0F5800010BD60
:10C070000846420018BFD2F1807288BF00F000402D
:10C0800010BDF1EE100A4FF6FF71C0F2C03120EA88
:10C09000010040F04070E1EE100A7047FF2141EAD4
:10C0A000D050C0057047F4F73FBEF4F773BF0000EF
:10C0B00000000000000000003031323334353637E4
:10C0C00038394142434445464030580030313233DC
:10C0D00034353637383961626364656640307800DC
:10C0E0000400000800000000000000020001000041
:10C0F00010000000000000006E83F9A22915444ED4
:10C10000D15727FCC0DD34F5999562DB4190433C63
:10C11000AB6351FE303132333435363738396162F2
:10C1200063646566787000303132333435363738C1
:10C13000394142434445465850003A7474003A74B9
:10C1400074003A747400000002400000000000A077
:10C150000000000005400000000000C800000000D2
:10C160000C4000000000409C00000000194000004E
:10C170000020BCBE0000000034400000BFC91B8E80
:10C1800000000004B5400000504BCFD06607E2CF5E
:10C19000010000006C4100003E8251AADFEEA7348E
:10C1A00001000000D9420000DCB5A0E23A301F9740
:10C1B000FFFFFFFFB4450000FD25A0C8E9A3C14F64
:10C1C000FFFFFFFFFF3F00000000008000000000B5
:10C1D000FF3F0000000000800000000000000000A1
:10C1E0000000000001020304060708090000000027
:10C1F0000102030408040204080101010101010312
:10C2000007010000010002000400060008000A0007
:10C210000C00100020004000800000016961626392
:10C220003A25662C25662C25660D0A0064757479FE
:10C230003A25662C25662C25660D0A0074686574FF
:10C24000613A252E34662C252E34660D0A00737053
:10C250006565643A252E34662C252E34660D0A0059
:10C26000B0C30008000000201800000014020008FD
:10C27000C8C3000818000020C012000030020008E7
:10C280001C00000043000000F8FFFFFF0C0000004E
:10C290000E0000000F0000002E0000001001000042
:10C2A00043000000F8FFFFFF004040404040404096
:10C2B0004040414141414140404040404040404079
:10C2C000404040404040404040050202020202021D
:10C2D000020202020202020202202020202020206C
:10C2E0002020200202020202020290909090909080
:10C2F000101010101010101010101010101010103E
:10C3000010101010020202020202888888888888B1
:10C31000080808080808080808080808080808089D
:10C3200008080808020202024000000000000000A5
:10C3300000000000000000000000000000000000FD
:10C3400000000000000000000000000000000000ED
:10C3500000000000000000000000000000000000DD
:10C3600000000000000000000000000000000000CD
:10C3700000000000000000000000000000000000BD
:10C3800000000000000000000000000000000000AD
:10C39000000000000000000000000000000000009D
:10C3A000000000000000000000000000000000008D
:10C3B0000000000000000000000000000024F40065
:08C3C000010000001000000064
:04000005080001D915
:00000001FF
