:020000040800F2
:10000000981200203503000885850008A97A0008A9
:1000100081850008F51E0008BDA100080000000051
:10002000000000000000000000000000BD8B000880
:10003000C91F00080000000025870008158C000873
:100040004F0300084F0300084F0300084F03000848
:100050004F0300084F0300084F0300084F03000838
:100060004F0300084F0300084F0300084F03000828
:100070004F030008F91E0008091F00084F0300087D
:100080004F03000800000000D51D00084F030008C2
:100090004F030008F92000084F0300084F03000831
:1000A0004F0300084F0300084F0300084F030008E8
:1000B000A98C00084F0300084F0300084F030008F5
:1000C0004F0300084F0300084F0300084F030008C8
:1000D0004F0300084F0300084F030008ADA10008BC
:1000E0004F0300084F0300084F0300084F030008A8
:1000F0004F0300084F0300084F03000800000000F2
:10010000000000004F030008000000004F0300083B
:100110004F030008000000004F0300084F030008D1
:100120004F0300084F0300084F0300084F03000867
:100130004F03000800000000000000004F0300080B
:100140004F0300084F0300080000000000000000FB
:10015000000000000000000000000000000000009F
:100160000000000000000000000000004F03000835
:100170004F03000800000000000000000000000025
:10018000000000004F030008000000000000000015
:10019000000000000000000000000000000000005F
:1001A00000000000000000004F0300084F0300089B
:1001B0004F0300084F0300084F0300080000000031
:1001C000000000004F0300080000000000000000D5
:1001D0004F0300084F03000800F002F800F09AF8FF
:1001E0000AA090E8000C82448344AAF10107DA4592
:1001F00001D100F08FF8AFF2090EBAE80F0013F04A
:10020000010F18BFFB1A43F00103184740C5000057
:1002100060C50000103A24BF78C878C1FAD85207E8
:1002200024BF30C830C144BF04680C607047000070
:100230000023002400250026103A28BF78C1FBD8EF
:10024000520728BF30C148BF0B6070476E2900F0CD
:10025000E981702900F01F8366290CF08E816529E1
:100260000CF08B8167290CF0888161290CF0878163
:1002700003681B0A28BF41F08001692900F09681BC
:10028000642900F09381752900F090816F2900F0B6
:10029000AD82782900F0EB82E92900F04782E42959
:1002A00000F04482F52900F04182EF2900F0AA8293
:1002B000F82900F0EA820368DB0928BF41F08001D9
:1002C000632901F00780732901F00C80E32901F014
:1002D0001780F32901F01C80002070471FB50CF037
:1002E0003AF99DE8030001F00DFB01F00BF9040061
:1002F000002000210BF088FC401C606000200021E1
:100300000BF06CFCE06001F00BF81FBD10B501F0C4
:1003100070F810BD01F0C8F81146FFF7DFFF0AF0D2
:10032000ADFB01F08FFA03B4FFF7F0FF03BC01F05F
:1003300099FC00000948804709480047FEE7FEE7AE
:10034000FEE7FEE7FEE7FEE7FEE7FEE7FEE7FEE785
:1003500004480549054A064B70470000958C000883
:10036000D90100089806002098120020980A002061
:10037000980A002053EA020C00F069802DE9F04B46
:100380004FF00006002B1FBFB3FA83F503FA05F404
:1003900024FA05F65E4012BF1643B2FA82F502FA5D
:1003A00005F4C5F120051EBF22FA05FC44EA0C0441
:1003B000203556EA044C4FEA144418BF641C4FF031
:1003C00000084FF00009904271EB030C39D300296B
:1003D00019BFB1FA81F701FA07F6B0FA80F700FA0F
:1003E00007F6C7F120071EBF20FA07FC46EA0C06F5
:1003F0002037B6FBF4FCA7EB0507103F07F01F0BF7
:10040000CBF120062CFA06F60CFA0BFB44BFB346E0
:100410000026202FA4BF5E464FF0000B5BEA060CBF
:1004200008BF4FF0010B19EB0B0948EB0608ABFBBB
:10043000027C06FB02CC0BFB03CCC01B71EB0C0156
:10044000C1E70B46024641464846BDE8F08B13B56E
:10045000084318BF4FF0FF300146AFF30080BDE8FE
:100460001C4070470FB4044910B503AA029800F06D
:10047000EDF810BC5DF814FB6C0000204FF000029A
:1004800000B5134694469646203922BFA0E80C508A
:10049000A0E80C50B1F12001BFF4F7AF090728BF65
:1004A000A0E80C5048BF0CC05DF804EB890028BFE1
:1004B00040F8042B08BF704748BF20F8022B11F00A
:1004C000804F18BF00F8012B704770477047704786
:1004D00010B500F0AFFA006810BD10B5044600F08A
:1004E000A9FA046010BD70B5044685690068C106AC
:1004F00001D5302600E02026C00707D070BDD4E922
:10050000012130469047206A401C20626D1EF6D5BE
:1005100070BD70B5044685690078C00707D170BD0D
:10052000D4E9012120209047206A401C20626D1EE2
:10053000F6D570BD09684A0501D540B27047C905B6
:10054000FCD500B2704709684A0501D5C0B27047B2
:10055000C905FCD580B2704770B50C460546012A26
:1005600005D02878800600D5EA69002302E001233F
:1005700005E05B1C934202D2E05C0028F9D1A86937
:10058000E618C01AA861286A184428622846FFF7AE
:10059000AAFF04E0D5E9012114F8010B9047B44209
:1005A000F8D32846FFF7B5FF70BD00002DE9F041F4
:1005B0000646002410687529314616A510D0FFF7AD
:1005C000B9FF002802DA404213A507E031688A0724
:1005D00001D512A502E0490704D511A5012401E0C7
:1005E000FFF7B1FF00210A2206F1240709E0B0FB62
:1005F000F2FCB0FBF2F302FB1C00303078541846DA
:10060000491C0028F3D123462A463046BDE8F04174
:1006100000F059BA000000002D0000002B0000007F
:100620002000000011680268006A530501D50870B7
:100630000AE0D30501D5088006E0130603D5C217EA
:10064000C1E9000200E0086001207047074B70B567
:100650000D467B4400F021FE0446284600F05CFE77
:1006600010B14FF0FF3070BD204670BD93A2000066
:100670002DE9FF5F15468A460446DFF8AC80F84452
:100680000027D8E900103E46CDE9001010E03AF806
:1006900016106A4602A800F0DFFE411C07D0217840
:1006A000890603D5E269391891420DD80744761CB2
:1006B0002078800602D5E069B84205DDAE42E6DB6F
:1006C0003AF816000028E2D1A069C01BA0612046BC
:1006D000FFF709FFD8E90010CDE90010002017E06E
:1006E0003AF818106A4602A800F0B6FEB0F1FF3FD3
:1006F00081460BD000250DF1080B05E0D4E901215E
:100700001BF8050090476D1C4D45F7D308F101001B
:10071000B0428046E4DB206A384420622046FFF77E
:10072000F8FEBDE8FF9F000002BF00002DE9F04188
:100730008046D21D22F007020025D2E90002F529E9
:1007400015A614D0011E72F1000106DA0023D0EBC9
:10075000030063EB020211A608E0D8F800108B0733
:1007600001D50FA602E0490701D50EA601251146C5
:10077000002408F1240704E000F060F930323A5513
:10078000641C50EA0102F7D12B463246214640460E
:10079000BDE8F04100F097B9000000002D00000016
:1007A0002B0000002000000030B4002100F12404E0
:1007B00008E002F00705D208303542EA4372DB0850
:1007C0006554491C52EA0305F3D10468002310A2C2
:1007D000250708D504F020040C4304D0C469012384
:1007E0000CA2641EC46130BC00F06DB910B50446A3
:1007F00021461068FFF7A7FE02462046BDE81040DC
:100800000023D1E7D21D22F00701D1E90023CBE775
:100810000000000030000000F0B40D46018809051A
:1008200002D5214C7C4402E01F4C7C440E34002154
:1008300000F1240608E002F00F071209E75D42EA22
:1008400003721B097754491C52EA0307F3D102785B
:100850000023120704D5702D06D009B102231134EC
:100860002246F0BC00F02FB901231034F8E770B530
:1008700004460D4621461068FFF765FE02462946EC
:100880002046BDE870400023C6E7D21D22F00703D2
:10089000D3E90023C0E70368126843F02003036034
:1008A0000823C3610023B7E764BD00002DE9F05FB2
:1008B000894604464FF0000ADFF874B1FB44C0F8E3
:1008C00020A02046E1688847002874D0252806D05B
:1008D000D4E901219047206A401C2062F1E70026FC
:1008E0005F462046E16888472028054607DB312D12
:1008F00005D2781910F8200C08B10643F1E7B007CB
:1009000001D526F00406C4F81CA00027C4F818A0DE
:100910002A2D09D028460BF059F938B304EB870883
:10092000303DC8F8185019E059F8041B204604EB74
:1009300087029161E1688847012F054618D1E06977
:10094000002820DA26F020061DE0D8F8180000EB79
:10095000800005EB40003038C8F818002046E168F8
:10096000884705460BF032F90028EED1012F0AD056
:100970002E2D08D12046E16888477F1C0546022FAE
:1009800046F02006C4DBA069002803DA404246F0A6
:100990000106A061F00701D026F010066C2D0BD0E7
:1009A000682D09D04C2D39D06A2D35D0742D35D015
:1009B0007A2D33D016E038E0E1682F46204688478C
:1009C000B842054609D16C2F26D04FF48060E1680B
:1009D000064320468847054604E06C2F1AD04FF4A2
:1009E000807006430DB3A5F14100192802D82035C7
:1009F00046F400664A462946204626604E46FFF7E2
:100A000025FC80B101280BD0F61D26F0070000F16F
:100A1000080956E74020E4E78020D8E70020D6E721
:100A200006F104094DE7284652E7206ABDE8F09F29
:100A3000F4BC0000004870471401002030B5B0F14C
:100A40000A0271F100034FEA900E4EEA817EB0EB8C
:100A50000E0061EB91014FEA101E4EEA017E10EB91
:100A60000E0041EB11114FEA102E4EEA016E10EB11
:100A70000E0041EB11214FEA104E4EEA014E10EBF1
:100A80000E0041EB1141401841F100014FEAD00046
:100A900040EA41704FEAD1014FEA810444EA907480
:100AA00010EB800544EB01046D1944EB0404521B68
:100AB000A3414FF0000348BF0A3200D530BD401CAF
:100AC00041F1000130BD2DE9F0470D4699469246AF
:100AD000044600F124080168880604D5E06921F085
:100AE0001001216000E00120A84201DD471B00E069
:100AF0000027A1697A1902EB0900081AA061207881
:100B0000C00602D42046FFF7EEFC002608E0D4E938
:100B100001211AF806009047206A401C761C2062CA
:100B20004E45F4DB2078C0060AD52046FFF7DBFCF3
:100B300006E0D4E9012130209047206A401C206261
:100B4000381EA7F10107F4DC07E0D4E9012118F809
:100B500005009047206A401C2062281EA5F101056F
:100B6000F3DC2046FFF7D5FC2078000602D50220F2
:100B7000BDE8F0870120FBE72DE9FF4F0C461E463C
:100B80004FF0FF378BB0D2E90001DDF860800A90AA
:100B90008A46C1F30A5505B93D46002108464FF083
:100BA0000000BAF1000F00F4400005DA00EB80000D
:100BB0004FF4400101EA50004FEA9059B9F1010F9A
:100BC00000DDB9460A9850EA4A000ED044F61050AB
:100BD000A5F2FF3545432F14B8F1000F1ED0754222
:100BE000291E1EDDC9F100021CE0B8F1010F4FF013
:100BF000000001D0302103E0F24305E02154401C05
:100C0000B042FBDB30460022002121540B99C1F891
:100C10000880C1E900200FB0BDE8F08FBD1B6D1C3E
:100C2000DEE74A4600DA694206A800F0D7FC06ABC8
:100C300093E8070003AB83E8070050460A990AF0DF
:100C400087F98DE80700A0F500501F380090039841
:100C5000002D0ADD42F21F014A460844002303A981
:100C6000039068460AF0F0FB09E0A0F500504A4600
:100C70001F38002303A9039068460AF0FAFB8DE8A9
:100C800007000004000C03D04FF0FF30410800E0E3
:100C90001046B8F1000F03D00022009215461EE066
:100CA000751E05D4FFF7CAFE303262556D1EF9D5A8
:100CB000B3460122084302D000227F1C04E02078C2
:100CC000302801D100227F1E002A099784D01DE020
:100CD000112D07DAFFF7B2FE303262556D1C50EA73
:100CE0000102F5D1084302D00098C8B10EE00021FE
:100CF000681E05E0235C625C63542254401E491C5C
:100D00008142F7DBAB46A81B401E0990002004F887
:100D10000B000B98099AC0F80880C0E9002B7AE70D
:100D200011264FF0000857E72DE9F04F884604469A
:100D3000D21D22F0070191B0D1E90001CDE90A01ED
:100D40000AF0CEFC02460B98C00F01D02D2007E020
:100D50002068810701D52B2002E0202101EAC00094
:100D6000032A099001D0072A05DB034641462046A5
:100D700000F0F4FB0BE12078800601D5E06900E08B
:100D80000620B8F1650F814606D0B8F1660F18D07D
:100D9000B8F1670F70D131E00020B9F1110F009068
:100DA00001DB112301E009F101030AAA01A90CA842
:100DB000FFF7E2FEDDE90C70002609F1010583462C
:100DC00047E001204B4600904FF000470AAA01A9D6
:100DD0000CA8FFF7D1FEDDE90DB00C995D460026A9
:100DE00010B909F101000D18B9EB050003D4C0F1E9
:100DF000FF3609F10105A5EB09002BE0B9F1010F60
:100E000001DA4FF001090020B9F1110F00904846B6
:100E100001DD112300E003460AAA01A90CA8FFF78F
:100E2000ABFEDDE90C704D460026834620780007B6
:100E30000AD4AB4500DA5D4601A8012D04DD411955
:100E400011F8011C302907D04F4502DA17F1040FC1
:100E500004DA012082460FE06D1EEEE7002F02DC6F
:100E6000ED1B3E4403E0781CA84200DD7D1CB81B4E
:100E700000F1010A4FF000472078000703D4AA458B
:100E800001DB4FF0FF3A0021B7F1004F0DF14308AD
:100E90008DF8431024D002202B23002F01DA7F424B
:100EA0002D230A21021EA0F1010000DC5FB197FB97
:100EB000F1FC97FBF1F201FB1C7C17460CF1300CA6
:100EC00008F801CDEEE7A8F10100037021880905BB
:100ED00001D5452100E06521A0F1010800F8011CC1
:100EE00009980FA9A1EB0807FF1D00B101204119C6
:100EF00001EBEA70A1693844081A401EA06120780D
:100F0000C00602D42046FFF7EEFA099828B1D4E9CA
:100F100001219047206A401C20622078C00622D51B
:100F20002046FFF7E0FA1EE0002E04DBB34502DDA9
:100F300001A8805D00E03020D4E901219047206ABB
:100F4000401C2062761CAAF101005FEA000A0AD167
:100F500000F0D8FAC0680168405CD4E901219047EC
:100F6000206A401C2062281EA5F10105DCDC07E098
:100F7000D4E9012118F8010B9047206A401C206237
:100F8000381EA7F10107F3DC2046FFF7C2FA032061
:100F900011B041E62DE9F04F04460D46D21D22F076
:100FA000070089B0D0E90097484639460AF098FB17
:100FB0000246F80F01D02D2307E02068810701D5F4
:100FC0002B2302E0202101EAC0038DF820300BB171
:100FD000012000E00020032A824601D0072A04DB1A
:100FE0002946204600F0BAFA3FE12078800601D475
:100FF0000D2500E0E569C7F30A560D2D49DA0021F9
:101000004FEA175B08464FF00000002F00F4400045
:1010100007DA00EB80004FF4400100EBD07001EAEA
:1010200060008115012901DD4FF0FF3100224FEAF8
:10103000850CBCF1180F06D31346ACF118004FF025
:101040008052C24003E04FF4801323FA0CF30CF1FA
:101050000C0CBCF1200F04D3ACF1200C09FA0CF0FD
:1010600001E007FA0CF000294FF0004801DD18B943
:101070000FE00ED140450CD319EB02095F4121B9B5
:10108000404502D19F4329EA0209BBEB175F00D01C
:10109000761C2088000502D57B48784402E07A4817
:1010A0007844193808AA302302F80A30037C0AF180
:1010B0000101002E0AF1020A53546A4602DC4FF085
:1010C000300101E04FF031014FF001088DF80010C0
:1010D00002D0A6F2FF3603E059EA470100D06B4E7A
:1010E000002D02DC2178090704D54FF002082E21DB
:1010F0008DF80110C44600210BE0C7F303433F0104
:10110000C35C491C6D1E02F80830052908F101086E
:1011100001DA002DF1DC00210CE000EB1973491C11
:101120001B786D1E082902F808304FEA091908F1EA
:10113000010801DA002DF0DC21688B0602D516E0EB
:10114000A8F10108E04505DD02EB080313F8013CB6
:10115000302BF5D0B8F1000F09DD02EB080313F8CE
:10116000013C2E2B03D1090701D4A8F10108002D61
:1011700005DD3E2102F808106D1E08F10108407CD3
:10118000002E02F8080008F1010804DA2D2076424A
:1011900002F8080002E02B2002F808000A214FF4B0
:1011A0007A70864208F101080BDB96FBF0F33033CE
:1011B00002F8083096FBF0F308F1010800FB136613
:1011C00001E0642E0CDB642096FBF0F3303302F870
:1011D000083096FBF0F308F1010800FB136601E00C
:1011E0000A2E06DB96FBF1F0303002F8080008F119
:1011F000010896FBF1F001FB1060303002F80800A6
:10120000A16908F1010808EB050202EB0A00081ABF
:10121000A0612078C00602D42046FFF764F9216A55
:1012200008AE01EB0A00206204E0D4E9012116F8BF
:10123000010B9047BAF1010AF7D22078C00602D517
:101240002046FFF750F96E4609E016F8010B3E28DC
:101250000FD0D4E901219047206A401C2062B8F1E8
:101260000108F2D22046FFF754F909B00320BDE887
:10127000F08F206A2844206203E0D4E90121302065
:1012800090476D1EEBD3F8E75DB5000002FCFFFF51
:1012900001694A1C02610878704700B58FB0CDE93A
:1012A00001310021059105497944CDE9031011462A
:1012B0006846FFF7FBFA0FB000BD0000E5FFFFFF37
:1012C00010B5436913B1AFF3008001E0FFF744F9B3
:1012D000012010BD127800F124010A7000224A702A
:1012E0000122EDE711684FF0FF32E9E710B54369DD
:1012F00013B1AFF3008001E0FFF7BAF9012010BD90
:10130000128800F1240182840022C2840122EDE7C8
:1013100011684FF0FF32E9E7007B00F08000704772
:1013200010B542485421FFF7A9F841485421FFF76E
:10133000A5F840485421FFF7A1F83F493B483C4AF3
:101340003F4B08603D490A603A491960531C0365E8
:10135000481C1065012008653B48344A39A178448F
:1013600000F0D2F920B9384878440A3800F073FA0E
:1013700037482F4A35A1784400F0C6F920B93448DF
:1013800078440A3800F067FA32482A4A2FA1784494
:1013900000F0BAF920B92F4878440A3800F05BFA17
:1013A00040232248DC000021224600F089F920B1C8
:1013B00025487844543800F04EFA1D482246402310
:1013C000002100F07DF920B121487844543800F024
:1013D00042FA184822461023002100F071F9002833
:1013E00006D01C487844BDE81040563800F033BAA7
:1013F00010BD104870B5006D20F001040B4800F0DE
:10140000FBF90B4800F0F8F90A4800F0F5F909E09B
:10141000206D20F00105204600F0EEF9204600F096
:1014200075F82C46002CF3D170BD00001800002088
:101430006C000020C00000200000002004000020FC
:101440000800002072000000ACB20000770000002D
:1014500098B2000084B200002DE9F04116460C4617
:10146000054600F047F8036893F80101012807D00A
:10147000FF2C12D8185D80B101202C70BDE8F081DE
:10148000D3F807013246214603F20713C71828464E
:10149000BC46BDE8F041002360474FF0FF30EDE768
:1014A00000487047140100207546FFF7F9FFAE466B
:1014B00005006946534620F00700854618B020B560
:1014C000FEF746FFBDE820404FF000064FF0000752
:1014D0004FF000084FF0000BAC46ACE8C009ACE898
:1014E000C009ACE8C009ACE8C00921F007018D468D
:1014F0007047000010B500F005F8001D10BD00BFDA
:1015000009A70000004870473401002070B5044668
:10151000051F00F0DBF90068002C14BF446870BDA3
:10152000002C18BFAC423CBF20466468F8D3016869
:101530000A18AA4218BF456003D12A68054611441B
:10154000016028684119A1421CBF6C6070BD6168D0
:10155000696021680844286070BD00002DE9F041F1
:101560001F46044603260168072A01F4006004DBD5
:1015700008B116A505E016A503E008B115A500E021
:1015800015A521F010002060A069C01EA0610FB158
:10159000401EA0612046FEF7A6FF4FB1D4E901210D
:1015A00038469047206A401C2062C01C206206E03A
:1015B000206AFAE7D4E9012115F8010B9047761E5D
:1015C000F8D22046FEF7A5FFBDE8F0814E414E005F
:1015D0006E616E00494E4600696E66002DE9F04767
:1015E000814616468AB0354878440DC88DE80D000E
:1015F00032487844801C03AC0DC884E80D0041F6E5
:101600009B300844372190FBF1F290FBF1F5A5F1F6
:10161000800501FB12041B3C02D56442012000E05E
:101620000020DFF898A080460027FA44AAF1BE0AFD
:101630000EE0E0070AD03246684607EB4701012377
:101640000AEB810109F015FF8DE8070064107F1C8B
:10165000002CEED1194F7F44AE3F19E0E80715D0BA
:1016600007EB04100DF1180A90E80E008AE80E004E
:10167000C068F04201D1981908903246012306A9AA
:1016800003A809F0F6FE03AB83E807006D10641CA5
:10169000002DE3D14FF0010332466946B8F1000F47
:1016A00003A802D009F0D0FE01E009F0E2FEC9E98A
:1016B0000001C9F808200AB0BDE8F087ACB000000E
:1016C00070B5C468A50713D0650211D4B2F5807F48
:1016D00009D0B2F5007F06D0B2F5806F08D10123A2
:1016E00000F1240106E05D1E6FF07F46B54201D394
:1016F000012070BD0161C361416024F47061114338
:10170000C160002070BD00002DE9F0410C46164676
:10171000070047D0104600F06FF82078611C612860
:101720000AD0722802D077283CD102E0012500249B
:1017300005E00225042402E0082448F2020511F81D
:10174000010B2B2806D0622809D011F8010C74284F
:101750000AD00BE045F0030544F00204EFE745F042
:10176000040544F00104EAE744F010043846214639
:1017700000F078F8411C15D00021316171604FF400
:101780000071F560F1617061200704D530460222D6
:10179000002100F015F9306D40F001003065304651
:1017A000BDE8F0810020FBE72DE9F0410D4606463B
:1017B000104C206DC10704D0410804D020F0010472
:1017C000F7E722460EE0542000F0CBF807000ED0D9
:1017D000206D47F001010843542120653846FEF78B
:1017E0004DFE3A4629463046BDE8F0418CE70020E0
:1017F000D6E70000180000202DE9F04704464FF01E
:1018000000094FF0FF37C568D4E90486A80707D060
:10181000204600F085F9304600F02EF8002802DA64
:101820003846BDE8F087280502D54046FFF76EFE32
:101830004C212046FEF722FE206D20F0010020659D
:101840004846EEE710B50446AFF300802046BDE8F9
:101850001040FEF768BD10B500F0ACF9BDE81040CF
:1018600000F0A2B90EB5CDE9000100F064FA0290D3
:1018700069460120ABBE0EBD08B569460090022046
:10188000ABBE08BD1FB58DE8070069460520ABBE9D
:1018900004B010BD1FB58DE80F0069460620ABBE31
:1018A000F6E708B5694600900920ABBE08BD1CB537
:1018B000CDE9000169460A20ABBE1CBD704708B5E2
:1018C000694600900C20ABBE08BD00000048704780
:1018D0001C010020704770477047704738B50446B8
:1018E0000A4600206946AFF30080002808BF38BDD3
:1018F00002460099204600F0C3F9012038BD0120BE
:1019000000F012BAF8B5AFF30080054600200C468F
:10191000102000BF0646A819A0420DD932466946DC
:101920000020AFF30080070008BF00F0FDF9009829
:10193000A04218BF0546C419FFF7C8FF0560074657
:10194000F01D20F007004619284600F092F9B44235
:1019500008BFF8BDA21B31463868BDE8F84000F06A
:101960008FB970B50646FFF7B1FF056806F10B00A9
:1019700020F00704B4429CBF002070BD2B466A686B
:10198000BAB11068A04210D304F1080188423CBFEC
:101990005068586007D35168101941601168091BDD
:1019A000016058601460101D70BD13465268002A13
:1019B000E7D121462846FFF791FF0028DED170BD10
:1019C0002DE9F041044616460D464769007B800725
:1019D0002ED03846FFF765FF50BB3EB3012E02D034
:1019E000022E25D104E0204600F064F905441DE0F4
:1019F0003846FFF764FFE168002841F01001E1601C
:101A000005DA204600F058F80120BDE8F081C9034E
:101A10000BD56268E16A914200D81146A26911446F
:101A20002269891A814200DD08460544002D01DA49
:101A30000220EAE7E16A6068E268814206D2910327
:101A4000E06203D522F4003141F01002A6690027BC
:101A5000AE4213DCE16A814201D90B4600E0034645
:101A600003EB060C2369ACEB030CAC4506DD8142AD
:101A700001D98C4600E084469C4505D1A7602760CB
:101A800042F02000A5620DE0AD1BE669AE1B81426D
:101A9000A66000D90846C01A281A2060581960604C
:101AA00022F0200003490840E060002084F84870DC
:101AB000ABE70000BFCFD7FFC16821F4001141F0B0
:101AC0008001C16000218160016070472DE9F0470D
:101AD000814614460E464FF0FF383248D5685769A4
:101AE000054209D03846A169FFF7E1FE002811DB65
:101AF0002C48C0430540E5602B46324649463846EF
:101B0000FFF7C0FEA16920F00042B21A114400287C
:101B1000A16103D02046FFF7CFFF4046BDE8F08724
:101B200070B504460569C06A6168884200D80846F5
:101B3000E16821F42011E160C90312D5A84208D060
:101B40002246411B2846FFF7C1FF10B14FF0FF307E
:101B500070BD0020E562C4E90150E06820F48030E7
:101B6000E060002070BD10B50446C06820F0200081
:101B7000E060A16AA06988420DD02046FFF7D0FF3F
:101B8000E06820F4405040F01000E060A06AA061DE
:101B90002069E062606044F24001E0688843E060F0
:101BA00010BD000010000200002801D000F05AB85B
:101BB0007047000010B5014602A000F09CF801201B
:101BC00010BD000053494752545245443A205265D3
:101BD0006469726563743A2063616E2774206F7064
:101BE000656E3A200000000030B44FF0013C50F820
:101BF000042B51F8043BCCFA52F4D51A20D1FCB98D
:101C000050F8042B51F8043BCCFA52F4D51A17D1F2
:101C1000B4B950F8042B51F8043BCCFA52F4D51A5D
:101C20000ED16CB950F8042B51F8043BCCFA52F4A5
:101C3000D51A05D1002CDAD030BC4FF00000704727
:101C400029BAB1FA81F111F01801D1F120008440D4
:101C5000F2D1CA40CB4012F0FF0213F0FF0330BCB8
:101C6000D01A704701491820ABBEFEE726000200DB
:101C7000704700210160C0E90110704710207047D3
:101C8000034640688C46002818BF88423CBF034684
:101C90004068F8D318681844884207D00CF1030054
:101CA00020F00700001D411A521A0146081D0A6063
:101CB000FFF72CBC10B50146C268900703D0900610
:101CC00007D5886A0AE0FEF7B5FE01210160881E8B
:101CD00010BD8B69486818440B69C01A91F84830E8
:101CE0001BB191F84910401A10BD1103FCD5002812
:101CF000FADD401E10BD70B505460C460A2000E016
:101D00006D1C00F037F835B128780028F8D102E0D2
:101D1000641C00F02FF814B120780028F8D1BDE839
:101D200070400A2000F026B810B500F02BF8BDE88E
:101D30001040FFF739BF10B5431C02E010F8011B3B
:101D400071B18107FAD14FF0013202C88C1A8C436D
:101D500014EAC211F9D0C01A0A0603D0C01E10BD81
:101D6000C01A10BD0A0401D0801E10BD0902FCD0AB
:101D7000401E10BD08B569468DF800000320ABBEBB
:101D800008BD000010B5012805D0002103A0FFF711
:101D9000B2FF012010BD09A1F8E7000053494752E6
:101DA000544D454D3A204F7574206F66206865612B
:101DB00070206D656D6F7279000000003A204865F3
:101DC0006170206D656D6F727920636F72727570CE
:101DD0007465640080B540F2C810C2F2000001F0E2
:101DE000DFFA80BD80B584B0029000200090029898
:101DF000006805F0F7FE002874D1FFE7029800683C
:101E000080683F21C8F2000108420ED0FFE7029926
:101E1000C86D40F01000C8650299086E40F00100DE
:101E2000086601208DF80F0060E00298006805F058
:101E300049FE40F20030C5F2000005F061FE0002EC
:101E400000281CD5FFE740F20C00C2F20000006839
:101E5000800942F66351C0F23E51A0FB0110800997
:101E600000EB40010C2000EB81000090FFE70098A0
:101E700020B1FFE7009801380090F8E7FFE702F093
:101E800035FE0190FFE7029800680068C00740BB7C
:101E9000FFE70298006805F0A5FE28B9FFE7029861
:101EA000006805F00FFEFFE702F020FE0199401ADE
:101EB000032815D3FFE7029800680068C00770B9CF
:101EC000FFE70299C86D40F01000C8650299086EDE
:101ED00040F00100086601208DF80F0006E0FFE7E2
:101EE000D1E7FFE700208DF80F00FFE79DF80F0016
:101EF00004B080BDFFE7FEE780B540F23420C2F2B7
:101F0000000001F03DFF80BD80B540F29420C2F298
:101F1000000001F035FF80BD84B003900398006895
:101F200040F20741C4F20201884206D8FFE740F6BA
:101F30000000C4F20200009005E040F62000C4F268
:101F400002000090FFE7009802900398007808389C
:101F50004CF6CD41CCF6CC41A0FB0110000901901C
:101F6000029803994A6C22F0030210448864039992
:101F700040F68000C4F20200C864019800F01F011E
:101F8000012088400399086504B0704782B0019031
:101F9000019800790090009940F6FC00C4F202001C
:101FA00000EB810001994865019940F64010C4F2A8
:101FB000020088650098013800F01F010120884068
:101FC0000199C86502B070477047000080B584B0C1
:101FD000039002A805F046FF02980399C860039990
:101FE00008798A685043D1ED000A91ED030A08F0A0
:101FF00061FD039880ED060A039890ED030A90EDC9
:10200000041A30EE410A80ED050A039890ED050AA6
:102010009FED231AB4EE410AF1EE10FA0ADDFFE754
:10202000039890ED050A9FED211A30EE010A80ED2C
:10203000050A15E0039890ED050A9FED1A1AB4EE13
:10204000410AF1EE10FA0ADAFFE7039890ED050A6B
:102050009FED151A30EE010A80ED050AFFE7FFE754
:10206000039890ED050A9FED121A20EE010A8DEDFE
:10207000010A0399C86808619DED010A9FED0D1AD8
:1020800020EE010A039890ED071A9FED0B2A21EE2E
:10209000021A30EE010A80ED070A04B080BD00BFCD
:1020A000DB0F4940DB0F49C0DB0FC940DB0FC9C064
:1020B00000401C46CDCCCC3E9A99193F80B584B0E7
:1020C00003908DF80B1001928DED000A05F0F4FEDF
:1020D0009DF80B0003990871019803998860009896
:1020E0000399086004B080BD81B0EFF3108072B630
:1020F0000090FFE7FEE7000080B540F2F420C2F256
:10210000000001F0C5FF80BD83B002904AF200409C
:10211000C4F20000009000980299086402980068D8
:10212000D0F8800020F4F810029A1168526B40EA4F
:102130000240C1F88000009870300299486402980B
:102140000068D0F8800020F07060029A1168926BED
:1021500040EA0260C1F880000098B03002998864BB
:10216000009800F5C4700299C864009800F51870D2
:1021700002990865009800F51E700299486500985C
:102180000190FFE70198009901F55471884208D247
:10219000FFE7019900200860FFE7019804300190F3
:1021A000F0E703B07047000081B0009001B07047C5
:1021B00080B5C2B02290219100208DF883001B9041
:1021C0001A902298406908B1FFE7FFE72198C0689C
:1021D0000021C4F27F01884201D0FFE700E0FFE761
:1021E000FFE7229890F85800012805D1FFE7022068
:1021F0008DF88F0000F0B7BC2299012081F85800BB
:10220000FFE7FFE72298406928B1FFE72198006ABD
:1022100001282FD1FFE721984068092829D1FFE73D
:102220002198806A68B1FFE721990A68886AC96ABB
:1022300002F0F84200F07C0040EA524008431A9055
:1022400006E02198006800F0F840400C1A90FFE783
:1022500022980068C06C44F20001C0F210410840AE
:102260001A99084322990968C8641A9822994866FD
:10227000FFE747E02298806EE0B9FFE72198006A07
:10228000229988662299002048662198806A58B170
:10229000FFE72199086A8A6AC96A013802F07C025C
:1022A000104308431A9004E02198006A01381A90FC
:1022B000FFE7FFE7219908684968C0F3846001F0EF
:1022C0001F0100FA01F11A9808431A902299886EAA
:1022D000013888661A9A2299486E104348662298F7
:1022E000806E70B9FFE722980068C06C44F200016C
:1022F000C0F210410840229A1168526E1043C8641F
:10230000FFE7FFE72298006805F042FC30BBFFE7DB
:10231000219890F8250090B9FFE722980068C068DE
:1023200020F44010219991F8242091F826104905B5
:1023300041EA0251084322990968C8600DE02298D9
:102340000068C06820F44010219991F8261040EAF6
:10235000415022990968C860FFE7FFE722980068AA
:1023600005F060FC1D902298006805F011FC1C909F
:102370001D98002840F00982FFE71C98002840F0D3
:102380000482FFE72198806A20B1FFE72198C06AA4
:10239000A8B9FFE7219890F82500012807D1FFE7A9
:1023A00022980168C86840F00070C86006E0229872
:1023B0000168C86820F00070C860FFE716E0219847
:1023C00090F82500012809D1FFE72299C86D40F057
:1023D0002000C86501208DF8830006E0229801687E
:1023E000C86820F00070C860FFE7FFE7219890F808
:1023F0003000012810D1FFE722980068006920F41E
:10240000FF71219A506B926B1043084340F0020019
:1024100022990968086106E022980168086920F09D
:1024200002000861FFE721988068B0F1004F0ED1EB
:10243000FFE72298006821990968002205F006FC50
:10244000229800684FF0004105F0ACFC0CE02298A7
:102450000068219A1168926805F0F8FB22980068DC
:10246000002105F09FFCFFE7219840692299096847
:10247000C96801F01801890888401F9021980069F7
:1024800004281CD0FFE72298006821990A6809698E
:102490001F9B05F02DFC22980068219A1169926912
:1024A00005F058FC22980068219A1169127F013AC0
:1024B000B2FA82F25209520605F038FC64E1229821
:1024C0000068002105F044FB400348B9FFE722986B
:1024D0000068002105F03CFBC0F38460199018E00F
:1024E00022980068002105F033FB90FAA0F02490B8
:1024F000249820B9FFE720208DF8970005E0249864
:10250000B0FA80F08DF89700FFE79DF897001990DA
:10251000FFE71998189021980068400330B9FFE749
:1025200021980068C0F38460179015E02198006836
:1025300090FAA0F02690269820B9FFE720208DF889
:102540009F0005E02698B0FA80F08DF89F00FFE725
:102550009DF89F001790FFE718981799884207D1B8
:10256000FFE7229800680022114605F007FCFFE70C
:1025700022980068012105F0EBFA400348B9FFE713
:1025800022980068012105F0E3FAC0F384601690F8
:1025900018E022980068012105F0DAFA90FAA0F01C
:1025A0002890289820B9FFE720208DF8A70005E0A3
:1025B0002898B0FA80F08DF8A700FFE79DF8A700F3
:1025C0001690FFE71698159021980068400330B9DF
:1025D000FFE721980068C0F38460149015E021980B
:1025E000006890FAA0F02A902A9820B9FFE72020EE
:1025F0008DF8AF0005E02A98B0FA80F08DF8AF00B2
:10260000FFE79DF8AF001490FFE7159814998842F2
:1026100007D1FFE7229800680121002205F0AEFBF8
:10262000FFE722980068022105F092FA400348B9BA
:10263000FFE722980068022105F08AFAC0F384605F
:10264000139018E022980068022105F081FA90FAB0
:10265000A0F02C902C9820B9FFE720208DF8B7002F
:1026600005E02C98B0FA80F08DF8B700FFE79DF8F0
:10267000B7001390FFE71398129021980068400369
:1026800030B9FFE721980068C0F38460119015E02D
:102690002198006890FAA0F02E902E9820B9FFE7BC
:1026A00020208DF8BF0005E02E98B0FA80F08DF85C
:1026B000BF00FFE79DF8BF001190FFE71298119946
:1026C000884207D1FFE7229800680221002205F026
:1026D00055FBFFE722980068032105F039FA400313
:1026E00048B9FFE722980068032105F031FAC0F3EA
:1026F0008460109018E022980068032105F028FA01
:1027000090FAA0F03E903E9820B9FFE720208DF887
:10271000FF0005E03E98B0FA80F08DF8FF00FFE77B
:102720009DF8FF001090FFE710980F902198006827
:10273000400330B9FFE721980068C0F384600E9031
:1027400015E02198006890FAA0F04090409820B9D8
:10275000FFE720208DF8070105E04098B0FA80F0EF
:102760008DF80701FFE79DF807010E90FFE70F982E
:102770000E99884207D1FFE72298006803210022C2
:1027800005F0FCFAFFE7FFE7FFE72298006805F095
:1027900031FA002840F04481FFE722980068219A2E
:1027A0001168D26805F06EFA2198C0680021C4F261
:1027B0007F01884240F03381FFE7229800680D9046
:1027C00021980068400330B9FFE721980068C0F302
:1027D00084600C9015E02198006890FAA0F03C907D
:1027E0003C9820B9FFE720208DF8F70005E03C98E1
:1027F000B0FA80F08DF8F700FFE79DF8F7000C9035
:10280000FFE70C98013000F01F0009287DD8FFE792
:1028100021980068400330B9FFE721980068C0F3B1
:1028200084600B9015E02198006890FAA0F03A902F
:102830003A9820B9FFE720208DF8EF0005E03A989C
:10284000B0FA80F08DF8EF00FFE79DF8EF000B90F5
:10285000FFE70B98013000F01F0080060A902198D6
:102860000068400330B9FFE721980068C0F3846036
:10287000099015E02198006890FAA0F038903898F7
:1028800020B9FFE720208DF8E70005E03898B0FA7E
:1028900080F08DF8E700FFE79DF8E7000990FFE77B
:1028A0000A980999013101F01F0201219140084362
:1028B000089021980068400330B9FFE7219800682C
:1028C000C0F38460079015E02198006890FAA0F0AA
:1028D0003690369820B9FFE720208DF8DF0005E01C
:1028E0003698B0FA80F08DF8DF00FFE79DF8DF0042
:1028F0000790FFE708980799013101F01F0101EBEC
:10290000410140EA0150069082E0219800684003AE
:1029100030B9FFE721980068C0F38460059015E0A6
:102920002198006890FAA0F03490349820B9FFE71D
:1029300020208DF8D70005E03498B0FA80F08DF8AB
:10294000D700FFE79DF8D7000590FFE70598013015
:1029500000F01F008006049021980068400330B901
:10296000FFE721980068C0F38460039015E0219888
:10297000006890FAA0F03290329820B9FFE720204A
:102980008DF8CF0005E03298B0FA80F08DF8CF00D6
:10299000FFE79DF8CF000390FFE70498039901310A
:1029A00001F01F0201219140084302902198006824
:1029B000400330B9FFE721980068C0F384600190BC
:1029C00015E02198006890FAA0F03090309820B976
:1029D000FFE720208DF8C70005E03098B0FA80F0BE
:1029E0008DF8C700FFE79DF8C7000190FFE7029947
:1029F0000198013000F01F0000EB40020020CFF6EC
:102A0000206000EB0250084340F000700690FFE7A2
:102A10000D980699219A926805F018F9FFE7FFE7EB
:102A20002198408848F20801084200F09180FFE7B1
:102A300040F20030C5F2000005F06AF81E902198BF
:102A400000680021CCF22131884208D0FFE72198AC
:102A500000681021C9F2C001884232D1FFE79DF819
:102A60007A00000600282CD4FFE722980068B0F115
:102A7000A04F25D1FFE71E9840F4000140F200303E
:102A8000C5F2000005F026F940F20C00C2F2000089
:102A90000068800942F66351C0F23E51A0FB01106C
:102AA000800900EB4001182000EB81001B90FFE73C
:102AB0001B9820B1FFE71B9801381B90F8E7FFE750
:102AC00045E0219800680021CCF25271884219D16A
:102AD000FFE79DF87B00C007A0B9FFE722980068D8
:102AE00040F20011C5F2000188420AD0FFE71E98AB
:102AF00040F0807140F20030C5F2000005F0EAF8C5
:102B0000FFE723E0219800680021CCF68431884259
:102B10001AD1FFE79DF87A004006002814D4FFE799
:102B20002298006840F20011C5F2000188420AD0E4
:102B3000FFE71E9840F4800140F20030C5F200002B
:102B400005F0C8F8FFE700E0FFE7FFE7FFE7FFE772
:102B5000FFE72299002081F85800FFE79DF88300E5
:102B60008DF88F00FFE79DF88F0042B080BD000018
:102B700080B58EB00D904FF090401021002201F0F2
:102B80009FFF0D980068B0F1A04F40F01A81FFE759
:102B900040F27260C2F20000007800287AD1FFE7AC
:102BA00040F27410C2F20000016801310160006857
:102BB00018B3FFE740F2C810C2F200000168D1F874
:102BC000803040F28012C2F2000211681944116094
:102BD0000168D1F8843040F28C12C2F20002116810
:102BE000194411600068D0F8882040F29811C2F2B0
:102BF0000001086810440860FFE740F27410C2F258
:102C000000000068B0F57A7F43D1FFE740F28013FF
:102C1000C2F2000393ED000AB8EE400A9FEDF41AE9
:102C200080EE010A40F27C10C2F2000080ED000A42
:102C300040F28C12C2F2000292ED000AB8EE400A95
:102C400080EE010A40F28810C2F2000080ED000A16
:102C500040F29811C2F2000191ED000AB8EE400A6C
:102C600080EE010A40F29410C2F2000080ED000AEA
:102C700040F2726CC2F2000C01208CF800000020BF
:102C800018601060086040F27411C2F20001086020
:102C9000FFE795E040F2C811C2F200010868D0F8E1
:102CA000802040F27810C2F20000026090ED000A2D
:102CB000B8EE400A40F27C10C2F2000090ED001A1B
:102CC00030EE410A9FEDCB3A80EE030A9FEDCA2A0F
:102CD00020EE020AB3EE041A20EE010A40F2185068
:102CE000C2F2000080ED000A0A68D2F8843040F297
:102CF0008412C2F20002136092ED000AB8EE400A9C
:102D000040F28812C2F2000292ED004A30EE440A0C
:102D100080EE030A20EE020A20EE010A80ED010A8D
:102D20000968D1F8882040F29011C2F200010A60CF
:102D300091ED000AB8EE400A40F29411C2F200018F
:102D400091ED004A30EE440A80EE030A20EE020ABA
:102D500020EE010A80ED020A90ED000A20EE000A42
:102D60009FEDA61AB4EE410AF1EE10FA20DCFFE75F
:102D700040F21850C2F2000090ED010A20EE000A65
:102D80009FED9E1AB4EE410AF1EE10FA10DCFFE757
:102D900040F21850C2F2000090ED020A20EE000A44
:102DA0009FED961AB4EE410AF1EE10FA07DDFFE747
:102DB00040F27061C2F2000100200870FFE7FFE7F7
:102DC000FFE740F2A810C2F200000990FFF7FEF8FA
:102DD00040F22450C2F200000290016840F22C50F0
:102DE000C2F20000C1600121009104F0E9FF0099E6
:102DF0000298426840F24450C2F20000C26004F0FF
:102E0000DFFF40F27460C2F200000B9040F280617C
:102E1000C2F20001019107F0ADFB029940F2185097
:102E2000C2F20000039007F0A5FB019A0299099BEA
:102E300093ED021A93ED070AB1EE0C2A20EE020A76
:102E4000B8EEC11A20EE010A40F2BC50C2F20000F6
:102E500080ED0C0A9B69C362136843625268826208
:102E60000A68C2614968016205F0EAFC099940F20A
:102E70006C60C2F20000026840F24060C2F20000E2
:102E800005900261C969C16040F27061C2F200013F
:102E90000C9109789FED5A0A8DED070A05F0AAFBFF
:102EA0000398099991ED060A40F25C51C2F20001C3
:102EB000069107F0B1FB069A9DED070A0C9940F2C6
:102EC0006450C2F200000490002303611268C260E3
:102ED000097805F08FFB049B0598069A9DED070A7B
:102EE0000C991B6A40F2886CC2F2000CCDF828C025
:102EF000CCF80030036A40F29050C2F20000089013
:102F000003615268C260097805F074FB089B099A56
:102F10000A980B991B6A436092ED060A07F000FCC1
:102F20000B9840F29C11C2F20001B2EE080A07F0C1
:102F30006BFC0C980078012839D1FFE740F29C1116
:102F4000C2F2000191ED000A42F62C40C4F20100E9
:102F500090ED001AB8EE411A20EE010ABCEEC00A4C
:102F600042F63442C4F2010282ED000A91ED010AF8
:102F700090ED001AB8EE411A20EE010ABCEEC00A2C
:102F800042F63842C4F2010282ED000A91ED020AD3
:102F900090ED001AB8EE411A20EE010ABCEEC00A0C
:102FA00042F63C40C4F2010080ED000A17E042F610
:102FB0002C41C4F20101086842F63442C4F2010215
:102FC000002010600A6842F63842C4F20102106024
:102FD000096842F63C41C4F201010860FFE74FF086
:102FE00090401021012201F06BFD0EB080BD00BFAA
:102FF00000007A4400008045333353400000C8434A
:1030000017B7D13881B0009001B0704780B588B053
:10301000069040F20030C5F2000004F091FD0390EC
:103020000698006804F0B4FD20B1FFE702208DF897
:103030001F00E5E006980068C06800F000400490BA
:1030400006980068C06C10F4C07F0CD1FFE70498AC
:1030500048B9FFE70699C86D40F02000C865012017
:103060008DF81F00CCE0FFE7069890F85800012883
:1030700004D1FFE702208DF81F00C1E0069901206E
:1030800081F85800FFE7FFE70698FEF7ABFE8DF8E2
:1030900017009DF81700002840F0A680FFE706986B
:1030A000C06DC005002806D5FFE70699086E20F020
:1030B0000800086603E0069900200866FFE7069806
:1030C000C06D40F4805042F2010188430699C86502
:1030D0000698006840F20011C5F20001884204D150
:1030E000FFE74FF0A040029003E0069800680290CE
:1030F000FFE7029806990968884203D0FFE7039822
:1031000030B9FFE70699C86D20F48010C865FFE765
:103110000698016860200860FFE70699002081F8A2
:103120005800FFE706980068C0688002002807D5AD
:10313000FFE706980168486840F480604860FFE750
:103140000698806908280DD1FFE70698016848684D
:1031500020F02000486006980168486840F0400070
:1031600048600CE006980168486820F0400048601C
:1031700006980168486840F020004860FFE706981C
:10318000006840F20011C5F20001884204D1FFE757
:103190004FF0A040019003E0069800680190FFE71F
:1031A00001980699096888420BD0FFE7039840B15F
:1031B000FFE70398062804D0FFE7039807280CD1FF
:1031C000FFE70698006804F0D3FC28B9FFE70698EB
:1031D000006804F0F1FCFFE705E00699C86D40F4D3
:1031E0008010C865FFE706E0FFE70699002081F838
:1031F0005800FFE7FFE79DF817008DF81F00FFE775
:103200009DF81F0008B080BD81B0009001B07047EC
:1032100081B0009001B0704780B5A4B02290219198
:1032200000208DF883002198006808B1FFE7FFE7D0
:10323000FFE7229890F85800012804D1FFE7022008
:103240008DF88F009FE02299012081F85800FFE758
:10325000FFE700201B901C9022980068B0F1A04F5F
:1032600006D1FFE740F20010C5F20000049002E032
:1032700000200490FFE7049878B9FFE72299C86D11
:1032800040F02000C865FFE72299002081F858002F
:10329000FFE701208DF88F0075E0049804F0C2FC70
:1032A00003902298006804F0BDFC002857D1FFE786
:1032B0000398002853D1FFE740F20030C5F2000028
:1032C0001F902198006860B3FFE71F98806820F482
:1032D000604021994968229A92F8382041EA4231A7
:1032E00008431F9988604FF0A04004F083FC0290CF
:1032F00040F20010C5F2000004F07CFC0146029888
:10330000084368B9FFE71F98806840F61F7188433B
:10331000219A11689268114308431F998860FFE75A
:103320001CE01F99886820F4604088604FF0A0403E
:1033300004F060FC019040F20010C5F2000004F0BF
:1033400059FC01460198084338B9FFE71F9988687E
:1033500040F61F7290438860FFE7FFE708E022997C
:10336000C86D40F02000C86501208DF88300FFE79C
:10337000FFE72299002081F85800FFE79DF88300BD
:103380008DF88F00FFE79DF88F0024B080BD00000E
:1033900081B0009001B0704781B0009001B07047DB
:1033A00080B58EB00D9000200C900D9800680068DC
:1033B0000B900D98006840680A9040F20030C5F20A
:1033C000000004F0B5FB05909DF82C008007002854
:1033D0001AD5FFE79DF828008007002814D5FFE7DD
:1033E0000D98C06DC006002806D4FFE70D99C86D82
:1033F00040F40060C865FFE70D98FEF7D5FE0D9814
:10340000016802200860FFE79DF82C0040070028B3
:1034100006D5FFE70A9800F0040004280ED0FFE765
:103420009DF82C000007002840F19B80FFE79DF8E5
:1034300028000007002840F19480FFE70D98C06D38
:10344000C006002806D4FFE70D99C86D40F400704F
:10345000C865FFE70D98006804F0ECFB002878D001
:10346000FFE70D98006840F20011C5F200018842A4
:1034700004D1FFE74FF0A040049003E00D980068EE
:103480000490FFE704980D99096888420BD0FFE784
:10349000059840B1FFE70598052804D0FFE7059897
:1034A000092805D1FFE70D980068C068079016E06D
:1034B0000D98006840F20011C5F20001884204D165
:1034C000FFE74FF0A040039003E00D9800680390E1
:1034D000FFE7039806900698C0680790FFE70798F3
:1034E00000F40050B0F5005F32D0FFE70D9800689F
:1034F0000068000700282AD5FFE70D98006804F04F
:1035000089FBC0B9FFE70D980168486820F00C00FE
:1035100048600D99C86D20F48070C8650D98C06D25
:10352000C004002806D4FFE70D99C86D40F00100E3
:10353000C865FFE70AE00D99C86D40F01000C86546
:103540000D99086E40F001000866FFE7FFE7FFE70E
:10355000FFE70D98FFF71CFF0D9801680C2008602D
:10356000FFE79DF82C008006002806D5FFE70A98A3
:1035700000F0200020280ED0FFE79DF82C00400628
:10358000002840F1B280FFE79DF82800400600289F
:1035900040F1AB80FFE70D98C06DC006002806D44F
:1035A000FFE70D99C86D40F40050C865FFE70D981E
:1035B000006804F0F5FA09900D98006804F03AFBF1
:1035C00008900D98006840F20011C5F20001884291
:1035D00004D1FFE74FF0A040029003E00D9800688F
:1035E0000290FFE702980D99096888420BD0FFE727
:1035F000059840B1FFE70598062804D0FFE7059835
:10360000072805D1FFE70D980068C068079016E00D
:103610000D98006840F20011C5F20001884204D103
:10362000FFE74FF0A040019003E00D980068019083
:10363000FFE7019806900698C0680790FFE7099891
:1036400000284AD0FFE79DF81F00800700280AD510
:10365000FFE7089800283FD0FFE79DF81D0080068F
:10366000002839D4FFE70D9800680068400600285C
:1036700031D5FFE79DF81E00800600282AD4FFE719
:103680000D98006804F07CFAC0B9FFE70D98016856
:10369000486820F0600048600D99C86D20F48050A3
:1036A000C8650D98C06DC005002806D4FFE70D99C8
:1036B000C86D40F00100C865FFE70AE00D99C86DCC
:1036C00040F01000C8650D99086E40F001000866D2
:1036D000FFE7FFE7FFE7FFE7FFE70D98FFF748FA8F
:1036E0000D98016860200860FFE79DF82C00000637
:1036F000002813D5FFE79DF82800000600280DD507
:10370000FFE70D99C86D40F48030C8650D9800F052
:1037100029FA0D98016880200860FFE79DF82D00C8
:10372000C00798B1FFE79DF82900C00770B1FFE717
:103730000D99C86D40F40030C8650D98FFF764FD21
:103740000D9801684FF480700860FFE79DF82D0028
:103750008007002814D5FFE79DF82900800700287E
:103760000ED5FFE70D99C86D40F48020C8650D980F
:10377000FFF74EFD0D9801684FF400700860FFE7F9
:103780009DF82C00C00600283ED5FFE79DF82800D4
:10379000C006002838D5FFE70D98C06B18B9FFE7C1
:1037A00001200C9019E0059860B1FFE740F200306D
:1037B000C5F2000004F0B4F918B1FFE701200C9045
:1037C000FFE709E00D980068C068C00718B1FFE77F
:1037D00001200C90FFE7FFE7FFE70C9801280ED1CE
:1037E000FFE70D99C86D40F48060C8650D99086EBB
:1037F00040F0020008660D98FFF7CEFDFFE70D9838
:10380000016810200860FFE79DF82D0040070028A0
:1038100019D5FFE79DF829004007002813D5FFE7D9
:103820000D99C86D40F48040C8650D99086E40F050
:10383000080008660D9801684FF4806008600D98D4
:10384000FFF7E0FBFFE70EB080BD000080B588B059
:10385000069000208DF817000190069820B9FFE728
:1038600001208DF81F0079E10698406940B1FFE71B
:10387000069890F82400012801D1FFE7FFE7FFE751
:103880000698C06D50B9FFE7069800F06FF90699E9
:1038900000200866069981F85800FFE7069800683E
:1038A00004F098F928B1FFE70698006804F0FEF8E4
:1038B000FFE70698006804F0A5F9F0B9FFE706985D
:1038C000006804F00DF940F20C00C2F2000000683C
:1038D000800942F66351C0F23E51A0FB01108109FC
:1038E000022000EB41000190FFE7019820B1FFE7C3
:1038F000019801380190F8E7FFE70698006804F0A6
:1039000081F970B9FFE70699C86D40F01000C865ED
:103910000699086E40F00100086601208DF8170036
:10392000FFE70698006804F075F903900698C06DEB
:10393000C006002800F10481FFE70398002840F04A
:10394000FF80FFE70698C06D40F0020020F4807011
:103950000699C8650698006804F044F9D0B9FFE7F5
:103960004FF0A04004F03EF9009040F20010C5F284
:10397000000004F037F901460098084348B9FFE712
:103980000698416840F20030C5F2000004F094F956
:10399000FFE7FFE706994A7FC86B40EA42308A6832
:1039A000CB681843104391F8241040EA014004907A
:1039B000069890F8240001280BD1FFE70698816A49
:1039C0000020CFF6FE7000EB4141049808430490BC
:1039D000FFE70698C06A50B1FFE70699C86A096B0D
:1039E00000F478700143049808430490FFE70698B8
:1039F0000068C06844F20701CFF6F07108400499EE
:103A0000084306990968C86006980068006920F0B4
:103A10004060069A1168526B10430861069800686E
:103A200004F0AEF802900398002868D1FFE70298EE
:103A3000002864D1FFE70699087F91F838108003C9
:103A400040EA4100049006980068C06844F2020110
:103A500088430499084306990968C8600698006974
:103A6000A0B1FFE706980168086940F4803008615A
:103A700006980068D0F8C00043F6FF718843069AA4
:103A8000116812691043C1F8C00011E0069801687E
:103A9000086920F48030086106980068D0F8C000FA
:103AA00043F6FF71884306990968C1F8C000FFE733
:103AB000069890F84000012819D1FFE706980068A1
:103AC000006940F2FD7120EA0102069B1968586CFA
:103AD000D3F848E0D3F84CC040EA0E0040EA0C00AE
:103AE0001B6D1843104340F00100086106E0069882
:103AF0000168086920F001000861FFE7FFE7069808
:103B0000406901280CD1FFE706980068006B20F09F
:103B10000F00069A1168126A013A1043086306E022
:103B200006980168086B20F00F000863FFE706980D
:103B3000C06D40F0010020F002000699C86508E061
:103B40000699C86D40F01000C86501208DF8170077
:103B5000FFE79DF817008DF81F00FFE79DF81F0095
:103B600008B080BD81B0009001B0704780B59CB0B6
:103B70001B9000201A90199018901790169005A885
:103B80004421FCF77BFC1B980068B0F1A04F45D1A5
:103B9000FFE74FF4004005904FF00050149005A847
:103BA00001F046F918B1FFE7FEF79EFAFFE7FFE7DD
:103BB00041F24C00C4F20200016841F4005101607E
:103BC000006800F4005004900498FFE7FFE741F21A
:103BD0004C00C4F20200016841F00201016000687B
:103BE00000F0020003900398FFE741F603001690EF
:103BF0000320179000200190189040F20040C4F676
:103C0000000016A900F090FD019A122002901146C2
:103C100001F00AF8029800F0FDFFFFE71CB080BD3C
:103C200082B0019000208DF80300019890F82500E3
:103C3000022807D0FFE701990420C86301208DF80E
:103C400003002DE001980168086820F00E0008606C
:103C50000198816C086820F4807008600198016800
:103C6000086820F0010008600198016C406C00F0C9
:103C70001F020120904048600198C16C006D4860AF
:103C80000198406D58B1FFE70198416D086820F434
:103C9000807008600198816DC06D4860FFE7FFE7A4
:103CA0000199012081F82500FFE70199002081F8A2
:103CB0002400FFE79DF8030002B0704780B582B092
:103CC000019000208DF80300019890F8250002284B
:103CD00011D0FFE701990420C8630199012081F800
:103CE0002500FFE70199002081F82400FFE701206B
:103CF0008DF803003FE001980168086820F00E008D
:103D0000086001980168086820F0010008600198C7
:103D1000816C086820F4807008600198016C406C28
:103D200000F01F020120904048600198C16C006DB6
:103D300048600198406D58B1FFE70198416D0868EF
:103D400020F4807008600198816DC06D4860FFE7C5
:103D50000199012081F82500FFE70199002081F8F1
:103D60002400FFE70198806B20B1FFE70198816B89
:103D70008847FFE7FFE79DF8030002B080BD000021
:103D800080B584B003900398006C0068029003989B
:103D900000680068019002980399496C01F01F01C6
:103DA000C8404007002825D5FFE79DF804004007DC
:103DB00000281FD5FFE703980068006880060028E8
:103DC00007D4FFE703980168086820F00400086042
:103DD000FFE70398016C406C00F01F020420904044
:103DE00048600398006B20B1FFE70398016B884798
:103DF000FFE76EE002980399496C01F01F01C8408B
:103E0000800700282FD5FFE79DF8040080070028D1
:103E100029D5FFE7039800680068800600280BD4C6
:103E2000FFE703980168086820F00A00086003991A
:103E3000012081F82500FFE70398016C406C00F039
:103E40001F02022090404860FFE70399002081F89C
:103E50002400FFE70398C06A20B1FFE70398C16A16
:103E60008847FFE734E002980399496C01F01F018D
:103E7000C8400007002829D5FFE79DF80400000787
:103E8000002823D5FFE703980168086820F00E009A
:103E900008600398026C406C00F01F01012000FADA
:103EA00001F151600399C863039981F82500FFE788
:103EB0000399002081F82400FFE70398406B20B1AC
:103EC000FFE70398416B8847FFE700E0FFE7FFE764
:103ED000FFE704B080BD000080B584B00290029876
:103EE00020B9FFE701208DF80F009CE002980068E0
:103EF00040F20741C4F20201884218D8FFE7029954
:103F000008684FF6F872CBF6FD7210444CF6CD42BD
:103F1000CCF6CC42A0FB02026FF0030000EA920054
:103F2000486402990020C4F20200086418E0029973
:103F300008684FF6F832CBF6FD7210444CF6CD42CD
:103F4000CCF6CC42A0FB02026FF0030000EA920024
:103F50004864029940F20040C4F202000864FFE79E
:103F60000299022081F825000298006800680190FB
:103F7000019847F6F0718843019002998868D1F85A
:103F80000CC00B694A6940EA0C00184310438A6967
:103F90001043CA691043096A01430198084301901C
:103FA00001980299096808600298FDF7B5FF029828
:103FB0008068B0F5804F04D1FFE702990020486087
:103FC000FFE702990879896C08600298C16C006D5E
:103FD00048600298406888B1FFE70298406804286A
:103FE0000CD8FFE70298FDF7D1FF0298416D002041
:103FF00008600298816DC06D486007E0029900205A
:104000004865029988650299C865FFE70299002012
:10401000C863029A012182F82510029981F82400D0
:104020008DF80F00FFE79DF80F0004B080BD000081
:1040300080B584B0039000F059FD02900398019080
:104040000198013048B1FFE740F21000C2F20000D1
:104050000168019808440190FFE7FFE700F046FD82
:104060000299401A0199884201D2FFE7F6E704B0AD
:1040700080BD000081B0009001B0704782B0019017
:10408000009102B07047000081B0009001B070470D
:1040900080B58AB0099009980068006D00F4E0507E
:1040A000089009980068416D0898084008900998A0
:1040B0000068006D00F00700079009980068416DE6
:1040C00007980840079009980068006D00F03800D4
:1040D000069009980068416D069808400690099876
:1040E0000068006D00F47100059009980068416D4A
:1040F00005980840059009980068006D00F460205C
:10410000049009980068416D04980840049009984B
:104110000068406D019009980068006D00909DF85E
:10412000000000F040010020B0EB911F12D0FFE72B
:104130009DF8040000F040010020B0EB911F08D072
:10414000FFE709980168402008650998FFF79CFF80
:10415000FFE7FFE79DF80100C007E0B1FFE79DF82A
:104160000500C007B0B1FFE709980068D0F8D80093
:10417000029009980068D0F8E01002980840029078
:10418000099801684FF4807008650998029900F059
:10419000B5FAFFE7FFE7089848B1FFE708980999E3
:1041A000096808650998089900F0B4FAFFE70798CC
:1041B00048B1FFE7079809990968086509980799C0
:1041C00000F088FAFFE7069848B1FFE706980999DA
:1041D000096808650998069900F082FAFFE79DF8DA
:1041E000010000F002010020B0EB510F13D0FFE7F7
:1041F0009DF8050000F002010020B0EB510F09D03E
:10420000FFE7099801684FF400700865099800F00D
:1042100087FAFFE7FFE79DF800100020B0EBD11F01
:104220001DD0FFE79DF804100020B0EBD11F15D082
:10423000FFE709980068D0F8D40003900998006857
:10424000D0F8DC100398084003900998016880209A
:1042500008650998039900F057FAFFE7FFE79DF812
:10426000010000F020010020B0EB511F13D0FFE748
:104270009DF8050000F020010020B0EB511F09D08F
:10428000FFE7099801684FF400500865099800F0AD
:1042900031FAFFE7FFE79DF801100020B0EBD11FD6
:1042A00011D0FFE79DF805100020B0EBD11F09D019
:1042B000FFE7099801684FF400400865099800F08D
:1042C00015FAFFE7FFE79DF8010000F0400100202C
:1042D000B0EB911F15D0FFE79DF8050000F04001FD
:1042E0000020B0EB911F0BD0FFE7099801684FF455
:1042F000804008650999086E40F080000866FFE775
:10430000FFE7049848B1FFE7049809990968086530
:1043100009980499FFF7B2FEFFE7059850B1FFE74F
:104320000598099909680865059A0999086E104366
:104330000866FFE70998006E20B1FFE70998FFF7CC
:1043400099FEFFE70AB080BD80B584B00290029864
:1043500020B9FFE701208DF80F0057E102980068AF
:1043600046F20041C4F20001884201D1FFE7FFE7B5
:1043700002988068B0F5407F01D1FFE7FFE702981F
:1043800090F85C0040B9FFE70299002081F85D00D9
:10439000029800F03FF9FFE702980168886920F071
:1043A0001000886100F0A2FB0190FFE7029800680E
:1043B00080690007002815D5FFE700F097FB0199F9
:1043C000401A0B280DD3FFE70299086E40F0010058
:1043D00008660299032081F85C0001208DF80F0027
:1043E00014E1E3E702980168886940F00100886100
:1043F00000F07CFB0190FFE7029800688069C0072D
:10440000A8B9FFE700F072FB0199401A0B280DD301
:10441000FFE70299086E40F0010008660299032048
:1044200081F85C0001208DF80F00EFE0E4E70298CE
:104430000168886940F0020088610298006846F2CD
:104440000041C4F20001884208D1FFE702984068A9
:1044500046F20051C4F200010860FFE70298007CB8
:10446000012807D1FFE702980168886920F0400021
:10447000886106E002980168886940F04000886120
:10448000FFE70298407C012807D1FFE70298016806
:10449000886940F48040886106E002980168886974
:1044A00020F480408861FFE70298807C012807D1D2
:1044B000FFE702980168886920F48050886106E06F
:1044C00002980168886940F480508861FFE702988B
:1044D0000068806920F44070029A11689268104365
:1044E000886102980168886920F0A40088610298B8
:1044F0000168086920F0100008610298C06801286E
:1045000007D1FFE702980168886940F004008861DC
:104510002BE00298C06830B3FFE70298C068022819
:1045200019D0FFE702980168886940F0800088612F
:1045300002980168086940F0100008610298C0689C
:10454000032807D1FFE702980168886940F020003E
:104550008861FFE706E002980168886940F0200062
:104560008861FFE700E0FFE7FFE7029A11685369FF
:104570009069D2F81CE0A0F1010C6FF0FF0000EB95
:104580000E2040EA4C60126A013A10430022CFF636
:10459000FF7202EB03421043C86102988068B0F5D5
:1045A000407F1CD1FFE7029A1168536A906AD2F8E3
:1045B0002CE001386FF0FF0C0CEB0E2C40EA0C00E5
:1045C000D2F830C06FF00F0202EB0C121043002241
:1045D000CFF6FF7202EB03421043C860FFE7029878
:1045E0000168C26BD1F8C0001043C1F8C000029846
:1045F000FDF78AFD02990020886502990866029AF3
:10460000012182F85C108DF80F00FFE79DF80F0084
:1046100004B080BD80B59CB01B9000201A9019900A
:1046200018901790169005A84421FBF727FF1B98B8
:10463000006846F20041C4F20001884248D1FFE719
:104640004FF4805005904FF00070119005A800F0D5
:10465000EFFB18B1FFE7FDF747FDFFE7FFE741F28A
:104660005800C4F20200016841F000710160006866
:1046700000F0007004900498FFE7FFE741F24C005F
:10468000C4F20200016841F002010160006800F01C
:10469000020003900398FFE74FF440701690022049
:1046A0001790002001901890199009201A9040F25C
:1046B0000040C4F6000016A900F036F8019A152053
:1046C0000290012100F0B0FA029800F0A3FAFFE78F
:1046D0001CB080BD82B00190009102B07047000014
:1046E00082B00190009102B07047000081B000904C
:1046F00001B0704781B0009001B0704782B0019066
:10470000009102B07047000082B00190009102B0A9
:104710007047000082B00190009102B07047000025
:1047200081B0009001B070478BB00A9009910020D1
:104730000890FFE7099800680899C840002800F031
:10474000A581FFE709980068089A01219140084077
:1047500007900798002800F09581FFE709984068C6
:1047600000F00300012807D0FFE70998406800F037
:10477000030002282FD1FFE70A9880680690089866
:104780004100032000FA01F1069888430690099839
:10479000C0680899490000FA01F10698084306909C
:1047A00006980A9988600A9840680690089901203E
:1047B00000FA01F106988843069009984068C0F312
:1047C0000010089900FA01F106980843069006982F
:1047D0000A994860FFE70998406800F00300032841
:1047E00018D0FFE70A98C068069008984100032097
:1047F00000FA01F1069888430690099880680899A4
:10480000490000FA01F106980843069006980A99B3
:10481000C860FFE70998406800F00300022826D12D
:10482000FFE70A9808996FF0030202EA5101084471
:10483000006A0690089800F0070081000F2000FA37
:1048400001F106988843069009980069089901F0DB
:104850000701890000FA01F10698084306900698BE
:104860000A99089B02EA530211440862FFE70A987A
:104870000068069008984100032000FA01F10698AC
:10488000884306900998406800F0030008994900A1
:1048900000FA01F106980843069006980A99086004
:1048A000099880798007002800F0EB80FFE7FFE798
:1048B00041F26000C4F20200016841F001010160B0
:1048C000006800F0010005900598FFE7089820F0C7
:1048D00003000821C4F2010140580690089800F036
:1048E000030081000F2000FA01F10698884306902A
:1048F0000A98B0F1904F03D1FFE70020049042E006
:104900000A9840F20041C4F60001884203D1FFE753
:104910000120039034E00A9840F60001C4F600013B
:10492000884203D1FFE70220029026E00A9840F671
:104930000041C4F60001884203D1FFE70320019043
:1049400018E00A9841F20001C4F60001884203D140
:10495000FFE7042000900AE00A9941F20042C4F601
:1049600000020620914208BF05200090FFE7009852
:104970000190FFE701980290FFE702980390FFE79C
:1049800003980490FFE70498089901F00301890057
:1049900000FA01F10698084306900698089921F05C
:1049A00003010822C4F20102885040F20840C4F218
:1049B00001000068069007990698884306900998B8
:1049C0008079C006002805D5FFE7079906980843B7
:1049D0000690FFE7069840F20841C4F20101086022
:1049E00040F20C40C4F20100006806900799069856
:1049F00088430690099880798006002805D5FFE74E
:104A00000799069808430690FFE7069840F20C4184
:104A1000C4F20101086040F20440C4F201000068E1
:104A20000690079906988843069009988079800730
:104A3000002805D5FFE70799069808430690FFE789
:104A4000069840F20441C4F20101086040F20040BF
:104A5000C4F2010000680690079906988843069002
:104A600009988079C00728B1FFE70799069808439D
:104A70000690FFE7069840F20041C4F20101086089
:104A8000FFE7FFE708980130089053E60BB0704746
:104A900082B00190ADF8021001980069BDF80210D3
:104AA000084204D0FFE701208DF8010003E0002058
:104AB0008DF80100FFE79DF8010002B0704700008B
:104AC00082B00190ADF802108DF801209DF8010030
:104AD00028B1FFE7BDF802000199886104E0BDF844
:104AE000020001998862FFE702B0704740F29060CF
:104AF000C2F200000068704740F21000C2F20000ED
:104B0000026840F29061C2F2000108681044086037
:104B10007047000080B582B000208DF807000320A8
:104B200000F09AF80F2000F00DF820B1FFE7012007
:104B30008DF8070002E000F049F8FFE79DF8070054
:104B400002B080BD80B582B0019000208DF80300D6
:104B500040F21000C2F20000006878B3FFE740F2B4
:104B60000C00C2F20000006840F21001C2F2000125
:104B70000A684FF47A71B1FBF2F1B0FBF1F001F089
:104B8000A1F9B0B9FFE701980F280DD8FFE7019907
:104B90004FF0FF30002200F047F8019840F2140176
:104BA000C2F20001086003E001208DF80300FFE776
:104BB00003E001208DF80300FFE703E001208DF8FA
:104BC0000300FFE79DF8030002B080BD80B582B00E
:104BD000FFE741F26000C4F20200016841F0010108
:104BE0000160006800F0010001900198FFE7FFE715
:104BF00041F25800C4F20200016841F080510160A6
:104C0000006800F0805000900098FFE700F006F97F
:104C100002B080BD80B582B08DF807009DF9070015
:104C200005F048FC02B080BD80B586B08DF8170055
:104C30000491039205F056FC02909DF91700019033
:104C400002980499039A03F09FFC0146019805F02D
:104C500051FC06B080BD000080B582B00190019883
:104C600005F06AFC02B080BD85B00390039800286F
:104C70005ED1FFE747F20000C4F20000006800F4D4
:104C8000C060B0F5806F49D1FFE747F28001C4F200
:104C90000001086820F48070086047F20002C4F246
:104CA00000021168012060F34A21116040F20C01FA
:104CB000C2F200010968322251434DF68362C4F208
:104CC0001B32A1FB022100EB91400290FFE747F26B
:104CD0001400C4F200000168002049050029019079
:104CE00006D5FFE70298002818BF01200190FFE7D2
:104CF0000198C00720B1FFE7029801380290E6E76B
:104D000047F21400C4F2000000684005002804D5F2
:104D1000FFE703208DF813007CE008E047F28001F4
:104D2000C4F20001086820F480700860FFE76DE0BD
:104D30000398B0F5007F5ED1FFE747F20000C4F2B0
:104D40000000006800F4C060B0F5806F49D1FFE753
:104D500047F28001C4F20001086840F480700860E6
:104D600047F20002C4F200021168012060F34A21F8
:104D7000116040F20C01C2F2000109683222514375
:104D80004DF68362C4F21B32A1FB022100EB91407D
:104D90000290FFE747F21400C4F20000016800200F
:104DA00049050029009006D5FFE70298002818BFA2
:104DB00001200090FFE70098C00720B1FFE70298AC
:104DC00001380290E6E747F21400C4F200000068E0
:104DD0004005002804D5FFE703208DF8130019E0F3
:104DE00008E047F28001C4F20001086840F48070D6
:104DF0000860FFE709E047F20001C4F2000108681B
:104E0000022262F34A200860FFE7FFE700208DF8E6
:104E10001300FFE79DF8130005B0704747F2080143
:104E2000C4F20001086840F4804008607047000048
:104E300080B586B0059000208DF80B008DF80A0033
:104E4000059880780007002840F1B580FFE7002032
:104E50008DF8090041F25800C4F202000068C00059
:104E6000002813D4FFE7FFE741F25800C4F2020024
:104E7000016841F080510160006800F080500190AD
:104E80000198FFE701208DF80900FFE747F20001D4
:104E9000C4F20001086840F480700860FFF726FE45
:104EA0000390FFE747F20000C4F200000068C0056D
:104EB00000280CD4FFE7FFF719FE0399401A0328D6
:104EC00004D3FFE703208DF80B0000E0EAE79DF82C
:104ED0000B0000285BD1FFE741F29000C4F2020012
:104EE000006800F4407004900498C8B1FFE704988B
:104EF0000599096C884213D0FFE741F29001C4F292
:104F00000201086820F440700490086840F4803082
:104F10000860086820F48030086004980860FFE7A3
:104F20009DF81000C007E0B1FFE7FFF7DFFD039039
:104F3000FFE741F29000C4F20200006880070028F9
:104F40000ED4FFE7FFF7D2FD0399401A41F28931F1
:104F5000884204D3FFE703208DF80B0000E0E8E768
:104F6000FFE79DF80B0060B9FFE741F29001C4F242
:104F70000201086820F44070059A126C1043086022
:104F800004E09DF80B008DF80A00FFE704E09DF8AF
:104F90000B008DF80A00FFE79DF80900012809D1F0
:104FA000FFE741F25801C4F20201086820F0805086
:104FB0000860FFE7FFE705980078C00760B1FFE7EA
:104FC00041F28801C4F20201086820F00300059A4A
:104FD000526810430860FFE70598007880070028B2
:104FE0000CD5FFE741F28801C4F20201086820F005
:104FF0000C00059A926810430860FFE70598007856
:10500000400700280CD5FFE741F28801C4F20201F5
:10501000086820F03000059AD26810430860FFE766
:1050200005980078000700280CD5FFE741F28801B9
:10503000C4F20201086820F0C000059A126910430A
:105040000860FFE705980078800600280CD5FFE788
:1050500041F28801C4F20201086820F44060059A18
:10506000526910430860FFE7059800784006002861
:105070000CD5FFE741F28801C4F20201086820F470
:105080004050059A926910430860FFE70598007840
:10509000000600280CD5FFE741F28801C4F20201A6
:1050A000086820F44040059AD26910430860FFE781
:1050B00005984078C00760B1FFE741F28801C4F26B
:1050C0000201086820F44030059A126A1043086013
:1050D000FFE705984078800700280CD5FFE741F2EC
:1050E0008801C4F20201086820F44020059A526A3F
:1050F00010430860FFE705984078400700281BD55B
:10510000FFE741F28801C4F20201086820F4401070
:10511000059A926A104308600598806AB0F5801F6E
:1051200009D1FFE741F20C01C4F20201086840F422
:1051300080100860FFE7FFE7059840780007002827
:105140001BD5FFE741F28801C4F20201086820F490
:105150004000059AD26A104308600598C06AB0F50D
:10516000800F09D1FFE741F20C01C4F20201086887
:1051700040F480100860FFE7FFE705984078C0061C
:1051800000281BD5FFE741F28801C4F2020108683C
:1051900020F04070059A126B104308600598006B70
:1051A000B0F1807F09D1FFE741F20C01C4F20201A6
:1051B000086840F480100860FFE7FFE70598407832
:1051C000800600281BD5FFE741F28801C4F20201E6
:1051D000086820F04060059A526B104308600598FB
:1051E000406BB0F1006F09D1FFE741F20C01C4F24E
:1051F0000201086840F480100860FFE7FFE70598A7
:105200004078400600281BD5FFE741F28801C4F230
:105210000201086820F04060059A926B1043086014
:105220000598806BB0F1006F09D1FFE741F20C01E6
:10523000C4F20201086840F480100860FFE7FFE74D
:1052400005984078000600281BD5FFE741F2880149
:10525000C4F20201086820F04050059AD26B104356
:1052600008600598C06BB0F1805F09D1FFE741F29B
:105270000C01C4F20201086840F480300860FFE7C6
:10528000FFE79DF80A0006B080BD000080B586B03B
:105290000490039100200090049820B9FFE70120BA
:1052A0008DF8170081E1039842F20001C4F2020177
:1052B000096801F00F01884216D9FFE742F20000A9
:1052C000C4F20200016821F00F01039A114301604A
:1052D000006800F00F000399884204D0FFE7012026
:1052E0008DF8170061E1FFE704980078C0070028F7
:1052F00000F0A380FFE704984068032839D1FFE756
:1053000041F20000C4F2020000688001002804D4C9
:10531000FFE701208DF8170047E103F005FA01903F
:1053200001984BF20141C0F2C441884220D3FFE70B
:1053300041F20800C4F20200006810F0F00F0AD039
:10534000FFE7049800788007002810D5FFE704984D
:10535000806860B9FFE741F20801C4F20201086801
:10536000082262F30710086080200090FFE7FFE743
:1053700038E00498406802280ED1FFE741F20000AF
:10538000C4F2020000688003002804D4FFE7012073
:105390008DF8170009E10DE041F20000C4F20200AF
:1053A00000684005002804D4FFE701208DF81700AD
:1053B000FBE0FFE700F02CF9019001984BF201416E
:1053C000C0F2C44188420CD3FFE741F20801C4F2A5
:1053D00002010868082262F307100860802000902C
:1053E000FFE7FFE741F20801C4F20201086820F07C
:1053F0000300049A526810430860FFF777FB02909D
:10540000FFE741F20800C4F20200006800F00C005F
:1054100004994968B0EB810F0ED0FFE7FFF766FBF8
:105420000299401A41F28931884204D3FFE70320F0
:105430008DF81700B9E0E4E7FFE7049800788007EB
:1054400000282CD5FFE7049800784007002809D5EC
:10545000FFE741F20801C4F20201086840F4E0608D
:105460000860FFE704980078000700280BD5FFE7E5
:1054700041F20801C4F20201086840F4E06020F43F
:1054800060500860FFE741F20801C4F202010868B9
:1054900020F0F000049A9268104308600DE0009834
:1054A000802809D1FFE741F20801C4F2020108682F
:1054B00020F0F0000860FFE7FFE7039842F20001E8
:1054C000C4F20201096801F00F01884228D2FFE707
:1054D00042F20001C4F20201086820F00F00039AB2
:1054E00010430860FFF702FB0290FFE742F2000062
:1054F000C4F20200006800F00F00039988420ED049
:10550000FFE7FFF7F3FA0299401A41F28931884226
:1055100004D3FFE703208DF8170046E0E6E7FFE736
:1055200004980078400700280CD5FFE741F20801F5
:10553000C4F20201086820F4E060049AD2681043C3
:105540000860FFE704980078000700280DD5FFE702
:1055500041F20801C4F20201086820F46050049A84
:10556000126940EAC2000860FFE700F051F841F21A
:105570000801C4F202010968C9B20A094CF2B0611B
:10558000C0F60001895C01F01F01C84040F20C0127
:10559000C2F20001086040F21400C2F2000000688C
:1055A000FFF7D0FA8DF81700FFE79DF8170006B057
:1055B00080BD000040F20C00C2F20000006870479D
:1055C00080B5FFF7F7FF41F20801C4F20201096854
:1055D000C1F302224CF2C061C0F60001895C01F007
:1055E0001F01C84080BD000080B5FFF7E3FF41F216
:1055F0000801C4F202010968C1F3C2224CF2C06181
:10560000C0F60001895C01F01F01C84080BD0000A8
:1056100086B041F20800C4F20200006800F00C00FD
:10562000042806D1FFE742F20040C0F2F4000190E6
:1056300069E041F20800C4F20200006800F00C00CA
:10564000082806D1FFE741F20020C0F27A0001905D
:1056500058E041F20800C4F20200006800F00C00BB
:105660000C284BD1FFE741F20C00C4F202000168A4
:1056700001F0030104910068C1B2012000EB111098
:10568000029004980090022815D0FFE700980328A4
:1056900012D1FFE7029941F20020C0F27A00B0FB7C
:1056A000F1F041F20C01C4F202010968C1F30621D4
:1056B0004843059011E0FFE7029942F20040C0F232
:1056C000F400B0FBF1F041F20C01C4F202010968F0
:1056D000C1F3062148430590FFE741F20C00C4F2F4
:1056E0000200006800F0C061022000EB116003902E
:1056F00005980399B0FBF1F0019002E000200190C1
:10570000FFE7FFE7FFE7019806B07047B0B588B044
:105710000690069820B9FFE701208DF81F00CCE322
:1057200006980078C007002800F09B80FFE741F250
:105730000800C4F20200006800F00C00049041F27E
:105740000C00C4F20200006800F00300039004980B
:105750000C2804D1FFE70398032804D0FFE704983E
:10576000082812D1FFE741F20000C4F202000068ED
:105770008003002808D5FFE70698406820B9FFE7B6
:1057800001208DF81F0098E36AE0FFE70698406863
:10579000B0F5803F09D1FFE741F20001C4F20201F8
:1057A000086840F48030086020E006984068B0F552
:1057B000A02F0DD1FFE741F20001C4F202010868F9
:1057C00040F480200860086840F4803008600CE0F5
:1057D00041F20001C4F20201086820F48030086040
:1057E000086820F480200860FFE7FFE7FFE70698DD
:1057F0004068D0B1FFE7FFF779F90590FFE741F284
:105800000000C4F202000068800300280CD4FFE707
:10581000FFF76CF90599401A652804D3FFE70320C8
:105820008DF81F0049E3EAE719E0FFF75FF90590FB
:10583000FFE741F20000C4F2020000688003002884
:105840000CD5FFE7FFF752F90599401A652804D3F4
:10585000FFE703208DF81F002FE3EAE7FFE7FFE7EC
:10586000FFE7069800788007002840F19F80FFE757
:1058700041F20800C4F20200006800F00C0004903D
:1058800041F20C00C4F20200006800F00300039033
:1058900004980C2804D1FFE70398022804D0FFE7FE
:1058A000049804282CD1FFE741F20000C4F2020062
:1058B00000684005002808D5FFE70698C06820B9B1
:1058C000FFE701208DF81F00F7E241F20401C4F266
:1058D0000201086820F0FE40069A126940EA026060
:1058E000086040F21400C2F200000068FFF72AF9D5
:1058F00020B1FFE701208DF81F00DEE2FFE754E052
:105900000698C06870B3FFE741F20001C4F20201DB
:10591000086840F480700860FFF7E8F80590FFE73A
:1059200041F20000C4F202000068400500280CD4D7
:10593000FFE7FFF7DBF80599401A032804D3FFE7D8
:1059400003208DF81F00B8E2EAE741F20401C4F237
:105950000201086820F0FE40069A126940EA0260DF
:10596000086021E041F20001C4F20201086820F45D
:1059700080700860FFF7BAF80590FFE741F2000079
:10598000C4F202000068400500280CD5FFE7FFF7CD
:10599000ADF80599401A032804D3FFE703208DF8DA
:1059A0001F008AE2EAE7FFE7FFE7FFE706980078D3
:1059B0000007002849D5FFE70698406910B3FFE7C4
:1059C00041F29401C4F20201086840F0010008604D
:1059D000FFF78CF80590FFE741F29400C4F2020053
:1059E0000068800700280CD4FFE7FFF77FF80599CF
:1059F000401A032804D3FFE703208DF81F005CE260
:105A0000EAE721E041F29401C4F20201086820F0C3
:105A100001000860FFF76AF80590FFE741F2940083
:105A2000C4F202000068800700280CD5FFE7FFF7EA
:105A30005DF80599401A032804D3FFE703208DF889
:105A40001F003AE2EAE7FFE7FFE706980078400721
:105A5000002840F1C680FFE700208DF80B0041F2DE
:105A60005800C4F202000068C000002813D4FFE709
:105A7000FFE741F25800C4F20200016841F0805192
:105A80000160006800F0805001900198FFE701205C
:105A90008DF80B00FFE747F20000C4F20000006839
:105AA000C005002822D4FFE747F20001C4F200013C
:105AB000086840F480700860FFF718F80590FFE769
:105AC00047F20000C4F200000068C00500280CD4B2
:105AD000FFE7FFF70BF80599401A032804D3FFE707
:105AE00003208DF81F00E8E1EAE7FFE7FFE70698EB
:105AF0008068012809D1FFE741F29001C4F2020158
:105B0000086840F0010008601FE0069880680528DA
:105B10000DD1FFE741F29001C4F20201086840F0A4
:105B200004000860086840F0010008600CE041F2E1
:105B30009001C4F20201086820F0010008600868C2
:105B400020F004000860FFE7FFE7FFE706988068A1
:105B5000E0B1FFE7FEF7CAFF0590FFE741F29000D2
:105B6000C4F202000068800700280ED4FFE7FEF7A9
:105B7000BDFF0599401A41F28931884204D3FFE7FD
:105B800003208DF81F0098E1E8E71BE0FEF7AEFF69
:105B90000590FFE741F29000C4F202000068800720
:105BA00000280ED5FFE7FEF7A1FF0599401A41F244
:105BB0008931884204D3FFE703208DF81F007CE180
:105BC000E8E7FFE79DF80B00012809D1FFE741F264
:105BD0005801C4F20201086820F080500860FFE715
:105BE000FFE7069800788006002849D5FFE7069869
:105BF000806910B3FFE741F29801C4F2020108681E
:105C000040F001000860FEF771FF0590FFE741F2E8
:105C10009800C4F202000068800700280CD4FFE757
:105C2000FEF764FF0599401A032804D3FFE7032019
:105C30008DF81F0041E1EAE721E041F29801C4F24A
:105C40000201086820F001000860FEF74FFF059090
:105C5000FFE741F29800C4F20200006880070028C4
:105C60000CD5FFE7FEF742FF0599401A032804D33D
:105C7000FFE703208DF81F001FE1EAE7FFE7FFE7DA
:105C80000698C069002800F01481FFE741F208007F
:105C9000C4F20200006800F00C000C2800F0B08094
:105CA000FFE70698C06902287CD1FFE741F20001B6
:105CB000C4F20201086820F080700860FEF716FF49
:105CC0000590FFE741F20000C4F202000068800185
:105CD00000280CD5FFE7FEF709FF0599401A0328B5
:105CE00004D3FFE703208DF81F00E6E0EAE741F266
:105CF0000C01C4F20201086848F20C02C0F29F12C3
:105D00001040DDF818C0DCF82020DCF82450DCF866
:105D100028E0DCF82C306FF00F0404EB051422436C
:105D200042EA0E22DCF8304040F2000ECFF6E07E70
:105D30000EEA045EAEF5001E42EA0E02DCF834E024
:105D40004FF07E4C0CEA0E6C0CF17E4C42EA0C02D9
:105D500042EAC3621043086041F20002C4F2020248
:105D6000106840F080701060086840F08070086033
:105D7000FEF7BCFE0590FFE741F20000C4F202000E
:105D80000068800100280CD4FFE7FEF7AFFE0599FC
:105D9000401A032804D3FFE703208DF81F008CE08E
:105DA000EAE72CE041F20001C4F20201086820F0A9
:105DB00080700860FEF79AFE0590FFE741F2000050
:105DC000C4F202000068800100280CD5FFE7FEF74E
:105DD0008DFE0599401A032804D3FFE703208DF8B0
:105DE0001F006AE0EAE741F20C01C4F20201086810
:105DF0004FF6FC72CFF6EE6210400860FFE757E006
:105E00000698C069012804D1FFE701208DF81F0022
:105E100053E041F20C00C4F20200006803900398C2
:105E200000F003000699096A88423BD1FFE7039816
:105E300000F0F00006994A6A6FF00F0101EB0211C1
:105E400088422FD1FFE7039800F4FE400699896A43
:105E5000B0EB012F26D1FFE7039800F078400699B8
:105E6000C96AB0EBC16F1DD1FFE7039800F4C00011
:105E700006990A6B0021CFF6E07101EA0251A1F503
:105E8000001188420ED1FFE7039800F0C060069928
:105E90004A6B4FF07E4101EA026101F17E41884286
:105EA00004D0FFE701208DF81F0006E0FFE7FFE7C1
:105EB000FFE700208DF81F00FFE79DF81F0008B0E6
:105EC000B0BD000080B582B00190019802F078FE6C
:105ED00002B080BD81B0009001B0704781B00090E9
:105EE00001B0704781B0009001B0704784B002905B
:105EF000019100200090FFE7029890F83C000128F3
:105F000004D1FFE702208DF80F0083E00299012001
:105F100081F83C00FFE7FFE7009820F0FF000199BF
:105F2000C96808430090009820F44070019989687E
:105F300008430090009820F4806001994968084364
:105F40000090009820F400600199096808430090CF
:105F5000009820F480500199096908430090009846
:105F600020F400500199496908430090009820F4FA
:105F700080400199096B08430090009820F470203C
:105F80000199896940EA01400090009820F0805012
:105F90000199C969084300900298006842F60041DF
:105FA000C4F20101884209D0FFE70298006843F279
:105FB0000041C4F2010188421ED1FFE7009820F49D
:105FC00070000199896A40EA01500090009820F021
:105FD00080700199096A08430090009820F00070D1
:105FE0000199496A08430090009820F000500199F7
:105FF000C96A08430090FFE700980299096848645D
:10600000FFE70299002081F83C00FFE700208DF8AF
:106010000F00FFE79DF80F0004B0704781B00090BB
:1060200001B0704781B0009001B0704781B000901E
:1060300001B0704785B003900291FFE7039890F894
:106040003C00012804D1FFE702208DF813008CE00A
:106050000399012081F83C00FFE7FFE70399022044
:1060600081F83D000398006840680190039800683B
:10607000806800900398006842F60041C4F2010174
:10608000884209D0FFE70398006843F20041C4F258
:10609000010188420AD1FFE7019820F470000190C5
:1060A00002984168019808430190FFE701984FF674
:1060B0008F71CFF6FF510840019002980168019856
:1060C00008430190019803990968486003980068A3
:1060D00042F60041C4F2010188422AD0FFE703984A
:1060E0000068B0F1804F24D0FFE70398006840F2C9
:1060F0000041C4F2000188421BD0FFE7039800680A
:1061000040F60001C4F20001884212D0FFE7039874
:10611000006843F20041C4F20101884209D0FFE760
:106120000398006844F20001C4F2010188420ED1D4
:10613000FFE7009820F080000090029881680098A6
:10614000084300900098039909688860FFE7039965
:10615000012081F83D00FFE70399002081F83C0011
:10616000FFE700208DF81300FFE79DF8130005B04E
:106170007047000080B58AB008900791079828B949
:10618000FFE7089890F8440005901CE00798042861
:1061900005D1FFE7089890F84500049010E00798B3
:1061A000082805D1FFE7089890F84600039004E01E
:1061B000089890F847000390FFE703980490FFE7E2
:1061C00004980590FFE70598012804D0FFE7012017
:1061D0008DF8270089E0079828B9FFE70899022081
:1061E00081F844001EE00798042806D1FFE70899CB
:1061F000022081F84500029012E00798082806D195
:10620000FFE70899022081F84600019005E008990F
:10621000022081F847000190FFE701980290FFE714
:106220000298FFE7089800680799042202F02CFE04
:1062300008980168486C40F4004048640898006879
:1062400042F60041C4F2010188422AD0FFE70898D3
:106250000068B0F1804F24D0FFE70898006840F252
:106260000041C4F2000188421BD0FFE70898006893
:1062700040F60001C4F20001884212D0FFE70898FE
:10628000006843F20041C4F20101884209D0FFE7EF
:106290000898006844F20001C4F20101884219D153
:1062A000FFE70898006880680721C0F201010840F4
:1062B0000690069806280CD0FFE70698B0F5803FB8
:1062C00007D0FFE708980168086840F001000860FF
:1062D000FFE706E008980168086840F001000860E0
:1062E000FFE700208DF82700FFE79DF827000AB0A0
:1062F00080BD000081B0009001B0704780B582B0D1
:106300000090009820B9FFE701208DF8070045E0D4
:10631000009890F83D0040B9FFE70099002081F80F
:106320003C00009800F03EF8FFE70099022081F859
:106330003D00009951F8040B02F0BEFC00990120C9
:1063400081F84800FFE70099012081F83E0000999C
:1063500081F83F00009981F84000009981F84100E0
:10636000009981F84200009981F84300FFE7FFE7B8
:106370000099012081F84400009981F845000099B6
:1063800081F84600009981F84700FFE70099012055
:1063900081F83D0000208DF80700FFE79DF8070019
:1063A00002B080BD80B584B003900398006842F6C7
:1063B0000041C4F20101884210D1FFE7FFE741F23A
:1063C0006000C4F20200016841F4006101600068ED
:1063D00000F4006002900298FFE71FE00398006855
:1063E000B0F1804F19D1FFE7FFE741F25800C4F246
:1063F0000200016841F001010160006800F0010045
:1064000001900198FFE71C20009000221146FEF742
:106410000BFC0098FEF7FEFBFFE7FFE704B080BD32
:1064200083B00190019890F83D00012804D0FFE767
:1064300001208DF80B005AE00199022081F83D00FF
:106440000198006842F60041C4F2010188422AD056
:10645000FFE701980068B0F1804F24D0FFE7019872
:10646000006840F20041C4F2000188421BD0FFE7FF
:106470000198006840F60001C4F20001884212D081
:10648000FFE70198006843F20041C4F2010188422D
:1064900009D0FFE70198006844F20001C4F201014D
:1064A000884219D1FFE70198006880680721C0F28F
:1064B000010108400090009806280CD0FFE70098E2
:1064C000B0F5803F07D0FFE701980168086840F009
:1064D00001000860FFE706E001980168086840F0E5
:1064E00001000860FFE700208DF80B00FFE79DF832
:1064F0000B0003B07047000080B586B00490039194
:1065000000208DF80B00FFE7049890F83C0001286C
:1065100004D1FFE702208DF81700D3E00499012091
:1065200081F83C00FFE7FFE70499022081F83D0075
:10653000049800688068019001984FF68871CFF642
:10654000CE7108400190019820F47F40019001989D
:10655000049909688860039800680090002800F09A
:106560009780FFE70098102800F09280FFE70098DE
:10657000202800F08D80FFE70098302800F0888008
:10658000FFE70098402876D0FFE70098502858D0C1
:10659000FFE70098602861D0FFE7009870282CD0B2
:1065A000FFE70098B0F5805F26D0FFE70098B0F5D0
:1065B000005F37D0FFE70098B0F1101F68D0FFE709
:1065C00000982021C0F21001884261D0FFE70098B6
:1065D0003021C0F2100188425AD0FFE700984021D4
:1065E000C0F21001884253D0FFE700987021C0F23A
:1065F000100188424CD052E055E004980068039B9B
:106600005A689968DB6802F05BFC0498006880684F
:106610000190019840F07700019001980499096871
:10662000886040E004980068039B5A689968DB68BA
:1066300002F046FC04980168886840F48040886055
:1066400031E004980068039A5168D26803F010F8AA
:1066500004980068502102F04DFC24E00498006882
:10666000039A5168D26803F02BF8049800686021FF
:1066700002F040FC17E004980068039A5168D26861
:1066800002F0F6FF04980068402102F033FC0AE0B3
:10669000049800680399096802F02CFC03E00120CB
:1066A0008DF80B00FFE70499012081F83D00FFE71A
:1066B0000499002081F83C00FFE79DF80B008DF85D
:1066C0001700FFE79DF8170006B080BD81B000906D
:1066D00001B0704780B584B0039003980068C0682B
:1066E000029003980068006901909DF804008007FB
:1066F000002824D5FFE79DF80800800700281DD555
:10670000FFE7039801686FF0020008610399012018
:106710000877039800688069800720B1FFE7039835
:10672000FFF7D4FF06E0039800F0BCF9039800F0EF
:10673000EDFAFFE7039900200877FFE7FFE79DF8F0
:1067400004004007002825D5FFE79DF80800400712
:1067500000281ED5FFE7039801686FF00400086168
:1067600003990220087703980068806910F4407F3D
:1067700004D0FFE70398FFF7A9FF06E0039800F0B5
:1067800091F9039800F0C2FAFFE703990020087717
:10679000FFE7FFE79DF804000007002824D5FFE786
:1067A0009DF80800000700281DD5FFE70398016841
:1067B0006FF00800086103990420087703980068C7
:1067C000C069800720B1FFE70398FFF77FFF06E06D
:1067D000039800F067F9039800F098FAFFE703992F
:1067E00000200877FFE7FFE79DF80400C0060028B7
:1067F00025D5FFE79DF80800C00600281ED5FFE755
:10680000039801686FF01000086103990820087769
:1068100003980068C06910F4407F04D0FFE7039834
:10682000FFF754FF06E0039800F03CF9039800F0EE
:106830006DFAFFE7039900200877FFE7FFE79DF86F
:106840000400C00778B1FFE79DF80800C00748B111
:10685000FFE7039801686FF001000861039800F0FA
:1068600089FBFFE7FFE7019800F08000802806D051
:10687000FFE79DF805008006002810D5FFE79DF88A
:1068800008000006002809D5FFE7039801686FF4A7
:10689000025008610398FFF721FBFFE7FFE79DF82F
:1068A0000500C00780B1FFE79DF80800000600283A
:1068B00009D5FFE7039801686FF4807008610398B9
:1068C000FFF708FBFFE7FFE79DF8040040060028FC
:1068D00010D5FFE79DF808004006002809D5FFE71E
:1068E000039801686FF040000861039800F046FBD0
:1068F000FFE7FFE79DF804008006002810D5FFE7BA
:106900009DF808008006002809D5FFE70398016874
:106910006FF0200008610398FFF7E4FAFFE7FFE754
:106920009DF80600C006002810D5FFE79DF80A0074
:10693000C006002809D5FFE7039801686FF48010AE
:1069400008610398FFF76EFBFFE7FFE79DF806007D
:106950008006002810D5FFE79DF80A008006002871
:1069600009D5FFE7039801686FF4001008610398E8
:10697000FFF754FBFFE7FFE79DF8060040060028FD
:1069800010D5FFE79DF80A004006002809D5FFE76B
:10699000039801686FF4800008610398FFF746FBD5
:1069A000FFE7FFE79DF806000006002810D5FFE787
:1069B0009DF80A000006002809D5FFE70398016842
:1069C0006FF4000008610398FFF794FCFFE7FFE70E
:1069D00004B080BD80B58EB00D9000200C900B905F
:1069E0000A90099008900D98006842F60041C4F2A0
:1069F0000101884254D1FFE7FFE741F24C00C4F2A5
:106A00000200016841F002010160006800F002002C
:106A100007900798FFE7FFE741F24C00C4F202003D
:106A2000016841F001010160006800F0010006907A
:106A30000698FFE74FF4C0400890022002900990AA
:106A4000002003900A900B90062004900C9040F2D6
:106A50000040C4F60000019008A90591FDF764FE0E
:106A60000198029B039A05994FF4004CCDF820C081
:106A700009930A920B9204220C92FDF755FE029B99
:106A8000039A049805994FF4E06CCDF820C009935F
:106A90000A920B920C904FF09040FDF745FEFFE7F5
:106AA0000EB080BD81B0009001B0704780B586B057
:106AB00004900391029200208DF80700FFE70498EC
:106AC00090F83C00012804D1FFE702208DF8170060
:106AD000C0E00499012081F83C00FFE7FFE702983D
:106AE0000090142800F2A7800099DFE801F00BA4C1
:106AF000A4A424A4A4A43EA4A4A457A4A4A471A4BC
:106B0000A4A48A0004980068039902F00BFA049880
:106B10000168886940F00800886104980168886904
:106B200020F004008861039802690498016888696C
:106B30001043886183E004980068039902F09CFA8E
:106B400004980168886940F40060886104980168CD
:106B5000886920F48060886103980269049801685C
:106B6000886940EA0220886169E004980068039916
:106B700002F03AFB04980168C86940F00800C86157
:106B800004980168C86920F00400C861039802698C
:106B900004980168C8691043C86150E0049800680F
:106BA000039902F0D9FB04980168C86940F40060B9
:106BB000C86104980168C86920F48060C8610398BE
:106BC000026904980168C86940EA0220C86136E099
:106BD00004980068039902F077FC04980168086D36
:106BE00040F00800086504980168086D20F0040072
:106BF00008650398026904980168086D10430865E8
:106C00001DE004980068039902F0C8FC049801682C
:106C1000086D40F40060086504980168086D20F470
:106C2000806008650398026904980168086D40EA6D
:106C30000220086503E001208DF80700FFE7FFE769
:106C40000499002081F83C00FFE79DF807008DF8CB
:106C50001700FFE79DF8170006B080BD80B582B031
:106C60000090009820B9FFE701208DF8070045E06B
:106C7000009890F83D0040B9FFE70099002081F8A6
:106C80003C00009800F03EF8FFE70099022081F8F0
:106C90003D00009951F8040B02F00EF80099012014
:106CA00081F84800FFE70099012081F83E00009933
:106CB00081F83F00009981F84000009981F8410077
:106CC000009981F84200009981F84300FFE7FFE74F
:106CD0000099012081F84400009981F8450000994D
:106CE00081F84600009981F84700FFE700990120EC
:106CF00081F83D0000208DF80700FFE79DF80700B0
:106D000002B080BD81B0009001B0704781B00090AA
:106D100001B0704780B590B00E900D910D9828B9D4
:106D2000FFE70E9890F83E000B9034E00D98042891
:106D300005D1FFE70E9890F83F000A9028E00D98E3
:106D4000082805D1FFE70E9890F8400009901CE054
:106D50000D980C2805D1FFE70E9890F84100089097
:106D600010E00D98102805D1FFE70E9890F842002A
:106D7000079004E00E9890F843000790FFE707980B
:106D80000890FFE708980990FFE709980A90FFE745
:106D90000A980B90FFE70B98012804D0FFE7012029
:106DA0008DF83F00E1E00D9828B9FFE70E99022029
:106DB00081F83E0038E00D98042806D1FFE70E99CF
:106DC000022081F83F0006902CE00D98082806D19B
:106DD000FFE70E99022081F8400005901FE00D9812
:106DE0000C2806D1FFE70E99022081F8410004909B
:106DF00012E00D98102806D1FFE70E99022081F8C5
:106E00004200039005E00E99022081F843000390B0
:106E1000FFE703980490FFE704980590FFE70598C3
:106E20000690FFE70698FFE70E9800680D9901228B
:106E3000019202F00DF801980E99096842F600429D
:106E4000C4F20102914202902DD0FFE70E98016832
:106E5000012043F20042C4F201029142029022D08A
:106E6000FFE70E980168012044F20002C4F201021B
:106E70009142029017D0FFE70E980168012044F27A
:106E80000042C4F20102914202900CD0FFE70E983A
:106E900000684BF60001CBF6FE710844B0FA80F0B2
:106EA00040090290FFE70298C00738B1FFE70E984B
:106EB0000168486C40F400404864FFE70E980068A1
:106EC00042F60041C4F2010188422AD0FFE70E9841
:106ED0000068B0F1804F24D0FFE70E98006840F2C0
:106EE0000041C4F2000188421BD0FFE70E98006801
:106EF00040F60001C4F20001884212D0FFE70E986C
:106F0000006843F20041C4F20101884209D0FFE762
:106F10000E98006844F20001C4F20101884219D1C0
:106F2000FFE70E98006880680721C0F20101084061
:106F30000C900C9806280CD0FFE70C98B0F5803F19
:106F400007D0FFE70E980168086840F0010008606C
:106F5000FFE706E00E980168086840F0010008604D
:106F6000FFE700208DF83F00FFE79DF83F0010B0DD
:106F700080BD000081B0009001B0704781B00090EA
:106F800001B0704783B00190FFE7019890F884004A
:106F9000012804D1FFE702208DF80B002CE00199B5
:106FA000012081F88400FFE7FFE701992420C1F860
:106FB00088000198006800680090019801680868DE
:106FC00020F001000860009820F000500090019926
:106FD00000204866009801990968086001992020FE
:106FE000C1F88800FFE70199002081F88400FFE7DD
:106FF00000208DF80B00FFE79DF80B0003B07047F1
:1070000082B00190ADF8021002B0704781B00090DC
:1070100001B0704780B584B002900191FFE70298FB
:1070200090F88400012804D1FFE702208DF80F00BA
:1070300032E00299012081F88400FFE7FFE702991E
:107040002420C1F888000298006800680090029827
:107050000168086820F001000860029800688068F4
:1070600020F06060019908430299096888600298DD
:1070700002F050FB009802990968086002992020EC
:10708000C1F88800FFE70299002081F88400FFE73B
:1070900000208DF80F00FFE79DF80F0004B080BDC1
:1070A00080B584B002900191FFE7029890F88400C7
:1070B000012804D1FFE702208DF80F0032E0029989
:1070C000012081F88400FFE7FFE702992420C1F83E
:1070D00088000298006800680090029801680868BB
:1070E00020F00100086002980068806820F060408D
:1070F00001990843029909688860029802F00AFB26
:10710000009802990968086002992020C1F8880057
:10711000FFE70299002081F88400FFE700208DF846
:107120000F00FFE79DF80F0004B080BD81B0009014
:1071300001B0704781B0009001B0704781B00090FD
:1071400001B0704780B590B00F900F980068C0698B
:107150000E900F98006800680D900F980068806886
:107160000C900E9840F60F0108400B900B98E0B978
:10717000FFE79DF838008006002815D5FFE79DF849
:1071800034008006002806D4FFE79DF83300C006CF
:10719000002809D5FFE70F98406F20B1FFE70F984F
:1071A000416F8847FFE796E2FFE70B98002800F061
:1071B0000C81FFE70C980121C1F20001084209D1BE
:1071C000FFE70D9840F22011C0F20041084200F0A4
:1071D000FC80FFE79DF83800C00788B1FFE79DF805
:1071E0003500C00760B1FFE70F9801680120086211
:1071F0000F99D1F8900040F00100C1F89000FFE72E
:107200009DF838008007002811D5FFE79DF8300071
:10721000C00760B1FFE70F980168022008620F996C
:10722000D1F8900040F00400C1F89000FFE79DF80D
:1072300038004007002811D5FFE79DF83000C0074F
:1072400060B1FFE70F980168042008620F99D1F838
:10725000900040F00200C1F89000FFE79DF8380070
:107260000007002819D5FFE79DF8340080060028A4
:1072700007D4FFE70C980121C1F2000108420CD0AD
:10728000FFE70F980168082008620F99D1F8900075
:1072900040F00800C1F89000FFE79DF839000007B2
:1072A000002813D5FFE79DF83700400700280DD5CB
:1072B000FFE70F9801684FF4006008620F99D1F85A
:1072C000900040F02000C1F89000FFE70F98D0F840
:1072D0009000002878D0FFE79DF83800800600284D
:1072E00015D5FFE79DF834008006002806D4FFE797
:1072F0009DF83300C006002809D5FFE70F98406FBE
:1073000020B1FFE70F98416F8847FFE7FFE70F982D
:10731000D0F890000A900F980068806800F0400054
:10732000402806D0FFE79DF8280010F0280F42D033
:10733000FFE70F9802F08AFB0F980068806840060C
:10734000002833D5FFE7FFE7FFE70F98006850E814
:10735000020F20F040000990FFE709990F9802689A
:1073600042E802100028F0D1FFE7FFE70F98D0F8BD
:107370008000B0B1FFE70F98D0F8801049F62D20BB
:10738000C0F6000088630F98D0F88000FCF796FCE8
:1073900030B1FFE70F98D0F88000816B8847FFE796
:1073A00003E00F98FFF7CAFEFFE703E00F98FFF72F
:1073B000C5FEFFE707E00F98FFF7C0FE0F9900201A
:1073C000C1F89000FFE7FFE785E10F98C06E012844
:1073D00040F02281FFE79DF83800C006002840F108
:1073E0001B81FFE79DF83400C006002840F114819E
:1073F000FFE70F980168102008620F980068806806
:107400004006002840F1A680FFE70F98D0F88000E2
:1074100000684068ADF82200BDF8220000287CD04A
:10742000FFE7BDF822000F99B1F85C10884274DACA
:10743000FFE7BDF822000F99A1F85E000F98D0F881
:107440008000006800688006002859D4FFE7FFE745
:10745000FFE70F98006850E8000F20F48070079055
:10746000FFE707990F98026842E800100028F0D162
:10747000FFE7FFE7FFE7FFE70F98006850E8020F1C
:1074800020F001000690FFE706990F98026842E895
:1074900002100028F0D1FFE7FFE7FFE7FFE70F98B2
:1074A000006850E8020F20F040000590FFE70599C2
:1074B0000F98026842E802100028F0D1FFE7FFE7CA
:1074C0000F992020C1F88C000F990020C866FFE7B3
:1074D000FFE70F98006850E8000F20F010000490BC
:1074E000FFE704990F98026842E800100028F0D1E5
:1074F000FFE7FFE70F98D0F88000FCF791FBFFE76C
:107500000F99022008670F98B0F85C10B0F85E2061
:10751000891A89B2FFF774FD1BE0BDF822000F99AC
:10752000B1F85C10884213D1FFE70F98D0F88000C3
:10753000006800688006002809D5FFE70F9902203F
:1075400008670F98B0F85C10FFF75AFDFFE7FFE7F8
:10755000FFE7C0E00F99B1F85C00B1F85E10401A87
:10756000ADF80E000F98B0F85E00002853D0FFE78A
:10757000BDF80E0000284ED0FFE7FFE7FFE70F98A9
:10758000006850E8000F20F490700290FFE7029925
:107590000F98026842E800100028F0D1FFE7FFE7EB
:1075A000FFE7FFE70F98006850E8020F4FF6FE7103
:1075B000CEF6FF7108400190FFE701990F9802682D
:1075C00042E802100028EDD1FFE7FFE70F992020E5
:1075D000C1F88C000F990020C8660F994867FFE733
:1075E000FFE70F98006850E8000F20F010000090AF
:1075F000FFE700990F98026842E800100028F0D1D8
:10760000FFE7FFE70F99022008670F98BDF80E10FB
:10761000FFF7F6FCFFE75EE09DF83A00C0060028A1
:107620000FD5FFE79DF832004006002809D5FFE797
:107630000F9801684FF4801008620F98FFF77AFDE9
:1076400049E09DF838000006002815D5FFE79DF8B1
:1076500034000006002806D4FFE79DF8320000063B
:10766000002809D5FFE70F98806F20B1FFE70F983A
:10767000816F8847FFE72EE09DF83800400600281C
:107680000AD5FFE79DF834004006002804D5FFE73F
:107690000F9802F02BFA1EE09DF83A000006002831
:1076A0000AD5FFE79DF837004006002804D5FFE71C
:1076B0000F98FFF73BFD0EE09DF83B00C00750B16F
:1076C000FFE79DF837000006002804D5FFE70F9874
:1076D000FFF79CFCFFE710B080BD000080B582B0D2
:1076E0000090009820B9FFE701208DF8070046E0E0
:1076F0000098806908B1FFE700E0FFE70098D0F844
:10770000880040B9FFE70099002081F884000098C4
:1077100000F03AF8FFE700992420C1F888000098AB
:107720000168086820F0010008600098806A20B1B4
:10773000FFE7009802F032F8FFE7009802F0F8F94E
:10774000012804D1FFE701208DF8070017E0009819
:107750000168486820F49040486000980168886893
:1077600020F02A00886000980168086840F0010055
:107770000860009802F0B6F88DF80700FFE79DF862
:10778000070002B080BD000080B5A0B01F900020AF
:107790001E901D901C901B901A9009A84421F8F788
:1077A0006DFE1F98006843F60001C4F20101884293
:1077B0003BD1FFE70120099000200A9009A8FDF7BE
:1077C00037FB18B1FFE7FAF78FFCFFE7FFE741F25D
:1077D0006000C4F20200016841F480410160006869
:1077E00000F4804008900898FFE7FFE741F24C0062
:1077F000C4F20200016841F004010160006800F079
:10780000040007900798FFE730201A9002201B9091
:1078100000201C901D9007201E9040F60000C4F62A
:1078200000001AA9FCF780FF9CE01F98006844F64E
:107830000001C4F20001884240F09380FFE7042079
:10784000099000200C9009A8FDF7F2FA18B1FFE7A3
:10785000FAF74AFCFFE7FFE741F25800C4F20200E2
:10786000016841F480210160006800F480200690E6
:107870000698FFE7FFE741F24C00C4F202000168FE
:1078800041F004010160006800F0040005900598D3
:10789000FFE74FF440601A9002201B9000200390F5
:1078A0001C901D9007201E9040F60000C4F60000BA
:1078B0001AA9FCF739FF039940F23420C2F2000004
:1078C00004903022C4F2020202601C2242608160F5
:1078D000C1608022026141618161C1610162FCF786
:1078E000FBFA18B1FFE7FAF7FFFBFFE7FFE71F9886
:1078F00040F23421C2F20001C0F880101F98886263
:10790000FFE740F29420C2F2000002904421C4F24A
:10791000020101601D214160102181600021C160D0
:107920008022026141618161C1610162FCF7D4FA88
:1079300018B1FFE7FAF7D8FBFFE7FFE71F9840F21F
:107940009421C2F20001C1671F988862FFE72720D7
:10795000019001210022FDF767F90198FDF75AF91E
:10796000FFE7FFE720B080BD80B58AB0089007919F
:10797000ADF81A2005930898D0F88800202840F028
:107980008780FFE7079820B1FFE7BDF81A0020B90C
:10799000FFE701208DF827007EE008990020C1F85C
:1079A000900008992120C1F88800FDF79FF8029007
:1079B000BDF81A000899A1F85400BDF81A000899FA
:1079C000A1F8560008988068B0F5805F09D1FFE7FC
:1079D0000898006928B9FFE70020049007980390F1
:1079E00004E00798049000200390FFE7FFE7089861
:1079F000B0F8560088B3FFE70898029B05996A46DD
:107A000011608021002202F04BFB40B1FFE7089992
:107A10002020C1F8880003208DF827003CE004985E
:107A200058B9FFE7039800886FF35F200899096849
:107A3000886203980230039008E00498007808995F
:107A400009688862049801300490FFE70899B1F84A
:107A500056000138A1F85600C9E70898029B05991D
:107A60006A4611604021002202F01AFB40B1FFE794
:107A700008992020C1F8880003208DF827000BE02A
:107A800008992020C1F8880000208DF8270003E025
:107A900002208DF82700FFE79DF827000AB080BD7F
:107AA00081B0009001B07047FFE7FEE781B0009021
:107AB000009988684FF6C072C5F6FF721040886062
:107AC00001B0704781B00090009880684FF6C07197
:107AD000C7F6FF71084001300099886001B0704717
:107AE00081B000900098806840F080504FF6C071DF
:107AF000C7F6FF7108400099886001B07047000028
:107B000081B000900098806800F0E07001B070478C
:107B100081B000900098806800F0E07001B070477C
:107B200081B000900098806800F4604001B0704718
:107B300081B000900098806800F01F0001B070478D
:107B400081B000900098806800F01F0001B070477D
:107B500083B0029001910298019900EB810060309E
:107B600000900098006800F0F84003B070470000F3
:107B700081B000900098C06800F0007001B07047BC
:107B800081B0009000988068C0F3C00001B07047D9
:107B900081B0009000988068C0F3C00001B07047C9
:107BA00081B000900098C06C00F4C070B0FA80F012
:107BB000400901B07047000081B0009000988068D3
:107BC0004FF6C071C7F6FF71084008300099886011
:107BD00001B0704781B0009000988068C0F3407099
:107BE00001B0704781B000900098806800F00100FB
:107BF00001B0704781B000900098806800F00100EB
:107C000001B0704781B0009000988068C0F30070A8
:107C100001B0704781B0009000988068C0F3800088
:107C200001B0704781B0009000988068C0F3800078
:107C300001B0704781B000900098C06800F44060C7
:107C4000B0FA80F0400901B07047000084B00390A2
:107C5000029101920398029901F0007100EBD1505A
:107C600014300090009800680299C1F30452072173
:107C7000914088430199914008430099086004B0FD
:107C80007047000083B00290019100920298D0F8F2
:107C9000B00001996FF3DF418843009A02F01803A6
:107CA0004FF6FF72C0F20702DA4011400843029912
:107CB000C1F8B00003B0704782B001900091019804
:107CC000806820F47C10009908430199886002B014
:107CD0007047000082B0019000910198806820F008
:107CE000E070009908430199886002B07047000075
:107CF00085B004900391029201930498039900EBDC
:107D0000810060300090009800684FF20001C0F2DE
:107D1000FF310140029800F0F840019A10430843F7
:107D200040F000400099086005B0704784B00390AF
:107D3000029101920398029900EB8100603000905B
:107D40000098006820F000700199084300990860CD
:107D500004B0704784B00390029101920398029995
:107D600000EB8100603000900098006820F0807087
:107D7000019908430099086004B0704784B00390EB
:107D8000029101920398029900EB8100603000900B
:107D90000098006820F000400199084300990860AD
:107DA00004B0704782B0019000910198406920F0C2
:107DB0000040009908430199486102B070470000F3
:107DC00082B001908DF803109DF80300012813D1B3
:107DD000FFE7019890ED021A90ED032A90ED040A56
:107DE00032EE402A21EE021A30EE010A80ED050A39
:107DF00001994869086107E00199002048610199EB
:107E000008610199C860FFE702B0704783B0029033
:107E10008DED010ACDED000A9DED010A9FED101ACE
:107E200020EE010A029880ED010A0098029908608C
:107E3000029890ED001A90ED010A20EE010AB7EECB
:107E4000001A30EE011A80EE010A80ED020A029952
:107E500000200861029948610299C86003B0704728
:107E6000DB0FC94080B582B00190062003210222B9
:107E70000DF1020300F024F89DF802009DF80310B4
:107E8000800140EA9100ADF80000BDF9000000EE6D
:107E9000100AB8EEC00A9FED061A20EE010A9FED07
:107EA000051A80EE010A019880ED000A02B080BD3B
:107EB000DB0FC9400000804680B502F0BDF980BDEF
:107EC00080B582B08DF806008DF805108DF804207D
:107ED000009302F077FA9DF806004000C0B202F06D
:107EE00019FA02F0B3FA30B1FFE702F093FA012079
:107EF0008DF8070035E09DF8050002F00BFA02F05E
:107F0000A5FA02F05FFA9DF8060040000130C0B209
:107F100002F000FA02F09AFAFFE79DF80400D0B1EF
:107F2000FFE79DF80400012806D1FFE7002002F0DA
:107F3000A7F90099087005E0012002F0A1F9009965
:107F40000870FFE79DF8040001388DF804000098E0
:107F500001300090E1E702F05DFA00208DF80700A3
:107F6000FFE79DF8070002B080BD000080B594B027
:107F70000020009013901290119002A83C21F8F775
:107F80007DFA009940F2C810C2F2000001904FF053
:107F9000A04202604FF4403242608160C1600161E2
:107FA000012242610423836101774177026280F8F4
:107FB000241080F83810C16380F84010FBF746FCAD
:107FC00018B1FFE7FAF790F8FFE70020119040F2B0
:107FD000C810C2F2000011A9FBF71EF918B1FFE7A3
:107FE000FAF782F8FFE741F20000C3F26020029046
:107FF00009200390002004907F210591042106911F
:1080000007900A918DF82C008DF82D008DF82E0028
:10801000A0210C9180210D918DF8380040F2C810FC
:10802000C2F2000002A9FAF7C3F818B1FFE7FAF7A5
:108030005BF8FFE744F20000C3F6C020029040F274
:108040000F10039040F2C810C2F2000002A9FAF724
:10805000AFF818B1FFE7FAF747F8FFE740F600007E
:10806000C2F63060029040F21520039040F2C81032
:10807000C2F2000002A9FAF79BF818B1FFE7FAF77D
:1080800033F8FFE748F20000C3F6F060029040F2D8
:108090001B30039040F2C810C2F2000002A9FAF7A8
:1080A00087F818B1FFE7FAF71FF8FFE714B080BDB3
:1080B00080B586B0FFE741F24800C4F202000168D3
:1080C00041F004010160006800F00400059005988B
:1080D000FFE7FFE741F24800C4F20200016841F007
:1080E00001010160006800F0010004900498FFE7BE
:1080F0000D200190002202921146FCF795FD019897
:10810000FCF788FD029A0E2003901146FCF78CFDC7
:108110000398FCF77FFD06B080BD000080B582B0FB
:1081200040F2F420C2F20000019046F20041C4F295
:1081300000010160002141608160C16001744174EF
:1081400081744FF0180EC0F814E0012282614FF0E4
:10815000060CC0F81CC005230362C0F824E082624C
:10816000C0F82CC0036342638263C163FCF7ECF880
:1081700018B1FFE7F9F7B8FFFFE702B080BD0000D4
:1081800080B58CB000200B900A9009900890079061
:10819000FFE741F24C00C4F20200016841F0200107
:1081A0000160006800F0200006900698FFE7FFE7F6
:1081B00041F24C00C4F20200016841F0010101608B
:1081C000006800F0010005900598FFE7FFE741F225
:1081D0004C00C4F20200016841F004010160006833
:1081E00000F0040004900498FFE7FFE741F24C0020
:1081F000C4F20200016841F002010160006800F071
:10820000020003900398FFE74FF090400190D021C7
:1082100000220092FCF754FC00990198102207926A
:108220000122089209910A9107A90291FCF77CFAB0
:10823000009A01980299C023079311230893099289
:1082400003220A92FCF770FA0CB080BD80B59EB094
:10825000002001901D901C901B901A90199018906E
:1082600017901690159014901390129011901090F2
:1082700003A83421F8F702F9019940F25830C2F20C
:108280000000029042F60042C4F201020260416026
:10829000202282604FF46162C26001610322426168
:1082A0008161FEF72BF818B1FFE7F9F71DFFFFE733
:1082B0004FF480501A9040F25830C2F200001AA9D0
:1082C000FEF71AF918B1FFE7F9F70EFFFFE740F2E2
:1082D0005830C2F20000FEF7C1FC18B1FFE7F9F711
:1082E00003FFFFE7002017904FF400111891199039
:1082F00040F25830C2F2000017A9FDF79BFE18B1FA
:10830000FFE7F9F7F1FEFFE76020109000221192DD
:108310001292139214921592169240F25830C2F2B1
:10832000000010A9FEF7C2FB18B1FFE7F9F7DCFE69
:10833000FFE740F25830C2F2000010A90422FEF715
:10834000B5FB18B1FFE7F9F7CFFEFFE740F2583071
:10835000C2F2000010A90822FEF7A8FB18B1FFE73F
:10836000F9F7C2FEFFE7702010900120119040F253
:108370005830C2F2000010A90C22FEF797FB18B18A
:10838000FFE7F9F7B1FEFFE70020009003900490AB
:1083900005903221069107904FF400510891099001
:1083A0000A900B904FF000710C910D900E900F9071
:1083B00040F25830C2F2000003A9FDF797FD18B152
:1083C000FFE7F9F791FEFFE740F25830C2F20000F4
:1083D000FEF700FB1EB080BD80B588B00021009183
:1083E000079106910591049103910291019140F248
:1083F000A430C2F200004FF08042026040F29F526F
:108400004260816042F20F72C26001618161FDF7DA
:1084100075FF18B1FFE7F9F767FEFFE74FF48050EB
:10842000049040F2A430C2F2000004A9FEF764F800
:1084300018B1FFE7F9F758FEFFE70020019003901D
:1084400040F2A430C2F2000001A9FDF7F3FD18B11B
:10845000FFE7F9F749FEFFE708B080BD80B582B0BD
:1084600040F2F030C2F20000009043F60001C4F286
:10847000010101604FF4E13141600021019181600F
:10848000C16001610C2242618161C161016241628E
:108490008162FFF723F918B1FFE7F9F725FEFFE73F
:1084A00040F2F030C2F200000021FEF7F9FD18B1F1
:1084B000FFE7F9F719FEFFE740F2F030C2F20000E3
:1084C0000021FEF7A7FD18B1FFE7F9F70DFEFFE762
:1084D00040F2F030C2F20000FEF754FD18B1FFE7A1
:1084E000F9F702FEFFE702B080BD000080B582B060
:1084F00040F28440C2F20000009044F60001C4F251
:108500000001016049F20041C0F211014160002107
:1085100001918160C16001610C2242618161C16190
:10852000016241628162FFF7D9F818B1FFE7F9F7FC
:10853000DBFDFFE740F28440C2F200000021FEF7BD
:10854000AFFD18B1FFE7F9F7CFFDFFE740F2844038
:10855000C2F200000021FEF75DFD18B1FFE7F9F758
:10856000C3FDFFE740F28440C2F20000FEF70AFDBF
:1085700018B1FFE7F9F7B8FDFFE702B080BD0000D2
:10858000FFE7FEE7FFE7FEE788B007900691059258
:10859000079800F0070004900498C0F10700052830
:1085A00003D3FFE70420019004E00498C0F1070022
:1085B0000190FFE70198039004980430062803D83F
:1085C000FFE70020009003E0049803380090FFE7E5
:1085D0000098029006980399012202FA01F10139EC
:1085E0000840029B984005999A40013A114008437F
:1085F00008B0704784B003908DF80B108DED010A20
:108600009DF80B00012864D1FFE7039890ED031A51
:1086100090ED040A30EE410A80ED050A03980090BF
:1086200090ED000A90ED014A90ED021A90ED052AB6
:1086300090ED073A32EE435A20EE050A9DED015ABD
:1086400024EE054A24EE024A30EE040A33EE033AE1
:1086500032EE432A90ED063A32EE032A21EE021A58
:1086600030EE011A90ED080A30EE010A80ED080A9A
:108670000399C8698861039890ED031A90ED040A84
:1086800030EE410A80ED070A039890ED080A90ED5C
:10869000091AB4EE410AF1EE10FA04DDFFE703997E
:1086A000486A0862FFE7039890ED080A90ED091AFE
:1086B000B1EE411AB4EE410AF1EE10FA08DAFFE722
:1086C000039890ED090AB1EE400A80ED080AFFE731
:1086D0000DE00399002008610399C86003990862BE
:1086E00003994861039988610399C861FFE704B061
:1086F0007047000085B004908DED030ACDED020AAD
:108700008DED011ACDED001A0398049908600298C6
:108710000499486001980499886000980499486217
:1087200005B070477047000086B041F20C00C4F2FB
:108730000200016801F0030104910068C1B2012048
:1087400000EB1110029004980090022815D0FFE76A
:108750000098032812D1FFE7029941F20020C0F2ED
:108760007A00B0FBF1F041F20C01C4F20201096899
:10877000C1F306214843059011E0FFE7029942F258
:108780000040C0F2F400B0FBF1F041F20C01C4F281
:1087900002010968C1F3062148430590FFE741F251
:1087A0000C00C4F20200006800F0C061022000EB7F
:1087B0001160039005980399B0FBF1F001900198C6
:1087C00006B0704780B588B007908DED060ACDEDF4
:1087D000050A8DED041ACDED031A8DED022ACDEDBB
:1087E000012A0698079948630598079988630198B4
:1087F0000799C863079840309DED040ADDED030A30
:108800009FED0D1ADFED0D1AFFF774FF07986C301E
:108810009DED020ADDED010AFFF7F8FA0799002045
:10882000087007994860079988600799C860079998
:10883000086108B080BD00BF000000000000807F1C
:1088400080B59AB01990199890ED010A90ED071A29
:1088500030EE410A8DED170A199890ED020A90ED5D
:10886000081A30EE410A8DED180A1998C06B03F012
:1088700001FE41EC100B9FEDC81B53EC112B51EC8A
:10888000100B03F00BFC41EC100B51EC100B9FEDA7
:10889000C40B53EC102B0193009203F0A5FA41ECAA
:1088A000100B51EC100B9FEDC00B53EC102B03F091
:1088B000F3F941EC100B51EC100B03F0BBF91690DF
:1088C0001998C06B03F0D6FD009A019B41EC100B88
:1088D00051EC100B03F088FA41EC100B51EC100B2B
:1088E00003F0A8F915909DED161A199890ED012A3C
:1088F00090ED034A90ED093A90ED0D0A21EE021A2F
:108900009DED152A22EE044A31EE441A22EE032A86
:1089100031EE021A8DED031A90ED0F1A20EE010AC6
:108920008DED020A9DED170A02F00EF99DED021A77
:10893000B0EE402A9DED030A21EE021A30EE410A04
:108940008DED140A9DED161A199890ED022A90EDFE
:10895000044A90ED0A3A90ED0D0A21EE021A9DEDBF
:10896000152A22EE044A31EE441A22EE032A31EE91
:10897000021A8DED051A90ED0F1A20EE010A8DED09
:10898000040A9DED180A02F0DFF89DED041AB0EE1E
:10899000402A9DED050A21EE021A30EE410A8DEDC6
:1089A000130A199890ED0F1A90ED032A90ED044ADE
:1089B00090ED063A90ED0E0A23EE013A23EE043ACA
:1089C00032EE432A8DED072A20EE010A8DED060ACC
:1089D0009DED170A02F0B8F89DED061AB0EE402A98
:1089E0009DED070A21EE021A30EE010A8DED120A02
:1089F000199890ED0F1A90ED034A90ED042A90ED2E
:108A0000063A90ED0E0A23EE013A23EE043A32EED6
:108A1000032A8DED092A20EE010A8DED080A9DED4D
:108A2000180A02F091F89DED081AB0EE402A9DED6B
:108A3000090A21EE021A30EE010A8DED110A14988E
:108A40001999486013981999886012981999C86003
:108A5000119819990861199890ED030A90ED041A7C
:108A600020EE000A21EE011A30EE010A10EE100A83
:108A700003F000FD41EC100B51EC100B9FED4C0B83
:108A800053EC102B03F008F941EC100B51EC100BD8
:108A900003F0D0F800EE100A02F0BEFF8DED100AD0
:108AA000199890ED030A9DED101A80EE010A8DEDE4
:108AB0000F0A199890ED040A9DED101A80EE010A34
:108AC0008DED0E0A9DED0F0A8DED0A0A199890EDB5
:108AD000050A02F031FEB0EE401A9DED0A0A20EEC2
:108AE000010A8DED0C0A9DED0E0A8DED0B0A199809
:108AF00090ED050A02F0C8FE9DED0B1AB0EE402A7B
:108B00009DED0C0A21EE021A30EE010A8DED0D0AE0
:108B10001999002008650D981999C864199A02F1ED
:108B20004000117892ED0F0AFFF764FD1999086E65
:108B30008867199810F86C1BFFF742F91999D1F85A
:108B400080008861199890ED050A90ED0F2A90ED4C
:108B5000181A21EE021A30EE010A80ED050A199862
:108B600090ED050A0120DFED140A01F0A3FF19982A
:108B700080ED050A1998007820B9FFE71999086B6C
:108B80008861FFE71998007820B9FFE71999C86A4A
:108B90004861FFE71AB080BDB81E85EB51B8BEBF73
:108BA0002D431CEBE2360A3F000000000000F03FBE
:108BB0008DEDB5A0F7C6B03E000000007047000084
:108BC00080B582B0009000980138B0F1807F03D367
:108BD000FFE70120019019E0009801384EF21401DE
:108BE000CEF2000108604FF0FF300F2101F082FC4F
:108BF0004EF21801CEF20001002008604EF2100281
:108C0000CEF20002072111600190FFE7019802B047
:108C100080BD000080B5FBF76FFF80BD80B594B0CC
:108C200006A800903821F7F729FC00200590049051
:108C30000390029001904FF40070FCF715F8009833
:108C4000012206924FF48031079102210D910323F6
:108C50000E930F92242210921191062212921391D8
:108C6000FCF754FD18B1FFE7F9F73EFAFFE70F20D4
:108C7000019003200290002003900490059001A829
:108C80000421FCF703FB18B1FFE7F9F72DFAFFE722
:108C900014B080BD4EF68851CEF20001086840F451
:108CA000700008607047000080B540F2A430C2F246
:108CB0000000FDF70FFD80BD83B002900191029886
:108CC00000680090029842F60041C4F20101884217
:108CD0001DD0FFE70298B0F1804F18D0FFE702984F
:108CE00040F20041C4F20001884210D0FFE7029830
:108CF00040F60001C4F20001884208D0FFE7029864
:108D000043F20041C4F2010188420AD1FFE7009812
:108D100020F070000090019841680098084300908E
:108D2000FFE7029842F60041C4F20101884235D0C3
:108D3000FFE70298B0F1804F30D0FFE7029840F291
:108D40000041C4F20001884228D0FFE7029840F6B3
:108D50000001C4F20001884220D0FFE7029843F2EC
:108D60000041C4F20101884218D0FFE7029844F2A2
:108D70000001C4F20101884210D0FFE7029844F2DA
:108D80000041C4F20101884208D0FFE7029844F68E
:108D90000001C4F2010188420AD1FFE7009820F4E3
:108DA000407000900198C168009808430090FFE768
:108DB000009820F0800001994969084300900098CC
:108DC00002990860019880680299C8620198006859
:108DD00002998862029842F60041C4F20101884279
:108DE00020D0FFE7029843F20041C4F2010188421B
:108DF00018D0FFE7029844F20001C4F20101884252
:108E000010D0FFE7029844F20041C4F20101884209
:108E100008D0FFE7029844F60001C4F2010188423D
:108E200005D1FFE70198006902990863FFE70299FD
:108E30000120486102980069C00730B1FFE702993C
:108E4000086920F001000861FFE703B070470000E7
:108E500084B0039002910192029800F01F0101205A
:108E600088400090009A0399086A9043086201982C
:108E7000029901F01F0100FA01F20399086A1043F8
:108E8000086204B07047000084B003900291019220
:108E9000029800F00F01042088400090009A039986
:108EA000086A904308620198029901F00F0100FAE4
:108EB00001F20399086A1043086204B07047000089
:108EC00085B0049003910292019304988068009009
:108ED000009820F47F40009003980299019A41EA9B
:108EE000022101430098084300900098049988608B
:108EF00005B0704783B0029001910298806800909D
:108F000000984FF68F71CFF6CF710840009001980E
:108F10000099084340F0070000900098029988608B
:108F200003B0704785B0049003910498006A0190E3
:108F30000499086A20F001000862049840680090D3
:108F400004988069029002984FF68F71CFF6FE71F7
:108F500008400290029820F00300029003980168F4
:108F6000029808430290019820F0020001900398B3
:108F70008168019808430190049842F60041C4F2C8
:108F80000101884220D0FFE7049843F20041C4F277
:108F90000101884218D0FFE7049844F20001C4F2AE
:108FA0000101884210D0FFE7049844F20041C4F266
:108FB0000101884208D0FFE7049844F60001C4F29A
:108FC000010188420ED1FFE7019820F008000190CE
:108FD0000398C168019808430190019820F00400AB
:108FE0000190FFE7049842F60041C4F20101884273
:108FF00020D0FFE7049843F20041C4F20101884207
:1090000018D0FFE7049844F20001C4F2010188423D
:1090100010D0FFE7049844F20041C4F201018842F5
:1090200008D0FFE7049844F60001C4F20101884229
:1090300013D1FFE7009820F480700090009820F48E
:1090400000700090039841690098084300900398CD
:109050008169009808430090FFE7009804994860F0
:1090600002980499886103984068049948630198BC
:109070000499086205B0704785B004900391049884
:10908000006A01900499086A20F0100008620498B0
:1090900040680090049880690290029848F6FF7139
:1090A000CFF6FF6108400290029820F440700290D1
:1090B00003980168029840EA01200290019820F08C
:1090C0002000019003988168019840EA0110019006
:1090D000049842F60041C4F20101884229D0FFE71A
:1090E000049843F20041C4F20101884221D0FFE715
:1090F000049844F20001C4F20101884203D1FFE761
:109100000020B0B9FFE7049844F20041C4F2010125
:10911000884203D1FFE7002058B9FFE7049844F6DE
:109120000001C4F20101884212D1FFE7012078B9A1
:10913000FFE7019820F0800001900398C168019832
:1091400040EA01100190019820F040000190FFE7F3
:10915000049842F60041C4F20101884220D0FFE7A2
:10916000049843F20041C4F20101884218D0FFE79D
:10917000049844F20001C4F20101884210D0FFE7D4
:10918000049844F20041C4F20101884208D0FFE78C
:10919000049844F60001C4F20101884215D1FFE7AA
:1091A000009820F480600090009820F40060009007
:1091B00003984169009840EA810000900398816912
:1091C000009840EA81000090FFE700980499486009
:1091D000029804998861039840680499886301980B
:1091E0000499086205B0704785B004900391049813
:1091F000006A01900499086A20F48070086204985B
:10920000406800900498C069029002984FF68F71F0
:10921000CFF6FE7108400290029820F00300029001
:1092200003980168029808430290019820F40070A6
:10923000019003988168019840EA01200190049808
:1092400042F60041C4F20101884229D0FFE70498A8
:1092500043F20041C4F20101884221D0FFE70498A3
:1092600044F20001C4F20101884203D1FFE700206B
:10927000B0B9FFE7049844F20041C4F2010188420A
:1092800003D1FFE7002058B9FFE7049844F6000136
:10929000C4F20101884212D1FFE7012078B9FFE74B
:1092A000019820F4006001900398C168019840EA99
:1092B00001200190019820F480600190FFE704985C
:1092C00042F60041C4F20101884220D0FFE7049831
:1092D00043F20041C4F20101884218D0FFE704982C
:1092E00044F20001C4F20101884210D0FFE7049863
:1092F00044F20041C4F20101884208D0FFE704981B
:1093000044F60001C4F20101884215D1FFE700983C
:1093100020F480500090009820F4005000900398B2
:109320004169009840EA0110009003988169009813
:1093300040EA01100090FFE7009804994860029805
:109340000499C861039840680499C8630198049916
:10935000086205B07047000085B00490039104983E
:10936000006A01900499086A20F480500862049809
:10937000406800900498C0690290029848F6FF7116
:10938000CFF6FF6108400290029820F440700290EE
:1093900003980168029840EA01200290019820F4A5
:1093A0000050019003988168019840EA01300190D3
:1093B000049842F60041C4F20101884229D0FFE737
:1093C000049843F20041C4F20101884221D0FFE732
:1093D000049844F20001C4F20101884203D1FFE77E
:1093E0000020B0B9FFE7049844F20041C4F2010143
:1093F000884203D1FFE7002058B9FFE7049844F6FC
:109400000001C4F20101884212D1FFE7012078B9BE
:10941000FFE7019820F4004001900398C16801988B
:1094200040EA01300190019820F480400190FFE76C
:10943000049842F60041C4F20101884220D0FFE7BF
:10944000049843F20041C4F20101884218D0FFE7BA
:10945000049844F20001C4F20101884210D0FFE7F1
:10946000049844F20041C4F20101884208D0FFE7A9
:10947000049844F60001C4F20101884215D1FFE7C7
:10948000009820F480400090009820F40040009064
:1094900003984169009840EA81100090039881691F
:1094A000009840EA81100090FFE700980499486016
:1094B00002980499C8610398406804990864019867
:1094C0000499086205B0704785B004900391049830
:1094D000006A01900499086A20F4803008620498B8
:1094E000406800900498006D029002984FF68F71CA
:1094F000CFF6FE7108400290039801680298084375
:109500000290019820F4003001900398816801983E
:1095100040EA01400190049842F60041C4F2010182
:10952000884220D0FFE7049843F20041C4F20101D1
:10953000884218D0FFE7049844F20001C4F2010108
:10954000884210D0FFE7049844F20041C4F20101C0
:10955000884208D0FFE7049844F60001C4F20101F4
:1095600088420BD1FFE7009820F4803000900398E8
:109570004169009840EA01200090FFE700980499B3
:1095800048600298049908650398406804998864C3
:1095900001980499086205B07047000085B00490F6
:1095A00003910498006A01900499086A20F48010DD
:1095B00008620498406800900498006D0290029838
:1095C00048F6FF71CFF6FF610840029003980168EA
:1095D000029840EA01200290019820F400100190C6
:1095E00003988168019840EA01500190049842F67E
:1095F0000041C4F20101884220D0FFE7049843F201
:109600000041C4F20101884218D0FFE7049844F2F7
:109610000001C4F20101884210D0FFE7049844F22F
:109620000041C4F20101884208D0FFE7049844F6E3
:109630000001C4F2010188420BD1FFE7009820F439
:109640008020009003984169009840EA81200090B2
:10965000FFE7009804994860029804990865039808
:1096600040680499C86401980499086205B070477D
:1096700085B00490039102920498006A00900499C6
:10968000086A20F00100086204988069019001983E
:1096900020F0F00001900299019840EA0110019039
:1096A000009820F00A000090039900980843009069
:1096B00001980499886100980499086205B0704780
:1096C00085B00490039102920498006A0090049976
:1096D000086A20F0100008620498806901900198DF
:1096E00020F4704001900299019840EA0130019005
:1096F000009820F0A00000900399009840EA011023
:10970000009001980499886100980499086205B056
:109710007047000082B001900198406E40B9FFE7A9
:1097200001990120A1F86A000199A1F8680032E0CE
:1097300008208DF803008DF8020001980068806809
:10974000C0F342608DF80100019800688068400F06
:109750008DF800009DF802009DF800204CF2D063C7
:10976000C0F60003995C48434CF2C861C0F60001A2
:109770008A5CB0FBF2F0019AA2F86A009DF803003F
:109780009DF801209B5C5843895CB0FBF1F0019986
:10979000A1F86800FFE702B07047000081B00090B8
:1097A000009890F82800000700280BD5FFE70098E4
:1097B0000068406820F40040009A1168926B1043E2
:1097C0004860FFE7009890F82800C00758B1FFE70D
:1097D00000980068406820F40030009A1168D26A4E
:1097E00010434860FFE7009890F8280080070028A1
:1097F0000BD5FFE700980068406820F48030009A9D
:109800001168126B10434860FFE7009890F8280039
:10981000400700280BD5FFE700980068406820F457
:109820008020009A1168526B10434860FFE700984F
:1098300090F82800C00600280BD5FFE700980068C4
:10984000806820F48050009A1168D26B10438860C1
:10985000FFE7009890F82800800600280BD5FFE766
:1098600000980068806820F40050009A1168126C1B
:1098700010438860FFE7009890F828004006002811
:109880001CD5FFE700980068406820F48010009A1B
:109890001168526C104348600098406CB0F5801F0E
:1098A0000BD1FFE700980068406820F4C000009AE0
:1098B0001168926C10434860FFE7FFE7009890F84A
:1098C0002800000600280BD5FFE7009800684068D4
:1098D00020F40020009A1168D26C10434860FFE722
:1098E00001B0704780B588B0069006990020C1F895
:1098F0009000FBF7FBF805900698006800680007E9
:1099000000282FD5FFE70698059B6A466FF07E4139
:1099100011604FF40011002200F0C2FB08B3FFE712
:10992000FFE7FFE70698006850E8000F20F080008E
:109930000490FFE704990698026842E800100028A6
:10994000F0D1FFE7FFE706992020C1F88800FFE784
:109950000699002081F88400FFE703208DF81F009E
:109960005FE0FFE70698006800684007002842D5DE
:10997000FFE70698059B6A466FF07E4111604FF441
:109980008001002200F08CFBA0B3FFE7FFE7FFE7B8
:109990000698006850E8000F20F490700390FFE7ED
:1099A00003990698026842E800100028F0D1FFE70A
:1099B000FFE7FFE7FFE70698006850E8020F20F096
:1099C00001000290FFE702990698026842E802103F
:1099D0000028F0D1FFE7FFE706992020C1F88C00AE
:1099E000FFE70699002081F88400FFE703208DF847
:1099F0001F0016E0FFE706992020C1F888000699AD
:109A0000C1F88C0006990020C86606990867FFE730
:109A10000699002081F88400FFE700208DF81F00E0
:109A2000FFE79DF81F0008B080BD000080B582B040
:109A300001900198806A009000990020A1F85E00D2
:109A40000098FDF77BFB02B080BD000084B003905E
:109A5000FFE7FFE70398006850E8000F20F49070DC
:109A60000290FFE702990398026842E8001000287C
:109A7000F0D1FFE7FFE7FFE7FFE70398006850E852
:109A8000020F4FF6FE71CEF6FF7108400190FFE71E
:109A900001990398026842E802100028EDD1FFE71F
:109AA000FFE70398C06E012814D1FFE7FFE7FFE747
:109AB0000398006850E8000F20F010000090FFE7C6
:109AC00000990398026842E800100028F0D1FFE7EF
:109AD000FFE7FFE703992020C1F88C0003990020DD
:109AE000C8660399486704B07047000080B582B02B
:109AF0000190FFE7FFE70198006850E8000F20F0B1
:109B000040000090FFE700990198026842E80010C9
:109B10000028F0D1FFE7FFE701992020C1F8880075
:109B20000199002088670198FDF7BAFF02B080BD57
:109B300080B592B0119000208DF837001198006820
:109B400048F20001C4F20001884201D1FFE700E0C1
:109B5000FFE7119988680B694A69C969184310437E
:109B60000843109011980068006846F6F311CCF68F
:109B7000FF7108401099084311990968086011980D
:109B80000068406820F44050119A1168D268104370
:109B900048601198806910901198006848F200019F
:109BA000C4F20001884206D0FFE71198016A1098BC
:109BB00008431090FFE71198006880684FF2FF415A
:109BC000C1F2FF1108401099084311990968886093
:109BD00011980068C06A20F00F00119A1168526A4B
:109BE0001043C862FFE71198006843F60001C4F211
:109BF0000101884225D1FFE741F28800C4F202004A
:109C0000006800F0030001460A91032814D80A995D
:109C1000DFE801F0020A060E01208DF83D000FE09A
:109C200002208DF83D000BE004208DF83D0007E098
:109C300008208DF83D0003E010208DF83D00FFE77F
:109C4000DCE01198006844F20041C4F2000188424F
:109C50002AD1FFE741F28800C4F20200006800F058
:109C60000C00014609910C2819D80999DFE801F088
:109C7000071717170F1717170B17171713000020C1
:109C80008DF83D000FE002208DF83D000BE0042030
:109C90008DF83D0007E008208DF83D0003E010201E
:109CA0008DF83D00FFE7A8E01198006844F6000138
:109CB000C4F2000188422CD1FFE741F28800C4F2CF
:109CC0000200006800F030000146089160B1FFE733
:109CD0000898102810D0FFE70898202808D0FFE740
:109CE000089830280CD00FE000208DF83D000FE0E0
:109CF00002208DF83D000BE004208DF83D0007E0C8
:109D000008208DF83D0003E010208DF83D00FFE7AE
:109D100072E01198006844F60041C4F200018842E4
:109D20002CD1FFE741F28800C4F20200006800F085
:109D3000C0000146079160B1FFE70798402810D0A6
:109D4000FFE70798802808D0FFE70798C0280CD0C5
:109D50000FE000208DF83D000FE002208DF83D005F
:109D60000BE004208DF83D0007E008208DF83D0051
:109D700003E010208DF83D00FFE73CE011980068FB
:109D800048F20001C4F2000188422FD1FFE741F2FE
:109D90008800C4F20200006800F4406001460691A9
:109DA00078B1FFE70698B0F5806F12D0FFE706980C
:109DB000B0F5006F09D0FFE70698B0F5406F0CD002
:109DC0000FE000208DF83D000FE002208DF83D00EF
:109DD0000BE004208DF83D0007E008208DF83D00E1
:109DE00003E010208DF83D00FFE703E010208DF820
:109DF0003D00FFE7FFE7FFE7FFE7FFE7FFE7119819
:109E0000006848F20001C4F20001884240F07E8000
:109E1000FFE79DF83D0001460591082819D80599EE
:109E2000DFE801F0051709170F1717171300FBF7E5
:109E3000C7FB0B9013E042F20040C0F2F4000B901D
:109E40000DE0FBF7E5FB0B9009E04FF400400B90B1
:109E500005E000200B9001208DF83700FFE70B98FC
:109E6000002852D0FFE70B9811994A6A4CF2D8614A
:109E7000C0F6000131F81210B0FBF1F00C900C9814
:109E80001199496801EB4101884207D3FFE70C981B
:109E900011994968B0EB013F04D9FFE701208DF823
:109EA000370031E00B9811994A6803924A6A4CF2E4
:109EB000D861C0F6000131F812200023049319463E
:109EC000F6F758FA039A049B090241EA106100026E
:109ED00010EB520041F10001F6F74CFA0E900E988B
:109EE000B0F5407F0BD3FFE70E990020B0EB115F78
:109EF00005D1FFE70E9811990968C86003E00120B9
:109F00008DF83700FFE7FFE7FFE7B9E01198C06978
:109F1000B0F5004F61D1FFE79DF83D000146029189
:109F200008281DD80299DFE801F005090D1B131B55
:109F30001B1B1700FBF744FB0B9017E0FBF754FBD0
:109F40000B9013E042F20040C0F2F4000B900DE0E1
:109F5000FBF75EFB0B9009E04FF400400B9005E02F
:109F600000200B9001208DF83700FFE70B9898B385
:109F7000FFE70B98119A5168536A4CF2D862C0F609
:109F8000000232F81320B0FBF2F0400000EB510069
:109F9000B0FBF1F00E900E98102818D3FFE7BDF833
:109FA0003A00A0B9FFE70E9820F00F00ADF83E0090
:109FB0000E9800F00E01BDF83E0040EA5100ADF8E9
:109FC0003E00BDF83E0011990968C86003E0012019
:109FD0008DF83700FFE7FFE751E09DF83D000146AF
:109FE000019108281DD80199DFE801F005090D1B32
:109FF000131B1B1B1700FBF7E3FA0B9017E0FBF793
:10A00000F3FA0B9013E042F20040C0F2F4000B9020
:10A010000DE0FBF7FDFA0B9009E04FF400400B90C8
:10A0200005E000200B9001208DF83700FFE70B982A
:10A0300020B3FFE70B98119A5168536A4CF2D8622B
:10A04000C0F6000232F81320B0FBF2F000EB510032
:10A05000B0FBF1F00E900E9810280AD3FFE7BDF880
:10A060003A0030B9FFE7BDF8380011990968C860B7
:10A0700003E001208DF83700FFE7FFE7FFE7FFE788
:10A0800011990120A1F86A001199A1F868001199AD
:10A0900000204867119988679DF8370012B080BD8D
:10A0A00080B586B0DDF820C0049003918DF80B20B8
:10A0B0000193FFE704980068C06903990840401ABB
:10A0C000B0FA80F040099DF80B10884266D1FFE796
:10A0D00008980130002860D0FFE7FAF707FD0199E2
:10A0E000401A0899884203D8FFE7089820B9FFE78B
:10A0F00003208DF8170055E00498006800684007B9
:10A10000002849D5FFE70398802845D0FFE703984A
:10A11000402841D0FFE704980068C06900F00801BA
:10A120000120B0EBD10F16D1FFE704980168082099
:10A13000009008620498FFF789FC00980499C1F820
:10A140009000FFE70499002081F88400FFE70120D8
:10A150008DF8170026E004980068C06900F40061DB
:10A160000120B0EBD12F16D1FFE7049801684FF41E
:10A17000006008620498FFF769FC04992020C1F888
:10A180009000FFE70499002081F88400FFE7032096
:10A190008DF8170006E0FFE7FFE78BE700208DF85A
:10A1A0001700FFE79DF8170006B080BD80B540F2AC
:10A1B0008440C2F20000FCF7C5FF80BDFFE7FEE768
:10A1C00080B5FFE74FF0904040210022FAF778FC7D
:10A1D000FFE700F01DF8FFE74FF0904080210122DB
:10A1E000FAF76EFCFFE700F013F8FFE74FF090403E
:10A1F00080210022FAF764FCFFE700F009F8FFE78E
:10A200004FF0904040210122FAF75AFCFFE780BD51
:10A2100081B000208DF80300FFE79DF803000028BF
:10A2200007DCFFE7FFE79DF8030001308DF803002E
:10A23000F3E701B07047000080B500F0EBF880BD97
:10A2400080B5FFE74FF0904040210122FAF738FC3B
:10A25000FFE7FFF7DDFFFFE74FF09040802101228D
:10A26000FAF72EFCFFE7FFF7D3FFFFE74FF0904030
:10A2700080210022FAF724FCFFE7FFF7C9FF80BD29
:10A2800080B582B08DF8070000208DF805008DF8AC
:10A290000600FFE79DF8060007282DDCFFE79DF884
:10A2A000050040008DF80500FFE74FF09040802149
:10A2B0000122FAF705FCFFE7FFF7AAFF4FF09040F5
:10A2C0004021FAF7E5FB30B1FFE79DF805000130CA
:10A2D0008DF80500FFE7FFE74FF090408021002256
:10A2E000FAF7EEFBFFE7FFF793FFFFE79DF80600A5
:10A2F00001308DF80600CDE79DF8070018B9FFE79B
:10A30000FFF79EFF02E0FFF75BFFFFE79DF8050008
:10A3100002B080BD80B582B08DF8070000208DF8B6
:10A320000600FFE79DF80600072848DCFFE79DF8D8
:10A3300007000006002809D5FFE7FFE74FF090402F
:10A3400040210122FAF7BCFBFFE708E0FFE74FF0EE
:10A35000904040210022FAF7B3FBFFE7FFE7FFF749
:10A3600057FFFFE74FF0904080210122FAF7A8FB4A
:10A37000FFE7FFF74DFFFFE74FF0904080210022FD
:10A38000FAF79EFBFFE79DF80600072809D1FFE7D3
:10A39000FFE74FF0904040210122FAF791FBFFE7E1
:10A3A000FFE79DF8070040008DF80700FFF730FF3A
:10A3B000FFE79DF8060001308DF80600B2E702B015
:10A3C00080BD000080B5FFE74FF0904040210122A2
:10A3D000FAF776FBFFE7FFE74FF09040802101227C
:10A3E000FAF76EFBFFE7FFF713FFFFE74FF0904030
:10A3F00040210022FAF764FBFFE7FFF709FFFFE7C0
:10A400004FF0904080210022FAF75AFBFFE7FFF758
:10A41000FFFE80BD80B5FFE74FF090404021002255
:10A42000FAF74EFBFFE7FFE74FF090408021012253
:10A43000FAF746FBFFE7FFF7EBFEFFE74FF0904030
:10A4400040210122FAF73CFBFFE780BD80B582B0D6
:10A45000FFE74FF0904040210122FAF731FBFFE780
:10A46000FFF7D6FEFFE74FF0904080210122FAF778
:10A4700027FBFFE7FFF7CCFE4FF090404021FAF7B3
:10A4800007FB20B1FFE701208DF8070003E0002063
:10A490008DF80700FFE7FFE74FF090408021002292
:10A4A000FAF70EFBFFE7FFF7B3FE9DF8070002B0D7
:10A4B00080BD000081B08DF803009DF903000028E5
:10A4C0000ED4FFE79DF9031001F01F020120904018
:10A4D0004A094EF20011CEF2000141F82200FFE7D6
:10A4E00001B070474EF60C50CEF200000068C0F389
:10A4F0000220704782B08DF8070000919DF9070097
:10A5000000280AD4FFE7009800019DF907104EF2D9
:10A510000042CEF2000288540BE0009800019DF842
:10A52000071001F00F014EF61452CEF200028854CB
:10A53000FFE702B07047000083B00290029800F07D
:10A54000070000904EF60C51CEF200010868019011
:10A5500001984FF6FF02104001900198009A40EADE
:10A5600002200022C0F2FA521043019001980860C4
:10A5700003B0704780B586B005900491059890EDC2
:10A58000000A90ED013A90ED021AB6EE002A23EE91
:10A59000023A30EE430A21EE021A30EE410A9FEDF4
:10A5A0001D1A8DED021A20EE010A049880ED000AB2
:10A5B000B0EE080A8DED000A01F02EFAB0EE401A56
:10A5C0009DED000AB0EE002A8DED012A81EE021AFF
:10A5D000059890ED012A21EE021A8DED031A01F083
:10A5E0001BFA9DED013A9DED021AB0EE402A9DED59
:10A5F000030A82EE032A059890ED023A22EE032A1E
:10A6000030EE420A20EE010A049880ED010A06B0FD
:10A6100080BD00BFABAA2A3F80B588B007900691E5
:10A620008DED050A9DED050A01F086F8079890ED7D
:10A63000001A20EE010A8DED000A9DED050A9FED3E
:10A64000351A8DED021A30EE410A01F075F89DEDD4
:10A65000021AB0EE402A9DED000A079890ED013AEB
:10A6600022EE032A30EE020A8DED010A9DED050A65
:10A6700030EE010A01F060F8B0EE401A9DED010ADB
:10A68000079890ED022A21EE021A30EE010A9FEDA2
:10A69000221A20EE010A069880ED000A9DED050AB7
:10A6A00001F0F2F89DED021A079890ED002A20EED5
:10A6B000020A8DED030A9DED050A30EE410A01F014
:10A6C000E3F89DED021AB0EE402A9DED030A0798CB
:10A6D00090ED013A22EE032A30EE020A8DED040AD3
:10A6E0009DED050A30EE010A01F0CEF8B0EE401AF9
:10A6F0009DED040A079890ED022A21EE021A30EE31
:10A70000010A9FED061A20EE010A069880ED010A63
:10A7100008B080BD920A0640ABAA2A3FABAA2ABF66
:10A7200080B588B0079006918DED050A9DED050A6C
:10A7300001F002F8079890ED001A20EE010A8DED65
:10A74000010A9DED050A01F09FF8B0EE401A9DED5B
:10A75000010A079890ED012A21EE021A30EE410A13
:10A76000069880ED000A9DED050A9FED261A8DEDF5
:10A77000031A30EE410A00F0DFFF9DED031A07983F
:10A7800090ED002A20EE020A8DED020A9DED050AE9
:10A7900030EE410A01F078F89DED031AB0EE402A40
:10A7A0009DED020A079890ED013A22EE032A30EE61
:10A7B000420A069880ED010A9DED050A30EE010A75
:10A7C00000F0BAFF9DED031A079890ED002A20EEE5
:10A7D000020A8DED040A9DED050A30EE010A01F032
:10A7E00053F8B0EE401A9DED040A079890ED012A47
:10A7F00021EE021A30EE410A069880ED020A08B0F6
:10A8000080BD00BF920A064080B58AB009908DEDE8
:10A81000080A0791099890ED000A8DED000AD0ED25
:10A82000010A90ED021A00F0B5F8B0EE402A9DED55
:10A83000000AB6EE001A8DED021A22EE012A30EE61
:10A84000020A8DED060A9DED060A9DED082A80EEAE
:10A85000020A30EE010A079880ED000A099890ED8F
:10A86000000AD0ED010ACDED010A90ED021A00F0C8
:10A8700091F89DED021AB0EE402A9DED010A22EEFC
:10A88000012A30EE020A8DED050A9DED050A9DEDC7
:10A89000082A80EE020A30EE010A079880ED010ACC
:10A8A000099890ED000AD0ED010A90ED021A8DEDA5
:10A8B000031A00F06FF89DED021AB0EE402A9DEDEC
:10A8C000030A22EE012A30EE020A8DED040A9DED04
:10A8D000040A9DED082A80EE020A30EE010A07986C
:10A8E00080ED020A0AB080BD80B584B00390029169
:10A8F00003988DF8070040F28440C2F200000DF189
:10A90000070101224FF0FF33FDF72EF8039804B042
:10A9100080BD000084B08DED030ACDED020A8DEDFF
:10A92000011A002000909DED030A9DED021AB4EE7D
:10A93000410AF1EE10FA0DDBFFE79DED030A9DEDF4
:10A94000011AB4EE410AF1EE10FA03DBFFE70398B7
:10A9500000901AE09DED020A9DED031AB4EE410A43
:10A96000F1EE10FA0DDBFFE79DED020A9DED011AF5
:10A97000B4EE410AF1EE10FA03DBFFE70298009013
:10A9800002E001980090FFE7FFE79DED000A04B0A8
:10A990007047000080B586B08DED050ACDED040A44
:10A9A0008DED031A002002909DED050ADDED040AED
:10A9B00030EE202A9DED031A32EE012A8DED002A99
:10A9C000FFF7A8FFB0EE401A9DED000A30EE410AF5
:10A9D0008DED010A9DED050ADDED040A9DED031ADA
:10A9E00000F00CF8B0EE401A9DED010A30EE410A7D
:10A9F0008DED020A9DED020A06B080BD84B08DED9A
:10AA0000030ACDED020A8DED011A002000909DEDA4
:10AA1000030A9DED021AB4EE410AF1EE10FA0DDCC4
:10AA2000FFE79DED030A9DED011AB4EE410AF1EE38
:10AA300010FA03DCFFE7039800901AE09DED020A8C
:10AA40009DED031AB4EE410AF1EE10FA0DDCFFE7BA
:10AA50009DED020A9DED011AB4EE410AF1EE10FAE5
:10AA600003DCFFE70298009002E001980090FFE706
:10AA7000FFE79DED000A04B07047000080B582B08A
:10AA800000200190FAF746F8FEF7C8F8FDF778FBCA
:10AA9000FDF70EFBFDF7DAFBFDF768FAFDF7DEFCCC
:10AAA000FDF73CFBFDF722FDFDF796FC00F082F878
:10AAB000FFE7FEE785B004908DED030ACDED020AB5
:10AAC0009DED040AB8EEC00A9DED031A20EE010ABE
:10AAD0009DED021A30EE410A8DED010A01980090B9
:10AAE000FFE79DED000A9FED141AB4EE410AF1EE66
:10AAF00010FA09DAFFE79DED000A9FED121A30EE19
:10AB0000010A8DED000AECE7FFE79DED000A9FEDDD
:10AB10000B1AB4EE410AF1EE10FA09DDFFE79DEDE4
:10AB2000000A9FED071A30EE010A8DED000AECE7EE
:10AB30009DED000A05B07047DB0F49C0DB0F4940AF
:10AB4000DB0FC9C0DB0FC94083B08DED010A4CF6A5
:10AB5000CD40C3F6CC5000909DED010A9FED131A35
:10AB6000B4EE410AF1EE10FA04DDFFE74FF07E503B
:10AB7000029017E09DED010A9FED0D1AB4EE410A17
:10AB8000F1EE10FA05DAFFE70020CBF680700290B4
:10AB900008E09DED010A9FED051A80EE010A8DED9A
:10ABA000020AFFE79DED020A03B07047CDCCCC3D11
:10ABB000CDCCCCBD80B5AEB040F26450C2F2000046
:10ABC0009FEDD70ADFEDD70ACDED260A9FEDD61A05
:10ABD0008DED281ADFEDD51ACDED271AFDF78AFD88
:10ABE000DDED260ADDED271A9DED281A40F2905082
:10ABF000C2F200009FEDCE0AFDF77CFD9DED281A04
:10AC000040F24060C2F200009FEDCA0ADFEDCA0ABE
:10AC1000F0EE001ACDED291AFDF76CFD40F22C5034
:10AC2000C2F200009FEDC50A8DED2A0ADFEDC40ACD
:10AC3000CDED2B0AFDF7EAF89DED2A0ADDED2B0A92
:10AC400040F24450C2F20000FDF7E0F89DED290A01
:10AC5000DDED2A0ADDED2B2A40F2BC50C2F20000E5
:10AC60009FEDB81ADFEDB81AB2EE042AFDF7AAFD7F
:10AC700040F2A810C2F20000072101229FEDB30AA2
:10AC8000F7F71CFA40F2C810C2F200002D900268DB
:10AC90002021116001680420086040F25830C2F29F
:10ACA00000002C90FBF7BCFB2C980C21FCF732F831
:10ACB0002D98F8F7ABF9FFE740F27260C2F200009E
:10ACC000007820B9FFE70120F9F7B2F9F4E740F284
:10ACD0005830C2F20000259000212291FCF71AF8AA
:10ACE000259804212391FCF715F825980821249133
:10ACF000FCF710F822992598FBF73CFA2399259840
:10AD0000FBF738FA24992598FBF734FAFFE740F26D
:10AD10007160C2F20000007801462191052800F21E
:10AD2000FC802199DFE801F003386D8FB1D540F246
:10AD30009C11C2F2000108684A68189289681A9149
:10AD400001F098FB0246189819920A46199942ECAC
:10AD5000101B8DED1E0B01F08DFB02461A981B9205
:10AD60000A461B9942EC101B8DED1C0B01F082FB77
:10AD70009DED1C1B9DED1E0B41EC120B684680EDFA
:10AD8000022B80ED001B53EC102B4CF20070C0F630
:10AD90000000F5F767FBC1E040F21851C2F2000174
:10ADA00008684A6810928968129101F063FB0246B4
:10ADB000109811920A46119942EC101B8DED160B5A
:10ADC00001F058FB0246129813920A46139942EC7E
:10ADD000101B8DED140B01F04DFB9DED141B9DED33
:10ADE000160B41EC120B684680ED022B80ED001B28
:10ADF00053EC102B4CF2F060C0F60000F5F732FB7C
:10AE00008CE040F22C50C2F20000406901F032FBAD
:10AE100041EC100B8DED0E0B40F2BC50C2F2000065
:10AE2000406801F027FB9DED0E0B41EC110B6846CD
:10AE300080ED001B53EC102B4CF21070C0F600009C
:10AE4000F5F710FB6AE040F24450C2F2000040699E
:10AE500001F010FB41EC100B8DED0C0B40F2BC50DF
:10AE6000C2F20000806801F005FB9DED0C0B41EC87
:10AE7000110B684680ED001B53EC102B4CF2247034
:10AE8000C0F60000F5F7EEFA48E040F2BC50C2F21E
:10AE9000000041690891C06A01F0ECFA0246089886
:10AEA00009920A46099942EC101B8DED0A0B01F03C
:10AEB000E1FA9DED0A0B41EC110B684680ED001B99
:10AEC00053EC102B4CF23770C0F60000F5F7CAFABD
:10AED00024E040F2BC50C2F2000081690491006B92
:10AEE00001F0C8FA0246049805920A46059942EC18
:10AEF000101B8DED060B01F0BDFA9DED060B41EC2C
:10AF0000110B684680ED001B53EC102B4CF2377090
:10AF1000C0F60000F5F7A6FA00E0FFE7F7E600BF8D
:10AF2000B537783C675BA44200000000D8B3DD4031
:10AF30000D349F3CA4C40E3D65E4003F0000C842B0
:10AF400017B7D13800401C4600409C46C499414088
:10AF50005FEA400C08BF91F0000F4FEA8C234FEAE4
:10AF6000C12243EA51514FEA1C5018BF00F5F0408E
:10AF70004FEA300018BF41F000415FEA6C5C00F01E
:10AF80002980BCF1FF3F08BF40F080407047130CA0
:10AF900006BF12044FF0100C4FF0000C130E04BF4C
:10AFA00012020CF1080C130F04BF12010CF1040C77
:10AFB000930F04BF92000CF1020CD30F04BF520098
:10AFC0000CF1010C11464FF00002A0F11F00A0EBA4
:10AFD0000C00704711F0004F08BF704731F000417E
:10AFE0003FF4D5AF0B0C06BF09044FF0100C4FF027
:10AFF000000C0B0E04BF09020CF1080C0B0F04BF70
:10B0000009010CF1040C8B0F04BF89000CF1020C38
:10B01000CB0F04BF49000CF1010CCCF1200322FA44
:10B0200003F341EA030102FA0CF2A0EB0C0000F179
:10B030000100704723F07F4720F07F4C80EA030037
:10B0400000F00040ACEB070303F57C5303F1FF0372
:10B050002DE9804909B44FEA144324EA03484FEA32
:10B06000154B25EA0B4E0FF2042606EB13273E780C
:10B0700003FB0667C7F5000707FB06F64FEAD6464F
:10B0800006F102064FEA543707FB066CCCF1005C70
:10B090004FEA1C472CEA074C0CFB06F507FB06F4AD
:10B0A00004EB15464FEA961649085FEA320234BFB0
:10B0B00000204FF000404FEAD13706FB07FC4FEA73
:10B0C0001C4C0CFB0BF7D21B03FB0CF761EB0701CD
:10B0D0000CFB0EF7B0EB074072EB17420CFB08F7C6
:10B0E00034BFA2EB0742B2EB074261EB17414FEAD4
:10B0F0000C444FEA910706FB07FC4FEA1C4C0CFB83
:10B100000BF7B0EBC74072EB573203FB0CF734BFC1
:10B11000A2EBC742B2EBC74261EB57310CFB0EF713
:10B12000B0EBC70072EB57720CFB08F734BFA2EB11
:10B13000C702B2EBC70261EB57714FEA816141EA86
:10B1400092114FEA826242EA90124FEA806004EB69
:10B15000CC04039F4FEAD13706FB07FC4FEA1C4C97
:10B160000CFB0BF7D21B03FB0CF761EB07010CFB8D
:10B170000EF7B0EB074072EB17420CFB08F734BF39
:10B18000A2EB0742B2EB074261EB17414FEA8C5545
:10B1900004EB9C244FEA910706FB07FC4FEA1C4C8A
:10B1A0000CFB0BF7B0EBC74072EB573203FB0CF70D
:10B1B00034BFA2EBC742B2EBC74261EB57310CFB85
:10B1C0000EF7B0EBC70072EB57720CFB08F734BFF9
:10B1D000A2EBC702B2EBC70261EB57714FEA816184
:10B1E00041EA92114FEA826242EA90124FEA80608D
:10B1F00015EB4C2544F100044FEAD13706FB07FC60
:10B200004FEA1C4C0CFB0BF7D21B03FB0CF761EB5A
:10B2100007010CFB0EF7B0EB074072EB17420CFB7B
:10B2200008F734BFA2EB0742B2EB074261EB1741CC
:10B230004FEA813141EA92414FEA823242EA90423A
:10B240004FEA80304FEA0C7615EB1C1544F10004F0
:10B2500048EA03434EEA0B484FF0000EB2EB080CED
:10B2600071EB030724BF624639464EEB0E0E4FF0DA
:10B27000000B0018524149414BEB0B0BB2EB080C91
:10B2800071EB03077BF1000B24BF624639464EEB9E
:10B290000E0E4FF0000B0018524149414BEB0B0BC7
:10B2A000B2EB080C71EB03077BF1000B24BF624685
:10B2B00039464EEB0E0E51EA020718BF46F0010662
:10B2C00016EB0E7655F1000254F1000103D5BDE8EE
:10B2D0008901BDE80088BDE88901BDE80048B619CC
:10B2E000524141EB0101A3F10103704780807F7E51
:10B2F0007D7C7B7A797877767675747372717170EC
:10B300006F6E6E6D6C6C6B6A6A696868676666659D
:10B310006464636362616160605F5F5E5E5D5D5C2B
:10B320005C5B5B5A5A59595858575756565555559C
:10B330005454535352525251515050504F4F4F4EFC
:10B340004E4D4D4D4C4C4C4B4B4B4A4A4A4949494A
:10B35000484848474747474646464545454444448C
:10B360004443434343424242424141419C46002BB5
:10B3700030D477002BD04FEA37071CB503B44FF019
:10B3800010004FF01001BAF1000F06D0BCF1000F11
:10B39000DCBF40F0080040F008014FF000000FBC97
:10B3A000BDE810400BF1010BBBF1010F08BF5FEAD4
:10B3B000170722BF12F1010211F101014FF0004104
:10B3C00043F1000300F0004043EA00007047F9D366
:10B3D0005708D0E746EA06464FEA164613F1400FF3
:10B3E0001FDD13F1200FDFBF16430A460021203373
:10B3F0005B42BED0C3F1200746EA06464FEA164636
:10B4000002FA07F746EA070622FA03F2C3F1200719
:10B4100001FA07F742EA070221FA03F14FF00003AD
:10B42000A7E746EA020646EA06464FEA164646EA15
:10B430000106BCBF46EA0646360C4FF000034FF04B
:10B4400000024FF0000194E72DE9804C70B49A4659
:10B45000934691E8380007C831EA400C48BF34EA07
:10B46000430C03D5FFF7E6FDFFF780FFF0BCBDE816
:10B47000008C2DE9804C70B49A46934691E83800D0
:10B4800007C810F0804F08BF13F0804F03D100F0C1
:10B4900005F8FFF76BFFF0BCBDE8008C20F07F479C
:10B4A00023F07F4C80EA030000F0004007EB0C0320
:10B4B000A3F57C53A3F1FE0392F0000F00F0B380DC
:10B4C00095F0000F00F077802DE901494FEA114017
:10B4D00021EA00484FEA144624EA064700FB06FC2E
:10B4E00008FB06F607FB08F818EB06484CEB164C71
:10B4F00000FB07F718EB07484CEB17404FEA124BDD
:10B5000022EA0B4E4FEA154625EA06470BFB06FCDE
:10B510000EFB06F607FB0EFE1EEB064E4CEB164C22
:10B520000BFB07F71EEB074E4CEB174B18EB0B080A
:10B5300040F1000018EB0E0B58EB000840F1000042
:10B540008F1A4FF000014FF000063CBFC943661B45
:10B5500014BFB5EB040C00213CBFC943F61B4FEAF6
:10B56000174427EA04454FEA1C472CEA074C04FB22
:10B57000076205FB07F70CFB05F616EB074642EBE7
:10B58000174204FB0CFC16EB0C4642EB1C421BEB77
:10B59000060658EB020241414EEA8E0E46EA9E062E
:10B5A00001D5BDE80189B619524141EB0101A3F172
:10B5B0000103BDE801894FEA144524EA05464FEA34
:10B5C000114721EA074C05FB07F406FB07F70CFBC4
:10B5D00006F111EB074144EB174405FB0CFC11EBA2
:10B5E0000C4144EB1C444FEA124722EA074C05FB8E
:10B5F00007F206FB07F70CFB06F616EB074642EBD5
:10B60000174205FB0CFC16EB0C4642EB1C456A1876
:10B6100054F1000148BF7047B619524141EB010196
:10B62000A3F10103704795F0000F37D04FEA1142A4
:10B6300021EA02464FEA144724EA074C02FB07F1CD
:10B6400006FB07F70CFB06F414EB074441EB17412C
:10B6500002FB0CFC14EB0C4441EB1C414FEA154778
:10B6600025EA074C02FB07F506FB07F70CFB06F67D
:10B6700016EB074645EB174502FB0CFC16EB0C4698
:10B6800045EB1C42121951F1000148BF7047B61931
:10B69000524141EB0101A3F1010370474FEA144508
:10B6A00024EA05464FEA114721EA074C05FB07F15A
:10B6B00006FB07F70CFB06F212EB074241EB1741C2
:10B6C00005FB0CFC12EB0C4251EB1C414FF0000649
:10B6D00048BF7047921841EB0101A3F10103704785
:10B6E00003B401984100009850EAC12018BF04201B
:10B6F0004A0D18BF40F0010040F2FF72B2EB515FFB
:10B7000008BF40F00200012808BF052002B07047C2
:10B710004100080218BF04200A0E18BF40F00100C3
:10B720004FF07F4232EA010108BF40F002000128D9
:10B7300008BF05207047000010EE101A08B5444AF3
:10B740006846B2EB410F28D94FF0E640B0EB410F0D
:10B7500094BF00204FF0FF3000900098002861DB7C
:10B7600060EE000A10F0010F45D010F0020FDFED7F
:10B77000391A9FED391A00EEA11ADFED381A40EEA2
:10B78000811A21EEA01AF0EE400A40EE010A08BF2D
:10B79000F1EE600AB0EE600A08BD314B21F00042C4
:10B7A00093423CD911F0004FDFED2E0A20EE201A13
:10B7B000DFED2D0A19BF31EE601A71EE200A31EE6D
:10B7C000201A71EE600ABDEEE01A11EE100A9FED2C
:10B7D000271A00F0030000EEC10A9FED251A009021
:10B7E00000EEC10A9FED231A00EEC10A9FED221A56
:10B7F00000EEC10AB1E79FED211A9FED210A10F07A
:10B80000020F00EE810A9FED1F1A00EE801AB7EEBC
:10B81000000A00EE810A18BFB1EE400A08BD00F030
:10B820002BF99AE710EE100A4000B0F17F4F3CBFB1
:10B83000B7EE000A08BD07D14FF00100F4F74DFE46
:10B84000BDE8084000F008B9BDE8084000F001B9C3
:10B85000B61F927E336D4CB9DA82083CA0AA2ABE8C
:10B86000490E494683F9223F0000004B0000C93FC2
:10B8700000A0FD390020A2331A61342CB93AB2BAC3
:10B88000CA9F2A3DDDFFFFBE00B510EE101A2DED58
:10B89000028B81B0524A6846B2EB410F2ED94FF06D
:10B8A000E640B0EB410F94BF00204FF0FF30009016
:10B8B0000098B0EE408A00286ADB10F0010F4BD0F0
:10B8C00068EE080A9FED471A9FED470A00EE810ACD
:10B8D0009FED461A10F0020F00EE801AB7EE000A34
:10B8E00000EE810A02BF01B0BDEC028B00BD00BFBB
:10B8F00001B0B1EE400ABDEC028B00BD3C4B21F023
:10B900000042934241D911F0004FDFED3A0A20EE98
:10B91000201ADFED390A19BF31EE601A71EE200AE4
:10B9200031EE201A71EE600ABDEEE01A11EE100A37
:10B930009FED321A00F0030000EEC10A9FED301AAD
:10B94000009000EEC10A9FED2F1A00EEC10A9FED94
:10B950002E1A00EEC10AABE728EE080A9FED2B1A5B
:10B96000DFED2B0A10F0020F40EE010A9FED291ABD
:10B9700000EE201A61EE000AB0EE480A08EE200A36
:10B98000B6D101B0BDEC028B00BD00F075F88FE7B9
:10B9900018EE100A4000B0F17F4F0DD218EE100AD9
:10B9A000FFF7B6FE042808BF00F05EF8B0EE480AC4
:10B9B00001B0BDEC028B00BD09D10120F4F78DFD73
:10B9C00001B0BDEC028B5DF804EB00F045B801B0AE
:10B9D000B0EE480ABDEC028B5DF804EB00F039B81C
:10B9E000B61F927EB93AB2BACA9F2A3DDDFFFFBEAA
:10B9F000490E494683F9223F0000004B0000C93F31
:10BA000000A0FD390020A2331A61342C336D4CB9EB
:10BA1000DA82083CA0AA2ABE10B52DED028BB1EE49
:10BA2000C08A18EE100A20F00040C0F1FF40C00F9D
:10BA30000AD010EE100A20F00040C0F1FF40C00F05
:10BA400004BF0120F4F749FDB0EE480ABDEC028BBB
:10BA500010BD30EE000A7047DFED020A80EEA00A4A
:10BA600070470000000000009FED020A20EE000A6F
:10BA700070470000000000102DE9F0014FF07F42F8
:10BA8000B2EB410F9FBF4FF0FF310160BDE8F00105
:10BA900070474FF0004242EA0123C1F3C752783A9F
:10BAA000551112F01F0C434CCCF120067C44C1F31D
:10BAB000C752A2F178024FEA621204EB820254F8F4
:10BAC000254008BFD2E9015612D0556804FA0CF49B
:10BAD00025FA06F73C43976805FA0CF527FA06F8AD
:10BAE000D26807FA0CFCF24045EA08054CEA020667
:10BAF000A4FB034CA5FB0352A6FB03631D449D421C
:10BB000034BF012600261319334416B1934202D9DB
:10BB100003E0934201D2012200E00022624402F1DC
:10BB2000200C9206DC0C42EA443200EE102A5B0341
:10BB3000DFED210AF8EEC01A00EE103A4FEA9C1C25
:10BB400011F0004FB8EE400AC0F800C020EE201AF5
:10BB500000EE105ADFED190AB8EE400A20EE200A76
:10BB600071EE810A70EE800A10EE902A02F50062F2
:10BB70006FF30B0200EE902A70EEE11A31EEC11A5B
:10BB8000DFED101A30EE411A9FED0D0A20EE800A0B
:10BB900001EE210A9FED0C1A00EE810A04BFBDE8F8
:10BBA000F0017047CCF180510160BDE8F001B1EEC9
:10BBB000400A7047180B0000000000360000802C7F
:10BBC00022AAFD29DB0FC92F0000C92F30380A280F
:10BBD00001D20120704700207047000010B50029F5
:10BBE0000AD00878002807D005487844F5F7FCFF0C
:10BBF000002801D0002010BD0248784410BD00008C
:10BC0000820B00007A0B000010B500290AD00878DA
:10BC1000002807D005487844F5F7E6FF002801D052
:10BC2000002010BD0248784410BD0000720B0000D7
:10BC30006A0B000021F0004201F00043A2F16052C3
:10BC4000B2F5801F28BFD2F17F6C0BD95FEA001CD0
:10BC500043EAC20242EB507018BF704728BF20F081
:10BC600001007047B2F5801FBCBF184670474FEA0D
:10BC7000410C1CF5001F02D2084600F079BC70B5DB
:10BC800000F0B6FA00000089FFF7F6BF4FF0004061
:10BC9000A0F580007047000010B591EA030F48BF7F
:10BCA00083F0004300F10083841A71EB030C05D28A
:10BCB000121943EB0C03001B61EB0C014FEA11540A
:10BCC000A4EB135CDFF81CE11EEA430F18BF9EEAE9
:10BCD000445F00F0748021EA045123EA0E0343F428
:10BCE0008013DCF1200E32D322FA0CFE10EB0E0092
:10BCF00023FA0CFE41EB0E01CCF1200E03FA0EFEEE
:10BD000010EB0E00CCF1200E51F10001B1F5801FB7
:10BD100032D201EB045112FA0EF2BDE8104058BFC6
:10BD20007047401C38BF5FEA420218BF70470028C6
:10BD300014BF20F0010041F100014FEA410313F567
:10BD4000001F38BF7047A1F1C04100F09FBA012A1F
:10BD500043EB0302ACF1200CDCF11F0E32BF4FF0BD
:10BD6000000E23FA0CF310EB030041EB0451B4EB8B
:10BD7000115FD0D0A1EB045101F58011490801EB0E
:10BD800004515FEA30000ED350F1000038BF12FAC0
:10BD90000EFE08D1BDE81040C9E7401C38BF5FEA7D
:10BDA0004202CAD1C3E7BDE810404FEA410313F590
:10BDB000001F38BF7047A1F1C04100F067BA9EEA8A
:10BDC000445F08D011EA5E0FBDE8104004BF01F0E7
:10BDD000004100207047BDE8104070B500F008FA3F
:10BDE00064FBBE3E0000E0FF2DE9C04130B4DFF847
:10BDF000A4C23CEA111418BF3CEA131400F0ED8011
:10BE00001CEA111481EA030544EAD57418BF1CEA40
:10BE1000131500F0C880A4EB050404F17F7404F549
:10BE200000344FF0004545EAC12145EAC32341EA09
:10BE3000505143EA52534FEAC0204FEAC22299427E
:10BE400008BF904200F09D804FEA13650FF2441640
:10BE5000765D4FEA134506FB05F7C7F1807706FBD1
:10BE600007F74FEAD737A7FB03687642A7FB06CE52
:10BE7000C8F5803838BFA8F1010807FB08E6A6FB23
:10BE8000028C4FF0000EE6FB03CEDCF1000CCEF18D
:10BE9000004E38BFAEF1010EA6FB0C584FF0000764
:10BEA000E6FB0E87A1FB08C6A0FB07CE16EB0E062D
:10BEB0004FF0000545F10005E1FB076515F1E04E87
:10BEC0007EBFA4F580345FEA46066D4116F1800717
:10BED00045F100054FEA172747EA05674FEA1525A0
:10BEE0004FEA0666A6F1DE46B6F1805F20D93846F5
:10BEF00005EBC47124F0010C01EB0C11BCF1FE6FD9
:10BF000002D8F0BCBDE8008124425CBF01F5801E70
:10BF10009EEAC47F02D4F0BCBDE80081244200F157
:10BF20003980A1F1C041F0BCBDE8004100F0AEB9DC
:10BF30004FEAD02040EA41504FEAD1214FEAD222C5
:10BF400042EA43524FEAD323A7FB028607FB03666C
:10BF500005FB02661EEA0E0F58BFA6EB0056B6EBB5
:10BF600000564FEA520E4EEAC37E18EB0E0E56EB09
:10BF7000530EBCD518EB02085E417F1C55F100053D
:10BF8000B5E74FF480154FF000074FF000064FF073
:10BF90000008ACE701F1C04101F000414FF00000A2
:10BFA000F0BCBDE800810CEA131511EA0C1F00D0AB
:10BFB0000CE013EA0C1F00F026804FF0000081EA2D
:10BFC000030101F00041F0BCBDE80081F0BCBDE818
:10BFD000004181EA030100F059B9F0BCBDE800411D
:10BFE00070B500F005F900BF097EFC3E00F007B80F
:10BFF0004FF0000081EA030101F00041704781EA3F
:10C00000030100F043B9F0BCBDE8004122494FF004
:10C0100000007047FFFDFBF9F7F5F4F2F0EEEDEBF1
:10C02000E9E8E6E4E3E1E0DEDDDBDAD8D7D5D4D336
:10C03000D1D0CFCDCCCBCAC8C7C6C5C4C2C1C0BF82
:10C04000BEBDBCBBBAB9B8B7B6B5B4B3B2B1B0AF88
:10C05000AEADACABAAA9A8A8A7A6A5A4A3A3A2A16C
:10C06000A09F9F9E9D9C9C9B9A9999989797969527
:10C0700095949393929191908F8F8E8E8D8C8C8BC3
:10C080008B8A89898888878786858584848383824B
:10C09000828181800000FF070000F87F70B5DFF823
:10C0A00048C11CEA111E1EBF1CEA13159EEA0C0FA4
:10C0B00095EA0C0F00F06F8081EA03044EEAD47E0B
:10C0C000AE4421EA4C1123EA4C1341F4801143F4AD
:10C0D0008013AEF17F7EA1FB024CA0FB03653619F5
:10C0E00055EB0C05A1FB034C4CF10003A0FB021C1B
:10C0F00016EB0C06654153F10003094218BF46F0E8
:10C10000010613F4007F0BD14FEA03314FEA0530EB
:10C1100041EA155140EA165034036FF003020AE079
:10C120004FEAC3214FEAC52041EA555140EA565033
:10C13000F4026FF0020202EB2E4201EB025585EA97
:10C14000CE710AD05FEA440C18BF24F0004450F1CD
:10C15000000041F1000120EAD47040F2FE7C62450B
:10C1600000D270BDA84214BF4FF080444FF040444D
:10C17000002E08BF0024BEF1806FA8BFA1F1C0410E
:10C18000BDE8704080F2828001F1C04101F00041C1
:10C190004FF0000070470CEA13159EEA0C0F18BF11
:10C1A00095EA0C0F06D081EA030E4FF000000EF066
:10C1B000004170BD00F01CF88900013E00F007B896
:10C1C00000F009B84FEA430C5FEA5C5C08D081EAF2
:10C1D000030100F05BB84FEA410C5FEA5C5CF6D10A
:10C1E00002494FF0000070470000FF070000F87F91
:10C1F0000EF1020E2EF0030E5EF8046B364205D4EB
:10C20000012A43EB030515F5001F12D8012841EB65
:10C21000010C1CF5001F0CD80ED14FEAD17C0CEBA1
:10C220004C0C0CF1020C15F5001F08BF4CEBD37C35
:10C2300004E04FF0080C01E04FEAD37C0CEB4C0516
:10C2400026FA05F606F00706B6F1040C06D20EEB48
:10C25000860CBDE870404CF0010C6047DFE80CF044
:10C26000090B02024FF00041A1F500214FF0000040
:10C2700070BD19461046012851EB010418BFD4F5D2
:10C28000001484BF002001F0004170BD0808A0F533
:10C2900000114FEA3101704710B591EA030F48BF12
:10C2A00083F000433FF500AD841A71EB030C07D215
:10C2B0008CF0004C121943EB0C03001B61EB0C01DA
:10C2C0004FEA1154A4EB135CDFF8A4E11EEA430F1C
:10C2D00018BF9EEA445F00F0B48021EA045123EACB
:10C2E0006E035242C3EB6E0338BF5B1EDCF1200EBF
:10C2F00025D322FA0CFE10EB0E0043FA0CFE41EBA4
:10C300000E01CCF1200E03FA0EFE10EB0E00CCF164
:10C31000200E51F1000129D401EB045112FA0EF262
:10C32000BDE8104058BF7047401C1CBFB2F1004F21
:10C33000704700280CBF491C20F00100704712EB29
:10C34000020E43EB030218BF4FF0010E4EEA420209
:10C35000ACF1200CDCF11E0E56D943FA0CFE10EBAA
:10C360000E00CCF11E0E51F1FF31D5D50EF1010EAC
:10C3700012FA0EFE404141EB010101EB445C5FEA21
:10C380005C5C10D901EB045110EBDE7038BFBEF1DC
:10C39000004FBDE8104018BF704700280CBF491C73
:10C3A00020F00100704734D24FEAD42C24F400640A
:10C3B00011F500111BD0B1FA81F20B3AA41AA41E98
:10C3C000D2F12003914030FA03F31943904001EB7E
:10C3D000CC7101EB0451002CBDE81040A8BF7047A0
:10C3E00001F1C04101F000414FF000007047B0FA88
:10C3F00080F310FA03F102D1BDE810407047E41A4F
:10C40000173C4805C90AE2E701EB0451BDE81040BA
:10C41000704749104FEA300001EB0451BDE810406D
:10C4200002E04FF0000170474A0008BF0042F8D018
:10C43000B2F5001F28BF704701F000414FF0000027
:10C4400070479EEA445F07D011EA5E0FBDE81040D6
:10C4500004BF002100207047BDE8104070B5FFF711
:10C46000C7FE00BF40DFF63E104683F00041704734
:10C470000000E0FF43004FEAD30C4FEA3C0C43407E
:10C480001FBF40070CF1605113F0FE4F70471CF0C6
:10C49000006F03D10CF00041002070470CF0004306
:10C4A00043EA507040EACC0010B500F00EF800BF2F
:10C4B000000000924FEA0001FFF7E8BE4FF0004194
:10C4C000A1F500214FF0000070470EF1020E2EF092
:10C4D000030E5EF8044B244204D44FEA4102B2F149
:10C4E0007F4F11D84FEA4003B3F17F4F0CD80ED1E4
:10C4F0004FEAD07C0CEB4C0C0CF1020CB2F17F4FEC
:10C5000008BF4CEBD17C04E04FF0080C01E04FEA8F
:10C51000D17C0CEB4C0324FA03F404F00704B4F1CF
:10C52000040C06D20EEB840CBDE810404CF0010C5C
:10C530006047DFE80CF0070802024FF00040A0F56A
:10C54000800010BD0846420018BFD2F1807288BF3B
:10C5500000F0004010BDF1EE100A4FF6FF71C0F27E
:10C56000C03120EA010040F04070E1EE100A70474F
:10C57000FF2141EAD050C0057047F4F7D5BBF4F76E
:10C5800009BD00000000000000000000303132331F
:10C5900034353637383941424344454640305800F7
:10C5A0003031323334353637383961626364656629
:10C5B0004030780004000008000000000000000285
:10C5C0000001000010000000000000006E83F9A2CE
:10C5D0002915444ED15727FCC0DD34F5999562DB0F
:10C5E0004190433CAB6351FE303132333435363702
:10C5F0003839616263646566787000303132333493
:10C6000035363738394142434445465850003A742C
:10C6100074003A7474003A74740000000240000020
:10C62000000000A00000000005400000000000C85D
:10C63000000000000C4000000000409C00000000D2
:10C64000194000000020BCBE000000003440000083
:10C65000BFC91B8E00000004B5400000504BCFD076
:10C660006607E2CF010000006C4100003E8251AA43
:10C67000DFEEA73401000000D9420000DCB5A0E2E3
:10C680003A301F97FFFFFFFFB4450000FD25A0C80B
:10C69000E9A3C14FFFFFFFFFFF3F00000000008044
:10C6A00000000000FF3F00000000008000000000CC
:10C6B0000000000000000000010203040607080952
:10C6C0000000000001020304080402040801010143
:10C6D000010101030701000001000200040006003F
:10C6E00008000A000C00100020004000800000013B
:10C6F000696162633A25662C25662C25660D0A0061
:10C70000647574793A25662C25662C25660D0A0019
:10C71000695F616C7068613A252E34662C252E3471
:10C72000660D0A00695F626574613A252E34662CD5
:10C73000252E34660D0A0074686574613A252E341E
:10C74000662C252E34660D0A0000000098C80008EB
:10C75000000000201800000014020008B0C8000803
:10C760001800002080120000300200081C000000A9
:10C7700043000000F8FFFFFF0C0000000E00000067
:10C780000F0000002E000000100100004300000018
:10C79000F8FFFFFF004040404040404040404141E2
:10C7A0004141414040404040404040404040404086
:10C7B0004040404040050202020202020202020220
:10C7C000020202020220202020202020202020021D
:10C7D00002020202020290909090909010101010AD
:10C7E0001010101010101010101010101010101049
:10C7F00002020202020288888888888808080808DD
:10C8000008080808080808080808080808080808A8
:10C8100002020202400000000000000000000000D0
:10C820000000000000000000000000000000000008
:10C8300000000000000000000000000000000000F8
:10C8400000000000000000000000000000000000E8
:10C8500000000000000000000000000000000000D8
:10C8600000000000000000000000000000000000C8
:10C8700000000000000000000000000000000000B8
:10C8800000000000000000000000000000000000A8
:10C890000000000000000000000000000000000098
:10C8A000000000000024F40001000000100000005F
:04000005080001D915
:00000001FF
