:020000040800F2
:1000000000800020F56C0008291800082B18000853
:100010002D1800082F1800083118000800000000F3
:10002000000000000000000000000000331800087D
:1000300035180008000000003718000839180008BB
:10004000456D0008456D0008456D0008456D0008C8
:10005000456D0008456D0008456D0008456D0008B8
:10006000456D0008456D0008456D0008456D0008A8
:10007000456D0008456D0008456D0008456D000898
:10008000456D00080000000041180008456D00089B
:10009000456D0008456D0008456D0008456D000878
:1000A0005918000869180008456D0008456D0008DA
:1000B000456D0008456D0008456D0008456D000858
:1000C000456D0008456D0008456D0008456D000848
:1000D000456D0008456D0008456D0008456D000838
:1000E00079180008456D0008456D0008456D000849
:1000F000456D0008456D0008456D000800000000D2
:1001000000000000456D000800000000456D00087B
:10011000456D000800000000456D0008456D0008B1
:10012000456D0008456D0008456D0008456D0008E7
:10013000456D00080000000000000000456D00084B
:1001400095180008456D0008000000000000000040
:10015000000000000000000000000000000000009F
:10016000000000000000000000000000456D0008D5
:10017000456D0008000000000000000000000000C5
:1001800000000000456D00080000000000000000B5
:10019000000000000000000000000000000000005F
:1001A0000000000000000000456D0008456D0008DB
:1001B000456D0008456D0008456D00080000000011
:1001C00000000000456D0008000000000000000075
:0801D000456D0008456D0008B3
:1001E00010B5054C237833B9044B13B10448AFF371
:1001F00000800123237010BDE801002000000000F2
:1002000080C6000808B5034B1BB103490348AFF390
:10021000008008BD00000000EC01002080C600083E
:1002200081F0004102E000BF83F0004330B54FEAA7
:1002300041044FEA430594EA050F08BF90EA020F14
:100240001FBF54EA000C55EA020C7FEA645C7FEAA7
:10025000655C00F0E2804FEA5454D4EB5555B8BFCA
:100260006D420CDD2C4480EA020281EA030382EA3B
:10027000000083EA010180EA020281EA0303362DCD
:1002800088BF30BD11F0004F4FEA01314FF4801CA0
:100290004CEA113102D0404261EB410113F0004FB2
:1002A0004FEA03334CEA133302D0524263EB430369
:1002B00094EA050F00F0A780A4F10104D5F1200E07
:1002C0000DDB02FA0EFC22FA05F2801841F1000162
:1002D00003FA0EF2801843FA05F359410EE0A5F136
:1002E00020050EF1200E012A03FA0EFC28BF4CF067
:1002F000020C43FA05F3C01851EBE37101F000451D
:1003000007D54FF0000EDCF1000C7EEB00006EEB29
:100310000101B1F5801F1BD3B1F5001F0CD34908B3
:100320005FEA30004FEA3C0C04F101044FEA44520A
:1003300012F5800F80F09A80BCF1004F08BF5FEA91
:10034000500C50F1000041EB045141EA050130BD71
:100350005FEA4C0C404141EB0101013C28BFB1F583
:10036000801FE9D291F0000F04BF01460020B1FACE
:1003700081F308BF2033A3F10B03B3F120020CDAA1
:100380000C3208DD02F1140CC2F10C0201FA0CF07F
:1003900021FA02F10CE002F11402D8BFC2F1200CE4
:1003A00001FA02F120FA0CFCDCBF41EA0C0190409A
:1003B000E41AA2BF01EB0451294330BD6FEA0404E3
:1003C0001F3C1CDA0C340EDC04F11404C4F12002CE
:1003D00020FA04F001FA02F340EA030021FA04F3E0
:1003E00045EA030130BDC4F10C04C4F1200220FA37
:1003F00002F001FA04F340EA0300294630BD21FA75
:1004000004F0294630BD94F0000F83F4801306BF3A
:1004100081F480110134013D4EE77FEA645C18BF2E
:100420007FEA655C29D094EA050F08BF90EA020FC5
:1004300005D054EA000C04BF1946104630BD91EABD
:10044000030F1EBF0021002030BD5FEA545C05D1C0
:100450004000494128BF41F0004130BD14F58004FF
:100460003CBF01F5801130BD01F0004545F0FE4173
:1004700041F470014FF0000030BD7FEA645C1ABFA8
:10048000194610467FEA655C1CBF0B46024650EADF
:10049000013406BF52EA033591EA030F41F400210B
:1004A00030BD00BF90F0000F04BF0021704730B591
:1004B0004FF4806404F132044FF000054FF0000166
:1004C00050E700BF90F0000F04BF0021704730B527
:1004D0004FF4806404F1320410F0004548BF4042FC
:1004E0004FF000013EE700BF42004FEAE2014FEA51
:1004F00031014FEA02701FBF12F07F4393F07F4F2C
:1005000081F06051704732F07F4208BF704793F02E
:100510007F4F04BF41F40021704730B54FF4607441
:1005200001F0004521F000411CE700BF50EA010244
:1005300008BF704730B54FF000050AE050EA0102ED
:1005400008BF704730B511F0004502D5404261EB5D
:1005500041014FF4806404F132045FEA915C3FF49E
:10056000D8AE4FF003025FEADC0C18BF03325FEA3B
:10057000DC0C18BF033202EBDC02C2F1200300FAEC
:1005800003FC20FA02F001FA03FE40EA0E0021FA11
:1005900002F11444BDE600BF4FEA410212F5001219
:1005A00015D211D56FF47873B3EB625212D94FEABA
:1005B000C12343F0004343EA505311F0004F23FAA4
:1005C00002F018BF404270474FF00000704750EAF9
:1005D000013005D111F0004008BF6FF000407047B6
:1005E0004FF00000704700BF4A0011D212F5001210
:1005F00011D20DD56FF47873B3EB62520ED44FEA7B
:10060000C12343F0004343EA505323FA02F07047FA
:100610004FF00000704750EA013002D14FF0FF3038
:1006200070474FF00000704753B94AB9002908BF1E
:1006300000281CBF4FF0FF314FF0FF3000F074B9BD
:10064000ADF1080C6DE904CE00F006F8DDF804E029
:10065000DDE9022304B070472DE9F047089D044608
:100660008E46002B4DD18A42944669D9B2FA82F265
:1006700052B101FA02F3C2F1200120FA01F10CFAA1
:1006800002FC41EA030E94404FEA1C48210CBEFBD9
:10069000F8F61FFA8CF708FB16E341EA034306FB62
:1006A00007F199420AD91CEB030306F1FF3080F0F1
:1006B0001F81994240F21C81023E63445B1AA4B23E
:1006C000B3FBF8F008FB103344EA034400FB07F7E0
:1006D000A7420AD91CEB040400F1FF3380F00A8121
:1006E000A74240F207816444023840EA0640E41B16
:1006F00000261DB1D4400023C5E900433146BDE8C2
:10070000F0878B4209D9002D00F0EF800026C5E963
:10071000000130463146BDE8F087B3FA83F6002E7B
:100720004AD18B4202D3824200F2F980841A61EBF3
:10073000030301209E46002DE0D0C5E9004EDDE711
:1007400002B9FFDEB2FA82F2002A40F09280A1EBF9
:100750000C014FEA1C471FFA8CFE0126200CB1FB4E
:10076000F7F307FB131140EA01410EFB03F0884247
:1007700008D91CEB010103F1FF3802D2884200F2D4
:10078000CB804346091AA4B2B1FBF7F007FB101166
:1007900044EA01440EFB00FEA64508D91CEB040404
:1007A00000F1FF3102D2A64500F2BB800846A4EB5F
:1007B0000E0440EA03409CE7C6F12007B34022FA4A
:1007C00007FC4CEA030C20FA07F401FA06F31C4379
:1007D000F9404FEA1C4900FA06F3B1FBF9F8200C86
:1007E0001FFA8CFE09FB181140EA014108FB0EF0CC
:1007F000884202FA06F20BD91CEB010108F1FF3A1C
:1008000080F08880884240F28580A8F10208614427
:10081000091AA4B2B1FBF9F009FB101144EA014135
:1008200000FB0EFE8E4508D91CEB010100F1FF34E0
:100830006CD28E456AD90238614440EA0840A0FB78
:100840000294A1EB0E01A142C846A64656D353D04E
:100850005DB1B3EB080261EB0E0101FA07F722FA72
:1008600006F3F1401F43C5E9007100263146BDE89B
:10087000F087C2F12003D8400CFA02FC21FA03F3FE
:10088000914001434FEA1C471FFA8CFEB3FBF7F07F
:1008900007FB10360B0C43EA064300FB0EF69E42A4
:1008A00004FA02F408D91CEB030300F1FF382FD23D
:1008B0009E422DD9023863449B1B89B2B3FBF7F6E5
:1008C00007FB163341EA034106FB0EF38B4208D9BE
:1008D0001CEB010106F1FF3816D28B4214D9023EFF
:1008E0006144C91A46EA004638E72E46284605E71D
:1008F0000646E3E61846F8E64B45A9D2B9EB0208EE
:1009000064EB0C0E0138A3E74646EAE7204694E77D
:100910004046D1E7D0467BE7023B614432E73046B0
:1009200009E76444023842E7704700BF034613F802
:10093000012B002AFBD1181A013870470000000073
:1009400001F0FF01102A2BDB10F0070F08D010F880
:10095000013B013A8B422DD010F0070F42B3F6D184
:10096000F0B441EA012141EA014122F007047FF09D
:1009700000070023F0E80256083C85EA010586EAF4
:10098000010685FA47F5A3FA87F586FA47F6A5FA30
:1009900087F68EB9EED1F0BC01F0FF0102F007023C
:1009A00032B110F8013B013A83EA010313B1F8D1E7
:1009B0000020704701387047002D06BF35460338C8
:1009C000073815F0010F07D1013015F4807F02BF01
:1009D000013015F4C03F0130F0BC0138704700BF52
:1009E00070B54FF0FF0C4CF4E06C1CEA11541DBFC5
:1009F0001CEA135594EA0C0F95EA0C0F00F0DEF890
:100A00002C4481EA030621EA4C5123EA4C5350EA74
:100A1000013518BF52EA033541F4801143F48013C5
:100A200038D0A0FB02CE4FF00005E1FB02E506F056
:100A30000042E0FB03E54FF00006E1FB03569CF0AB
:100A4000000F18BF4EF0010EA4F1FF04B6F5007FB1
:100A500064F5407404D25FEA4E0E6D4146EB060623
:100A600042EAC62141EA55514FEAC52040EA5E50AC
:100A70004FEACE2EB4F1FD0C88BFBCF5E06F1ED856
:100A8000BEF1004F08BF5FEA500E50F1000041EB8D
:100A9000045170BD06F0004646EA010140EA02003A
:100AA00081EA0301B4EB5C04C2BFD4EB0C0541EA5C
:100AB000045170BD41F480114FF0000E013C00F371
:100AC000AB8014F1360FDEBF002001F0004170BD95
:100AD000C4F10004203C35DA0C341BDC04F11404AE
:100AE000C4F1200500FA05F320FA04F001FA05F23A
:100AF00040EA020001F0004221F0004110EBD37007
:100B000021FA04F642EB06015EEA430E08BF20EA32
:100B1000D37070BDC4F10C04C4F1200500FA04F3D5
:100B200020FA05F001FA04F240EA020001F0004167
:100B300010EBD37041F100015EEA430E08BF20EADA
:100B4000D37070BDC4F1200500FA05F24EEA020E22
:100B500020FA04F301FA05F243EA020321FA04F051
:100B600001F0004121FA04F220EA020000EBD37008
:100B70005EEA430E08BF20EAD37070BD94F0000F08
:100B80000FD101F00046400041EB010111F4801F3C
:100B900008BF013CF7D041EA060195F0000F18BFED
:100BA000704703F00046520043EB030313F4801F29
:100BB00008BF013DF7D043EA0603704794EA0C0FE3
:100BC0000CEA135518BF95EA0C0F0CD050EA4106F9
:100BD00018BF52EA4306D1D181EA030101F0004176
:100BE0004FF0000070BD50EA410606BF104619469E
:100BF00052EA430619D094EA0C0F02D150EA0136AA
:100C000013D195EA0C0F05D152EA03361CBF1046EA
:100C100019460AD181EA030101F0004141F0FE4189
:100C200041F470014FF0000070BD41F0FE4141F40D
:100C3000780170BD70B54FF0FF0C4CF4E06C1CEA0D
:100C400011541DBF1CEA135594EA0C0F95EA0C0FC2
:100C500000F0A7F8A4EB050481EA030E52EA03357D
:100C60004FEA013100F088804FEA03334FF080559E
:100C700045EA131343EA12634FEA022245EA1115CB
:100C800045EA10654FEA00260EF000419D4208BF7C
:100C9000964244F1FD0404F5407402D25B084FEA29
:100CA0003202B61A65EB03055B084FEA32024FF4D5
:100CB00080104FF4002CB6EB020E75EB030E22BF32
:100CC000B61A754640EA0C005B084FEA3202B6EBF2
:100CD000020E75EB030E22BFB61A754640EA5C00A1
:100CE0005B084FEA3202B6EB020E75EB030E22BF31
:100CF000B61A754640EA9C005B084FEA3202B6EB32
:100D0000020E75EB030E22BFB61A754640EADC00F0
:100D100055EA060E18D04FEA051545EA16754FEA52
:100D200006164FEAC30343EA52734FEAC2025FEA70
:100D30001C1CC0D111F4801F0BD141EA00014FF0FF
:100D400000004FF0004CB6E711F4801F04BF0143D0
:100D50000020B4F1FD0C88BFBCF5E06F3FF6AFAEEC
:100D6000B5EB030C04BFB6EB020C5FEA500C50F17C
:100D7000000041EB045170BD0EF0004E4EEA1131FF
:100D800014EB5C04C2BFD4EB0C0541EA045170BD06
:100D900041F480114FF0000E013C90E645EA060E4A
:100DA0008DE60CEA135594EA0C0F08BF95EA0C0F78
:100DB0003FF43BAF94EA0C0F0AD150EA01347FF4C0
:100DC00034AF95EA0C0F7FF425AF104619462CE797
:100DD00095EA0C0F06D152EA03353FF4FDAE1046FA
:100DE000194622E750EA410618BF52EA43067FF44B
:100DF000C5AE50EA41047FF40DAF52EA43057FF4DB
:100E0000EBAE12E74FF0FF3C06E000BF4FF0010CE5
:100E100002E000BF4FF0010C4DF804CD4FEA410C49
:100E20007FEA6C5C4FEA430C18BF7FEA6C5C1BD016
:100E300001B050EA410C0CBF52EA430C91EA030F97
:100E400002BF90EA020F0020704710F1000F91EAF4
:100E5000030F58BF994208BF90422CBFD8176FEAC2
:100E6000E37040F0010070474FEA410C7FEA6C5C90
:100E700002D150EA013C07D14FEA430C7FEA6C5C97
:100E8000D6D152EA033CD3D05DF8040B704700BFC3
:100E90008446104662468C461946634600E000BF11
:100EA00001B5FFF7B7FF002848BF10F1000F01BDE3
:100EB0004DF808EDFFF7F4FF0CBF012000205DF8AE
:100EC00008FB00BF4DF808EDFFF7EAFF34BF012033
:100ED00000205DF808FB00BF4DF808EDFFF7E0FFCC
:100EE00094BF012000205DF808FB00BF4DF808ED1D
:100EF000FFF7CEFF94BF012000205DF808FB00BF84
:100F00004DF808EDFFF7C4FF34BF012000205DF865
:100F100008FB00BF4FEA410C7FEA6C5C02D150EA4B
:100F2000013C0AD14FEA430C7FEA6C5C02D152EAE1
:100F3000033C02D14FF0000070474FF001007047B2
:100F40004FEA4102B2F1E04324BFB3F5001CDCF1EB
:100F5000FE5C0DD901F0004C4FEAC0024CEA507023
:100F6000B2F1004F40EB830008BF20F00100704752
:100F700011F0804F21D113F13872BCBF01F0004055
:100F8000704741F480114FEA5252C2F11802C2F187
:100F9000200C10FA0CF320FA02F018BF40F0010008
:100FA0004FEAC1234FEAD32303FA0CFC40EA0C00BA
:100FB00023FA02F34FEA4303CCE77FEA625307D1F7
:100FC00050EA01331EBF4FF0FE4040F4400070472E
:100FD00001F0004040F0FE4040F40000704700BFC8
:100FE00038B50022002304460D46FFF76BFF28B9F1
:100FF00020462946BDE8384000F00AB8204605F1F1
:10100000004100F005F8404261EB410138BD00BFEE
:10101000D0B50C4B002206460F46FFF7E1FCFFF768
:10102000E3FA0446FFF73EFA074B0022FFF7D8FC2D
:1010300002460B4630463946FFF7F6F8FFF7D4FA7A
:101040002146D0BD0000F03D0000F04110B59AB03F
:101050000024179418941994202221460FA806F012
:10106000B9FD3C222146684606F0B4FD37484FF0F2
:10107000A04303604FF4002343608460C4600461B4
:10108000012343610422826104774477036280F87C
:101090002440C462046380F83840C46380F8404050
:1010A00000F044FE002841D10023179317A92748D8
:1010B00002F0BEF800283CD1254B0F930623109375
:1010C000002311937F2212920422139214930FA9EA
:1010D0001E4801F095F878BB1E4B0093092301933D
:1010E000002302937F22039204220492059302229A
:1010F00008928DF824308DF825308DF82630842222
:101100000A9280220B928DF8303069460F4801F028
:101110007FFDA0B9104B009340F20F130193694675
:101120000A4801F075FD68B91AB010BD00F066FA02
:10113000BAE700F063FABFE700F060FACCE700F02E
:101140005DFAE7E700F05AFAEEE700BF0802002078
:101150000008302E0800900C0010603200B599B0E5
:101160002022002110A806F035FD3C22002101A814
:1011700006F030FD2B482C4B03604FF400234360F6
:1011800000238360C36003614361042282610377AB
:1011900043770122026280F82430C362036380F83F
:1011A0003830C36380F8403000F0C0FD002830D1F3
:1011B0001E4B109306231193002312937F22139248
:1011C00004221492159310A9164801F019F818BBBF
:1011D000174B019309230293002303937F22049268
:1011E000042205920693012209928DF828308DF889
:1011F00029308DF82A3084220B9280220C928DF8AF
:10120000343001A9074801F003FD40B919B05DF879
:1012100004FB00F0F3F9CBE700F0F0F9D8E700F0B9
:10122000EDF9F3E7740200200001005002003004E1
:101230000800900C30B59DB004460021179118911C
:1012400019911A911B91442206A806F0C3FC236849
:10125000B3F1A04F04D0484A934250D01DB030BDE6
:101260004FF4004306934FF00053159306A803F084
:101270000FF9002835D1414A136801331360012B5F
:1012800032D03F4BDA6C42F00102DA64DA6C02F0E1
:1012900001020292029ADA6C42F00202DA64DB6C1A
:1012A00003F002030393039B04231793032518956C
:1012B0000024199417A94FF0904002F0A5FA41F2CA
:1012C000020317931895199417A92E4802F09CFA57
:1012D00022462146122002F021F9122002F056F98E
:1012E000BCE700F08BF9C6E7254BDA6C42F40052FC
:1012F000DA64DB6C03F400530193019BC1E74FF404
:10130000004306934FF00053159306A803F0C0F86E
:1013100018BB1A4A136801331360012B20D0184BF5
:10132000DA6C42F00102DA64DB6C03F0010305932E
:10133000059B41231793032318930024199417A99D
:101340004FF0904002F060FA22462146122002F04F
:10135000E5F8122002F01AF980E700F04FF9D8E71B
:10136000074BDA6C42F40052DA64DB6C03F400538E
:101370000493049BD3E700BF000100500402002047
:10138000001002400004004808B50A480A4B0360F8
:101390004FF4807343604023836000230361C36084
:1013A00043611123836101F0CDFF00B908BD00F056
:1013B00025F9FBE7E00200200002014000B587B0FC
:1013C000002301930293039304930593026803F1AE
:1013D000804303F581339A4202D007B05DF804FBE5
:1013E00003F58733DA6C42F00202DA64DB6C03F057
:1013F00002030093009B022301930323029301A99C
:10140000054802F001FA00221146402002F086F859
:10141000402002F0BBF8E0E70004004800B58DB0C2
:1014200030220021684606F0D5FB1148114B0360BD
:1014300002F0CEF8A8B90223009300228DF8042010
:101440008DF80520029203920492059201230693DF
:1014500007926946064802F0CDF828B90DB05DF84C
:1014600004FB00F0CBF8E6E700F0C8F8F6E700BFB1
:10147000040300200008005000B58DB03022002188
:10148000684606F0A7FB1048104B036002F0A0F876
:10149000A0B90223009300228DF804208DF80520C6
:1014A00002920392049205930693079269460648B6
:1014B00002F0A0F828B90DB05DF804FB00F09EF82A
:1014C000E7E700F09BF8F6E7180300200010005053
:1014D00000B589B000230393049305930693079303
:1014E0000368184A934205D0174A93421FD009B0A7
:1014F0005DF804FB154BDA6C42F48032DA64DA6C86
:1015000002F480320092009ADA6C42F00102DA644E
:10151000DB6C03F001030193019B1023039303236E
:10152000049303A94FF0904002F06EF9DFE7074BF8
:10153000DA6C42F48022DA64DB6C03F480230293D9
:10154000029BD4E700080050001000500010024039
:1015500030B58BB000240594069407940894099440
:10156000244BDA6C42F00402DA64DA6C02F0040212
:101570000192019ADA6C42F02002DA64DA6C02F02D
:1015800020020292029ADA6C42F00102DA64DA6C0A
:1015900002F001020392039ADA6C42F00202DA646A
:1015A000DB6C03F002030493049B134D224650218D
:1015B000284602F013FA4FF4305305934FF4881382
:1015C0000693079405A9284602F01EF950230593B7
:1015D000012306930794089405A9284602F014F9FC
:1015E00022462146282001F099FF282001F0CEFF55
:1015F0000BB030BD001002400008004872B6FEE794
:1016000000B595B03822002106A806F0E3FA0020C4
:101610000190029003900490059002F0A3FA012338
:1016200006934FF48033079302230D9303220E9207
:101630000F922822109211931293139306A802F08E
:101640004BFB80B90F2301930323029300230393E1
:101650000493059304210DEB010002F0F3FD20B982
:1016600015B05DF804FBFFF7C9FFFFF7C7FF08B52A
:1016700000F026FBFFF7C4FFFFF76AFFFFF7E6FC69
:10168000FFF76CFDFFF780FEFFF7F6FE00F00EF8A7
:1016900000F024F800F03AF800F0B6F900F070FA23
:1016A000FFF7BCFE05F072F9FEE7000008B5094837
:1016B000094B0360002343608360C36003610375CB
:1016C0008361C36202F09EF900B908BDFFF796FF7F
:1016D000FBE700BF2C0300200003014008B50948C8
:1016E000094B0360002343608360C360036103759B
:1016F0008361C36202F086F900B908BDFFF77EFF7F
:10170000FBE700BF680300200403014008B5094857
:10171000094B0360002343608360C360036103756A
:101720008361C36202F06EF900B908BDFFF766FF7E
:10173000FBE700BFA40300200803014000B589B007
:101740000023039304930593069307930368234AA6
:10175000934208D0224A934219D0224A93422AD077
:1017600009B05DF804FB204BDA6C42F00102DA6448
:10177000DB6C03F001030093009B0E230393032310
:10178000049303A94FF0904002F03EF8E8E7164BAF
:10179000DA6C42F00102DA64DB6C03F001030193BE
:1017A000019BE02303930323049303A94FF090408C
:1017B00002F02AF8D4E70C4BDA6C42F00202DA6449
:1017C000DB6C03F002030293029B072303930323C2
:1017D000049303A9054802F017F8C1E7000301408C
:1017E00004030140080301400010024000040048C7
:1017F00000B583B00B4B1A6E42F001021A661A6EE6
:1018000002F001020092009A9A6D42F080529A65AD
:101810009B6D03F080530193019B02F029FA03B002
:101820005DF804FB00100240FEE7FEE7FEE7FEE77E
:10183000FEE770477047704708B500F051FA08BDE1
:1018400008B5034800F092FB024800F08FFB08BD8A
:10185000080200207402002008B5024803F046F98F
:1018600008BD00BFE403002008B5024803F03EF9BC
:1018700008BD00BFE403002008B54FF4806002F00B
:10188000B3F84FF4006002F0AFF84FF4005002F0EC
:10189000ABF808BD08B5024801F008FE08BD00BF5E
:1018A000E00200200120704708B506F069F9162310
:1018B00003604FF0FF3008BD08B54FF0FF31FFF770
:1018C000F3FFFEE710B503460C4A0D490D480068CA
:1018D00040B10C4800680344521A934206D8094AA2
:1018E000136010BD0748084C0460F2E706F048F9A1
:1018F0000C2303604FF0FF30F3E700BF00800020AF
:1019000000040000E003002078050020034AD2F81C
:10191000883043F47003C2F88830704700ED00E06F
:101920000268124B9A4200D0704700B583B003F5AD
:1019300064431A6E42F400621A661B6E03F400637D
:101940000193019B00221146182001F0E7FD1820A9
:1019500001F01CFE00221146192001F0DFFD1920C4
:1019600001F014FE03B05DF804FB00BF002C014041
:10197000F0B589B00023039304930593069307936E
:1019800002681F4B9A4201D009B0F0BD03F56443D1
:10199000DA6C42F00202DA64DA6C02F002020192BE
:1019A000019ADA6C42F00102DA64DB6C03F00103A5
:1019B0000293029B4FF4C04303930225049506262D
:1019C0000796104F03A9384601F01EFF4FF400435D
:1019D000039304950024059406940423079303A914
:1019E000384601F011FF4FF4E0630393049505942A
:1019F0000694079603A94FF0904001F005FFC3E756
:101A0000002C01400004004810B59EB000241A9438
:101A10001B941C941D941794189419941494159461
:101A200016940D940E940F94109411941294139490
:101A300034222146684606F0CDF84F484F4B0360EC
:101A400044602023836041F63F73C3604FF480738A
:101A500003614461846103F0A3F900286DD14FF460
:101A600080531A931AA9444803F0EAFA002867D170
:101A7000414803F0C5F9002865D17023179300236E
:101A80001893199317A93C4803F054FD00285DD121
:101A900002231493012115910023169314AA3648AA
:101AA00003F0E2FD002854D160230D9300220E9232
:101AB0000F9210921192129213920DA92E4803F0D8
:101AC00015FA002848D104220DA92B4803F00EFA7C
:101AD000002844D108220DA9274803F007FA00285E
:101AE00040D170230D9341F63E730E930C220DA945
:101AF000214803F0FBF9002837D10023009301931C
:101B00000293782203924FF4805204924FF40052D1
:101B1000059202220692079308934FF000720992F1
:101B20000A930B930C936946134803F04DFDF8B9E3
:101B30001148FFF71DFF1EB010BDFFF75FFD8EE7D8
:101B4000FFF75CFD94E7FFF759FD96E7FFF756FDB9
:101B50009EE7FFF753FDA7E7FFF750FDB3E7FFF759
:101B60004DFDB7E7FFF74AFDBBE7FFF747FDC4E7C9
:101B7000FFF744FDDCE700BFE4030020002C014038
:101B800008B51748174B03604FF4E1334360002357
:101B90008360C36003610C2242618361C36103629D
:101BA0004362836204F0B0F970B900210C4804F07C
:101BB00024FA60B900210A4804F044FA50B90848F0
:101BC00004F0FCF948B908BDFFF718FDEDE7FFF791
:101BD00015FDEFE7FFF712FDF1E7FFF70FFDF2E765
:101BE000300400200048004010B598B004460021A1
:101BF00013911491159116911791442202A805F0A2
:101C0000E9FF2268174B9A4201D018B010BD042397
:101C1000029302A802F03CFC08BB134B9A6D42F4FD
:101C200080229A659A6D02F480220092009ADA6C02
:101C300042F00202DA64DB6C03F002030193019BC1
:101C40004FF44063139302231493002315931693C8
:101C50000723179313A9054801F0D6FDD5E7FFF731
:101C6000CDFCDAE7004800400010024000040048C4
:101C7000104B1B680BB90120704710B504464FF498
:101C80007A70B0FBF3F30C4A1068B0FBF3F001F08C
:101C90008BFC68B90F2C01D901200AE000222146F3
:101CA0004FF0FF3001F03AFC044B1C60002000E0D4
:101CB000012010BD040000200000002008000020CA
:101CC00010B5032001F018FC0F20FFF7D1FF10B171
:101CD0000124204610BD0446FFF78AFDF9E7000005
:101CE000034A1368034909680B441360704700BF37
:101CF000C404002004000020014B1868704700BF96
:101D0000C404002038B50446FFF7F6FF0546B4F1D9
:101D1000FF3F02D0044B1B681C44FFF7EDFF401B44
:101D2000A042FAD338BD00BF0400002030B583B014
:101D300000230193002800F007810446C36D13B30C
:101D400023689A6812F0005F05D09A6822F020425A
:101D500022F03F029A602268936813F0805F1FD1DF
:101D6000936823F0104323F03F0343F080539360C4
:101D7000764B1B689B09764AA2FB03239B09013320
:101D80005B00019309E0FFF755FA0023236684F80E
:101D90005830D5E7019B013B0193019B002BF9D102
:101DA0002268936813F0805F40F09680E36D43F003
:101DB0001003E365236E43F001032366012093685B
:101DC00013F0040300D00123E16D11F0100F40F077
:101DD000B480002B40F0B180E36D23F4817343F0B5
:101DE0000203E365936813F0010F15D14FF0A04390
:101DF0009B6813F0010300D00123564A926812F049
:101E0000010200D00122134306D1636852498A6857
:101E100022F47C1213438B60627FE36B43EA42330C
:101E2000E2681343A268134394F8242043EA024370
:101E3000012A53D0E26A22B102F47872216B0A437C
:101E400013432168CD68454A2A401343CB6022687A
:101E5000136923F04063616B0B431361226893683D
:101E600013F0080300D001233BBB217F94F83830E6
:101E70005B0043EA8131D36823F4804323F00203FB
:101E80000B43D360236973B32268136943F480332F
:101E900013612268D2F8C03023F47F5323F03F034C
:101EA00021690B43C2F8C03094F84030012B29D08F
:101EB0002268136923F0010313616369012B33D096
:101EC0002268136B23F00F031363E36D23F0030306
:101ED00043F00103E36535E0002070E7A26A013AB0
:101EE00043EA4243A6E72268136923F4803313616F
:101EF0002268D2F8C03023F47F5323F03F03C2F8A6
:101F0000C030D1E721680B6923F4FF6323F0040399
:101F1000626CA56C2A43E56C2A43256D2A43134362
:101F200043F001030B61C8E721680B6B23F00F033B
:101F3000226A013A13430B63C7E7E36D43F01003D2
:101F4000E365012003B030BD0120FBE70000002065
:101F5000632D3E0500010050000300500740F0FFD4
:101F60000368186C7047704770477047F8B50446AF
:101F700003681F685D68984B9E6806F01F0617F09F
:101F8000020F10D015F0020F0DD0C36D13F0100F1B
:101F900003D1C36D43F40063C365204600F037FEF0
:101FA000236802221A6017F0040F02D015F0040F04
:101FB00005D117F0080F4AD015F0080F47D0E36D90
:101FC00013F0100F03D1E36D43F40073E36523684E
:101FD000DA6812F4406F34D1804A934209D01A462D
:101FE000934209D046B1052E06D0092E04D0D268FE
:101FF00003E04FF0A042F3E7DA6812F4005F20D16B
:102000001A6812F0080F1CD09A6812F0040F10D151
:102010005A6822F00C025A60E36D23F48073E36582
:10202000E36D13F4805F0CD1E36D43F00103E365CE
:1020300007E0E36D43F01003E365236E43F0010313
:1020400023662046FFF78FFF23680C221A6017F0E3
:10205000200F02D015F0200F05D117F0400F5CD0F3
:1020600015F0400F59D0E36D13F0100F03D1E36D5D
:1020700043F40053E3652368DA6C12F4C07F12D195
:102080000121DA6812F4406F0FD10120534A9342C4
:102090000DD01A4693420DD066B1062E0AD0072EF7
:1020A00008D0D26807E00021EBE70020EEE74FF010
:1020B000A042EFE7DA6851B312F0007F03D030B3EB
:1020C00012F4005F23D1196811F0400F1FD012F4F1
:1020D000001F1CD19A6812F0080F10D15A6822F024
:1020E00060025A60E36D23F48053E365E36D13F4FB
:1020F000807F0CD1E36D43F00103E36507E0E36DFE
:1021000043F01003E365236E43F00103236620468A
:1021100004F0E4FC236860221A6017F0800F02D0FC
:1021200015F0800F2FD117F4807F02D015F4807F37
:1021300034D117F4007F02D015F4007F3AD117F0A4
:10214000100F19D015F0100F16D0E36B33B1002E1D
:102150003CD0214B9B6813F4604F0AD0E36D43F4ED
:102160008063E365236E43F0020323662046FFF796
:10217000FCFE236810221A6017F4806F02D015F459
:10218000806F2DD1F8BDE36D43F48033E3652046C5
:10219000FFF7EAFE236880221A60C4E7E36D43F488
:1021A0000033E365204600F030FD23684FF4807271
:1021B0001A60BEE7E36D43F48023E365204600F038
:1021C00025FD23684FF400721A60B8E72368DB68C6
:1021D00013F0010FCDD0C1E7000300500001005003
:1021E000E36D43F48043E365236E43F00803236605
:1021F00023684FF480621A60204600F005FDC1E7B5
:10220000F0B583B00022019290F85820012A00F026
:102210005E820346012280F858200568A86810F005
:10222000040F09D0DA6D42F02002DA6501200022A5
:1022300083F8582003B0F0BD4C683035220A920074
:1022400002F00C02A85804F01F0E1F2404FA0EF42A
:1022500020EA04000C68C4F3846C0CFA0EFC40EA1B
:102260000C00A8501868826812F0040200D0012205
:10227000846814F0080400D00124002A50D1002CF6
:102280004ED18D68B5F1004F00F082800F68143098
:102290007A0E920002F004028658C7F3045E4FF0F3
:1022A000070C0CFA0EFC26EA0C0C05FA0EF54CEAAB
:1022B000050585501868426922F0004242614D6967
:1022C0001868C268C2F3C102520005FA02F20E6930
:1022D000042E75D0603050F82670A84D3D400F6830
:1022E00007F0F8473A43154345F0004540F82650BB
:1022F0001A680E698869603252F8265025F0807598
:10230000284342F826001A680D69087F012854D036
:10231000603252F8250020F00070044342F8254056
:102320001868826812F0010F17D10A68CD68D0F8DA
:10233000B040C2F3120C24EA0C0405F0180C904DC6
:1023400025FA0CF52A40C2F312022243C0F8B0204D
:10235000C8688C4A904200F09B800A688A490A4209
:1023600000F0AD818949896801F0E070884CA24293
:1023700000F05C81874CA24200F05881864CA2425A
:1023800000F07A81854CA24200F0888100204EE75F
:102390000D6814306A0E920002F004028658C5F3EC
:1023A0000455072707FA05F526EA0505855018683C
:1023B000426942F00042426181E74FF00074A7E7B2
:1023C000026E046EC4F384640A68C2F3120585BB0E
:1023D000C2F38462944234D01C68626E606EC0F3B3
:1023E00084600A68C2F3120585BBC2F3846290421E
:1023F00034D01C68A26EA06EC0F384600A68C2F379
:10240000120585BBC2F38462904234D01C68E26E30
:10241000E06EC0F384600A68C2F3120585BBC2F3A4
:10242000846290427FF47CAFE26E22F00042E2666A
:1024300076E792FAA2F212B1B2FA82F2CAE7202249
:10244000C8E7026E22F000420266C5E792FAA2F2E5
:1024500012B1B2FA82F2CAE72022C8E7626E22F015
:1024600000426266C5E792FAA2F212B1B2FA82F2B3
:10247000CAE72022C8E7A26E22F00042A266C5E7A2
:1024800092FAA2F212B1B2FA82F2CAE72022C8E7A7
:102490001C680A68C2F31205002D38D1900E013075
:1024A00000F01F0009288CBF00200120002877D0F1
:1024B000002D3BD1900E0130800600F0F840002D39
:1024C00040D1960E013606F01F070126BE4030436C
:1024D000002D45D1920E013202F01F0202EB4202A2
:1024E00012050243886804F11406550EAD0005F08C
:1024F00004057459C2F304524FF0070C0CFA02FCA5
:1025000024EA0C0C90404CEA0000705125E792FA46
:10251000A2F048B1B0FA80F0013000F01F000928A5
:102520008CBF00200120C1E72020F5E792FAA2F03D
:1025300030B1B0FA80F00130800600F0F840BEE71C
:102540002020F8E792FAA2F646B1B6FA86F60136EE
:1025500006F01F06012707FA06F6B8E72026F6E779
:1025600092FAA2F242B1B2FA82F2013202F01F02F2
:1025700002EB42021205B4E72022F6E700F0FF0367
:10258000FFFF070000007F400000088000030050AC
:10259000000021C31000C090000052C7000084CB8F
:1025A000CDB9900E0130800600F0F840FDB9960ECE
:1025B000013606F01F070126BE4030432DBB920EA8
:1025C000013202F01F0202EB42021E3A120542F0F3
:1025D0000072024386E792FAA2F030B1B0FA80F0BE
:1025E0000130800600F0F840E0E72020F8E792FA9A
:1025F000A2F646B1B6FA86F6013606F01F060127A6
:1026000007FA06F6D9E72026F6E792FAA2F25AB1BF
:10261000B2FA82F2013202F01F0202EB42021E3ACB
:10262000120542F00072D4E72022F3E711F4000F04
:102630007FF4A4AE1A68B2F1A04F01D00020F6E5F5
:1026400040F4000023498A6822F0E0721043886059
:10265000214A126892092149A1FB02129209013212
:1026600002EB420292000192019A1AB1019A013AD8
:102670000192F9E70020DAE511F0807F7FF482AE65
:102680001968174A91421CD040F0807011498A683D
:1026900022F0E072104388600020C8E511F4800F3A
:1026A00011D119680E4A91420FD040F480020948B6
:1026B000816821F0E0710A4382600020B7E50020C4
:1026C000B5E50020B3E50020B1E50020AFE502202C
:1026D000B0E500BF0003005000000020632D3E0560
:1026E0000001005030B583B00023019303689A685D
:1026F00012F0010F58D1044699682D4A114219D1A0
:102700009A6822F0004222F03F0242F001029A60F1
:10271000284B9B6813F4000F1CD0274B1B689B09A8
:10272000264AA2FB03239B09013303EB43039B00CF
:1027300001930CE0C36D43F01003C365036E43F0D7
:1027400001030366012030E0019B013B0193019BE3
:10275000002BF9D1FFF7D0FA054623681A6812F06A
:10276000010F1FD19A6812F0010F07D19A6822F069
:10277000004222F03F0242F001029A60FFF7BCFAE9
:10278000431B022BE9D923681B6813F0010FE4D126
:10279000E36D43F01003E365236E43F0010323660A
:1027A000012002E0002000E0002003B030BD00BFA7
:1027B0003F0000800003005000000020632D3E0514
:1027C00038B53A4B9D6803689B6813F0040F69D1D4
:1027D000044605F01F0590F85830012B64D0012302
:1027E00080F85830FFF77EFF002857D1E36D23F4BF
:1027F000706323F0010343F48073E36523682C4A7C
:1028000093422FD01A46934200D01DB9E26D22F4B4
:102810008012E265E26D12F4805F26D0226E22F013
:10282000060222661C221A60002384F858302268AF
:102830001F4B9A421CD013469A421CD0DDB1052D85
:1028400019D0092D17D0E26D42F48012E265DB68E1
:1028500013F0007F27D0E36D23F4405343F48053FB
:10286000E36520E04FF0A042CDE700222266D9E7E1
:102870004FF0A043E0E7D36813F0007F05D0E36D8D
:1028800023F4405343F48053E365936823F00043FB
:1028900023F03F0343F00403936004E0002384F833
:1028A000583000E0022038BD0220FCE70003005051
:1028B0000001005038B504460268936813F0020323
:1028C00000D00123916811F0010F39D0002B39D1CC
:1028D000936803F00D03012B09D0E36D43F010035F
:1028E000E365236E43F001032366012029E093682A
:1028F00023F0004323F03F0343F002039360236877
:1029000003221A60FFF7F8F9054623689B6813F065
:10291000010F13D0FFF7F0F9401B0228F5D9236807
:102920009B6813F0010FF0D0E36D43F01003E365F3
:10293000236E43F001032366012002E0002000E043
:10294000002038BD0020FCE730B583B000230193A0
:1029500090F85830012B41D004460D46012380F8F1
:102960005830FFF7A7FF80BBE36D23F4885323F0B3
:10297000020343F00203E3652268936823F04043B7
:1029800023F03F0305F080452B4343F00043936061
:1029900023689B68002B06DBE36D23F0030343F001
:1029A0000103E36515E0019B01330193019A0C4B90
:1029B0009A42EDD9E36D23F0120343F01003E3656F
:1029C000002384F85830012006E0E36D43F0100343
:1029D000E365002384F8583003B030BD0220FBE7E4
:1029E00001DE040038B5394B9D6803689A6812F01F
:1029F000080F67D1044605F01F05DA68DB6C13F495
:102A0000C07F01D1002A3DDA94F85830012B5BD009
:102A1000012384F858302046FFF764FE00284DD18A
:102A2000E36D13F4807F33D0236E23F00803236615
:102A3000E36D23F4405323F0010343F48053E36533
:102A40002368234A934226D01A46934200D01DB9E8
:102A5000E26D22F48012E26560221A60002384F89D
:102A6000583023681A4A934218D01A46934218D015
:102A7000BDB1062D15D0072D13D0E36D43F480139F
:102A8000E36520E0C36D43F02003C36501201AE035
:102A900000232366CCE74FF0A042D6E74FF0A042D8
:102AA000E4E7DA6812F0007F0DD19A6822F0004264
:102AB00022F03F0242F008029A6004E0002384F80A
:102AC000583000E0022038BD0220FCE7000300502F
:102AD0000001005038B54A4B9D6803689A6812F0AF
:102AE000080F40F08980044605F01F05DA68DB6CAA
:102AF00013F4C07F01D1002A53DA94F85830012B27
:102B00007CD0012384F858302046FFF7EBFD0028E5
:102B10006ED1E36D13F4807F49D0236E23F0080358
:102B20002366E36D23F4405323F0010343F4805301
:102B3000E3652368334A93423CD01A46934200D05F
:102B40001DB9E26D22F48012E26560221A60002352
:102B500084F858302368DA6812F4001F03D05A68EA
:102B600042F480625A60A369082B26D02268536819
:102B700023F0400353602268536843F020035360FE
:102B80002368204A934223D01A46934223D015B398
:102B9000062D20D0072D1ED0E36D43F48013E3658E
:102BA0002BE0C36D43F02003C365012025E0002323
:102BB0002366B6E74FF0A042C0E72268536823F0CF
:102BC000200353602268536843F040035360D7E703
:102BD0004FF0A042D9E7DA6812F0007F0DD19A6871
:102BE00022F0004222F03F0242F008029A6004E024
:102BF000002384F8583000E0022038BD0220FCE7B2
:102C00000003005000010050704770477047704744
:102C1000F0B583B0034600220192406993F8582032
:102C2000012A00F0FA82012283F85820A8B10A6A2A
:102C3000012A12D0986E002840F0CD809A660022BA
:102C40005A668C6A002C00F0C3800A6A013A04F0CC
:102C50007C042243CC6A1443BEE04A68092A00F08F
:102C600097801A68906810F0080F10D191F825002D
:102C7000002840F0D080D06820F4401091F8265011
:102C800091F82440240544EA45542043D0601C6850
:102C9000A26812F0040200D00122A56815F0080510
:102CA00000D00125002A40F06181002D40F099817B
:102CB0008A6A1AB1CA6A002A40F0BC8091F82520BD
:102CC000012A00F0B180E26822F00072E260002088
:102CD00091F83020012A00F0BC801C68226922F0A3
:102CE000020222618C68B4F1004F00F0BE801A68C5
:102CF0000F6802F1140C7A0E920002F004025CF8E4
:102D00000260C7F304574FF0070E0EFA07FE26EADB
:102D10000E06BC4034434CF802401C68626922F045
:102D2000004262614C691E68F268C2F3C10252003F
:102D300004FA02F2D1F810C0BCF1040F00F0AF8029
:102D4000603656F82C40A84F27400C6804F0F84431
:102D50002243174347F0004746F82C701A680F6962
:102D60008C69603252F8276026F08076344342F84E
:102D700027401A680E690C7F012C00F08D806032AC
:102D800052F8264024F00074254342F82650EEE025
:102D90008C6ABCB10868820E520202F4785204F0C8
:102DA0007C042243C86A02431C68E06C20F07B402C
:102DB00020F46F0020F43F4020F0FF001043E06457
:102DC0005A664EE70A68920E520202F47852EBE716
:102DD0000A6A541E00E000240868C0F384604A6850
:102DE00002F01F0200FA02F22243986E0138986640
:102DF0005C6E22435A6600287FF433AF1C68E06C97
:102E000020F07B4020F46F0020F43F4020F0FF00D2
:102E10000243E26425E7D06820F4401091F8264090
:102E200040EA4450D06032E7E26842F00072E2606B
:102E300000204DE791F82500012805D0E26822F036
:102E40000072E260002043E7DA6D42F02002DA65AA
:102E50003EE71E68326922F4FF724C6B8F6B3C4375
:102E6000224342F0020232613CE71C680E681434CF
:102E7000720E920002F00402A758C6F304564FF0F7
:102E8000070C0CFA06F627EA0606A6501C686269CB
:102E900042F00042626145E74FF000756FE7326E25
:102EA000346EC4F384640A68C2F312057DBBC2F3B6
:102EB0008462944233D01D686A6E6C6EC4F384647D
:102EC0000A68C2F312067EBBC2F38462944233D016
:102ED0001D68AA6EAC6EC4F384640A68C2F312065D
:102EE0007EBBC2F38462944233D01D68EA6EEC6EFE
:102EF000C4F384640A68C2F312067EBBC2F3846220
:102F0000944234D1EA6E22F00042EA662FE092FA4F
:102F1000A2F212B1B2FA82F2CBE72022C9E7326EF6
:102F200022F000423266C6E792FAA2F212B1B2FA79
:102F300082F2CBE72022C9E76A6E22F000426A667D
:102F4000C6E792FAA2F212B1B2FA82F2CBE72022DD
:102F5000C9E7AA6E22F00042AA66C6E792FAA2F278
:102F600012B1B2FA82F2CBE72022C9E700201D6835
:102F7000AA6812F0010F17D10A68CE68D5F8B040E0
:102F8000C2F3120724EA070406F0180C174E26FABB
:102F90000CFC02EA0C02C2F312022243C5F8B02074
:102FA000CC68134A944231D00A6812490A4213D0BD
:102FB0001149896801F0E074104DAA4200F0E480E4
:102FC0000F4DAA4200F0E0800E4DAA4200F00181B0
:102FD0000D4DAA4200F00F81002283F8582003B063
:102FE000F0BD0020C3E700BF00F0FF03FFFF0700B4
:102FF00000007F400000088000030050000021C353
:103000001000C090000052C7000084CB1D680A6801
:10301000C2F31206002E37D1940E013404F01F04BF
:10302000092C8CBF00240124002C65D0002E3AD13D
:10303000940E0134A40604F0F844002E3FD1970EFC
:10304000013707F01F0C012707FA0CF73C43002E4D
:1030500044D1920E013202F01F0202EB420212052D
:1030600022438C681435560EB60006F00406AF599C
:10307000C2F304524FF0070C0CFA02FC27EA0C07CB
:1030800094403C43AC518FE792FAA2F44CB1B4FAAD
:1030900084F4013404F01F04092C8CBF00240124A3
:1030A000C2E72024F5E792FAA2F434B1B4FA84F42A
:1030B0000134A40604F0F844BFE72024F8E792FAAC
:1030C000A2F74FB1B7FA87F7013707F01F074FF0A4
:1030D000010C0CFA07F7B9E72027F5E792FAA2F2FC
:1030E00042B1B2FA82F2013202F01F0202EB420256
:1030F0001205B5E72022F6E7D6B9940E0134A406EE
:1031000004F0F84406BB970E013707F01F0C0127A7
:1031100007FA0CF73C4336BB920E013202F01F0255
:1031200002EB42021E3A120542F00072224398E777
:1031300092FAA2F434B1B4FA84F40134A40604F08F
:10314000F844DFE72024F8E792FAA2F74FB1B7FA84
:1031500087F7013707F01F074FF0010C0CFA07F74C
:10316000D8E72027F5E792FAA2F25AB1B2FA82F232
:10317000013202F01F0202EB42021E3A120542F037
:103180000072D3E72022F3E711F4000F7FF41CAFA5
:103190001A68B2F1A04F7FF41FAF44F40004204935
:1031A0008A6822F0E07214438C601E4A1268920909
:1031B0001D49A1FB0212920902EB42029200183251
:1031C000019202E0019A013A0192019A002AF9D192
:1031D00002E711F0807F7FF4FBAE1968134A914239
:1031E0003FF4FAAE44F080740D498A6822F0E07230
:1031F00014438C60F0E611F4800F7FF4EDAE196893
:103200000A4A91423FF4E8AE44F4800404498A68D3
:1032100022F0E07214438C60DEE60220DFE600BF9D
:103220000003005000000020632D3E050001005007
:1032300090F85820012A7FD010B49DB00346012297
:1032400080F858200022189219920068B0F1A04F1F
:1032500039D000220192019A002A37D0926812F0E8
:10326000040200D00122806810F0040F54D1002A1B
:1032700052D10A68002A32D0304CA26822F460424F
:10328000486893F838C040EA4C300243A2604FF0DF
:10329000A042926812F0010200D001222848806802
:1032A00010F0010000D00120024341D1234CA2685C
:1032B00022F4716222F00F020868896801430A4310
:1032C000A26000202DE01E4A0192C4E7DA6D42F0B0
:1032D0002002DA65002283F85820012024E01749F3
:1032E0008A6822F460428A604FF0A042926812F02D
:1032F000010200D001221249896811F0010100D0B9
:1033000001210A4316D10D498A6822F4716222F024
:103310000F028A60002004E0DA6D42F02002DA65D4
:103320000120002283F858201DB05DF8044B70473F
:103330000020F6E70020F4E7022070470003005069
:103340000001005030B583B000230193002800F045
:103350009A80044603681B68002BC0F29780437F65
:1033600023B32168086800F40000A368626813436F
:1033700062691343E2681343226913430D68454AA7
:103380002A4013430B602268136813F4000F18D00F
:10339000B8B9414B1B689B094049A1FB03139B092A
:1033A000013303EB83039B00019307E00377036280
:1033B000FEF704F8D5E7019B013B0193019B002B2D
:1033C000F9D1374B9A4230D004339A4230D004338B
:1033D0009A4227D04FF08043A26912F0030F42D0E7
:1033E00012F0100F27D02F498A681A438A60A26909
:1033F00012F0200F25D02B49CA681A43CA60294A07
:103400005361A26912F0020F21D026494A681A437B
:103410004A60A26912F0010F1FD022490A681343C3
:103420000B6029E04FF00053D6E74FF40013D3E7C9
:103430004FF48003D0E71B498A6822EA03028A60BE
:10344000D5E71849CA6822EA0302CA60D7E71549D6
:103450004A6822EA03024A60DBE712490A6822EA64
:1034600003030B6008E00F4A516821EA0301516031
:10347000116821EA03031360637F03F0FF003BB987
:103480000123637700E0012003B030BD0120FBE79A
:103490000020F9E70F7E00FF00000020632D3E05AD
:1034A00000020140000401407047000008B50368B5
:1034B0000F4A934210D00432934210D00432934208
:1034C00007D04FF080430B4A526933EA020209D019
:1034D00008BD4FF00053F6E74FF40013F3E74FF445
:1034E0008003F0E7034A5361FFF7DEFFF0E700BF18
:1034F0000002014000040140074AD36823F4E0635E
:103500001B041B0C000200F4E060034343F0BF63A4
:1035100043F40033D360704700ED00E000B5194B71
:10352000DB68C3F30223C3F1070CBCF1040F28BF0F
:103530004FF0040C03F1040EBEF1060F18D9033B43
:103540004FF0FF3E0EFA0CFC21EA0C0199400EFAF6
:1035500003F322EA0303194300280BDB0901C9B274
:1035600000F1604000F5614080F800135DF804FB55
:103570000023E5E700F00F000901C9B2024B19541E
:10358000F4E700BF00ED00E014ED00E0002807DBE9
:1035900000F01F02400901239340024A42F8203004
:1035A000704700BF00E100E00138B0F1807F0BD22E
:1035B0004FF0E0235861054AF02182F823100020E3
:1035C000986107221A6170470120704700ED00E002
:1035D00070B110B50446037933B102232371002082
:1035E00020610123237110BD4371FDF771FFF4E7E2
:1035F00001207047002800F0FC802DE9F0410C46C6
:1036000015460646002900F0F6804379012B00F0AC
:10361000F48001234371022303718B68042B17D0BC
:10362000E369012B5FD03368DF6B05F010050723DA
:10363000AB4027EA0307A369012B61D0022B00F0FE
:10364000BE806369002B40F0BD804FF0010859E057
:10365000FEF752FB07469DB133685A6B002A3FDAEA
:10366000FEF74AFBC01B0128F6D933685B6B002BC1
:10367000F2DA336943F008033361032030719CE0D0
:1036800033685A6B12F4004F10D0FEF735FBC01BA5
:103690000128F5D933685B6B13F4004FF0D0336920
:1036A00043F0080333610320307186E0626A1A64D4
:1036B0003068826C05F0100140F2FF338B4022EA43
:1036C0000302A36A8B401A4382643068C36CFF22F2
:1036D0008A4023EA0203E26A8A401343C3649FE7F5
:1036E000626A5A64E4E731688A6B05F010001F23B0
:1036F000834022EA0302236A834013438B6392E7E9
:103700004FF00008A3686269134343EA08034FF4CB
:103710008072AA4027EA02072279012A55D04FF089
:10372000000848EA03034FF40072AA4027EA0207A0
:103730006279012A4CD04FF0000848EA030827F4C8
:1037400040472368022B46D01F4308FA05F848EA91
:1037500007073368DF6331680B684FF48042AA4083
:1037600023EA02030B6031680B6840F6FE72AA4040
:1037700023EA0202E368AB4013430B6031680B6835
:10378000C022AA4023EA02030B60E268C2F383036B
:1037900022699208120202F470621A433068036EC2
:1037A00040F60F71A94023EA010302FA05F51D4313
:1037B00005660123337100207071BDE8F0814FF080
:1037C00001089FE74FF000089CE74FF48078A8E7D6
:1037D0004FF40078B1E700F031FE094B984202D96E
:1037E00047F40047B1E7074B9842AED947F480470A
:1037F000ABE7012070470120DFE70220DDE700BFD3
:103800000068890900B4C404F0B583B0002362E005
:1038100085685E000324B44025EA0405CC68B44002
:103820002C438460446824EA0C0C4C68C4F30014F4
:103830009C4044EA0C0444605EE0DD08083550F822
:10384000256003F007044FEA840C0F2404FA0CF4FB
:1038500026EA040E0C6904FA0CF444EA0E0440F85B
:10386000254060E0052400E0002404FA0EF42C4317
:103870000CF1020C554D45F82C40554CA568D4432D
:1038800025EA02064F6817F4801F01D042EA0506B8
:103890004F4DAE60ED6804EA05064F6817F4001F4F
:1038A00001D042EA05064A4DEE606D6804EA05065D
:1038B0004F6817F4003F01D042EA0506444D6E60A0
:1038C0002D682C404E6816F4803F01D042EA050472
:1038D0003F4A146001330A6832FA03F474D04FF09F
:1038E000010C0CFA03FC1CEA0202F3D04C6804F051
:1038F0000304013C012C8BD94C6804F00304032C15
:103900000CD0C4685D004FF0030C0CFA05FC24EAEF
:103910000C0C8C68AC4044EA0C04C4604C6804F0A5
:103920000304022C89D004684FEA430E4FF0030CC5
:103930000CFA0EFC24EA0C0C4C6804F0030404FAA4
:103940000EF444EA0C0404604C6814F4403FC1D007
:10395000204C256E45F001052566246E04F0010417
:103960000194019C4FEA930C0CF10205174C54F89A
:10397000255003F003044FEA840E0F2404FA0EF4DA
:1039800025EA0405B0F1904F3FF46EAF124CA0420F
:1039900012D004F58064A04210D004F58064A042E7
:1039A0000ED004F58064A0420CD004F58064A042DF
:1039B0003FF458AF062458E7012456E7022454E7A1
:1039C000032452E7042450E703B0F0BD0000014097
:1039D0000004014000100240000400480AB1816167
:1039E000704781627047000008B5054B5B69034270
:1039F00000D108BD024B586103F030F9F9E700BF70
:103A000000040140002800F0868010B582B0044612
:103A100090F83A30DBB2052B7FD090F83A30DBB229
:103A2000022B7CD03F4B1A6E42F001021A661B6ECD
:103A300003F001030193019B90F83A300BB980F831
:103A400039302046FDF77AFEA368402B25D0602B45
:103A500023D02268136823F01003E16A0B4313603C
:103A600021680B68304A1A406368A0680343E06825
:103A7000034320690343207D012849D000200343EC
:103A8000606A0343A06A0343206B43EAC043606B50
:103A900043EA006313430B6020E02268136823F0BD
:103AA0001003E16A0B43136021680B681E4A1A4039
:103AB0006368A068034320690343207D012824D064
:103AC00000200343606A0343A06A0343206B43EA78
:103AD000C043606B43EA006313430B6021688B694A
:103AE000002B09DB8B6923F03F03A269E0690243E5
:103AF000206A024313438B6194F83A3013B90123CF
:103B000084F83A30002002B010BD4FF48070D8E73E
:103B10004FF48070B3E7012070470120F3E70120E4
:103B2000F1E700BF00100240113E00E0A8B190F89C
:103B30003A30DBB2052B12D090F83A30DBB2012BD1
:103B400001D00120704701680B6843F001030B604E
:103B5000042380F83A30002070470120704701208C
:103B600070470000002836D13E4B1B6803F4C06349
:103B7000B3F5806F08D03B4AD2F8803023F48073CD
:103B8000C2F8803000207047364AD2F8803023F4E3
:103B90008073C2F88030136823F4C06343F4007369
:103BA0001360314B1B68322202FB03F32F4AA2FB46
:103BB00003239B0C013300E0013B2A4A526912F4B3
:103BC000806F01D0002BF7D1264B5B6913F4806F17
:103BD00044D100207047B0F5007F08D0214A136817
:103BE00023F4C06343F480631360002070471D4BCF
:103BF0001B6803F4C063B3F5806F08D0194AD2F88C
:103C0000803043F48073C2F8803000207047154A3A
:103C1000D2F8803043F48073C2F88030136823F404
:103C2000C06343F4007313600F4B1B68322202FB26
:103C300003F30E4AA2FB03239B0C013300E0013B7C
:103C4000084A526912F4806F01D0002BF7D1054B5E
:103C50005B6913F4806F03D1002070470320704725
:103C600003207047007000400000002083DE1B43EB
:103C7000024A936843F480439360704700700040A9
:103C8000124BDA6802F00302D868C0F30310431C39
:103C9000032A11D00E48B0FBF3F00C4BDB68C3F3E2
:103CA000062303FB00F0094BDB68C3F341630133D8
:103CB0005B00B0FBF3F070470648B0FBF3F0034B3A
:103CC000DB68C3F3062303FB00F0ECE700100240BF
:103CD0000024F40000366E01002800F04F8270B519
:103CE00082B00446036813F0010F37D0A44A9368EA
:103CF00003F00C03D26802F003020C2B23D0082B34
:103D000023D06368B3F5803F4ED0B3F5A02F51D0D8
:103D10009B4B1A6822F480321A601A6822F48022BF
:103D20001A606368002B52D0FDF7E6FF0546944BFE
:103D30001B6813F4003F11D1FDF7DEFF401B642820
:103D4000F5D9032023E2032AD9D18D4B1B6813F444
:103D5000003F03D06368002B00F01282236813F049
:103D6000020F5DD0864A936803F00C03D26802F01C
:103D700003020C2B3AD0042B3AD0E368002B75D009
:103D80007F4A136843F480731360FDF7B5FF05465F
:103D90007B4B1B6813F4806F5FD1FDF7ADFF401BB9
:103DA0000228F5D90320F2E1754A136843F4803301
:103DB0001360B6E703F18043A3F53C331A6842F47D
:103DC00080221A601A6842F480321A60A9E7FDF76F
:103DD00093FF05466A4B1B6813F4003FBED0FDF706
:103DE0008BFF401B6428F5D90320D0E1022AC2D101
:103DF000634B1B6813F4806F03D0E368002B00F063
:103E0000C1815F4A536823F0FE43216943EA01639D
:103E100053605C4B1868FDF72BFF002840F0B4811D
:103E2000236813F0080F4CD063699BB3544AD2F84F
:103E3000943043F00103C2F89430FDF75DFF05466E
:103E40004F4BD3F8943013F0020F3AD1FDF754FFE3
:103E5000401B0228F4D9032099E1494A536823F012
:103E6000FE43216943EA01635360D9E7444A13687A
:103E700023F480731360FDF73FFF0546404B1B683A
:103E800013F4806FCCD0FDF737FF401B0228F5D923
:103E900003207CE13A4AD2F8943023F00103C2F8BF
:103EA0009430FDF729FF0546354BD3F8943013F0D5
:103EB000020F06D0FDF720FF401B0228F4D9032093
:103EC00065E1236813F0040F00F081802C4B9B6D9B
:103ED00013F0805F36D12A4B9A6D42F080529A657A
:103EE0009B6D03F080530193019B0125264B1B68BA
:103EF00013F4807F28D0A368012B39D0052B45D03F
:103F00001F4BD3F8902022F00102C3F89020D3F881
:103F1000902022F00402C3F89020A368002B43D025
:103F2000FDF7EAFE0646164BD3F8903013F0020F69
:103F30004CD1FDF7E1FE801B41F288339842F2D963
:103F4000032024E10025D1E70F4A136843F480736E
:103F50001360FDF7D1FE06460B4B1B6813F4807F00
:103F6000C9D1FDF7C9FE801B0228F5D903200EE157
:103F7000034AD2F8903043F00103C2F89030CCE706
:103F8000001002400800002000700040884BD3F869
:103F9000902042F00402C3F89020D3F8902042F021
:103FA0000102C3F89020B8E7FDF7A6FE0646804B55
:103FB000D3F8903013F0020F08D0FDF79DFE801B60
:103FC00041F288339842F2D90320E0E0E5B9236852
:103FD00013F0200F35D0A369E3B1754AD2F89830B9
:103FE00043F00103C2F89830FDF786FE0546704B9A
:103FF000D3F8983013F0020F23D1FDF77DFE401B5C
:104000000228F4D90320C2E0694A936D23F080535B
:104010009365DCE7664AD2F8983023F00103C2F8D2
:104020009830FDF769FE0546614BD3F8983013F0E0
:10403000020F06D0FDF760FE401B0228F4D90320D2
:10404000A5E0E369002B00F0A180594A926802F0D4
:104050000C020C2A64D0022B13D0554A136823F0AB
:1040600080731360FDF748FE0446514B1B6813F044
:10407000007F4ED0FDF740FE001B0228F5D903203B
:1040800085E04B4A136823F080731360FDF734FE1C
:104090000546474B1B6813F0007F06D0FDF72CFE4A
:1040A000401B0228F5D9032071E0414AD3684149F9
:1040B0001940236A606A013843EA0013A06A43EAA0
:1040C0000023206B4008013843EA4053606B4008EE
:1040D000013843EA4063E06A43EAC0630B43D360BC
:1040E000136843F080731360D36843F08073D36028
:1040F000FDF702FE04462E4B1B6813F0007F06D12D
:10410000FDF7FAFD001B0228F5D903203FE000204F
:104110003DE0274AD168284B0B40D360002036E0B1
:10412000012B36D0224BDB6803F00301226A914257
:1041300031D103F0F002616A0139B2EB011F2CD1D9
:1041400003F4FE42A16AB2EB012F28D103F07842BA
:10415000E16AB2EBC16F24D103F4C001226B5208B3
:10416000013AB1EB425F1ED103F0C063626B5208AB
:10417000013AB3EB426F18D1002008E001207047EC
:10418000012004E0012002E0012000E0002002B054
:1041900070BD0120FBE70120F9E70120F7E70120CE
:1041A000F5E70120F3E70120F1E70120EFE700BF89
:1041B000001002400C809F01FCFFEEFE1E4B9B682E
:1041C00003F00C03042B33D01B4B9B6803F00C0350
:1041D000082B2FD0184B9B6803F00C030C2B01D03D
:1041E00000207047144BDA6802F00302D868C0F36D
:1041F0000310431C032A11D01048B0FBF3F00E4B00
:10420000DB68C3F3062303FB00F00B4BDB68C3F34F
:10421000416301335B00B0FBF3F070470848B0FB2B
:10422000F3F0054BDB68C3F3062303FB00F0ECE778
:104230000248704702487047001002400024F40012
:1042400000366E01002800F0E680F8B50C46054601
:10425000744B1B6803F00F038B420BD2714A136837
:1042600023F00F030B431360136803F00F038B421B
:1042700040F0D3802E6816F001065FD06B68032BE8
:104280002FD0022B4DD0684B1B6813F4806F00F0C9
:10429000C680FFF793FF654B98424DD9624A9368F9
:1042A00023F0F00343F08003936080265E4A936816
:1042B00023F0030369680B439360FDF71DFD074678
:1042C000594B9B6803F00C036A68B3EB820F35D03F
:1042D000FDF712FDC01B41F288339842F0D903204C
:1042E00078E0514B1B6813F0007F01D1012071E091
:1042F000FFF7C6FC4D4B98421AD94B4B9B6813F005
:10430000F00F05D02E6816F00206CFD0AB688BB93F
:10431000454A936823F0F00343F0800393608026BE
:10432000C4E7414B1B6813F4003FB2D1012051E0B8
:104330000026BBE70026B9E70026B7E72B6813F095
:10434000020F48D013F0040F04D0374A936843F4A7
:10435000E06393602B6813F0080F06D0324A93682D
:1043600023F47C5343F4E06393602F4A936823F073
:10437000F003A9680B4393602A4B1B6803F00F03FB
:10438000A34230D82B6813F0040F06D0264A936856
:1043900023F4E063E9680B4393602B6813F0080F84
:1043A00007D0214A936823F46053296943EAC10383
:1043B0009360FFF703FF1C4B9B68C3F303131C4A76
:1043C000D35C03F01F03D8401A4B18601A4B1868CF
:1043D000FDF74EFCF8BD802ECED1134A936823F032
:1043E000F0039360C8E70F4A136823F00F032343D9
:1043F0001360FDF781FC06460A4B1B6803F00F03B0
:10440000A342BFD0FDF778FC801B41F2883398426D
:10441000F2D90320DEE7012070470120DAE701200E
:10442000D8E700BF002002400010024000B4C404DE
:1044300098C600080000002008000020014B186802
:10444000704700BF0000002008B5FFF7F7FF054BDD
:104450009B68C3F30223044AD35C03F01F03D840D4
:1044600008BD00BF00100240A8C6000808B5FFF74D
:10447000E5FF054B9B68C3F3C223044AD35C03F0FA
:104480001F03D84008BD00BF00100240A8C60008A6
:10449000F0B583B00446036813F4002F69D0AE4B27
:1044A0009B6D13F0805F1ED1AB4B9A6D42F0805232
:1044B0009A659B6D03F080530193019B0126A74AE7
:1044C000136843F480731360FDF716FC0546A34B95
:1044D0001B6813F4807F08D1FDF70EFC401B0228F7
:1044E000F5D9032502E00026E9E7002545BB9A4BF4
:1044F000D3F8903013F4407315D0226C9A4212D046
:10450000954AD2F8903023F44073D2F8901041F4D9
:104510008031C2F89010D2F8901021F48031C2F8A6
:104520009010C2F8903013F0010F10D145B98A4AAB
:10453000D2F8903023F44073216C0B43C2F89030D2
:10454000C6B1854A936D23F08053936512E0FDF761
:10455000D3FB0746804BD3F8903013F0020FE5D120
:10456000FDF7CAFBC01B41F288339842F2D90325FC
:10457000DCE70025236813F0010F08D0764AD2F853
:10458000883023F0030361680B43C2F88830236846
:1045900013F0020F08D0704AD2F8883023F00C03D1
:1045A000A1680B43C2F88830236813F0040F08D0C9
:1045B000694AD2F8883023F03003E1680B43C2F82F
:1045C0008830236813F0080F08D0634AD2F8883087
:1045D00023F0C00321690B43C2F88830236813F02D
:1045E000200F08D05C4AD2F8883023F44063616918
:1045F0000B43C2F88830236813F0400F08D0564AA6
:10460000D2F8883023F44053A1690B43C2F88830B4
:10461000236813F0800F08D04F4AD2F8883023F473
:104620004043E1690B43C2F88830236813F4807F6C
:1046300008D0494AD2F8883023F44033216A0B432A
:10464000C2F88830236813F4007F08D0424AD2F8B9
:10465000883023F44023616A0B43C2F88830236812
:1046600013F4806F0CD03C4AD2F8883023F4401306
:10467000A16A0B43C2F88830A36AB3F5801F57D0F4
:10468000236813F4006F0CD0334AD2F8883023F437
:104690004003E16A0B43C2F88830E36AB3F5800F48
:1046A0004BD0236813F4805F0CD02B4AD2F88830AB
:1046B00023F04073216B0B43C2F88830236BB3F1B6
:1046C000807F3FD0236813F4005F0CD0224AD2F8D9
:1046D000883023F04063616B0B43C2F88830636B12
:1046E000B3F1006F33D0236813F4804F0CD01A4A13
:1046F000D2F8883023F04063A16B0B43C2F88830B6
:10470000A36BB3F1006F2BD0236813F4004F0CD0D0
:10471000114AD2F8883023F04053E16B0B43C2F8C2
:104720008830E36BB3F1805F1FD0284603B0F0BD43
:10473000D36843F48013D360A2E7D36843F48013B3
:10474000D360AEE7D36843F48013D360BAE7D3688D
:1047500043F48013D360C6E70010024000700040AD
:10476000D36843F48013D360CEE7D36843F4803337
:10477000D360DAE730B4036A026A22F0010202620F
:104780004568826922F4803222F073020C68224369
:1047900023F002038C6823431D4CA0420FD004F584
:1047A0000064A0420BD004F54064A04207D004F599
:1047B0008064A04203D004F58064A04205D123F0B8
:1047C0000803CC68234323F00403114CA0420FD00C
:1047D00004F50064A0420BD004F54064A04207D069
:1047E00004F58064A04203D004F58064A04207D1A0
:1047F00025F4407C4C6944EA0C0C8D6945EA0C05B3
:10480000456082614A684263036230BC704700BF02
:10481000002C014030B4036A026A22F48072026202
:104820004468C26922F4803222F073020D682A4380
:1048300023F400738D6843EA0523184DA84203D082
:1048400005F50065A84206D123F40063CD6843EA6C
:10485000052323F48063114DA8420FD005F50065B0
:10486000A8420BD005F54065A84207D005F5806544
:10487000A84203D005F58065A84207D124F4405C26
:104880004C694CEA041C8C694CEA04144460C26113
:104890004A68C263036230BC704700BF002C01400D
:1048A00030B4036A026A22F4805202624468C26928
:1048B00022F0807222F4E6420D6842EA052223F4D7
:1048C00000538D6843EA0533174DA84203D005F520
:1048D0000065A84206D123F40043CD6843EA0533BE
:1048E00023F48043104DA8420FD005F50065A8427F
:1048F0000BD005F54065A84207D005F58065A842B4
:1049000003D005F58065A84207D124F4404C4C69DA
:104910004CEA841C8C694CEA84144460C2614A6885
:104920000264036230BC7047002C014030B4036A5B
:10493000026A22F4803202624468026D22F48032FC
:1049400022F070020D682A4323F400338D6843EA95
:1049500005430F4DA8420FD005F50065A8420BD0C6
:1049600005F54065A84207D005F58065A84203D04B
:1049700005F58065A84204D124F480344D6944EAE9
:104980000524446002654A688264036230BC704753
:10499000002C014030B4036A026A22F480120262E1
:1049A0004468026D22F0807222F4E0420D6842EA0F
:1049B000052223F400138D6843EA05530F4DA842E6
:1049C0000FD005F50065A8420BD005F54065A8425B
:1049D00007D005F58065A84203D005F58065A8429B
:1049E00004D124F480244D6944EA8524446002659E
:1049F0004A68C264036230BC704700BF002C0140AB
:104A000010B4036A046A24F001040462846924F087
:104A1000F00C4CEA021223F00A030B43826103629A
:104A20005DF8044B704710B4036A046A24F0100464
:104A30000462846924F4704C4CEA023223F0A0032F
:104A400043EA0113826103625DF8044B7047836897
:104A500023F4401323F070030B4343F007038360F8
:104A60007047000090F83D30DBB2012B2DD10223BE
:104A700080F83D300368184A934218D0B3F1804F54
:104A800015D0A2F59432934211D002F58062934280
:104A90000DD002F59632934209D002F5406293425E
:104AA00005D01A6842F001021A6000207047996828
:104AB0000A4A0A40062A0AD0B2F5803F09D01A688D
:104AC00042F001021A600020704701207047002068
:104AD00070470020704700BF002C01400700010014
:104AE00070477047704770477047704770B505460C
:104AF0000368DE681C6914F0020F10D016F0020F74
:104B00000DD06FF002021A610123037703689B69DD
:104B100013F0030F7CD0FFF7E6FF00232B7714F090
:104B2000040F12D016F0040F0FD02B686FF00402A0
:104B30001A6102232B772B689B6913F4407F6DD099
:104B40002846FFF7D0FF00232B7714F0080F12D070
:104B500016F0080F0FD02B686FF008021A610423BB
:104B60002B772B68DB6913F0030F5ED02846FFF725
:104B7000BAFF00232B7714F0100F12D016F0100F8D
:104B80000FD02B686FF010021A6108232B772B6867
:104B9000DB6913F4407F4FD02846FFF7A4FF0023C2
:104BA0002B7714F0010F02D016F0010F4BD114F443
:104BB000025F02D016F0800F4DD114F4807F02D036
:104BC00016F0800F4FD114F0400F02D016F0400FB6
:104BD00051D114F0200F02D016F0200F53D114F44D
:104BE000801F02D016F4801F55D114F4001F02D08C
:104BF00016F4001F57D114F4800F02D016F4800F62
:104C000059D114F4000F02D016F4000F5BD170BD1F
:104C1000FFF768FF2846FFF767FF7EE72846FFF7A4
:104C200061FF2846FFF760FF8DE72846FFF75AFF30
:104C30002846FFF759FF9CE72846FFF753FF284611
:104C4000FFF752FFABE72B686FF001021A612846AD
:104C5000FFF747FFABE72B686FF402521A61284653
:104C600000F06FFDA9E72B686FF480721A61284687
:104C700000F068FDA7E72B686FF040021A61284634
:104C8000FFF733FFA5E72B686FF020021A61284673
:104C900000F056FDA3E72B686FF480121A612846D6
:104CA00000F051FDA1E72B686FF400121A6128464D
:104CB00000F04AFD9FE72B686FF480021A612846D6
:104CC00000F043FD9DE72B686FF400021A6128464F
:104CD00000F03CFD9BE700000368304A90420ED094
:104CE000B0F1804F0BD0A2F59432904207D002F57C
:104CF0008062904203D002F59632904203D123F0B5
:104D000070034A681343254A90421AD0B0F1804F8D
:104D100017D0A2F59432904213D002F580629042EF
:104D20000FD002F5963290420BD002F540629042CD
:104D300007D002F58062904203D002F58062904273
:104D400003D123F44073CA68134323F080034A69F4
:104D5000134303608B68C3620B6883620F4B9842F6
:104D60000FD003F5006398420BD003F540639842DF
:104D700007D003F58063984203D003F5806398421F
:104D800001D10B69036301234361036913F0010F30
:104D900003D0036923F0010303617047002C014035
:104DA00060B310B5044690F83D3013B3022384F885
:104DB0003D30214651F8040BFFF78EFF012384F8A4
:104DC000483084F83E3084F83F3084F8403084F82E
:104DD000413084F8423084F8433084F8443084F819
:104DE000453084F8463084F8473084F83D30002060
:104DF00010BD80F83C30FCF793FDD7E701207047E9
:104E000060B310B5044690F83D3013B3022384F824
:104E10003D30214651F8040BFFF75EFF012384F873
:104E2000483084F83E3084F83F3084F8403084F8CD
:104E3000413084F8423084F8433084F8443084F8B8
:104E4000453084F8463084F8473084F83D300020FF
:104E500010BD80F83C30FFF743FED7E701207047D4
:104E600030B4036A026A22F0100202624468826966
:104E700022F0807222F4E6420D6842EA052223F015
:104E800020038D6843EA0513174DA84203D005F5AA
:104E90000065A84206D123F08003CD6843EA0513DC
:104EA00023F04003104DA8420FD005F50065A8423D
:104EB0000BD005F54065A84207D005F58065A842EE
:104EC00003D005F58065A84207D124F4406C4C69F5
:104ED0004CEA840C8C694CEA8404446082614A6820
:104EE0008263036230BC7047002C014038B590F8F3
:104EF0003C30012B00F0958004460D46012380F8DC
:104F00003C30142A00F28880DFE802F00B868686A7
:104F10001F86868634868686488686865D86868651
:104F200071000068FFF726FC2268936943F00803CC
:104F300093612268936923F0040393612268936963
:104F400029690B439361002067E00068FFF788FF41
:104F50002268936943F4006393612268936923F4A0
:104F60008063936122689369296943EA012393610D
:104F7000002052E00068FFF74DFC2268D36943F03F
:104F80000803D3612268D36923F00403D361226844
:104F9000D36929690B43D36100203EE00068FFF725
:104FA0007FFC2268D36943F40063D3612268D3692C
:104FB00023F48063D3612268D369296943EA01231A
:104FC000D361002029E00068FFF7B0FC2268136D70
:104FD00043F0080313652268136D23F0040313657F
:104FE0002268136D29690B431365002015E00068E2
:104FF000FFF7D0FC2268136D43F400631365226849
:10500000136D23F4806313652268136D296943EAE5
:1050100001231365002000E00120002384F83C30C8
:1050200038BD0220FCE710B4846824F47F4C42EAC7
:1050300003220A4342EA0C0282605DF8044B704787
:1050400090F83C30012B00F08F8010B5044601230E
:1050500080F83C30022380F83D3002689068434B72
:10506000034093600B68702B55D031D8502B6CD017
:105070000CD9602B2AD1CA6849682068FFF7D3FC95
:1050800060212068FFF7E3FC002035E0402B0AD1C7
:10509000CA6849682068FFF7B3FC40212068FFF721
:1050A000D6FC002028E05BD8202B07D003D9302B7A
:1050B00004D0012020E00BB1102B05D11946206847
:1050C000FFF7C5FC002017E0012015E0012013E0E8
:1050D000B3F5005F2CD00BD9254A9342EED012D9FC
:1050E000244A9342EAD030329342E7D0012003E0D1
:1050F000B3F5805F36D10020012384F83D300023D2
:1051000084F83C3010BDB3F1101FD7D0103A934251
:10511000D4D00120F0E7CB684A6889682068FFF79F
:1051200082FF2268936843F0770393600020E3E7EF
:10513000CB684A6889682068FFF775FF2268936822
:1051400043F4804393600020D6E7CA68496820682A
:10515000FFF756FC50212068FFF779FC0020CBE7D1
:105160000120C9E70120C7E7022070478800CEFF71
:10517000300010004000100001F01F01012303FA6D
:1051800001FC036A23EA0C030362036A02FA01F1D9
:105190000B4303627047000010B50446084600291F
:1051A00047D194F83E30DBB2013B18BF0123002BFE
:1051B00040F09480002867D1022384F83E30012219
:1051C00001462068FFF7D8FF2368474A93420FD073
:1051D00002F5006293420BD002F54062934207D081
:1051E00002F58062934203D002F58062934203D1BC
:1051F0005A6C42F400425A6423683B4A93425FD09F
:10520000B3F1804F5CD0A2F59432934258D002F5AE
:105210008062934254D002F59632934250D002F508
:10522000406293424CD01A6842F001021A6000209A
:1052300055E004290CD0082911D00C2916D01029CA
:105240001BD094F84330DBB2013B18BF0123AEE71B
:1052500094F83F30DBB2013B18BF0123A7E794F875
:105260004030DBB2013B18BF0123A0E794F8413086
:10527000DBB2013B18BF012399E794F84230DBB25F
:10528000013B18BF012392E7042809D008280BD05E
:105290000C280DD010280FD0022384F843308EE75D
:1052A000022384F83F308AE7022384F8403086E7FF
:1052B000022384F8413082E7022384F842307EE7FB
:1052C00099680A4A0A40062A0AD0B2F5803F09D0F6
:1052D0001A6842F001021A60002000E0012010BDAF
:1052E0000020FCE70020FAE7002C01400700010045
:1052F00038B504460D4600220068FFF73DFF2368DD
:10530000284A93420FD002F5006293420BD002F577
:105310004062934207D002F58062934203D002F5C7
:10532000806293420DD1196A41F21112114208D1E3
:10533000196A44F24442114203D15A6C22F40042E9
:105340005A642368196A41F21112114208D1196A8C
:1053500044F24442114203D11A6822F001021A6059
:1053600025B9012384F83E30002038BD042D09D032
:10537000082D0BD00C2D0DD0102D0FD0012384F84B
:105380004330F1E7012384F83F30EDE7012384F84F
:105390004030E9E7012384F84130E5E7012384F850
:1053A0004230E1E7002C014001F00F01042303FA31
:1053B00001FC036A23EA0C030362036A02FA01F1A7
:1053C0000B4303627047000010B5044608460029ED
:1053D00033D194F84430DBB2013B18BF0123002BDA
:1053E00062D1002842D1022384F8443004220146CD
:1053F0002068FFF7D9FF2268536C43F400435364DD
:1054000023682C4A934241D0B3F1804F3ED0A2F59D
:10541000943293423AD002F58062934236D002F53C
:105420009632934232D002F5406293422ED01A68EF
:1054300042F001021A60002037E0042908D0082950
:105440000DD094F84730DBB2013B18BF0123C6E70B
:1054500094F84530DBB2013B18BF0123BFE794F855
:105460004630DBB2013B18BF0123B8E7042805D062
:10547000082807D0022384F84730B7E7022384F8CE
:105480004530B3E7022384F84630AFE799680A4A0B
:105490000A40062A0AD0B2F5803F09D01A6842F0C5
:1054A00001021A60002000E0012010BD0020FCE78E
:1054B0000020FAE7002C01400700010038B504463F
:1054C0000D4600220068FFF76FFF2368196A41F25A
:1054D0001112114208D1196A44F24442114203D117
:1054E0005A6C22F400425A642368196A41F211127C
:1054F000114208D1196A44F24442114203D11A6898
:1055000022F001021A6025B9012384F844300020FA
:1055100038BD042D05D0082D07D0012384F847306D
:10552000F5E7012384F84530F1E7012384F846309C
:10553000EDE7000090F83C30012B40D030B401235F
:1055400080F83C30022380F83D300268536894684C
:105550001C4DAA4203D005F50065AA4203D123F4ED
:1055600070034D682B4323F0007323F070030D6824
:105570002B4353600368134A934212D0B3F1804F18
:105580000FD0A2F5943293420BD002F58062934281
:1055900007D002F59632934203D002F5406293425F
:1055A00004D124F080048A6814439C60012380F8AD
:1055B0003D30002380F83C30184630BC7047022054
:1055C000704700BF002C014090F83C30012B46D0C2
:1055D00010B4012380F83C30CB6823F440738A6810
:1055E000134323F480634A68134323F400630A6877
:1055F000134323F480530A69134323F400534A6985
:10560000134323F480430A6B134323F470238A6902
:1056100043EA024323F08053CA6913430268114CE2
:10562000A24203D004F50064A24210D123F4700317
:105630008C6A43EA045323F080730C6A234323F0FB
:1056400000734C6A234323F00053C96A0B4353642D
:10565000002380F83C3018465DF8044B7047022068
:10566000704700BF002C0140034690F83C00012821
:1056700064D0F0B5012083F83C001568681E0F283F
:1056800029D8DFE800F0082E280E2828281C282812
:105690002828282828224FF0090C00264FF4007EE5
:1056A00004E04FF00B0C02264FF4006E01291ED0CF
:1056B00002292FD00120002283F83C20F0BD4FF0BA
:1056C0000C0C03264FF4805EF0E74FF00D0C04261F
:1056D0004FF4005EEAE74FF0000C6646E64665468A
:1056E000E4E74FF00A0C01264FF4806EDEE71C68F9
:1056F000206E5168B140414029404140926802FA11
:105700000CFC8CEA010C0CEA0E0E8EEA01012166FB
:105710000020D0E71C68676E506800FA06F17940F7
:1057200029407940926802FA0CFC8CEA010C0CEAE0
:105730000E0E8EEA010161660020BCE70220704770
:1057400070477047704770477047704770470268EE
:1057500052E8003F23F4907342E800310029F6D16B
:10576000026802F1080353E8003F23F0805323F05E
:105770000103083242E800310029F1D1C36E012B48
:1057800006D02023C0F88C300023C36643677047DF
:10579000026852E8003F23F0100342E8003100297C
:1057A000F6D1EEE770B504460168836802691343D9
:1057B00042691343C269134308688B4A024013438A
:1057C0000B602268536823F44053E1680B43536035
:1057D000A1692268854B9A4201D0236A19439368D4
:1057E00023F06E4323F430630B4393602268D36A43
:1057F00023F00F03616A0B43D36223687C4A934210
:1058000023D07C4A934234D07B4A93424AD07B4A8D
:10581000934259D0754A934268D0102273498B4203
:1058200000F09580E069B0F5004F00F0D280082AC2
:1058300000F24F81DFE812F01201340110014D0136
:1058400037014D014D014D013A0102F55842D2F8A0
:10585000882002F00302032A09D8DFE802F00204DC
:105860005C060122DAE70422D8E70822D6E71022F4
:10587000D4E702F5E632D2F8882002F00C020C2AB6
:105880000ED8DFE802F0070D0D0D090D0D0D4A0DC4
:105890000D0D0B000022C1E70422BFE70822BDE77F
:1058A0001022BBE702F5E432D2F8882002F0300281
:1058B000202A34D004D8A2B3102A34D10422ADE770
:1058C000302A32D10822A9E702F5E232D2F8882044
:1058D00002F0C002802A2AD004D852B3402A2AD12A
:1058E00004229BE7C02A28D1082297E702F5C83294
:1058F000D2F8882002F44062B2F5006F1FD005D8BC
:10590000FAB1B2F5806F1ED1042287E7B2F5406F7D
:105910001BD1082282E7022280E702227EE70222D0
:105920007CE700227AE7102278E7102276E702224D
:1059300074E7002272E7102270E710226EE702225D
:105940006CE700226AE7102268E7102266E7082A5F
:1059500000F2AF80DFE802F008AD3BAD38ADADAD91
:1059600005004FF4004004E0FEF76EFD002800F053
:10597000A280626A224B33F81220B0FBF2F3656812
:1059800005EB4501994200F29880B3EB053F00F228
:105990009680002633463146FAF746FE090241EA70
:1059A000106100026B08C0182A46334641F100011D
:1059B000FAF73AFEA0F54072124B9A4200F281804B
:1059C0002368D860304662E0FEF7F8FBCEE70E4869
:1059D000CFE7082A77D8DFE802F0193905763C7658
:1059E00076761D00084815E0F369FFCF008000407F
:1059F000003801400044004000480040004C004096
:105A0000B0C60008FFFC0F000024F400FEF71CFDE8
:105A100000285AD0626A324B33F81230B0FBF3F0F0
:105A20006268530803EB4000B0FBF2F0A0F11002F3
:105A30004FF6EF739A424AD883B223F00F03C0F3B4
:105A4000420018432368D860002020E0FEF70EFDD6
:105A5000DEE7FEF7B3FBDBE7224803E0FEF7F4FCEA
:105A6000002838D0626A1E4B33F81230B0FBF3F0D6
:105A7000636800EB5300B0FBF3F0A0F110024FF6A7
:105A8000EF739A4229D8236880B2D860002001239E
:105A9000A4F86A30A4F8683000236367A36770BD78
:105AA000FEF7E4FCDCE7FEF789FBD9E74FF40040A2
:105AB000D8E70120EBE70020E9E70120E7E7012034
:105AC000E5E70120E3E70120E1E70020DFE701202F
:105AD000DDE70120DBE70020D9E70120D7E700BFA1
:105AE000B0C600080024F400836A13F0080F06D043
:105AF0000268536823F40043816B0B435360836A4D
:105B000013F0010F06D00268536823F40033C16A12
:105B10000B435360836A13F0020F06D00268536888
:105B200023F48033016B0B435360836A13F0040F3B
:105B300006D00268536823F48023416B0B43536003
:105B4000836A13F0100F06D00268936823F4805321
:105B5000C16B0B439360836A13F0200F06D0026879
:105B6000936823F40053016C0B439360836A13F032
:105B7000400F0AD00268536823F48013416C0B4332
:105B80005360436CB3F5801F0BD0836A13F0800F12
:105B900006D00268536823F40023C16C0B435360A2
:105BA00070470268536823F4C003816C0B43536051
:105BB000EBE72DE9F84305460E4617469946DDF812
:105BC00020802C68E46936EA04030CBF4FF0010C16
:105BD0004FF0000CBC4536D1B8F1FF3FF1D0FCF7D7
:105BE0008BF8A0EB0900404530D8B8F1000F2FD05A
:105BF0002B681A6812F0040FE3D0802EE1D0402EFB
:105C0000DFD0DA6912F0080F11D1DA6912F4006FEF
:105C1000D7D04FF400621A622846FFF798FD202380
:105C2000C5F89030002385F8843003200CE0082468
:105C30001C622846FFF78BFDC5F89040002385F8CD
:105C40008430012000E00020BDE8F8830320FBE75A
:105C50000320F9E72DE9F04182B01E46D0F88830E4
:105C6000202B5AD104460D469046002959D00AB936
:105C7000012053E00023C0F890302123C0F8883081
:105C8000FCF73AF80746A4F85480A4F85680A368B5
:105C9000B3F5805F02D04FF0000816E0236943B3EC
:105CA0004FF0000811E02023C4F88830032035E0CD
:105CB00038F8023B2268C3F308039362B4F8562015
:105CC00092B2013A92B2A4F85620B4F856309BB280
:105CD00093B100963B46002280212046FFF769FFE2
:105CE0000028E0D1002DE3D015F8012B23689A623B
:105CF000E4E7A8460025E8E700963B46002240215D
:105D00002046FFF756FF18B92023C4F8883005E075
:105D10002023C4F88830032000E0022002B0BDE850
:105D2000F0810120FAE72DE9F04383B01E46D0F858
:105D30008C30202B7DD104460D46904600297CD026
:105D40000AB9012076E00023C0F890302222C0F882
:105D50008C20C366FBF7D0FF0746A4F85C80A4F84C
:105D60005E80A368B3F5805F06D0A3B9226972B9DB
:105D7000FF22A4F8602014E0226922B940F2FF1249
:105D8000A4F860200DE0FF22A4F8602009E07F2243
:105D9000A4F8602005E0B3F1805F0AD00022A4F8E7
:105DA0006020B4F86080B3F5805F0CD04FF000093C
:105DB00023E022691AB97F22A4F86020F1E73F228C
:105DC000A4F86020EDE7236913B14FF0000914E057
:105DD000A946002511E02023C4F88C30032029E0D7
:105DE00023685B6A08EA030329F8023BB4F85E20E3
:105DF00092B2013A92B2A4F85E20B4F85E309BB23F
:105E000093B100963B46002220212046FFF7D1FEA9
:105E10000028E0D1002DE3D023685A6A5FFA88F3A6
:105E2000134005F8013BE1E72023C4F88C30002043
:105E300000E0022003B0BDE8F0830120FAE730B5AE
:105E400083B004460023C0F89030FBF755FF0546A9
:105E50002268126812F0080F10D123681B6813F033
:105E6000040F28D12023C4F88830C4F88C300020D7
:105E7000E066206784F8840003B030BD6FF07E4395
:105E80000093034600224FF400112046FFF791FED5
:105E90000028E2D0226852E8003F23F0800342E865
:105EA00000310029F6D12023C4F88830002384F87B
:105EB00084300320E0E76FF07E4300932B460022FE
:105EC0004FF480012046FFF774FE0028CAD02268F4
:105ED00052E8003F23F4907342E800310029F6D1E4
:105EE000226802F1080353E8003F23F0010308325F
:105EF00042E800310029F3D12023C4F88C3000237C
:105F000084F884300320B7E778B310B50446D0F89E
:105F100088300BB32423C4F888302268136823F038
:105F200001031360A36AE3B92046FFF73BFC012895
:105F300011D02268536823F4904353602268936819
:105F400023F02A0393602268136843F0010313606F
:105F50002046FFF774FF10BD80F88430FBF744FE45
:105F6000D8E72046FFF7C0FDDEE7012070470000BC
:105F7000436E2BB90123A0F86A30A0F8683070474F
:105F800030B403689A68C2F342629968490F094DB8
:105F90006B5CDB00084C615C93FBF1F3A0F86A30AA
:105FA000AB5CDB00A25C93FBF2F3A0F8683030BC82
:105FB000704700BFD0C60008C8C6000890F88430FB
:105FC000012B18D0012380F884302423C0F88830B6
:105FD00003681A68196821F00101196022F0005263
:105FE0000023436601680A602022C0F8882080F8F8
:105FF0008430184670470220704738B590F88430D6
:10600000012B1DD00446012380F884302423C0F8DE
:10601000883003681D681A6822F001021A6002685D
:10602000936823F0604319439160FFF7A1FF236851
:106030001D602023C4F88830002084F8840038BD17
:106040000220FCE738B590F88430012B1DD00446BF
:10605000012380F884302423C0F8883003681D6849
:106060001A6822F001021A600268936823F06063E4
:1060700019439160FFF77CFF23681D602023C4F85B
:106080008830002084F8840038BD0220FCE700003E
:106090000A4BD3ED007AF4EE407AF1EE10FA09D013
:1060A000074BD3ED007AF4EE407AF1EE10FA03D10B
:1060B000012070470120704700207047080500202C
:1060C0000C05002082B08DED010A019B03F0FF4218
:1060D000B2F1FF4F02D0002002B07047C3F31603A5
:1060E0000BB90020F8E70120F6E7000010B52DED10
:1060F000048BF0EE408AB0EE608AF5EE400AF1EED5
:1061000010FA08D1B5EE400AF1EE10FA00F08880DE
:10611000B0EE409A0FE0FFF7D5FF48B9B0EE480A5D
:10612000FFF7D0FF20B9B0EE680AFFF7B1FF38B132
:106130003D4B93ED009AB0EE490ABDEC048B10BDC7
:10614000F5EE408AF1EE10FA04D1DFED387A87EEF1
:10615000889AF0E7B0EE480AFFF79AFFA8B1B5EECB
:10616000C08AF1EE10FA4CBF01220022F5EEC08A7F
:10617000F1EE10FA4CBF012300239A4202D0B0EE98
:10618000489AD8E7B0EE689AD5E7F0EE480AB0EE44
:10619000680A00F091FEB0EE409AB5EE400AF1EECA
:1061A00010FA0CBF0124002421D0B0EE480A00F000
:1061B00003FEB4EEC80AF1EE10FA18D5C8EE889ABC
:1061C000F0EEE99AB6EE000A39EE800A00F0F4FD2E
:1061D00079EEC07AF0EEE77A9FED157A69EE879A4C
:1061E000F4EEE97AF1EE10FAD4BF0124002424B1D0
:1061F0009FED0E9A28EE099A9DE7F5EEC08AF1EE22
:1062000010FA4CBF01220022B5EEC08AF1EE10FA5E
:106210004CBF012300239A428DD039EE089A8AE7B9
:10622000B0EE609A87E700BF100500200000000074
:106230000000003410B52DED088BB84BDB8B47F612
:10624000FE72934202D80133B44AD383B34B93F81E
:106250002130A3B9B14B012283F82120022283F817
:106260002020AE4BD3E90001FAF796F90138032854
:106270007BD8DFE810F07500D500DD000801A74BE2
:1062800093F82030022B30D0032B45D0012B0CD0BB
:10629000A34BD3ED057AF5EE407AF1EE10FA59D121
:1062A0009E4B022283F82020DBE79C4BDB8BB3F56F
:1062B0007A7F06D3994B032283F820200022DA83C9
:1062C000CFE7974BD3ED057AF5EE407AF1EE10FA71
:1062D00004D1924B022283F82020C2E78F4B00208A
:1062E0004FF08041C3E90001BBE78D4B93ED057A88
:1062F000F7EE007AB4EE677AF1EE10FA06D1874B2A
:10630000012283F820200022DA83AAE7834B0020B1
:106310008449C3E90001A4E7814BD3ED057AF5EE8A
:10632000407AF1EE10FA04D17C4B022283F820204F
:1063300097E77A4BDA8B47F22F539A4204D9774B7F
:10634000042283F820208CE7744B00207649C3E9AF
:10635000000186E7714B00207449C3E9000180E722
:106360000023734A13606D4A93606D4BD3ED006A4E
:106370009FED709A66EE896AD3ED018A93ED028AE9
:1063800078EE887A9FED6C9A67EE897A36EEE79A16
:106390006A4B83ED009A664B93ED00AAB0EE4A0A71
:1063A00000F0D2FCF0EE409A78EEC88A9FED648A45
:1063B00028EE888A634B83ED008AB0EE4A0A00F02B
:1063C00041FD29EE297A68EE007A37EE277A5E4B96
:1063D00083ED007A9FED665A35EE475A9FED5B7A62
:1063E00025EE077A4D4BB3F91C4007EE904AF8EEC4
:1063F000E77ADFED576A67EEA67A37EE277ADFEDA8
:106400005B7AB4EEE77AF1EE10FA5BDCDFED567AF8
:10641000B4EEE77AF1EE10FA7DD5F0EE675A53E06C
:10642000434B00221A603D4B4FF080429A609CE73C
:106430003A4CDFED480A94ED050AFFF757FE3C4B56
:1064400083ED000A4FF07E53A36094ED067A9FED32
:10645000406A67EE067AD4ED056A76EEA76AC4ED67
:10646000056A3D4BD3ED007ADFED3C6A67EEA67A14
:10647000DFED316A67EEA67A67EE867A77EE277AE5
:10648000C4ED067A71E7254CDFED320A94ED040A7B
:10649000FFF72CFE264B83ED000A4FF07E53A360DE
:1064A0002D4BD3ED007A9FED2D7A67EE877A9FED25
:1064B000287A67EE877A94ED047A77EE277AC4ED2E
:1064C000047A52E7DFED295A28EE298A69EE006A3C
:1064D00038EE668A224B83ED008A104BD3ED027AA8
:1064E00037EEC88ADFED197A68EE277A93ED039AC2
:1064F00077EE89AADFED1D7AF4EEE7AAF1EE10FA45
:1065000038DCDFED197AF4EEE7AAF1EE10FA75D572
:10651000B0EE676A30E0F0EE475AD5E7E0040020BD
:10652000140500200000F03F00000840000010406B
:10653000C8040020ABAA2A3FABAAAA3ECC04002084
:106540003ACD133FD0040020D40400207B142E3E0B
:1065500017B7D138DB0FC9400C000020D2537B4263
:10656000D804002000000C42428847C142884741BD
:10657000000000001FED036A65EEA96A66EE007A6E
:1065800036EEE7BA65EE805A26EE296A35EE86AA1F
:106590005FED0A7AB4EEE77AF1EE10FA31DD77EECC
:1065A000678A1FED100A25EE000A00F005FCBDEE1B
:1065B000C00A10EE103A1AB25FED147AF4EEE7AAB0
:1065C000F1EE10FA2CDD7AEEE77A1FED1A7A28EE5A
:1065D000078AF5EEC07AF1EE10FA30DD0121B5EE52
:1065E000C08AF1EE10FA2DDD0123F5EE407AF1EECE
:1065F00010FA2AD0994267D0002127E0B0EE6A6AEB
:10660000BAE75FED277AB4EEE77AF1EE10FA04DA32
:106610005FED2A8A77EE288AC3E75FED2B8AC0E711
:106620005FED2F7AF4EEE7AAF1EE10FA04DA5FEDEF
:10663000317A7AEEA77AC8E75FED337AC5E74FF093
:10664000FF31CCE74FF0FF33CFE70021C9B28F4BCA
:10665000D3ED039AB5EE007A29EE875ADFED8C6A06
:106660006BEE266AB6EE006A2AEE066A76EEC67A07
:10667000F5EEC07AF1EE10FA28DD0220B5EEC0AAE0
:10668000F1EE10FACCBF012300230344DFED815A61
:1066900075EEE65A75EEC65AF5EEC05AF1EE10FAEE
:1066A00016DD042003449FED7C7A29EE877A774833
:1066B000D0ED045AC7EE257A581E042854D8DFE8D6
:1066C00000F009373E454C000121BFE70020D5E727
:1066D0000020E7E736EE667A27EE277A76EE866ABE
:1066E00066EEA77A77EE876A89EEA66A76EEE96AA1
:1066F000F5EEC06AF1EE10FA03DD27EE067A67EEDA
:10670000867AF5EE006A27EE267A67EEA67A35EEEF
:1067100047AA3AEE67AA35EE077A37EE676A77EE50
:10672000877A981E032828D8DFE800F030302A2D19
:1067300076EE866A26EEA77A67EECA7AD2E776EE1A
:10674000666A27EEE67A6AEE277ACBE727EECA7A00
:1067500076EE666A66EEA77AC4E72AEE277A76EEC8
:10676000866A67EEE67ABDE736EE867A27EEC77A66
:1067700076EE666A67EEE67AB4E7F0EE466A07E020
:10678000F0EE676A04E0F0EE676A01E0F0EE4A6A54
:1067900086EEA97A581E04280AD8DFE800F0030C18
:1067A00003060C00F0EE676A07E0F0EE4A6A04E0C8
:1067B000F0EE4A6A01E0F0EE466AC6EEA9AA013B95
:1067C000042B04D8DFE803F0050354570500B0EEAE
:1067D00067AAF5EEC08AF1EE10FA4FDD0120002A1B
:1067E0004FDD0123F5EE408AF1EE10FA01D0984218
:1067F0004AD0A318294A938309B19FED268ADFED79
:10680000287A28EE278A39EE088A244B83ED038AFA
:1068100077EE077A17EE900AF9F766FE02460B4606
:1068200000202049F9F700FD1F4CC4E90001CAEE21
:10683000297A77EEA77A17EE900AF9F755FE024605
:106840000B4600201749F9F7EFFCC4E902017AEE84
:10685000AA7A17EE900AF9F747FE02460B46002087
:106860001049F9F7E1FCC4E90401BDEC088B10BD47
:10687000B0EE46AAADE7B0EE46AAAAE74FF0FF3069
:10688000ADE74FF0FF33ADE70022B2E7140500207B
:10689000D7B35D3F00000000D7B3DD3FE004002028
:1068A00017B7D1380000F03F3005002008B5054B80
:1068B0001860054B1868002302221946806802F010
:1068C00023F808BD4805002010000020022801D848
:1068D0000120704708B501F053F909230360002037
:1068E00008BD000010B5013801280AD814464FF041
:1068F000FF3392B207480068FFF7ACF940B9204671
:1069000010BD01F03DF9092303604FF0FF30F7E7B8
:106910000520F5E748050020022801D8002070472F
:1069200008B501F02DF9092303604FF0FF3008BDD1
:1069300008B501F025F9092303604FF0FF3008BDC9
:1069400008B548B94FF0FF33012208480068FFF747
:10695000EAF940B9012008BD01F012F909230360EA
:106960004FF0FF30F7E70520F5E700BF48050020AE
:1069700008B5022804D84FF400534B60002008BD2E
:1069800001F0FEF809230360F8E7000080B586B047
:106990004448FFF78BFF4448FDF7C8F84348FDF72C
:1069A000C5F84348FDF7C2F8424C7F212046FBF76B
:1069B000CBFF414D7F212846FBF7C6FF22682023ED
:1069C00013602268042111602A6813603B4E304630
:1069D000FEF748F80C213046FEF7DEFB384B41F657
:1069E0003F72DA6241F63E721A642046FCF772F892
:1069F0002846FBF7F7FF334B4FF07E52DA602D4C01
:106A00002046FBF7DDFE2C4D2846FBF7D9FE20463D
:106A1000FBF7A6FA07EE900AF8EE677A2A4CC4ED67
:106A2000007ADFED2A8A67EEA87A9FED298A67EE61
:106A3000887AC4ED007A2846FBF792FA80B2254B9B
:106A4000188007EE900AF8EEE77A67EEA87A67EE0C
:106A5000887AB3EE0A7A67EE877A1A4BC3ED047A26
:106A60001E685F68D3F808802068F9F73DFD04468A
:106A70000D464046F9F738FDCDE904013846F9F7EF
:106A800033FDCDE902013046F9F72EFDCDE90001D5
:106A900022462B46104801F01FFF0120FBF732F978
:106AA000ADE700BF300400202C0300206803002065
:106AB000A40300200802002074020020E403002048
:106AC000002C0140140500206005002033335340A2
:106AD000000080395C050020D8C6000838B54F4B4F
:106AE000834200D038BD4E4B1B78002B3FD14D4B1D
:106AF00018780130C0B21870484B1B68D3F880106A
:106B000089B2494A1180494A1268D2F8802092B26B
:106B1000474C2280D3F884309BB2464C2380464CAD
:106B2000B4F800C0614489B22180444CB4F800C07C
:106B3000624492B22280424CB4F800C063449BB2DB
:106B400023800928CED93648012404703D48A0FB93
:106B50000141C908384C2180A0FB0212D2083749F4
:106B60000A80A0FB0323DB08354A1380BAE72B4BCE
:106B70001B68D3F8801089B22B4A1180D3F8843077
:106B80009BB22C4A1380294A1268D2F8802092B214
:106B90002748028028480088091A07EE901AF8EE64
:106BA000E77A9FED297A67EE877A2849C1ED007A66
:106BB00022480088121A07EE902AF8EEE77A67EE6C
:106BC000877AC1ED017A1E4A12889B1A07EE903A25
:106BD000F8EEE77A67EE877AC1ED027AFFF72AFBD3
:106BE0001B4D00221B4BD5E90001F9F7F9FEF9F71F
:106BF000FBFC194C60630022164BD5E90201F9F742
:106C0000EFFEF9F7F1FCA0630022124BD5E9040175
:106C1000F9F7E6FEF9F7E8FCE06363E70802002015
:106C20004C0500205E05002056050020740200205F
:106C3000580500205A0500204E0500205005002070
:106C400052050020CDCCCCCC6EFAB33C140500200C
:106C5000300500200040BF40002C0140B0F5005F2F
:106C600000D0704710B5204A1378DB43DBB21370B5
:106C7000E3B91E4B00225A611D4C00212046FEF74D
:106C800037FB04212046FEF733FB08212046FEF7A0
:106C90002FFB00212046FEF711FC04212046FEF7C1
:106CA0000DFC08212046FEF709FC10BD0F4B4FF0EC
:106CB0007E525A610E4C00212046FEF76DFA0421E7
:106CC0002046FEF769FA08212046FEF765FA002102
:106CD0002046FEF779FB04212046FEF775FB0821CC
:106CE0002046FEF771FBE0E7540500201405002064
:106CF000E40300200D488546FAF708FE0C480D49CC
:106D00000D4A002302E0D458C4500433C4188C4206
:106D1000F9D30A4A0A4C002301E013600432A2426C
:106D2000FBD300F033FFFAF7A2FCFEE7008000205F
:106D300000000020E4010020E4CF0008E80100206A
:106D400074050020FEE7000010EE103A184A23F008
:106D5000004393421BDDB3F1FF4F02DB30EE400AEC
:106D6000704700B583B0684600F05AF900F00300A0
:106D70000128DDED010A9DED000A0CD0022812D099
:106D800070B1012000F03AFE03B05DF804FBDFEDC6
:106D9000090A00F077BA00F031FEB1EE400AF3E7DD
:106DA00000F070FAF0E700F06DFAB1EE400AEBE7A0
:106DB000D80F493F0000000010EE102AC2F3C7535D
:106DC0007F3B162B22F0004128DC002B18DB1A49F0
:106DD00019410A4221D0DFED197A70EE277AF5EEDB
:106DE000C07AF1EE10FA18DD002A04DA4FF4000040
:106DF00040FA03F31A4422EA010300EE103A704706
:106E0000DFED0E7A70EE277AF5EEC07AF1EE10FA29
:106E100003DD002A08DB9FED0A0A7047B1F1FF4F3E
:106E2000FBD330EE000A7047FFEE007A002918BF4E
:106E3000B0EE670A704700BFFFFF7F00CAF24971DA
:106E40000000000010EE103A194A23F0004393426C
:106E50001CDDB3F1FF4F02DB30EE400A704700B596
:106E600083B0684600F0DCF800F003000128DDED97
:106E7000010A9DED000A0ED0022813D070B100F077
:106E800001FAB1EE400A03B05DF804FBDFED090A38
:106E9000002000F0B3BD00F0F5F9F4E7012000F0A8
:106EA000ADFDF0E7012000F0A9FDB1EE400AEAE7F0
:106EB000D80F493F0000000008B52DED028BF0EE21
:106EC000408AB0EE608A00F01BF8F4EE488AF1EEDA
:106ED00010FA06D6DFED098AB4EE688AF1EE10FAF0
:106EE00002D0BDEC028B08BD00F04AFE88EEA80A75
:106EF000BDEC028B2123036008BD00BF0000000031
:106F000030B583B0CDED010A019D35F0004041D090
:106F100010EE10EA2EF00043B3F1FF4F3ADAB0F171
:106F2000FF4F37DC83423BDB0EF000443AD01EF0CB
:106F3000FF4F56D1190200296FF07D0204DD490090
:106F4000002902F1FF32FADC15F0FF4F57D10102A0
:106F50006FF07D0C03D449000CF1FF3CFBD512F11E
:106F60007E0F47DBCEF3160343F400031CF17E0FC4
:106F70003ADBC5F3160040F40000B2EB0C0204D17A
:106F800017E00FD04B00013A13D0191A0029F8DA94
:106F90005B00F8E7DDED017A60EE277A87EEA70A5D
:106FA00003B030BD1D4B03EB547393ED000A03B0E7
:106FB00030BD181A58BF03461BB9F3E75B000CF14C
:106FC000FF3CB3F5000FF9DB1CF17E0F1CDBA3F5D2
:106FD00000030CF17F0C234343EACC5300EE103A3C
:106FE000DEE7DA157F3AAFE76FF07D01A1EB0C0128
:106FF0008840C2E76FF07D01891A8B40B6E74FEAFF
:10700000E05CACF17F0CAAE76FF07D02A2EB0C0C08
:1070100043FA0CF3234300EE103AC1E7F0C6000830
:1070200070B510EE103A894A23F00044944286B0BD
:10703000054670DD864A944210EE106A22DC002B71
:10704000DFED847A844A24F00F04B0EE407A40F3F6
:10705000E480944270EE677A09BFDFED806A9FEDAD
:10706000807A9FED807A77EEE67A012077EEC76A24
:1070700077EEE67AC5ED006A77EEC77AC5ED017A5C
:1070800006B070BD784A944254DDB4F1FF4F49DA3E
:10709000E215863AA4EBC25307EE903ABDEEE77ACA
:1070A000DFED726AB8EEC77A77EEC77A8DED037AB4
:1070B00067EEA67ABDEEE77AB8EEC77A77EEC77AC2
:1070C0008DED047A67EEA67AF5EE407AF1EE10FACD
:1070D000CDED057A40F09080B5EE407AF1EE10FAF1
:1070E00014BF02230123624901910221009103A8E8
:1070F000294600F049F9002EC2DA95ED007AD5ED67
:10710000017AB1EE477AF1EE677A85ED007AC5ED46
:10711000017A4042B4E7002285ED000A4260002077
:1071200006B070BD70EE407A0020C5ED017AC5ED65
:10713000007AA5E700F0AAFC9FED4E7A9FED456A24
:10714000F6EE007AE0EE077A9FED457AFDEEE77AFB
:1071500017EE900AF8EEE76A1F28A6EEC60A66EE5A
:10716000877AB1EE666A1EDC434A411E24F0FF03B3
:1071700052F82120934216D030EE677A85ED007ADE
:1071800030EE470A002E30EE670A85ED010ABFF6A1
:1071900077AFB1EE477AB1EE400A85ED007A85ED22
:1071A000010A40426CE730EE677AE21517EE103ABA
:1071B000C3F3C753C3EBD454082CDFDDDFED277ACC
:1071C0009FED287AF0EE405AE6EE275A30EE650A37
:1071D000A6EE270AF0EE407AD6EE877A35EEE77A09
:1071E00017EE103AC3F3C753D21A192A06DCB0EED1
:1071F000650A85ED007AC3E7032374E79FED1F7AE4
:107200009FED1F5AB0EE650AA6EE070A75EEC07A2A
:10721000E6EE077AD6EE857AAEE7944270EE277AEC
:1072200009BFDFED0E6A9FED0E7A9FED0E7A77EEC5
:10723000A67A4FF0FF3077EE876A77EEE67AC5EDF3
:10724000006A77EE877AC5ED017A19E7D80F493FD2
:10725000E3CB1640800FC93FD00FC93F00443537FC
:107260004344353708A3852E800F494300008043EF
:1072700078C7000884F9223FF8C6000800A3852ECD
:1072800032318D2410EE103A23F00043B3F1485F01
:107290002CDAFDEEC07A17EE903A002B60D020EE8B
:1072A000007ADFED317A9FED315ADFED315A9FEDF3
:1072B000316ADFED316AA7EE275ADFED307AE7EE6B
:1072C000055AA7EE256AE7EE067AE7EE276A67EE2B
:1072D000266A60EEC00AF6EE007AE7EE260AB7EEFE
:1072E000000AD7EE270A30EE600A704720EE007AD7
:1072F000DFED1D7A9FED1D5ADFED1D5A9FED1D6AD2
:10730000DFED1D6A1E4AA7EE275A9342DFED1B7A76
:10731000E5EE075AA5EE876AE6EE077AE7EE876A9A
:1073200066EE876AD5DD174A934214DC03F17F438A
:1073300007EE903AB7EE006A36EE676A60EEC00A72
:10734000F6EE005AD7EE257AE7EE260A77EEE00A47
:1073500036EE600A7047B6EE076AF5EE027AEDE7A0
:10736000B7EE000A704700BF4ED747ADF6740F3135
:107370007CF293B4010DD037ABAA2A3D610BB6BAAB
:107380009999993E0000483F2DE9F04F2DED048B6F
:10739000DBB01C4603930691A24B6899089253F800
:1073A0002150111D824604F1FF38C0F2A382D31E82
:1073B00048BF131DDB1002930133DB000793DDE9A7
:1073C00007239B1A0593029B15EB0801A3EB080307
:1073D00016D401319FED947A699819441EAA002BA6
:1073E000A4BF50F8234007EE904A03F10103ACBF5D
:1073F000F8EEE77AF0EE477A8B42E2EC017AEED1D2
:10740000002DC0F2E782039B1EAA02EB830446AE66
:107410004FEA830C4046EF180AEB8301B8F1000FE6
:10742000DFED817A09DB22465346F3EC016A32ED47
:10743000017A8B42E6EE877AF7D10130B842E6EC6A
:10744000017A04F10404E9D109AB0AAF03EB850921
:1074500007EB8503083B9FED769ADFED748A05986C
:1074600004930AEB0C0446AE00955AAB03EB85037C
:10747000002D13ED140A4FEA850B16DD06EB85038C
:107480003A4660EE097AB0EE407AFDEEE77A73EDA7
:10749000016AF8EEE77AB342A7EEE87A37EEA60A79
:1074A000BDEEC77AA2EC017AEBD1019000F0F6FABA
:1074B000B0EE408AB4EE000A28EE000AFFF77CFC2A
:1074C000F2EE007AA0EE678A01980028FDEEC89AD5
:1074D000F8EEE97A38EE678A79DD05F1FF3EC0F112
:1074E000080357F82E1041FA03FC0CFA03F3CB1AE9
:1074F000C0F1070219EE901A43FA02F26144002A21
:1075000047F82E3009EE901A69DCB5EE408AF1EEAC
:1075100010FA40F0C080009B05F1FF3B5B4510DC9A
:1075200005F18043013B07EB83030021944653F8A8
:1075300004294B4541EA0201F9D16246002940F095
:10754000F280009B013B57F82330002B40F0E7808E
:10755000049B4FF0010C53F804290CF1010C002A94
:10756000F9D06B1CAC449E46039A5119029A02EB67
:10757000030B0BF1804B699A0BF1FF3B06EB830584
:107580001EAB02EB8B0B03EB8101DBED017A9FED70
:10759000267AF8EEE77AB8F1000F0BF1040BC1ED93
:1075A000007A0A4601F1040109DB534601E072ED5D
:1075B000017AF3EC016AA342A6EEA77AF7D10EF1A5
:1075C000010EE645A5EC017ADFDD65464DE740F0AA
:1075D0009C806B1E57F82320D211002A95DD19EEEE
:1075E000903A002D03F1010309EE903A40F398819F
:1075F000396800297FD1012D26D03B464FF0010C80
:1076000053F8041F00297AD00CF10103C1F58071F1
:107610009D4247F82C1016DD57F82310BB4407EBAA
:1076200083030AE0BCCA0008000000000000804399
:107630000000803B0000C93F1968C1F1FF0143F819
:10764000041B5B45F8D1012100280CDD012800F066
:107650004881022807D105F1FF3C57F82C3003F090
:107660003F0347F82C30022A7FF44FAFB7EE000AF1
:1076700030EE488A00293FF448AF0992019000F0AB
:107680000DFA38EE408A099A0198B5EE408AF1EE7B
:1076900010FA3FF440AF0292DDE90732B0EE480A3B
:1076A000981A0195009D00F0F9F91FED207AB4EECB
:1076B000C70AF1EE10FADDE90132C0F259815FED3F
:1076C000247A059960EE277A0831FDEEE77A059174
:1076D000F8EEE77A03F1010BA7EEC70AFDEEE77AB1
:1076E000BDEEC00A10EE101A47F8231017EE903ABC
:1076F00047F82B302EE001234FF0000C86E70CF109
:10770000010CAC457FF47CAF9EE7F6EE007AB4EE58
:10771000E78AF1EE10FA80F2F2800022F5E66B1CA7
:107720009E469C4620E70599A1F1080057F82B10CA
:1077300005902B46009D69B903F18043023B07EB9E
:107740008303014653F804090BF1FF3B0839002875
:10775000F8D0059105980092B7EE000A00F09EF966
:10776000BBF1000F009AC0F228814FEA8B0E46ABA6
:1077700003EB0E060EF1040C1FED537A07EB0C031E
:10778000311D73ED017AF8EEE77ABB4267EE807A3D
:1077900020EE070A61ED017AF3D1002D1FED5B6A3F
:1077A0004FF0000420DB9348DFED937AB0EE467A89
:1077B0003146002303E09C4208DBB0EC017AF1EC97
:1077C000016A01339D42E6EE877AF4DA5AAB03EBA5
:1077D0008403A34543ED287AA6F1040604F10103CE
:1077E00005D0002D1C46DEDADFED837AEEE76899DE
:1077F00002291CDC002900F395800FD132ABDFEDAC
:107800007E7A9C443CED017A634577EE877AF9D124
:107810000AB1F1EE677A069BC3ED007A19EE903A51
:1078200003F007005BB0BDEC048BBDE8F08F689BF4
:10783000032BF3D1BBF1000F00F0D4800EF5B4732D
:107840006B4432A913ED287A01EB8B0373ED017AB7
:10785000F0EE476A37EE277A994277EEC77A83EDE2
:10786000007A77EEA67AC3ED017AEFD1BBF1010F72
:1078700040F3B8800BF1804B0EF5B4730BF1FF3B76
:107880000DEB030E4FEA8B0B0BF104031EED287A70
:107890000B4433A873ED017AF0EE476A37EE277A8E
:1078A000984277EEC77A83ED007A77EEA67AC3ED39
:1078B000017AEFD10BF1080BDFED4F7A01EB0B03EF
:1078C000083133ED017A994277EE877AF9D1002AAF
:1078D00056D10699329A339B0A604B60C1ED027A09
:1078E0009CE705F1FF3C57F82C3003F07F0347F885
:1078F0002C30B8E608230793002302935FE519EEC6
:10790000903A002D03F1010309EE903AC8BF02221C
:107910003FF76EAEF7EE007A37EEC88A0222F4E542
:10792000002191E632A9DFED347A01EB830333EDD8
:10793000017A994277EE877AF9D19DED327A8ABB46
:10794000069BBBF1000FC3ED007A77EE677A0BDD83
:1079500033A90123B1EC017A01339B4577EE877A95
:10796000F8DA0AB1F1EE677A069BC3ED017A55E7C2
:10797000BDEEC00A9B4610EE101A47F82310E9E648
:10798000DDED326A9DED337A069BF1EE666AB1EE6B
:10799000477AF1EE677AC3ED006A83ED017AC3EDB1
:1079A000027A3BE7069BF1EE676ABBF1000F77EEC8
:1079B000677AC3ED006ACBDCD4E7689B022B0DDC51
:1079C000002B14DC7FF42AAFDFED0B7A002A3FF4A2
:1079D00022AF1EE7039B4FEA830C35E5689B032B20
:1079E0007FF41CAFDFED047A002AC9D171E7DFED27
:1079F000027AA2E794CA00080000000010EE103AD4
:107A000023F00043B3F1485F04DAFDEEC07A17EECD
:107A1000903A5BB360EE007A9FED157ADFED155A70
:107A20009FED156ADFED156AE7EE875A9FED147A30
:107A3000A5EEA76A20EE275AE6EE276AA6EEA77AF9
:107A400030B9DFED106AE7EE876AA6EE850A704767
:107A500027EE457AF6EE006AA0EEA67ADFED0A6A16
:107A6000D7EE270AE5EE260A30EE600A704700BF1F
:107A7000D3C92E2F342FD7B21BEF3836010D50B992
:107A80008988083CABAA2ABEABAA2A3E10EE103A5F
:107A900023F0004300EE103A704700BF82B08DED36
:107AA000010A019B33F000422AD0B2F1FF4F23D2EA
:107AB00013F0FF4F28D19DED017ADFED2A7A2A4B92
:107AC00067EE277A9842CDED017A37DB019BC3F34D
:107AD000C752193A0244FE2A1ADD9FED240A9FED8F
:107AE000247A019B002BF0EE407AB8BFB0EE470A33
:107AF00020EE270A02B0704730EE000A02B070474D
:107B00009DED010A02B07047D20D0244FE2AE4DC6A
:107B1000002A0BDC12F1160F17DA4CF250339842A0
:107B2000DBDC9FED140A9FED147ADAE723F0FF43C4
:107B300043EAC25300EE103A02B070479FED0D0ABF
:107B4000DDED017A27EE800AD8E7193223F0FF43F2
:107B500043EAC253DFED097A07EE103A27EE270A0F
:107B6000CCE700BF0000004CB03CFFFFCAF24971F7
:107B7000CAF249F16042A20D6042A28D00000033BA
:107B8000014B1868704700BF1000002070B50D4D04
:107B90000D4C641BA4100026A64209D10B4D0C4CC1
:107BA00004F06EFD641BA4100026A64205D170BD32
:107BB00055F8043B98470136EEE755F8043B9847E3
:107BC0000136F2E7DCCF0008DCCF0008DCCF00088C
:107BD000E0CF000802440346934200D1704703F807
:107BE000011BF9E72DE9FF4755EC104B002D0E4620
:107BF00019462B46BBBF05F100431D4600232D232C
:107C00000B700D9BDDF830A0914623F02008BCBF1F
:107C100022461446B8F1460F05D0B8F1450F00D101
:107C20000136022100E0032103AB019302AB009374
:107C300045EC104B5346324601F08AFEB8F1470F2F
:107C4000074602D119F0010F22D0B8F1460F07EB19
:107C5000060910D13B78302B0AD1002200232046A0
:107C60002946F9F725F918B9C6F10106CAF80060E6
:107C7000DAF8003099440022002320462946F9F71B
:107C800017F908B1CDF80C903022039B4B4507D370
:107C9000039B0E9ADB1B3846136004B0BDE8F087E7
:107CA000591C03911A70F0E7F7B503460029B8BFD5
:107CB000494203F8022BB4BF2D222B22092942701E
:107CC0002ADD0DF10704A4460A27A6460A4691FBC1
:107CD000F7F607FB16153035632A04F1FF340EF86A
:107CE000015C3146F1DC3031AEF1020504F8011CD3
:107CF000441C294661450AD30DF10902A2EB0E028C
:107D0000654588BF00221344181A03B0F0BD11F86E
:107D1000012B04F8012FEDE7302330318370C1705F
:107D2000031DF1E72DE9F04F2DED028B8DB00C46D0
:107D3000DDF8608016461F46054603F01DF9D0F8B1
:107D400000A05046F8F7F2FD00230A93236805933C
:107D5000D8F8003094F818B0073323F0070303F184
:107D60000802C8F80020D3E90023C4E91223D4E9AB
:107D7000128929F000430793CDF8188008EE100A05
:107D80009F4BDDE906014FF0FF32F9F7C3F888BBDE
:107D9000DDE906019A4B4FF0FF32F9F79DF848BB39
:107DA0000022002340464946F9F78CF810B12D23F4
:107DB00084F84330934B9448BBF1470F94BF9846E7
:107DC000804603232361059B23F0040222604FF0C9
:107DD0000009009733460BAA2146284600F0D8F93F
:107DE000013040F090804FF0FF300DB0BDEC028BC1
:107DF000BDE8F08F42464B4640464946F9F78AF8BF
:107E000040B14B46002BBCBF2D2384F843307F4844
:107E10007F4BD1E763680BF0DF0206925A1C3FD11B
:107E200006236360059B616843F48062002303932B
:107E30000AABCDE901B309AB49EC108B009322608A
:107E40000DF123032846FFF7CDFE069B0999472B2A
:107E5000804608D1C81C02DB6368994241DDABF162
:107E6000020B5FFA8BFBBBF1650F20D801395A4634
:107E700004F150000991FFF717FF0A9A1318012A1D
:107E80008146236102DC2268D20701D501332361D8
:107E90009DF82330002B9CD02D2384F8433098E7A5
:107EA000069A472ABED1002BBCD10123B9E7BBF10A
:107EB000660F18D1002963680BDD216113B92268B0
:107EC000D00702D501330B442361A1654FF00009AF
:107ED000DEE713B92268D20701D50233F4E70123A4
:107EE000F2E74FF0670B0A9B994205DB236821619B
:107EF000D807EAD54B1CE7E70029D4BFC1F102023D
:107F000001221344E0E723685A0507D42369424657
:107F100031462846B84701302CD164E7BBF1650FE4
:107F200040F2E080D4E9120100220023F8F7C0FFFC
:107F3000002834D0374A012331462846B84701305B
:107F40003FF451AFDDE909239A4202DB2368D807E9
:107F500010D518EE103A524631462846B84701303F
:107F60003FF441AF4FF0000804F11A090A9B013BAE
:107F7000434509DC23689B0700F10581E0680B9B02
:107F80009842B8BF184630E701234A463146284692
:107F9000B84701303FF427AF08F10108E6E7099B35
:107FA000002B39DC1B4A012331462846B8470130F3
:107FB0003FF419AFDDE90923134302D12368D90740
:107FC000D8D518EE103A524631462846B847013007
:107FD0003FF409AF4FF0000904F11A0A099B5B4214
:107FE0004B4501DC0A9B92E7012352463146284665
:107FF000B84701303FF4F7AE09F10109EEE700BFE1
:10800000FFFFEF7FCCCA0008D0CA0008D8CA00081A
:10801000D4CA0008DCCA00080A9AA36D9A42A8BF15
:108020001A46002A914637DC4FF0000B29EAE9791D
:1080300004F11A02A36D0593A3EB09035B4533DC3E
:10804000DDE909239A423BDB2368DA0738D40A9B2F
:10805000059A09999A1AA3EB01099145A8BF91467F
:10806000B9F1000F35DC4FF0000829EAE97904F195
:108070001A0ADDE909239B1AA3EB090343457FF79D
:1080800079AF0123524631462846B84701303FF4C4
:10809000AAAE08F10108ECE71346314642462846ED
:1080A000B8470130C0D19EE60123314628460592EB
:1080B000B84701303FF497AE059A0BF1010BB9E7D1
:1080C00018EE103A524631462846B8470130BED124
:1080D00089E6059A4B46424431462846B847013066
:1080E000C1D180E60A9A012A01DCDB0738D50123D9
:1080F000424631462846B84701303FF474AE18EE88
:10810000103A524631462846B84701303FF46BAE2C
:10811000D4E9120100220023F8F7CAFED8B90A9B5D
:1081200008F10102013B31462846B84701300ED123
:1081300059E60123524631462846B84701303FF4FC
:1081400052AE08F101080A9B013B4345F1DC4B4666
:1081500004F15002DCE64FF0000804F11A0AF2E7DD
:1081600001234246DFE701234A4631462846B84705
:1081700001303FF438AE08F10108E3680B995B1A4F
:108180004345F0DCFAE64FF0000804F11909F4E782
:108190002DE9F047164699468A680B69DDF820807C
:1081A0009342B8BF1346336091F8432007460C460C
:1081B0000AB1013333602368990642BF3368023342
:1081C0003360256815F0060506D104F1190AE36845
:1081D00032689B1AAB4226DC94F84320131E2268B7
:1081E00018BF012392062BD404F1430249463846B6
:1081F000C04701301ED02368E568326803F00603EB
:10820000042B08BFAD1AA36822690CBF25EAE575E7
:1082100000259342C4BF9B1AED1800261A34B542BC
:108220001AD1002008E00123524649463846C0478B
:10823000013003D14FF0FF30BDE8F0870135C6E7CC
:10824000E1185A1C302081F84300224494F845106C
:1082500082F843100233C7E70123224649463846D5
:10826000C0470130E6D00136D9E700002DE9FF47CD
:108270000F7E0C9D782F914680460C469A4601F160
:10828000430207D8622F0AD8002F00F0D880582F59
:1082900000F0A38004F1420584F842703AE0A7F1AF
:1082A0006303152BF6D801A151F823F005830008CC
:1082B00019830008958200089582000895820008BD
:1082C00095820008198300089582000895820008AD
:1082D00095820008958200082584000849830008DB
:1082E00007840008958200089582000847840008EA
:1082F000958200084983000895820008958200084D
:108300000F8400082B681A1D1B682A6004F14205BF
:1083100084F842300123A3E020682968060601F1B1
:1083200004030AD50E682B60002E03DA2D23764253
:1083300084F843305E480A2319E00E682B6010F081
:10834000400F18BF36B2EFE72B682068191D29606F
:10835000010601D51E6802E04606FBD51E8854487A
:108360006F2F0CBF08230A23002184F8431065688F
:10837000A560002DA2BF216821F0040121600EB983
:10838000002D4DD01546B6FBF3F103FB1167C75D19
:1083900005F8017D3746BB420E46F4D9082B0BD1B8
:1083A0002368DE0708D5236961689942DEBF302360
:1083B00005F8013C05F1FF35521B2261CDF800A004
:1083C0004B4603AA21464046FFF7E2FE01304CD15E
:1083D0004FF0FF3004B0BDE8F087354881F84570B4
:1083E0002968236851F8046B29601D0614D5DF073E
:1083F00044BF43F0200323601EB9236823F0200309
:1084000023601023B0E7236843F020032360782320
:10841000284884F84530E3E7590648BFB6B2E6E796
:108420001546BBE72B6826686169181D286035066C
:108430001B6801D5196002E07006FBD51980002386
:1084400023611546BAE72B681A1D2A601D68626809
:1084500000212846F8F774FA08B1401B6060636891
:108460002361002384F84330A8E723692A4649465C
:108470004046D0470130ABD023689B0713D4E06857
:10848000039B9842B8BF1846A4E7012332464946E9
:108490004046D04701309BD00135E36803995B1A11
:1084A000AB42F2DCEBE7002504F11906F5E700BF6B
:1084B000DECA0008EFCA00082DE9F04F87B0174662
:1084C00003938B685A1EB2F5AE7F83BF6FF4AE750F
:1084D0005B190293002386BF40F25D138B60029309
:1084E0000B688B46002543F4F0634BF81C3BCDE949
:1084F000045580460C465E46AA46A9460195A268E8
:1085000052B13B681B784E2B64D8402B3CD8A3F16A
:108510002B01C8B20E283AD9B9F1000F03D0236855
:1085200023F4807323600AF1FF3ABAF1010F00F2DD
:1085300013815E4500F205810125284607B0BDE89C
:10854000F08FA3F161020D2AE6D801A151F822F0C3
:108550008F8600081985000819850008198500080C
:10856000EF860008C78600081985000819850008ED
:108570009D860008198500081985000819850008DE
:108580001985000855860008A3F14102DBE70E2992
:10859000C2D801A050F821F04786000819850008CC
:1085A00047860008DB86000819850008F585000865
:1085B00031860008318600083186000831860008BF
:1085C00031860008318600083186000831860008AF
:1085D000318600086E2B09D8602BB2D8542B77D087
:1085E000592B99D1072D97D1082529E0742B6FD0ED
:1085F000792BF6E72168C8051AD5029B21F0800186
:10860000216009F101091BB1013B01320293A26013
:10861000A368013BA3602369013323617B68013BAD
:10862000002B7B6040F384803B6801333B6066E74E
:108630001AEB050F7FF470AF226822F4C07222603B
:1086400006F8013BE4E7226810067FF565AF22F0EB
:108650008002F4E7BAF1000F0ED1B9F1000F0ED18C
:10866000226802F4E061B1F5E06F08D122F4F06213
:1086700022604FF0010AE3E7BAF1020F55D0012D55
:1086800002D0042D7FF448AF0135EDB2D8E7BAF13E
:10869000010F7FF441AF4FF0020AD1E77DB9B9F184
:1086A000000F7FF43CAF226802F4E061B1F5E06FA7
:1086B0007FF439AF22F4F06222600125C0E7032D78
:1086C000E2D0052DDEE7022D7FF426AF0325B7E7C4
:1086D000062D7FF421AF0725B2E7226891057FF5CB
:1086E0001BAF22F420722260CDF80490A8E7226824
:1086F00002F4A061B1F5806F06D050057FF50CAF94
:10870000B9F1000F3FF40FAF910558BF019922F462
:10871000F06258BFA9EB010142F4C07258BFCDE925
:10872000041622604FF000098AE74FF0030A87E73A
:10873000D4F8803139464046984700283FF4DFAEF0
:10874000EAE6D4F87C3116F8011D3A4640469847CF
:108750002369013B2361ECE66B1E062B25D8022D15
:1087600036D85E457FF6E8AED4F87C3116F8011DA8
:108770003A46404698472369013B2361F1E7029856
:10878000D4F87C3110F8011D02903A4640469847D3
:108790002369013B23610AF1FF3A5FFA8AFABAF1D1
:1087A000020FECD1033DEDB2761B2368DA052FD51D
:1087B0005B0510D55E457FF6BFAED4F87C3116F868
:1087C000011D3A46404698472369013B2361F1E782
:1087D000AA460296DFE716F8011C2369652903F112
:1087E000FF3306F1FF3523610CD045290AD0D4F8B8
:1087F0007C313A4640469847236916F8021C013BF3
:10880000B51E2361D4F87C313A46404698472E463F
:10881000256815F0100559D13570236803F4C0633D
:10882000B3F5806F1BD1019B4B45A3EB090223D10C
:1088300000225946404600F075FF2268039B12F063
:10884000020F57EC106B1B6821D003991A1D0A60A8
:108850001B68C3E90067E3680133E3606DE6049BCE
:10886000002BE5D005990A232A460131404600F045
:10887000E1FF049B059EC21A04F26F139E4228BFBB
:1088800004F5B7761249304600F00AF9D0E70399AB
:1088900012F0040F03F104020A60D9D1D3F800806A
:1088A00010EE102A10EE100A3B463946F8F732FB5C
:1088B00028B1084800F0EEF888ED000ACBE7304612
:1088C0003946F8F73DFBC8F80000C4E7002534E658
:1088D00000CB0008D0CF00080FB40A4B13B51C68BA
:1088E00024B1A36913B9204601F03AFF05AB049AFD
:1088F000A1680193204603F011FB02B0BDE81040CF
:1089000004B07047100000202DE9F7431D465D4B71
:108910001F6804460E46904627B1BB6913B9384616
:1089200001F01EFF584B9C4267D17C68B8F1020FE2
:1089300006D0B8F1010F00F29F80002DC0F29C809C
:10894000636EDB0705D4A389980502D4A06D02F0FD
:1089500018FB2146384601F06FFE616B41B104F10E
:108960004403994202D0384603F072F8002363634F
:108970000023A3616360A389190603D521693846E2
:1089800003F066F8A38923F44A6323F00303B8F1E4
:10899000020FA3816CD001AB6A462146384602F033
:1089A000F2FAA3891843A081002D30D1009D2846FA
:1089B00002F04EFB0646002855D1DDF80090A9458F
:1089C0004AD14FF0FF350022A26004F14702226035
:1089D00022610122B4F90C306261626E43F002033D
:1089E000D207A38105D413F4007F02D1A06D02F059
:1089F000C9FA284603B0BDE8F083244B9C4201D15C
:108A0000BC6893E7224B9C4208BFFC688EE7002EAF
:108A1000CDD0BB6913B9384601F0A2FEB8F1010F01
:108A200008BFA389266004BF43F00103A381A28984
:108A300012F00803C4E904651CD0D30741BF00232A
:108A40006D42A360A56158BFA560656E15F0010574
:108A500015D112F4007FC8E7484602F0F9FA06463D
:108A60000028AED04D46A38943F08003A381D0E710
:108A70000025A8E7A360E8E74FF0FF35B9E7002538
:108A8000B7E700BF100000202CCD00084CCD000837
:108A90000CCD00089FED010A704700BF0000C07FA9
:108AA0000EB400B59CB01DAB029006906FF0004173
:108AB000094807910491094953F8042B059100686E
:108AC000019302A903F000F9029B00221A701CB066
:108AD0005DF804EB03B07047100000200802FFFFB0
:108AE00070B504460D4645EC104B164602F04AFEA2
:108AF00051EC100B7EB1C5F30A53C3F16B03002B8D
:108B000009DD1B0503F17F55002405F540152246BC
:108B10002B46F7F765FF70BD2DE9F04F2DED028B69
:108B20009DB01F4600231893A24B13921B68059318
:108B3000044618468846F7F7F9FE4FF0000A054646
:108B40004FF0000BCDF85C80179B1A782B2A4ED083
:108B50003BD80D2A34D8082A34D8002A3ED0002326
:108B60000A93179E3378302B40F0B080737803F06F
:108B7000DF03582B68D10A9B019318AB029700932F
:108B80008D4A19AB17A9204601F0EEFE10F0070739
:108B9000054605D0062F2CD10136002317960A93DF
:108BA000139B002B40F090850A9BEBB152460BF1D2
:108BB000004343EC102B1DB0BDEC028BBDE8F08FE1
:108BC000202ACCD101331793BEE72D2AC7D1012229
:108BD0000A925A1C17925B78002BC2D1139BCDF8D6
:108BE0005C80002B40F06E8552465B46E1E7002238
:108BF000EEE7189A3AB135211AA802F0CEFE18997C
:108C0000204602F08DFA013F042F06D8DFE807F076
:108C10000A0314170A00DDE91AAB2807C0D54BF088
:108C2000004BBDE7DDE91AA3199A23F4801302F281
:108C3000334243EA025BF0E7DFF880B1EDE76FF023
:108C4000004B4FF0FF3AE8E7179B5A1C17925B78EE
:108C5000302BF9D0002BA3D001234FF0000904934F
:108C6000179B0893CDF81C904F460A221798067858
:108C7000A6F13003D9B209292AD905992A4603F069
:108C8000DAFA98B3002032463D4605900346652A3D
:108C900001D0452A18D11DB9049A02439ED000255F
:108CA000DDF85C8008F10102179298F801202B2A68
:108CB00075D02D2A7BD04FF0000CA2F1300109298C
:108CC00040F28280CDF85C8000269DE00023C4E75E
:108CD000082FD8BF079900F10100DABF02FB01336A
:108CE000079302FB093901371790BFE7179B5A1901
:108CF00017925A5D002F37D005903D46A2F1300300
:108D0000092B12D90123C2E7179B5A1C17925A78D4
:108D10000130302AF8D0A2F13103082B00F2D984B7
:108D2000179B0590002008930546303A00F1010397
:108D300014D00599194405912B4600EB050E0A2124
:108D4000734513D12B18082B05F1010505441CDCD4
:108D500007990A2303FB012307930023179A511C49
:108D6000179152781846C9E73846D2E7082B04DC39
:108D7000079E4E4307960133E2E703F1010CBCF175
:108D8000100FD8BF01FB09F9F5E7102DDCBF0A234E
:108D900003FB0929E1E70023059301237CE74FF05A
:108DA000000C08F10202179298F8022085E74FF0B4
:108DB000010CF6E7F4CD000808CB00080000F07FB6
:108DC000179A511C17915278302AF9D0A2F131012B
:108DD00008293FF679AFA2F1300E179A0692179A3A
:108DE000511C17915278A2F13006092E37D9069EF0
:108DF000891B082944F61F6602DC7645A8BF764623
:108E0000BCF1000F00D07642002D4DD104990143F2
:108E10007FF4C6AE002B7FF4E1AE692A27D024DCB4
:108E2000492A24D04E2A7FF4D9AE9F4917A801F0D1
:108E3000F3FF00283FF4D2AE179B1B78282B2DD1CF
:108E40009A491AAA17A801F0FBFF052826D11B9BF7
:108E5000DDF868A043F0FF4B4BF4E00BA0E60A21DD
:108E600001FB0E2EAEF1300EB9E76E2ADBE790491A
:108E700017A801F0D1FF00283FF4B0AE179B8D4931
:108E8000013B17A8179301F0C7FF10B9179B0133D7
:108E90001793DFF830B24FF0000A81E6864803F0FE
:108EA0006FF95BEC10AB7BE6059B0798F31A002F7C
:108EB00008BF2F46102D0693A846A8BF4FF01008F4
:108EC000F7F7F0FA092D82468B4613DD7B4B03EB57
:108ED000C80353E91223F7F783FD824648468B46C1
:108EE000F7F7E0FA02460B4650465946F7F79EF967
:108EF00082468B460F2D38DC069B002B3FF450AE8C
:108F000024DD162B0BDC6D4901EBC301D1E9000117
:108F100052465B46F7F764FD82468B4640E6069A6A
:108F2000C5F12503934220DB644CC5F10F0504EB2A
:108F3000C50152465B46D1E90001F7F751FD069B9A
:108F40005D1B04EBC504D4E90023E3E7069B16335D
:108F50000BDB059B9E1B594B03EBC606D6E9002392
:108F600050465946F7F766FED6E7069BA5EB08087C
:108F70009844B8F1000F74DD18F00F030AD04F4980
:108F800001EBC30152465B46D1E90001F7F728FD2A
:108F900082468B4638F00F084FD0B8F59A7F22DD15
:108FA00000252E46079505952223DFF818B123608A
:108FB0004FF0000A079B002B3FF4F2AD18992046B2
:108FC00002F0AEF80599204602F0AAF83146204694
:108FD00002F0A6F80799204602F0A2F8294620469A
:108FE00002F09EF8DCE5364B049300234FEA281884
:108FF000504659469946B8F1010F21DC0BB1824623
:109000008B462F4BABF1547B03EBC90952465B46B1
:10901000D9E90001F7F7E4FC2A4B0A460B402A493C
:109020008B428246BCD8A1F580118B4286BFDFF807
:109030009CB04FF0FF3A02F1547B0023049384E08C
:1090400018F0010F05D0049BD3E90023F7F7C8FC03
:109050000123049A083209F101094FEA68080492D1
:10906000C9E7EAD0C8F1000818F00F020AD0134B84
:1090700003EBC20350465946D3E90023F7F7DAFD64
:1090800082468B465FEA2818D7D0B8F11F0F1FDD44
:1090900000252E460795059522234FF0000A4FF034
:1090A000000B236086E700BFD9CA00081CCB00086C
:1090B000D1CA00085CCC0008D0CF0008B0CE0008B0
:1090C00088CE00080000F07F0000A07CFFFFEF7F4B
:1090D00018F0100318BF6A23DFF8AC9304935046CE
:1090E0005946002318F0010F04D0D9E90023F7F7FF
:1090F00077FC01235FEA680809F10809F2D10BB196
:1091000082468B46049BC3B1CBF30A52C2F16B0378
:10911000002B594611DD1F2B40F32481342BDEBF79
:10912000C2F14B024FF0FF3303FA02F24FF0000A94
:10913000CCBF4FF05C7B02EA010B002200235046BB
:109140005946F7F7B5FE0028A2D1079B009308996E
:109150002B463A46204602F04BF8079000283FF491
:109160001FAF059B9E1B069B002BB4BF33460023FD
:109170000C93069B002523EAE37312932E46079B6C
:109180002046596801F08CFF059000283FF40CAF91
:10919000079B1A69023203F10C0192000C3001F0B6
:1091A00071FF4BEC10AB1AAA19A9204602F066FB1E
:1091B0004BEC18AB189000283FF4F6AE0121204686
:1091C00002F0B0F8064600283FF4EEAE199B049971
:1091D000002BABBF0C9A129A129FDDF83090ACBFF7
:1091E00003EB0209D71A1A9AA3EB01089044A14B8A
:1091F00008F1FF389845C2F1360280F2C780A3EB30
:1092000008031F2BA2EB03024FF0010100F3B18012
:1092100001FA03F30D930023089309EB0208049B62
:10922000C14517441F444B46A8BF4346BB42A8BF95
:109230003B46002BC2BFA8EB0308FF1AA9EB0309AA
:109240000C9B002B17DD31461A46204602F02AF906
:10925000064600283FF4A8AE0146189A204602F0C0
:1092600077F80B9000283FF49FAE1899204601F044
:1092700057FF0B9B1893B8F1000F00F38C80069BEF
:10928000002B08DD129A0599204602F00BF9059093
:1092900000283FF489AE002F08DD05993A462046A4
:1092A00002F05AF9059000283FF47EAEB9F1000FA4
:1092B00008DD31464A46204602F04EF906460028AF
:1092C0003FF472AE059A1899204602F0D1F905468E
:1092D00000283FF469AEC3680B930023C360314696
:1092E00002F0AAF9002860DA0B9B53EA0A0340F067
:1092F0008280CBF31303002B7DD12BF000431B0D99
:109300001B05B3F1D66F76D96B6913B92B69012BA5
:1093100071DD29460122204602F01EF9314605463C
:1093200002F08AF9002866DD0499534A5B46002959
:1093300000F0818002EA0B01B1F1D66F7BDCB1F164
:109340005C7F7FF7A9AE4D4B504659460022F7F798
:1093500047FB0B46034308BF222382468B4608BFC8
:1093600023602BE64FF0FF3202FA03F303EA0A0A06
:10937000E3E6C8F17F4808F57F0808F57B4808F167
:10938000E20801FA08F308930D9146E700230893D9
:1093900001230D9341E718994246204602F0DCF87C
:1093A000189000287FF46BAFFEE55F466ED10B9AF4
:1093B000CBF3130342B3324A934228D1049B514664
:1093C000EBB12D4B3B40B3F1D46F4FF0FF3219D8C6
:1093D0001B0DC3F16B0302FA03F3994217D1294B1A
:1093E0009F4202D101313FF4DFAD234B3B4003F5F7
:1093F000801B4FF0000A049B002BA4D1DEE54FF048
:10940000FF33EAE71346E8E753EA0A038CD0089BE8
:10941000DBB13B42EFD00B9B049A50465946C3B197
:10942000FFF75EFB02460B4651EC180BF6F7FEFE0B
:1094300082468B46DFE71340A3F580136FEA135B88
:109440006FEA0B5B4FF0FF3AD5E70D9B13EA0A0F6B
:10945000E0E7FFF745FB02460B4651EC180BF6F729
:10946000E3FE0022002382468B46F7F721FD002809
:10947000C1D011E602FCFFFF0000F07F0000503970
:10948000FFFF0F00FFFFEF7F30CB0008314628467B
:1094900002F050FA59EC108B10EE100A00224FF037
:1094A00080434946F7F718FD00287AD00B9B002B24
:1094B0004AD0954B0022CDE90823DFF84C924FF0BB
:1094C0000008924B3B400D930D9A914B9A4240F00D
:1094D000B080DDE90801A7F1547B4BEC10ABCDE97E
:1094E000080102F04FF9DDE9080153EC102BF7F702
:1094F00077FA52465B46F6F799FE0B468349854A52
:1095000019409142824660D918EE903A02F15472A5
:10951000934204D118EE103A01333FF445ADDFF821
:1095200000B24FF0FF3A1899204601F0F9FD059975
:10953000204601F0F5FD3146204601F0F1FD2946B7
:10954000204601F0EDFD1AE6BAF1000F1BD1CBF376
:109550001303F3B96C4B002240464946F7F7B2FCBF
:10956000D0B9404649466C4B0022F7F739FA80469D
:10957000894609F10043CDF850801593DDE91423A5
:10958000CDE908239DE7BAF1010F02D1002F3FF486
:1095900083AD624B00228EE7DFF87C914FF000082C
:1095A000E7E75D4B404649460022F7F719FA0B9B67
:1095B0008046894633B901F100430E900F93DDE9EF
:1095C0000E23DDE7CDE90E89F9E703F1547B049B17
:1095D000002BA8D12BF000430D9A1B0D1B059A42BE
:1095E000A1D140464946F7F7FBFCF6F7A7FF024634
:1095F0000B4640464946F6F717FE0B9ACBF313038A
:1096000043EA0A0313438046894655D036A3D3E97B
:109610000023F7F757FC00287FF4D0AC34A3D3E93C
:10962000002340464946F7F76BFC00283FF47BAF28
:10963000C4E4049B33B30D9BB3F1D46F22D82EA3A3
:10964000D3E9002340464946F7F746FCA0B1494616
:109650004046F6F7C9FF012838BF0120F6F722FF80
:109660000B9B8046894623BB01F100431090119368
:10967000DDE91023CDE90823099B0D9A03F1D66398
:109680009B1A0993DDE90801B0EE480AF0EE680A7A
:10969000CDE9080102F076F8DDE9080153EC102B62
:1096A000F7F79EF953EC182BF6F7C0FD82468B4670
:1096B0008DE7CDE91089DBE711A3D3E90023F7F7A4
:1096C00001FCB2E700230A93139A179B1360FFF77C
:1096D0006BBA652A3FF45FAB452A3FF45CAB0123CC
:1096E000FFF794BBAFF300809535A094FFFFDF3FF9
:1096F00035E5AF350000E03F0000C0FFFFFFDF4170
:109700009535A094FFFFCF3F0000F03F0000F07FB1
:109710000000E07FFFFF9F7C0000E03F0000F0BF03
:10972000FFFFEF7F014BFFF7F7B900BF7800002084
:10973000012B2DE9F04701D0242B06D9FEF720FAA2
:10974000162303600020BDE8F087DFF8E4C00D4673
:109750002E4615F8014B14F80C7017F00807F7D1D6
:109760002D2C32D12C780127B51C002B5BD0102B6F
:1097700009D1302C07D12C7804F0DF04582C4DD1BE
:109780006C781023023507F1004808F1FF384FF0DC
:10979000000CB8FBF3F9664603FB198AA4F1300EFE
:1097A000BEF1090F16D87446A34224DDBCF1000FA8
:1097B0001EDBB1451CD301D1A24519DB06FB0346D4
:1097C0004FF0010C15F8014BE8E72B2C04BF2C7867
:1097D000B51CCAE7A4F1410EBEF1190F01D8373C00
:1097E000E2E7A4F1610EBEF1190F04D8573CDBE7A4
:1097F0004FF0FF3CE6E7BCF1000F05DA22230360DF
:10980000464642B930469EE707B17642002AF9D073
:10981000BCF1000F00D0691E1160F3E73024002B6B
:10982000B1D10823AFE7302CA5D00A23ABE700BFA6
:1098300059CB0008FFF77CBF2DE9F74F03690C698E
:10984000A3420746C0F28180013C01F1140800F1F7
:10985000140505EB8403019358F8243055F82420AF
:1098600001339A424FEA840B08EB8409B2FBF3F60A
:1098700031D34FF0000E4046AC46F24650F8042B70
:1098800093B206FB03E34FEA134E9BB2AAEB03032A
:10989000DCF800A0120C13FA8AF306FB02E2009334
:1098A000009B4FEA124E92B2C2EB1A4202EB2342E5
:1098B000BDF80030814543EA02434CF8043B4FEACF
:1098C000224ADBD255F80B302BB9019B043B9D4259
:1098D0001A462ED33C61384601F0AEFE002824DB48
:1098E000013628464FF0000C58F8042BD0F800E061
:1098F00093B2ACEB0303120C13FA8EF3C2EB1E42CD
:1099000002EB23429BB243EA0243C14540F8043BC9
:109910004FEA224CE8D255F8242005EB840322B903
:10992000043B9D421A460AD33C61304603B0BDE871
:10993000F08F1268043B002ACCD1013CC7E71268C3
:10994000043B002AF0D1013CEBE70020EEE70000E9
:109950002DE9F04F2DED048B57EC106B93B0456A59
:10996000DDF88080069110EE10AA044609920C934F
:10997000BB4675B9102001F06BFB0246606220B94E
:10998000A74BEA21A74802F04BFDC0E9015505604D
:10999000C560636A196851B15A684A6001239340EF
:1099A0008B60204601F0BCFB636A00221A603B1EFC
:1099B000AABF002323F0004BC8F800309A4BBCBF6D
:1099C0000122C8F8002033EA0B031BD10C9A42F2A3
:1099D0000F731360CBF31303334300F09285219B85
:1099E00063B9924B22E0924B01930833219A1360A2
:1099F000019813B0BDEC048BBDE8F08F8B4B019345
:109A00000333F3E70022002350465946F7F750FA94
:109A10004BEC19AB804658B10C9A01231360219B83
:109A2000002B00F06B8583481860431E0193DFE72D
:109A30004BEC10AB10AA11A9204601F01FFFCBF38D
:109A40000A5508EE100A002D00F0848019EE903AB5
:109A5000C3F3130343F07F57564647F44017A5F26C
:109A6000FF35CDF83880744B002230463946F6F782
:109A7000DBFB65A3D3E90023F6F7B2FF64A3D3E9C8
:109A80000023F6F7D3FB064628460F46F6F71AFDE5
:109A900061A3D3E90023F6F7A3FF02460B46304645
:109AA0003946F6F7C3FB06460F46F6F775FD00226A
:109AB0000090002330463946F7F704FA50B1009879
:109AC000F6F700FD32463B46F7F7F2F910B9009B76
:109AD000013B0093009B162B5AD8009A574B03EB7F
:109AE000C203D3E9002351EC190BF7F7EBF9002877
:109AF00050D0009B013B009300230B93109B5D1BF8
:109B00006B1E059345BFC5F1010304930023002399
:109B10004CBF05930493009B002B3DDB059B009AF3
:109B20000A921344059300230793069B092B00F226
:109B30008980052BC4BF043B0693069BA3F1020357
:109B4000CCBF00250125032B00F28780DFE803F05E
:109B50002D3A3859DDE910531D4405F23243202BCC
:109B6000C1BFC3F1400305F212400BFA03F326FA1A
:109B700000F0DABFC3F1200306FA03F01843F6F74A
:109B800091FC01230646A1F1F877013D0E936AE7A7
:109B90000123B2E70B90B1E7049B009A9B1A049350
:109BA0005342079300230A93BFE700230893099BBE
:109BB000002B55DC0123CDE902331A4609920CE053
:109BC0000123F3E70023099A0893009B13440293AF
:109BD0000133012B0393B8BF0123606A0022426066
:109BE000042202F114069E4241683DD9204601F04C
:109BF00057FA019000283BD1114B02464FF4D57122
:109C0000C0E60123DFE700BF61436F63A787D23F50
:109C1000B3C8608B288AC63FFB799F501344D33F5B
:109C200066CC00087DCC00080000F07F62CC000804
:109C300059CC0008DDCA00080000F83FB0CE00088B
:109C4000FBCC000801250023069308954FF0FF3355
:109C5000CDE9023300221223B0E701230893F5E790
:109C6000099BCDE90233B8E7013141605200B8E702
:109C7000636A019A1A60039B0E2B00F29D80002DEF
:109C800000F09A80009B002B32DDB74A03F00F03EF
:109C900002EBC303D3E90089009BD8054FEA2317E1
:109CA00016D5B24B51EC190BD3E90823F6F7C2FFD6
:109CB00007F00F0782468B460325AC4E57B9424644
:109CC0004B4650465946F6F7B5FF82468B4628E08C
:109CD0000225F2E7F90708D540464946D6E90023B0
:109CE000F6F77EFE0135804689467F100836E5E7A7
:109CF00000F09B80009B9D4F5E429B4B06F00F0245
:109D000003EBC203D3E9002351EC190BF6F768FE0D
:109D1000361182468B4600230225002E7AD1002B75
:109D2000D3D10B9B002B00F08280914B0022504638
:109D30005946F7F7C7F8002879D0039B002B76D057
:109D4000029B002B36DD009B504659465F1E0022C9
:109D5000884BF6F745FE029E82468B460135284623
:109D6000F6F7B0FB52465B46F6F73AFE824B00220E
:109D7000F6F75CFAD046D9468246A1F1507B002E18
:109D800058D17E4B002240464946F6F74DFA5246DE
:109D90005B4680468946F7F7B3F8002840F0958285
:109DA00052460BF1004340464946F7F78BF800282E
:109DB00040F089825BEC19AB119B002BC0F248810B
:109DC000009A0E2A00F34481674B03EBC203D3E9E8
:109DD0000089099B002B80F2D580039B002B00F3A8
:109DE000D18040F06F82654B002240464946F6F72D
:109DF000F7FD52465B46F7F779F8039E3746002891
:109E000040F04582019D312305F8013B009B013361
:109E1000009340E2F20705D5D7E90023F6F7E0FD0D
:109E2000013501237610083777E7022579E7009F8F
:109E3000039E94E701994C4B31440D91089903EB33
:109E4000C60353E90223002943D04D490020F6F709
:109E5000F1FE52465B46F6F7E7F9019D82468B46D6
:109E600049464046F6F798FB0646F6F72BFB0246B6
:109E70000B4640464946F6F7D7F9303605F8016BF0
:109E800052465B4680468946F7F71CF8002863D1A6
:109E900042464B4636490020F6F7C6F952465B4625
:109EA000F7F710F8002840F0B5800D9B9D4281D057
:109EB000304B002250465946F6F792FD2D4B824614
:109EC0008B46404649460022F6F78AFD8046894681
:109ED000C6E750465946F6F783FD0D9B019D0F934B
:109EE00082468B4649464046F6F756FB0646F6F74D
:109EF000E9FA303602460B4640464946F6F794F9F1
:109F000005F8016B0D9B9D42804689464FF000028B
:109F100024D11B4B50465946F6F788F902460B46AA
:109F200040464946F6F7ECFF002873D152465B469F
:109F300013490020F6F778F902460B464046494699
:109F4000F6F7C0FF00283FF435AF0F9D6B1E0F934F
:109F500015F8013C302BF8D0009749E0054BF6F797
:109F60003FFD80468946BDE7B0CE000888CE000898
:109F70000000F03F0000244000001C40000014409E
:109F80000000E03F019D56465F4642464B46304644
:109F90003946F6F74FFEF6F7FFFA8246F6F792FAE1
:109FA00042464B46F6F71CFD02460B463046394604
:109FB0000AF13006F6F738F905F8016B019E039FA8
:109FC000AE1BB74202460B4635D1F6F72FF9424693
:109FD0004B4606460F46F6F793FFD0B942464B462E
:109FE00030463946F6F764FF10B11AF0010F10D170
:109FF000204618EE101A01F093F8002300982B70F9
:10A000000C9B01301860219B002B3FF4F1AC1D60CC
:10A01000EEE4009F2B461D4613F8012D392A06D188
:10A02000019A9A42F7D10199302201370A701A78C1
:10A0300001321A7090E7A64B0022F6F7D1FC0022FD
:10A04000002306460F46F6F733FF00289DD0CFE7E2
:10A05000089A002A00F0D780069A012A00F3BA80F5
:10A060000E9A002A00F0B28003F23343079E049D4B
:10A07000049A1A440492059A01211A442046059232
:10A0800001F050F90746002D0CDD059B002B09DD82
:10A09000AB42049AA8BF2B46D21A0492059AED1A35
:10A0A000D31A0593079B1BB3089B002B00F0AF80CE
:10A0B000002E13DD39463246204601F0F3F918EE42
:10A0C000102A01460746204601F042F918EE101A00
:10A0D0008046204601F024F808EE108A079B9A1B60
:10A0E00006D018EE101A204601F0DCF908EE100A2E
:10A0F0000121204601F016F90A9B002B064640F389
:10A1000088801A460146204601F0CCF9069B012BB7
:10A11000064640F381804FF00008336906EB830365
:10A12000186901F0AFF8C0F12000059B184410F049
:10A130001F0000F09280C0F12003042B40F38A80BE
:10A14000C0F11C00049B03440493059B0344054495
:10A150000593049B002B07DD18EE101A1A462046C3
:10A1600001F0FAF908EE100A059B002B05DD3146D7
:10A170001A46204601F0F0F906460B9B002B6ED0E4
:10A1800018EE100A314601F057FA002867DA009BF2
:10A19000013B18EE101A00930A220023204600F01B
:10A1A000E1FF089B08EE100A002B00F0B1810023AC
:10A1B00039460A22204600F0D5FF029B002B0746B5
:10A1C00000F38E80069B022B51DC89E0109BC3F1CB
:10A1D00036034BE7039B5E1E079BB342BFBF079B43
:10A1E0000796F21A0A9BB6BF9B189E1B0A93039B05
:10A1F000B8BF0026002BB7BFDDE90323DDE9033537
:10A200009D1A002334E7079E049D089F3BE7079AA9
:10A2100067E7069B012B18DCBAF1000F15D1CBF3D1
:10A22000130393B92BF000431B0D1B0583B1049B53
:10A2300001330493059B013305934FF001080A9BFA
:10A24000002B7FF46AAF01206FE74FF00008F6E7BC
:10A250009846F4E73FF47DAF18461C3072E7039B45
:10A26000002B37DC069B022B34DD039B0293029B01
:10A270006BB931460522204600F074FF01460646C0
:10A2800018EE100A01F0D8F900283FF7BBAD099B82
:10A29000019DDB4300934FF000083146204600F05B
:10A2A0003FFF002F3FF4A4AEB8F1000F05D0B84532
:10A2B00003D04146204600F033FF3946204600F0E7
:10A2C0002FFF95E600263746E1E70097374699E5E8
:10A2D00000002440089B002B00F0CA80039B0293DF
:10A2E000002D05DD39462A46204601F035F907469E
:10A2F000B8F1000F5BD07968204600F0D1FE05462A
:10A3000028B9874B024640F2EA21FFF73BBB3A6986
:10A310000232920007F10C010C3000F0B3FE012272
:10A320002946204601F018F9019B03F10109DDE9F6
:10A330000123134405930AF00103B846049307462A
:10A34000314618EE100AFFF777FA4146029000F105
:10A35000300A18EE100A01F06FF93A4603903146C0
:10A36000204601F085F9C26809F1FF3B054602BBB2
:10A37000014618EE100A01F05FF902462946204610
:10A38000079200F0CDFEDDE9063243EA0201049BAC
:10A390000B434D460FD1BAF1390F2AD0039B002B46
:10A3A00002DD029B03F1310A8BF800A075E7384605
:10A3B000BAE70122E2E7039B002B04DB06990B437B
:10A3C00004990B4322D1002AEEDD18EE101A012267
:10A3D000204601F0C1F8314608EE100A01F02CF9D0
:10A3E000002803DCE0D11AF0010FDDD0BAF1390FFB
:10A3F000D7D139238BF800302B461D46013B15F889
:10A40000012C392A71D001321A7046E7002A07DD83
:10A41000BAF1390FEDD00AF101038BF800303CE7B7
:10A42000059B09F801AC994547D018EE101A002396
:10A430000A22204600F096FEB84508EE100A4FF0BA
:10A4400000034FF00A024146204606D100F08AFE82
:10A450008046074609F1010972E700F083FE39469C
:10A46000804600230A22204600F07CFE0746F1E7E2
:10A47000039B0293019D18EE100A3146FFF7DCF9A9
:10A4800000F1300A019B05F801ABEA1A029B9342E6
:10A4900009DD18EE101A00230A22204600F062FEA1
:10A4A00008EE100AE7E7029B002BC8BF1D46019B80
:10A4B000D8BF01251D444FF0000818EE101A0122E4
:10A4C000204601F049F8314608EE100A01F0B4F8D0
:10A4D000002891DC02D11AF0010F8DD12B461D46C8
:10A4E00013F8012D302AFAD0D7E6019A9A4284D186
:10A4F000009B0133009331231370CEE6094BFFF725
:10A5000095BA219B002B7FF46EAA074BFFF78EBAFA
:10A51000029B002BAEDC069B022B3FF7A8AEA9E7FF
:10A52000FBCC0008DCCA000859CC00088A892DE958
:10A53000F041054610070C4658D44B68002B05DC4B
:10A540000B6C002B02DC0020BDE8F081E66A002ED7
:10A55000F9D0002312F480522F682B6032D0606D46
:10A56000A3895A0705D56368C01A636B0BB1236CC6
:10A57000C01A00230246E66A216A2846B047431CF7
:10A58000A38906D129681D292CD82A4ACA40D60792
:10A5900028D500226260D9042269226004D5421CB9
:10A5A00001D12B6803B96065616B2F600029CAD0A7
:10A5B00004F14403994202D0284601F049FA0020F0
:10A5C0006063C1E7216A01232846B047411CC7D117
:10A5D0002B68002BC4D01D2B01D0162B01D12F606E
:10A5E000B1E7A38943F04003A381ADE70F69002FD2
:10A5F000A9D093070E6808BF4B690F6018BF0023EE
:10A60000A6EB07088B60B8F1000F9CDD216AA66AF3
:10A6100043463A462846B047002806DCA38943F063
:10A620004003A3814FF0FF308EE70744A8EB0008FA
:10A63000E9E700BF0100402038B50B6905460C462C
:10A6400013B90025284638BD18B183690BB900F04D
:10A6500087F8144B9C421BD16C68B4F90C30002B6A
:10A66000EFD0626ED00704D4990502D4A06D00F03B
:10A6700088FC28462146FFF759FF636EDA07054636
:10A68000E0D4A3899B05DDD4A06D00F07BFCD9E765
:10A69000054B9C4201D1AC68DFE7044B9C4208BFEC
:10A6A000EC68DAE72CCD00084CCD00080CCD000892
:10A6B000002310B50446C0E90033C0E904338360C9
:10A6C00081814366C2818361194608225C30FDF7AF
:10A6D00081FA054B6362054BA362054BE362054BB0
:10A6E0002462236310BD00BFB1C10008D3C10008BC
:10A6F0000BC200082FC20008014900F0AFB800BF2C
:10A7000039A6000870B568224D1E55430E4605F166
:10A71000740101F009FA044640B10021C0E90016B5
:10A720000C30A06005F16802FDF754FA204670BDB8
:10A73000014800F026BC00BF65050020014800F07C
:10A7400021BC00BF65050020014800F01ABC00BF15
:10A7500066050020014800F015BC00BF660500201A
:10A7600010B50446FFF7F0FFA3691BB1BDE8104028
:10A77000FFF7F0BFC4E912332365134B134A1B687C
:10A78000A262A34204BF0123A361204600F020F887
:10A790006060204600F01CF8A060204600F018F829
:10A7A0000022E06004216068FFF782FFA0680122B8
:10A7B0000921FFF77DFFE06802221221FFF778FFF1
:10A7C0000123A361D2E700BFC8CA0008F9A60008A8
:10A7D000F8B50746FFF7ACFF1E4B1E68B36913B907
:10A7E0003046FFF7BDFF4836D6E90134013B03D5BB
:10A7F00033680BB33668F7E7B4F90C50D5B9164B8C
:10A80000E36004F15800656600F0BAFBFFF796FFBD
:10A81000C4E90155C4E904552560A561082229460B
:10A8200004F15C00FDF7D6F9C4E90D55C4E91255F1
:10A830002046F8BD6834D9E704213846FFF762FFA7
:10A84000044630600028D5D1FFF778FF0C233B6029
:10A85000EEE700BFC8CA00080100FFFF2DE9F8437A
:10A860000646884600F148040027D4E90195B9F16D
:10A87000010905D52468002CF7D13846BDE8F883D6
:10A88000AB89012B07D9B5F90E30013303D0294626
:10A890003046C04707436835E9E70369B3EB611FFA
:10A8A0002DE9F0434FEA611200F1140445DD11F087
:10A8B0001F0104EB830604EB82050CD100F11007A5
:10A8C0002946B14234D39B1A9B00EA1E964238BFF8
:10A8D0000023234415E054F82270C1F12008CF4032
:10A8E00005F1040EA1467645F44615D89A1A920051
:10A8F000043A0135AE4238BF0022A318A75007B171
:10A9000004331A1BA3424FEAA20208BF00230261CC
:10A9100008BF4361BDE8F083DCF800C00CFA08FC16
:10A920004CEA070749F8047B5EF8047BCF40DAE77E
:10A9300051F804CB47F804CFC3E72346E1E7A0F181
:10A940003003092B02D82038C0B27047A0F1610350
:10A95000052B01D84738F7E7A0F14103052B01D8B3
:10A960002738F1E7002070472DE9F04F2DED028BDD
:10A9700089B008EE100A0493B44B1B680193184683
:10A980008B469046F5F7D2FF019BDBF8002003448D
:10A99000824613F8013C0593931CC2F1FF2202F595
:10A9A0007F02FE32D1181F4613F8010B00913028A8
:10A9B000F8D0FFF7C4FF044600283AD10199524667
:10A9C000384601F038FC0546002868D117F80A001F
:10A9D00007EB0A06FFF7B3FF002862D0334618786A
:10A9E00030281F4603F10103F9D0FFF7A8FF012328
:10A9F000B0FA80F46409354600933A4616460132AF
:10AA00003078FFF79CFF0028F8D101995246304674
:10AA100001F011FC80B94DB906EB0A052A4616462D
:10AA200001323078FFF78BFF0028F8D1AD1BAD0065
:10AA300004E000242546E0E7002DF7D1337803F049
:10AA4000DF03502B3BD173782B2B2CD02D2B2ED00A
:10AA5000711C4FF000090878FFF771FF431EDBB24D
:10AA6000182B2CD8A0F1100211F8010FFFF767FF87
:10AA7000431EDBB2182B1DD9B9F1000F00D0524292
:10AA80001544CBF80010E4B1009B002B14BF002745
:10AA90000627384609B0BDEC028BBDE8F08F3E4674
:10AAA00025460124CAE74FF00009B11CD3E74FF057
:10AAB0000109FAE70A2303FB0202103AD4E7314600
:10AAC000DFE7F31B013B2146072B0BDC18EE100AD6
:10AAD00000F0E6FA044640B95D4B0246DE215D48CF
:10AAE00001F09EFC01315B10EEE700F114094FF01C
:10AAF000000BCAF10103CDF80890CDF800B0069321
:10AB0000B74240D30298009B40F8043BA0EB0900F9
:10AB1000801046012061184600F0B4FB301AD8F8C6
:10AB20000060B04263DD871B3946204600F058FFC5
:10AB30008246A8B17B1E591103F01F0259F821105B
:10AB40004FF0010A0AFA02F20A4209D0534505DD24
:10AB5000B91E204600F044FF002845D14FF0020AFC
:10AB600039462046FFF799FE3D44D8F80830AB42FD
:10AB70004CDA18EE100A214600F0D2FA149A00239B
:10AB80001360A32785E7731E059A039316F8013C0B
:10AB9000934219D0BBF1200F07D1029B009A43F8D2
:10ABA000042B0293002300939B4616F8010CFFF739
:10ABB000C6FE009B00F00F0000FA0BF00343009369
:10ABC0000BF1040B039B0DE0039B069A1344BB425D
:10ABD000E0D3184601990793524601F02CFB079BDE
:10ABE0000028D7D11E468BE74FF0030AB8E70ADAF0
:10ABF000371A214618EE100A3A4600F0ADFCED1B5C
:10AC0000044600F114094FF0000AAEE7D8F804003A
:10AC1000A84272DD451BAE4236DCD8F80C30022B60
:10AC20002AD0032B2CD0012B1CD1AE421AD1012EDD
:10AC300012D1049AD8F80430136001232361C9F8B3
:10AC40000030149B62271C6023E700BFF4CD00088E
:10AC5000FBCC00086CCD0008711E204600F0C0FE41
:10AC60000028E6D118EE100A214600F059FA149A8D
:10AC70000023136050270CE7159B002BF2D1D8E777
:10AC8000159B002BD5D1EDE76F1EBAF1000F31D126
:10AC900027B13946204600F0A3FE82467B110121F0
:10ACA00059F8233007F01F0701FA07F71F4229461A
:10ACB000204618BF4AF0020A761BFFF7EEFDD8F8CF
:10ACC00004500227BAF1000F48D0D8F80C30022BFC
:10ACD00015D0032B17D0012B09D11AF0020F06D083
:10ACE000D9F800004AEA000A1AF0010F0ED147F025
:10ACF000100733E04FF0010AD0E70127E2E7159B88
:10AD0000C3F101031593159B002BF0D0D4F810B0BC
:10AD100004F114034FEA8B0A03EB8B014FF0000C94
:10AD2000184653F8042BB2F1FF3F1CD001320260E9
:10AD3000022F04F114033FD1D8F80020013AB242A7
:10AD40000AD17111012253F8213006F01F0602FAD0
:10AD500006F61E4218BF174647F02007149B1C60DA
:10AD6000049B1D6095E6994243F804CCD8D8A368AB
:10AD70009B4519DB616818EE100A013100F090F96B
:10AD8000814618B91A4B02468421A8E6226902328C
:10AD900004F10C0192000C3000F074F9214618EE19
:10ADA000100A00F0BDF94C4623695A1C04EB8303DA
:10ADB000226101225A61BBE722695A450BDD01215C
:10ADC0002046FFF76AFDD8F808300135AB42FFF6A0
:10ADD000D0AE0127C0E716F01F06FAD05344C6F1E3
:10ADE000200653F8040C00F04DFAB042E7DBF0E720
:10ADF000FBCC0008C2F10802920070B5C2F1200637
:10AE00004368046803FA06F52C43D340046040F815
:10AE1000043F8842F4D370BD30B50368013311F8A4
:10AE2000014B14B90360012030BD13F8012BA2F1CE
:10AE30004105192D98BF2032A242F0D00020F3E73F
:10AE40002DE9F04F0B685E1102EB860613F01F032D
:10AE500087B018BF04360025371F9046026801935B
:10AE6000824646F8045CB9463C460295AB465178AA
:10AE7000531C039341B3084605920491FFF75FFD0D
:10AE800000284FD10499059A202918D8029B9B4588
:10AE900013DD4C4506D2072D04DC2A4649462046E0
:10AEA000FFF7A8FF444550D90023A4F1040944F852
:10AEB000043CCDF808B04C461D46039AD7E7292933
:10AEC00056D10232CAF80020BBF1000F50D04C45D9
:10AED00006D2072D04DC2A4649462046FFF78AFFA2
:10AEE000444534D9A8F10402234653F8041B42F820
:10AEF000041F9F42F9D23B1B23F0030304330134A8
:10AF0000033EB44288BF04234344002243F8042B89
:10AF10009F42FBD23B681BB9474527D101233B60C9
:10AF2000052026E00135082D0BF1010B06DD444517
:10AF3000C3D9002344F8043C0125043C226800F0F6
:10AF40000F0040EA02122260B7E70825B5E7019B2F
:10AF5000002BDFD04FF0FF32C3F1200322FA03F3BE
:10AF600056F8042C1A4046F8042CD3E7043FD1E7E6
:10AF7000042007B0BDE8F08F00487047680100204A
:10AF800070477047704770B50E46B1F90E10002932
:10AF900096B014461D4608DAB6F90C3000222A6035
:10AFA0001A0610D44FF480630EE06A4601F078FA76
:10AFB0000028F1DB019A02F47042A2F500535A42D4
:10AFC0005A412A60EEE740230020236016B070BD8E
:10AFD0008B8973B59D0706460C4607D504F14703D8
:10AFE000236023610123636102B070BD01AB6A4637
:10AFF000FFF7C9FF00990546304600F095FD48B9B6
:10B00000B4F90C309A05EFD423F0030343F00203A4
:10B01000A381E3E70D4BB362A389206043F0800373
:10B02000A381009B6361019B20615BB1B4F90E10A9
:10B03000304601F047FA28B1A38923F0030343F017
:10B040000103A381A0890543A581CDE7F9A60008E6
:10B05000024B0146186800F067BD00BF10000020D9
:10B0600082B001B901A942B14BB113780B601278DB
:10B07000101E18BF012002B070471046FBE76FF0AA
:10B080000100F8E70A44914200F1FF3300D1704714
:10B0900010B511F8014B03F8014F9142F9D110BDE1
:10B0A00070B5466A04460D4676B91020FFF7D0FF0A
:10B0B0000246606220B9184B1848662101F0B0F9C9
:10B0C000C0E901660660C660666AF36883B1636AB8
:10B0D000DB6853F82500B8B9012101FA05F6721DA5
:10B0E0009200204600F09DFC60B1C0E901560EE0E0
:10B0F00021220421204600F094FC636AF060DB68A2
:10B10000002BE4D1002070BD026843F82520002305
:10B11000C0E90333F7E700BF66CC000808CE00089B
:10B1200070B5466A05460C4676B91020FFF790FFC9
:10B130000246686220B9094B09488A2101F070F97A
:10B14000C0E901660660C6603CB16B6A6268DB6894
:10B1500053F82210216043F8224070BD66CC0008ED
:10B1600008CE00082DE9F0410D6907460C461E4641
:10B1700001F1140C0020DCF8003099B202FB0161EF
:10B180001E0C0B0C02FB063389B2013001EB0341AC
:10B1900085424CF8041B4FEA1346ECDC0EB3A3685F
:10B1A000AB4219DC616838460131FFF779FF804610
:10B1B00028B902460C4B0D48B52101F031F922693E
:10B1C000023204F10C0192000C30FFF75BFF2146C4
:10B1D0003846FFF7A5FF444604EB850301355E6161
:10B1E00025612046BDE8F081FBCC000808CE0008B0
:10B1F0002DE9F8430C4615461F460922083306463A
:10B2000093FBF2F3002101229A4209DB3046FFF75B
:10B2100047FF40B90246194B1948CE2101F000F909
:10B2200052000131F0E7089B4361092D4FF0010303
:10B23000036116DD04F10909C8462C4418F8013BE6
:10B240000146303B0A223046FFF78CFFA045F5D17E
:10B25000A5F108044C442D1B6319BB4204DBBDE877
:10B26000F8830A340925F6E714F8013B0146303B20
:10B270000A223046FFF776FFEEE700BFFBCC00085E
:10B2800008CE0008030C1B04D3B90004102310F0EF
:10B290007F4F04BF0002083310F0704F04BF00015D
:10B2A000043310F0404F04BF80000233002805DB58
:10B2B00010F0804F03F1010308BF202318467047A8
:10B2C0000023E4E7036813F0070201460BD0DA0716
:10B2D00023D4980749BF5B089B0801200B605CBF23
:10B2E0000B600220704798B2A8B91B0C1020DAB28C
:10B2F0000AB908301B0A1A0704BF1B0904309A0751
:10B3000004BF9B080230DA0703D45B0800F1010098
:10B3100005D00B6070471046E9E7002070472020F9
:10B320007047000010B50C460121FFF7B9FE024638
:10B3300028B9054B05484FF4A07101F071F80123BD
:10B340004461036110BD00BFFBCC000808CE0008BB
:10B350002DE9F04F91460A69D9F810309A42B8BFEA
:10B360000B460C46BCBF4C4699462769D9F810A03D
:10B37000A368616807EB0A06B34285B0B8BF013124
:10B38000FFF78EFE30B90246444B454840F25D114E
:10B3900001F046F800F1140505EB86082B46002263
:10B3A000434521D304F1140303EB870709F1140388
:10B3B00003EB8A0202923A1B153A22F0030204328E
:10B3C00004F115018F4238BF04220192029A0393BF
:10B3D0009A420CD8002E03DD58F8043D002B5AD0B9
:10B3E000066105B0BDE8F08F43F8042BD8E7B3F849
:10B3F00000A0BAF1000F24D004F1140EA9464FF0BA
:10B40000000C5EF8042BD9F800101FFA82FB89B2F9
:10B410000AFB0B114FEA124BD9F8002061444FEAA6
:10B42000124C0AFB0BC202EB114289B241EA024103
:10B43000774549F8041B4FEA124CE2D8019A45F8C7
:10B4400002C0039AB2F802900433B9F1000F20D081
:10B45000296804F1140CAE464FF0000ABCF800B0A5
:10B46000BEF8022009FB0B22924489B241EA0A414C
:10B470004EF8041B5CF8042BBEF80010120C09FBFC
:10B48000021101EB1A4167454FEA114AE6D8019AC9
:10B49000A95004359AE7013E9CE700BFFBCC0008A9
:10B4A00008CE00082DE9F843154612F003020646BF
:10B4B0000F4607D0254C013A002354F82220FFF70D
:10B4C00051FE0746AD103DD0746A7CB91020FFF7DD
:10B4D000BFFD0246706228B91D4B1E484FF4D7715C
:10B4E00000F09EFFC0E901440460C460D6F82480E7
:10B4F000D8F808404CB940F271213046FFF712FFEE
:10B500000023C8F80800044603604FF00009EB0769
:10B510000AD5394622463046FFF71AFF394680469B
:10B520003046FFF7FDFD47466D100BD0206838B957
:10B53000224621463046FFF70BFF2060C0F80090FE
:10B540000446E4E73846BDE8F88300BF78CF00083A
:10B5500066CC000808CE00082DE9F0470C46496883
:10B56000236903EB6218A368074691464FEA621A03
:10B5700008F10106B3420BDB3846FFF791FD0546A3
:10B5800048B902462A4B2B4840F2D91100F048FF37
:10B5900001315B00EEE7002300F1140100F110021D
:10B5A0001846534537DB20692AEAEA7A04F1140386
:10B5B00019F01F0901EB8A0103EB80002FD0C9F1BC
:10B5C000200E8A464FF0000C1A6802FA09F242EA8D
:10B5D0000C024AF8042B53F8042B984222FA0EFC72
:10B5E000F2D8031B153B23F00303043304F11502C7
:10B5F000904238BF042341F803C0BCF1000F01D0D2
:10B6000008F10206013E38462E612146FFF788FD0B
:10B610002846BDE8F08742F8040F0133C1E704393A
:10B6200053F8042B41F8042F9842F9D8EAE700BFF9
:10B63000FBCC000808CE000830B502690C69121B6B
:10B640000ED100F11403143103EB840001EB8401EB
:10B6500050F8045D51F8044DA54203D005D30122F2
:10B66000104630BD8342F3D3FAE74FF0FF32F7E7DD
:10B670002DE9F84F0C460646114620469046FFF746
:10B68000DBFF051E10D129463046FFF709FD30B912
:10B690003A4B024640F23221394800F0C1FE012304
:10B6A000C0E90435BDE8F88FA4BF4346A046304644
:10B6B000D8F80410A6BF1C4600250125FFF7F0FCB2
:10B6C00020B92E4B02464FF41071E5E7D8F8107000
:10B6D0002669C56004F1140908F1140500F1140E7F
:10B6E00005EB870C09EB860608F11002F2460021F3
:10B6F00059F8043B52F804BF1FFA83F811FA8BF192
:10B700001B0CA1EB0808C3EB1B4303EB28431FFAF8
:10B7100088F819144E4548EA03434AF8043BE7D831
:10B72000331B153B23F0030304331534A64238BF03
:10B7300004231D4473449E462E4666450ED30CF1E9
:10B740000302521B22F00302033DAC4538BF002226
:10B750001A4452F8043D7BB10761A3E756F8048B05
:10B7600011FA88F2141404EB184492B242EA04422B
:10B770004EF8042B2114E0E7013FEAE7FBCC000878
:10B7800008CE000882B08DED000B019B12491940D4
:10B79000A1F15071002905DD00220B4643EC102B6E
:10B7A00002B070474942B1F1A07F4FEA21504FF0FB
:10B7B00000024FF0000304DA4FF4002141FA00F3D5
:10B7C000ECE7A0F114011E29DABF4FF0004020FA87
:10B7D00001F101210A46E1E70000F07FF8B50569B3
:10B7E00000F1140707EB85052E1F55F8044C204681
:10B7F000FFF748FDC0F120030A28DFF87CC00B608A
:10B8000014DCC0F10B0E24FA0EF1B74241EA0C032E
:10B8100034BF55F8081C0021153004FA00F021FA55
:10B820000EF140EA010243EC102BF8BDB7423ABFDB
:10B8300055F8081CA5F1080600210B3817D0C0F1F7
:10B84000200C04FA00F5BE4221FA0CF445EA040586
:10B850008CBF56F8044C002445F07F5301FA00F0E9
:10B8600024FA0CF443F4401340EA0402DBE744EA10
:10B870000C030A46D7E700BF0000F03F2DE9F7436D
:10B880008946012157EC106B9046FFF709FC0446EE
:10B8900030B90246254B264840F20A3100F0C0FD7F
:10B8A000C7F30A55C7F3130335BB002E019328D005
:10B8B00068460096FFF706FD009900B3019AC0F1B3
:10B8C000200302FA03F30B43C24063610192019B20
:10B8D000A361002B14BF022201222261D5B1A5F27F
:10B8E00033450544C9F80050C0F13500C8F80000E0
:10B8F000204603B0BDE8F08343F48013D5E76161CF
:10B90000E5E701A8FFF7DEFC019B636101222261EC
:10B910002030E3E704EB8203A0F23240C9F80000D4
:10B920001869FFF7AFFCC0EB4210DFE7FBCC000863
:10B9300008CE00082DE9F74F884669468146FFF793
:10B940004DFF01A9404655EC104BFFF747FFD9F8D2
:10B950001030D8F81020A3EB020CDDE900329B1A5E
:10B9600003EB4C1351EC100B002BD6BF0A462A46B2
:10B97000C3EB03338B462F46D4BF02EB035B02EBD2
:10B980000357204610EE102A5B463946F5F752F968
:10B9900041EC100B03B0BDE8F08F013970B54911CF
:10B9A0001469013102F1140300EB810103EB8404FB
:10B9B000051FA3420CD3A31A113B23F0030311323A
:10B9C000A24288BF002318440023884205D370BDDB
:10B9D00053F8046B45F8046FEBE740F8043BF4E7D9
:10B9E00000F1140200694B11984210B511DB0ADD19
:10B9F00011F01F0107D052F8234024FA01F000FA99
:10BA000001F18C420BD102EB8303934203D8002057
:10BA100010BD0346F7E753F8041D0029F5D00120B7
:10BA2000F6E737B5A1FB02244CB91146019200F0AC
:10BA30007BF8019A054630B9284603B030BD0C2288
:10BA400002600025F8E72146FCF7C4F8F4E700009F
:10BA500037B5002944D051F8043C0190002BA1F1E6
:10BA60000404B8BFE41800F069FD1E4A0198136889
:10BA700033B96360146003B0BDE8304000F064BDCA
:10BA8000A34208D9256861198B4201BF19685B6818
:10BA900049192160EDE71A465B680BB1A342FAD958
:10BAA00011685518A5420BD1246821445418A342AB
:10BAB0001160E0D11C685B68536021441160DAE7D3
:10BAC00002D90C230360D6E7256861198B4204BFB5
:10BAD00019685B68636004BF491921605460CAE754
:10BAE00003B030BD6805002070B50E4E0C463168BD
:10BAF000054611B900F04CFB30602146284600F0A5
:10BB000047FB431C0AD0C41C24F00304A04207D006
:10BB1000211A284600F03CFB013001D14FF0FF34E0
:10BB2000204670BD6C0500202DE9F041CD1C25F0AC
:10BB3000030508350C2D38BF0C25002D074601DB09
:10BB4000A94205D90C233B6000263046BDE8F081B0
:10BB50002E4E00F0F3FC33681C4634BB29463846B1
:10BB6000FFF7C2FF431C04464DD134682646002E21
:10BB700040D123683146384604EB030800F008FB47
:10BB800080453AD1216803356D1A25F00305083543
:10BB90000C2D38BF0C2529463846FFF7A5FF01308C
:10BBA0002BD023682B4423600EE02268521B1ED446
:10BBB0000B2A16D96119A342256018BF5960636822
:10BBC00008BF316062514B60384604F10B0600F04B
:10BBD000BBFC26F00706231DF21AB6D09B1BA35010
:10BBE000B3E76268A3420CBF32605A60ECE72346B9
:10BBF0006468B2E734467668B9E70C233B603846A0
:10BC000000F0A2FCA1E72560DEE700BF6805002088
:10BC10002DE9F0478E689E4282460C4690461F46AC
:10BC200038D88A8912F4906F32D025680969A5EB5B
:10BC30000109656905EB450505EBD57501334B44F5
:10BC40006D109D4238BF1D46530531D52946FFF77B
:10BC50006BFF064650B90C23CAF80030A38943F0A5
:10BC60004003A3814FF0FF30BDE8F08721694A46C9
:10BC7000FFF708FAA38923F4906343F08003A381BC
:10BC8000266165614E44A5EB09052660A5603E4628
:10BC9000BE4200D93E4620683246414600F034FCA0
:10BCA000A3689B1BA3602368334423600020DBE769
:10BCB0002A4600F04FFC06460028E1D12169504693
:10BCC000FFF7C6FEC7E700002DE9F04F98468B89C5
:10BCD0001B069DB007460D4614460ED50B6963B989
:10BCE0004021FFF721FF2860286120B90C233B6029
:10BCF0004FF0FF30D1E040236B61002309932023F4
:10BD00008DF82930CDF80C803023DFF8A8818DF82C
:10BD10002A304FF0010923469A4613F8012B0AB145
:10BD2000252AF9D1BAEB040B0BD05B4622462946F3
:10BD30003846FFF76DFF013000F0AA80099A5A4497
:10BD400009929AF80030002B00F0A28000234FF0F7
:10BD5000FF32CDE905230AF1010A049307938DF818
:10BD600053301A935446052214F8011B5148F4F736
:10BD7000E7FD049AD8B9D00644BF20238DF853308C
:10BD8000110744BF2B238DF853309AF800302A2B2B
:10BD900015D0079A544600204FF00A0C214611F89E
:10BDA000013B303B092B4ED9B0B1079214E0A0EB18
:10BDB000080309FA03F313430493A246D2E7039B53
:10BDC000191D1B680391002BBBBF5B4242F00202AE
:10BDD00007930793B8BF049223782E2B0CD1637876
:10BDE0002A2B35D1039B1A1D1B680392002BB8BF69
:10BDF0004FF0FF3302340593DFF8C8A02178032207
:10BE00005046F4F79DFD40B14023A0EB0A0003FA31
:10BE100000F0049B03430134049314F8011B2648EB
:10BE20008DF828100622F4F78BFD002838D0234B1C
:10BE30001BBB039B073323F0070308330393099BC2
:10BE40003344099367E70CFB02320C460120A5E757
:10BE500000230134059319464FF00A0C204610F8D0
:10BE6000012B303A092A03D9002BC5D00591C3E72D
:10BE70000CFB012104460123F0E703AB00932A46A3
:10BE80000F4B04A93846FBF74DFF421C0646D6D19E
:10BE9000AB895B063FF52CAF09981DB0BDE8F08F6C
:10BEA00003AB00932A46064B04A93846FCF7DEF99B
:10BEB000EBE700BF84CF00088ECF0008257D000887
:10BEC00011BC00088ACF00089368013B002B10B416
:10BED000936008DA9469A34201DB0A2903D15DF873
:10BEE000044B00F0BDB91368581C10601970084667
:10BEF0005DF8044B7047F8B506460F461446D51852
:10BF0000AC4201D1002007E014F8011B3A4630464C
:10BF1000FFF7DAFF431CF3D1F8BD00002DE9F04F25
:10BF20000D469DB014469846064618B183690BB974
:10BF3000FEF716FC894B9D421BD175686B6ED907C5
:10BF400005D4AB899A0502D4A86DFFF71AF8AB891E
:10BF50001B0701D52B69EBB92946304600F0F2F9F1
:10BF6000C0B16B6EDC070ED54FF0FF301DB0BDE8E1
:10BF7000F08F7B4B9D4201D1B568DFE7794B9D4245
:10BF800008BFF568DAE7AB899805EDD4A86DFEF730
:10BF9000F9FFE9E70023099320238DF82930CDF834
:10BFA0000C803023DFF8C0818DF82A304FF0010972
:10BFB00023469A4613F8012B0AB1252AF9D1BAEB88
:10BFC000040B0BD05B46224629463046FFF793FF11
:10BFD000013000F0AA80099A5A4409929AF8003078
:10BFE000002B00F0A28000234FF0FF32CDE90523A3
:10BFF0000AF1010A049307938DF853301A935446BB
:10C00000052214F8011B5848F4F79AFC049AD8B991
:10C01000D10644BF20238DF85330130744BF2B2390
:10C020008DF853309AF800302A2B15D0079A5446D1
:10C0300000204FF00A0C214611F8013B303B092B40
:10C040004ED9B0B1079214E0A0EB080309FA03F34C
:10C0500013430493A246D2E7039B191D1B68039167
:10C06000002BBBBF5B4242F0020207930793B8BFAD
:10C07000049223782E2B0CD163782A2B35D1039B85
:10C080001A1D1B680392002BB8BF4FF0FF33023418
:10C090000593DFF8E4A0217803225046F4F750FC22
:10C0A00040B14023A0EB0A0003FA00F0049B0343D5
:10C0B0000134049314F8011B2C488DF82810062233
:10C0C000F4F73EFC00283FD0294B1BBB039B0733F2
:10C0D00023F0070308330393099B3B44099367E765
:10C0E0000CFB02320C460120A5E700230134059326
:10C0F00019464FF00A0C204610F8012B303A092A55
:10C1000003D9002BC5D00591C3E70CFB01210446E0
:10C110000123F0E703AB00932A46164B04A93046EF
:10C12000FBF700FE0746781CD6D16B6ED90705D405
:10C13000AB899A0502D4A86DFEF724FFAB895B0694
:10C140003FF512AF099811E703AB00932A46094B5C
:10C1500004A93046FCF78AF8E4E700BF2CCD0008BC
:10C160004CCD00080CCD000884CF00088ECF00080D
:10C17000257D0008F7BE00088ACF000800000000F7
:10C180009FED010B704700BF000000000000F87F2A
:10C1900038B5064D0023044608462B60F5F792FBA0
:10C1A000431C02D12B6803B1236038BD7005002009
:10C1B00010B50C46B1F90E1000F0FCF90028ABBF29
:10C1C000636DA3891B1823F48053ACBF6365A381FF
:10C1D00010BD2DE9F0411F468B89DB0505460C4655
:10C1E000164605D5B1F90E100223002200F07AF9A7
:10C1F000A389B4F90E1023F48053A38132463B4641
:10C200002846BDE8F04100F08BB810B50C46B1F9F6
:10C210000E1000F067F9431CA38915BF606523F475
:10C22000805343F48053A38118BFA38110BDB1F99B
:10C230000E1000F013B910B57AB103460139841815
:10C2400013F8010B11F8012F904201D1A34201D143
:10C25000801A10BD0028F3D1FAE71046F9E7000074
:10C26000F8B50E461446054618B183690BB9FEF7BA
:10C2700077FA214B9C422BD16C68A369A360A389F8
:10C280001A072FD523696BB323692068C01A636925
:10C29000F6B28342374604DC21462846FEF7CCF945
:10C2A00030BBA368013BA36023685A1C22601E7048
:10C2B00063690130834204D0A389DB0706D50A2EC7
:10C2C00004D121462846FEF7B7F988B93846F8BDAB
:10C2D0000A4B9C4201D1AC68CFE7094B9C4208BF96
:10C2E000EC68CAE72146284600F02CF80028CBD09D
:10C2F0004FF0FF37EAE700BF2CCD00084CCD000817
:10C300000CCD000849B1FF2A85BF8A2303600A705B
:10C310004FF0FF3098BF012070470846704700007B
:10C3200038B5074D04460846114600222A601A46D1
:10C33000FAF7D8FA431C02D12B6803B1236038BD49
:10C3400070050020324B70B51D6806460C4625B1BD
:10C35000AB6913B92846FEF703FA2E4B9C420FD166
:10C360006C68A389B4F90C2019072CD4DD0611D40C
:10C370000923336042F04003A3814FF0FF303EE0D9
:10C38000254B9C4201D1AC68EBE7244B9C4208BF93
:10C39000EC68E6E7580712D5616B41B104F144033C
:10C3A000994202D03046FFF753FB00236363A38911
:10C3B00023F02403A3810023636023692360A389FE
:10C3C00043F00803A38123694BB9A38903F42073C5
:10C3D000B3F5007F03D021463046FEF7F9FDA08972
:10C3E000B4F90C2010F001030AD00023A3606369A4
:10C3F0005B42A361236943B910F08000BAD170BDDC
:10C40000810758BF6369A360F4E70020F7E700BF26
:10C41000100000202CCD00084CCD00080CCD0008E9
:10C420001FB514461A46094B1B680546D8684CB11F
:10C43000074B0091CDE9013406492B4600F01EF868
:10C4400000F0CAF8044B1C46F3E700BF10000020C0
:10C4500095CF0008A2CF0008D0CF000838B5064D10
:10C460000023044608462B60FAF756FA431C02D113
:10C470002B6803B1236038BD700500200EB403B5EE
:10C48000014603AB054853F8042B00680193FFF7FE
:10C4900045FD02B05DF804EB03B0704710000020CA
:10C4A00038B5074D00230446084611462B60FAF7BD
:10C4B0005FFA431C02D12B6803B1236038BD00BF73
:10C4C0007005002038B5064D0023044608462B6051
:10C4D000FAF7FCF9431C02D12B6803B1236038BD85
:10C4E0007005002038B5074D044608461146002265
:10C4F0002A601A46FAF71CFA431C02D12B6803B1D2
:10C50000236038BD70050020884210B501EB02049D
:10C5100002D98442234607D8431EA14208D011F80D
:10C52000012B03F8012FF8E7024401468A4200D1AB
:10C5300010BD13F8014D02F8014DF7E70148FEF771
:10C5400020BD00BF640500200148FEF71BBD00BFF1
:10C55000640500202DE9F041804614460E4621B9BD
:10C56000BDE8F0411146FFF7DFBA2AB9FFF770FACC
:10C5700025462846BDE8F08100F035F8844207469C
:10C5800002D8B4EB500F12D821464046FFF7CCFA40
:10C5900005460028EDD0BC422246314628BF3A4627
:10C5A000FEF770FD31464046FFF752FAE1E73546A7
:10C5B000DFE7000038B5074D044608461146002263
:10C5C0002A601A46FAF7BCF9431C02D12B6803B162
:10C5D000236038BD7005002008B5062000F034F84F
:10C5E0000120F5F769F951F8043C181F002BBCBF76
:10C5F0000B58C01870471F2938B504460D4604D99A
:10C60000162303604FF0FF3038BD426C12B152F870
:10C6100021304BB9204600F031F82A460146204629
:10C62000BDE8384000F018B8012B0AD0591C03D1DE
:10C63000162303600120E7E7002442F8254028463E
:10C6400098470020E0E70000024B01461868FFF71A
:10C65000D2BF00BF1000002038B5074D00230446AC
:10C66000084611462B60F5F71FF9431C02D12B68D1
:10C6700003B1236038BD00BF70050020F5F712B983
:10C68000F8B500BFF8BC08BC9E467047F8B500BFBF
:08C69000F8BC08BC9E4670478F
:10C69800000000000000000001020304060708096A
:10C6A800000000000102030401000200040006006B
:10C6B80008000A000C001000200040008000000163
:10C6C8000804020408010101010101030701000037
:10C6D800252E32662C252E32662C252E32662C25E8
:10C6E8002E32660D0A0000000000000000000080E5
:10C6F800000FC93F000F494000CB9640000FC940CA
:10C708000053FB4000CB164100ED2F41000F49417B
:10C718000031624100537B41003A8A4100CB964187
:10C72800005CA34100EDAF41007EBC41000FC94150
:10C7380000A0D5410031E24100C2EE410053FB4167
:10C7480000F20342003A0A420083104200CB16422C
:10C7580000141D42005C234200A5294200ED2F422F
:10C7680000363642007E3C4200C74242000F494232
:10C77800A2000000F9000000830000006E00000025
:10C788004E000000440000001500000029000000D1
:10C79800FC0000002700000057000000D100000046
:10C7A800F500000034000000DD000000C0000000BB
:10C7B800DB00000062000000950000009900000006
:10C7C8003C00000043000000900000004100000011
:10C7D800FE0000005100000063000000AB000000F4
:10C7E800DE000000BB000000C50000006100000082
:10C7F800B7000000240000006E0000003A000000AE
:10C80800420000004D000000D2000000E0000000DF
:10C8180006000000490000002E000000EA000000A9
:10C8280009000000D1000000920000001C00000078
:10C83800FE0000001D000000EB0000001C000000CE
:10C84800B100000029000000A70000003E00000021
:10C85800E80000008200000035000000F50000003C
:10C868002E000000BB00000044000000840000000F
:10C87800E90000009C000000700000002600000095
:10C88800B40000005F0000007E00000041000000CE
:10C898003900000091000000D600000039000000B7
:10C8A800830000005300000039000000F40000007D
:10C8B8009C000000840000005F0000008B00000066
:10C8C800BD000000F9000000280000003B00000047
:10C8D8001F000000F800000097000000FF000000A3
:10C8E800DE00000005000000980000000F000000B6
:10C8F800EF0000002F000000110000008B00000076
:10C908005A0000000A0000006D0000001F0000002F
:10C918006D000000360000007E000000CF0000001F
:10C9280027000000CB00000009000000B70000004D
:10C938004F000000460000003F00000066000000B5
:10C948009E0000005F000000EA0000002D000000CB
:10C958007500000027000000BA000000C7000000B2
:10C96800EB000000E5000000F10000007B00000083
:10C978003D0000000700000039000000F70000003B
:10C988008A0000005200000092000000EA00000047
:10C998006B000000FB0000005F000000B100000019
:10C9A8001F0000008D0000005D000000080000006E
:10C9B80056000000030000003000000046000000A0
:10C9C800FC0000007B0000006B000000AB000000D2
:10C9D800F0000000CF000000BC00000020000000B4
:10C9E8009A000000F4000000360000001D0000005E
:10C9F800A9000000E30000009100000061000000B1
:10CA08005E000000E60000001B00000008000000B7
:10CA18006500000099000000850000005F0000002C
:10CA280014000000A00000006800000040000000A2
:10CA38008D000000FF000000D8000000800000000A
:10CA48004D000000730000002700000031000000C6
:10CA58000600000006000000150000005600000057
:10CA6800CA00000073000000A8000000C900000010
:10CA780060000000E20000007B000000C000000031
:10CA88008C0000006B0000000000C93F0000F03976
:10CA98000000DA370000A2330000842E0000502B7B
:10CAA8000000C2270000D0220000C41F0000C61BDF
:10CAB80000004417040000000700000009000000FF
:10CAC80014000020494E4600696E66004E414E0033
:10CAD8006E616E00300030313233343536373839D4
:10CAE80041424344454600303132333435363738D5
:10CAF800396162636465660065256C640000000046
:10CB080035000000CEFBFFFFCB0300000100000052
:10CB18000000000034000000CEFBFFFFCB03000044
:10CB28000100000000000000BC89D897B2D29C3CEC
:10CB380033A7A8D523F649393DA7F444FD0FA532FC
:10CB48009D978CCF08BA5B25436FAC6428066811A3
:10CB580000202020202020202020282828282820C5
:10CB680020202020202020202020202020202020BD
:10CB78002088101010101010101010101010101025
:10CB88001004040404040404040404101010101015
:10CB980010104141414141410101010101010101DF
:10CBA8000101010101010101010101011010101031
:10CBB80010104242424242420202020202020202B1
:10CBC8000202020202020202020202021010101005
:10CBD800200000000000000000000000000000002D
:10CBE800000000000000000000000000000000003D
:10CBF800000000000000000000000000000000002D
:10CC0800000000000000000000000000000000001C
:10CC1800000000000000000000000000000000000C
:10CC280000000000000000000000000000000000FC
:10CC380000000000000000000000000000000000EC
:10CC480000000000000000000000000000000000DC
:10CC580000496E66696E697479004E614E005245EE
:10CC6800454E54206D616C6C6F632073756363650A
:10CC780065646564002F6D6E742F776F726B7370C7
:10CC88006163652F776F726B73706163652F4743BC
:10CC9800432D31302D706970656C696E652F6A653A
:10CCA8006E6B696E732D4743432D31302D7069705B
:10CCB800656C696E652D3333385F3230323131300F
:10CCC80031385F313633343531363230332F737281
:10CCD800632F6E65776C69622F6E65776C69622F5A
:10CCE8006C6962632F7374646C69622F64746F611A
:10CCF8002E630042616C6C6F6320737563636565B6
:10CD080064656400000000000000000000000000EE
:10CD1800000000000000000000000000000000000B
:10CD280000000000000000000000000000000000FB
:10CD380000000000000000000000000000000000EB
:10CD480000000000000000000000000000000000DB
:10CD580000000000000000000000000000000000CB
:10CD6800000000002F6D6E742F776F726B73706107
:10CD780063652F776F726B73706163652F474343E9
:10CD88002D31302D706970656C696E652F6A656E1E
:10CD98006B696E732D4743432D31302D7069706573
:10CDA8006C696E652D3333385F3230323131303152
:10CDB800385F313633343531363230332F7372635E
:10CDC8002F6E65776C69622F6E65776C69622F6C60
:10CDD8006962632F7374646C69622F6764746F612E
:10CDE8002D6765746865782E63002E00F2CD000803
:10CDF800D0CF0008740000204300504F534958001A
:10CE08002F6D6E742F776F726B73706163652F77F8
:10CE18006F726B73706163652F4743432D31302DFB
:10CE2800706970656C696E652F6A656E6B696E7383
:10CE38002D4743432D31302D706970656C696E65DF
:10CE48002D3333385F32303231313031385F31365B
:10CE580033343531363230332F7372632F6E657742
:10CE68006C69622F6E65776C69622F6C6962632FDB
:10CE78007374646C69622F6D707265632E63000051
:10CE88000080E03779C34143176E05B5B5B89346BE
:10CE9800F5F93FE9034F384D321D30F94877825A8A
:10CEA8003CBF737FDD4F1575000000000000F03FA8
:10CEB800000000000000244000000000000059406D
:10CEC8000000000000408F40000000000088C340C0
:10CED80000000000006AF8400000000080842E4135
:10CEE80000000000D01263410000000084D7974181
:10CEF8000000000065CDCD41000000205FA0024287
:10CF0800000000E876483742000000A2941A6D42FB
:10CF1800000040E59C30A2420000901EC4BCD642EE
:10CF280000003426F56B0C430080E03779C3414399
:10CF380000A0D8855734764300C84E676DC1AB430F
:10CF4800003D9160E458E143408CB5781DAF15442D
:10CF580050EFE2D6E41A4B4492D54D06CFF0804408
:10CF6800F64AE1C7022DB544B49DD9794378EA441D
:10CF780005000000190000007D000000232D302B63
:10CF88002000686C4C00656667454647002C2066A3
:10CF9800756E6374696F6E3A20006173736572749D
:10CFA800696F6E2022257322206661696C65643A78
:10CFB8002066696C6520222573222C206C696E65B9
:0CCFC800202564257325730A000000007A
:08CFD4008436FF7F010000001C
:04CFDC000502000842
:04CFE000E101000863
:10CFE4000024F40001000000100000000000804054
:10CFF40014000020000000002CCD00084CCD0008D7
:10D004000CCD00080000000000000000000000003B
:10D01400000000000000000000000000000000000C
:10D0240000000000000000000000000000000000FC
:10D0340000000000000000000000000000000000EC
:10D0440000000000000000000000000000000000DC
:10D0540000000000FF00000043000000000000008A
:10D0640000000000000000000000000000000000BC
:10D074000000000000000000430000000000000069
:10D08400000000000000000000000000000000009C
:10D094000000000000000000430000000000000049
:10D0A400000000000000000000000000000000007C
:10D0B4000000000000000000430000000000000029
:10D0C400000000000000000000000000000000005C
:10D0D4000000000000000000430000000000000009
:10D0E400000000000000000000000000000000003C
:10D0F40000000000000000004300000000000000E9
:10D10400000000000000000000000000000000001B
:10D1140000000000000000004300000000000000C8
:10D1240000000000000000000000000000000000FB
:10D13400000000000000000005C3000861B0000802
:10D144000000000058CB0008F2CD0008D0CF000842
:10D15400D0CF0008D0CF0008D0CF0008D0CF00082F
:10D16400D0CF0008D0CF0008D0CF0008D0CF00081F
:10D17400FFFFFFFFFFFFFFFFFFFFFFFFFFFF0000B9
:10D184000100415343494900000000000000000031
:10D19400000000000000000000000000000000008B
:10D1A4000000415343494900000000000000000012
:10D1B400000000000000000000000000000000006B
:04D1C4000000000067
:0400000508006CF58E
:00000001FF
