:020000040800F2
:10000000C8120020350300083D8A0008CD7A000898
:10001000398A0008F51E00087DA2000800000000D3
:100020000000000000000000000000007D8C0008BF
:10003000C91F000800000000DD8B0008D58C0008F7
:100040004F0300084F0300084F0300084F03000848
:100050004F0300084F0300084F0300084F03000838
:100060004F0300084F0300084F0300084F03000828
:100070004F030008F91E0008091F00084F0300087D
:100080004F03000800000000D51D00084F030008C2
:100090004F0300081D2100084F0300084F0300080C
:1000A0004F0300084F0300084F0300084F030008E8
:1000B000698D00084F0300084F0300084F03000834
:1000C0004F0300084F0300084F0300084F030008C8
:1000D0004F0300084F0300084F0300086DA20008FB
:1000E0004F0300084F0300084F0300084F030008A8
:1000F0004F0300084F0300084F03000800000000F2
:10010000000000004F030008000000004F0300083B
:100110004F030008000000004F0300084F030008D1
:100120004F0300084F0300084F0300084F03000867
:100130004F03000800000000000000004F0300080B
:100140004F0300084F0300080000000000000000FB
:10015000000000000000000000000000000000009F
:100160000000000000000000000000004F03000835
:100170004F03000800000000000000000000000025
:10018000000000004F030008000000000000000015
:10019000000000000000000000000000000000005F
:1001A00000000000000000004F0300084F0300089B
:1001B0004F0300084F0300084F0300080000000031
:1001C000000000004F0300080000000000000000D5
:1001D0004F0300084F03000800F002F800F09AF8FF
:1001E0000AA090E8000C82448344AAF10107DA4592
:1001F00001D100F08FF8AFF2090EBAE80F0013F04A
:10020000010F18BFFB1A43F001031847ACC50000EB
:10021000CCC50000103A24BF78C878C1FAD852077C
:1002200024BF30C830C144BF04680C607047000070
:100230000023002400250026103A28BF78C1FBD8EF
:10024000520728BF30C148BF0B6070476E2900F0CD
:10025000E981702900F01F8366290CF0C4816529AB
:100260000CF0C18167290CF0BE8161290CF0BD81C1
:1002700003681B0A28BF41F08001692900F09681BC
:10028000642900F09381752900F090816F2900F0B6
:10029000AD82782900F0EB82E92900F04782E42959
:1002A00000F04482F52900F04182EF2900F0AA8293
:1002B000F82900F0EA820368DB0928BF41F08001D9
:1002C000632901F00780732901F00C80E32901F014
:1002D0001780F32901F01C80002070471FB50CF037
:1002E00070F99DE8030001F00DFB01F00BF904002B
:1002F000002000210BF0BEFC401C606000200021AB
:100300000BF0A2FCE06001F00BF81FBD10B501F08E
:1003100070F810BD01F0C8F81146FFF7DFFF0AF0D2
:100320000DFC01F08FFA03B4FFF7F0FF03BC01F0FE
:1003300099FC00000948804709480047FEE7FEE7AE
:10034000FEE7FEE7FEE7FEE7FEE7FEE7FEE7FEE785
:1003500004480549054A064B70470000558D0008C2
:10036000D9010008C8060020C8120020C80A0020D1
:10037000C80A002053EA020C00F069802DE9F04B16
:100380004FF00006002B1FBFB3FA83F503FA05F404
:1003900024FA05F65E4012BF1643B2FA82F502FA5D
:1003A00005F4C5F120051EBF22FA05FC44EA0C0441
:1003B000203556EA044C4FEA144418BF641C4FF031
:1003C00000084FF00009904271EB030C39D300296B
:1003D00019BFB1FA81F701FA07F6B0FA80F700FA0F
:1003E00007F6C7F120071EBF20FA07FC46EA0C06F5
:1003F0002037B6FBF4FCA7EB0507103F07F01F0BF7
:10040000CBF120062CFA06F60CFA0BFB44BFB346E0
:100410000026202FA4BF5E464FF0000B5BEA060CBF
:1004200008BF4FF0010B19EB0B0948EB0608ABFBBB
:10043000027C06FB02CC0BFB03CCC01B71EB0C0156
:10044000C1E70B46024641464846BDE8F08B13B56E
:10045000084318BF4FF0FF300146AFF30080BDE8FE
:100460001C4070470FB4044910B503AA029800F06D
:10047000EDF810BC5DF814FB6C0000204FF000029A
:1004800000B5134694469646203922BFA0E80C508A
:10049000A0E80C50B1F12001BFF4F7AF090728BF65
:1004A000A0E80C5048BF0CC05DF804EB890028BFE1
:1004B00040F8042B08BF704748BF20F8022B11F00A
:1004C000804F18BF00F8012B704770477047704786
:1004D00010B500F0AFFA006810BD10B5044600F08A
:1004E000A9FA046010BD70B5044685690068C106AC
:1004F00001D5302600E02026C00707D070BDD4E922
:10050000012130469047206A401C20626D1EF6D5BE
:1005100070BD70B5044685690078C00707D170BD0D
:10052000D4E9012120209047206A401C20626D1EE2
:10053000F6D570BD09684A0501D540B27047C905B6
:10054000FCD500B2704709684A0501D5C0B27047B2
:10055000C905FCD580B2704770B50C460546012A26
:1005600005D02878800600D5EA69002302E001233F
:1005700005E05B1C934202D2E05C0028F9D1A86937
:10058000E618C01AA861286A184428622846FFF7AE
:10059000AAFF04E0D5E9012114F8010B9047B44209
:1005A000F8D32846FFF7B5FF70BD00002DE9F041F4
:1005B0000646002410687529314616A510D0FFF7AD
:1005C000B9FF002802DA404213A507E031688A0724
:1005D00001D512A502E0490704D511A5012401E0C7
:1005E000FFF7B1FF00210A2206F1240709E0B0FB62
:1005F000F2FCB0FBF2F302FB1C00303078541846DA
:10060000491C0028F3D123462A463046BDE8F04174
:1006100000F059BA000000002D0000002B0000007F
:100620002000000011680268006A530501D50870B7
:100630000AE0D30501D5088006E0130603D5C217EA
:10064000C1E9000200E0086001207047074B70B567
:100650000D467B4400F021FE0446284600F05CFE77
:1006600010B14FF0FF3070BD204670BD53A30000A5
:100670002DE9FF5F15468A460446DFF8AC80F84452
:100680000027D8E900103E46CDE9001010E03AF806
:1006900016106A4602A800F0DFFE411C07D0217840
:1006A000890603D5E269391891420DD80744761CB2
:1006B0002078800602D5E069B84205DDAE42E6DB6F
:1006C0003AF816000028E2D1A069C01BA0612046BC
:1006D000FFF709FFD8E90010CDE90010002017E06E
:1006E0003AF818106A4602A800F0B6FEB0F1FF3FD3
:1006F00081460BD000250DF1080B05E0D4E901215E
:100700001BF8050090476D1C4D45F7D308F101001B
:10071000B0428046E4DB206A384420622046FFF77E
:10072000F8FEBDE8FF9F00006EBF00002DE9F0411C
:100730008046D21D22F007020025D2E90002F529E9
:1007400015A614D0011E72F1000106DA0023D0EBC9
:10075000030063EB020211A608E0D8F800108B0733
:1007600001D50FA602E0490701D50EA601251146C5
:10077000002408F1240704E000F060F930323A5513
:10078000641C50EA0102F7D12B463246214640460E
:10079000BDE8F04100F097B9000000002D00000016
:1007A0002B0000002000000030B4002100F12404E0
:1007B00008E002F00705D208303542EA4372DB0850
:1007C0006554491C52EA0305F3D10468002310A2C2
:1007D000250708D504F020040C4304D0C469012384
:1007E0000CA2641EC46130BC00F06DB910B50446A3
:1007F00021461068FFF7A7FE02462046BDE81040DC
:100800000023D1E7D21D22F00701D1E90023CBE775
:100810000000000030000000F0B40D46018809051A
:1008200002D5214C7C4402E01F4C7C440E34002154
:1008300000F1240608E002F00F071209E75D42EA22
:1008400003721B097754491C52EA0307F3D102785B
:100850000023120704D5702D06D009B102231134EC
:100860002246F0BC00F02FB901231034F8E770B530
:1008700004460D4621461068FFF765FE02462946EC
:100880002046BDE870400023C6E7D21D22F00703D2
:10089000D3E90023C0E70368126843F02003036034
:1008A0000823C3610023B7E7D0BD00002DE9F05F46
:1008B000894604464FF0000ADFF874B1FB44C0F8E3
:1008C00020A02046E1688847002874D0252806D05B
:1008D000D4E901219047206A401C2062F1E70026FC
:1008E0005F462046E16888472028054607DB312D12
:1008F00005D2781910F8200C08B10643F1E7B007CB
:1009000001D526F00406C4F81CA00027C4F818A0DE
:100910002A2D09D028460BF08FF938B304EB87084D
:10092000303DC8F8185019E059F8041B204604EB74
:1009300087029161E1688847012F054618D1E06977
:10094000002820DA26F020061DE0D8F8180000EB79
:10095000800005EB40003038C8F818002046E168F8
:10096000884705460BF068F90028EED1012F0AD020
:100970002E2D08D12046E16888477F1C0546022FAE
:1009800046F02006C4DBA069002803DA404246F0A6
:100990000106A061F00701D026F010066C2D0BD0E7
:1009A000682D09D04C2D39D06A2D35D0742D35D015
:1009B0007A2D33D016E038E0E1682F46204688478C
:1009C000B842054609D16C2F26D04FF48060E1680B
:1009D000064320468847054604E06C2F1AD04FF4A2
:1009E000807006430DB3A5F14100192802D82035C7
:1009F00046F400664A462946204626604E46FFF7E2
:100A000025FC80B101280BD0F61D26F0070000F16F
:100A1000080956E74020E4E78020D8E70020D6E721
:100A200006F104094DE7284652E7206ABDE8F09F29
:100A300060BD0000004870471401002030B5B0F1DF
:100A40000A0271F100034FEA900E4EEA817EB0EB8C
:100A50000E0061EB91014FEA101E4EEA017E10EB91
:100A60000E0041EB11114FEA102E4EEA016E10EB11
:100A70000E0041EB11214FEA104E4EEA014E10EBF1
:100A80000E0041EB1141401841F100014FEAD00046
:100A900040EA41704FEAD1014FEA810444EA907480
:100AA00010EB800544EB01046D1944EB0404521B68
:100AB000A3414FF0000348BF0A3200D530BD401CAF
:100AC00041F1000130BD2DE9F0470D4699469246AF
:100AD000044600F124080168880604D5E06921F085
:100AE0001001216000E00120A84201DD471B00E069
:100AF0000027A1697A1902EB0900081AA061207881
:100B0000C00602D42046FFF7EEFC002608E0D4E938
:100B100001211AF806009047206A401C761C2062CA
:100B20004E45F4DB2078C0060AD52046FFF7DBFCF3
:100B300006E0D4E9012130209047206A401C206261
:100B4000381EA7F10107F4DC07E0D4E9012118F809
:100B500005009047206A401C2062281EA5F101056F
:100B6000F3DC2046FFF7D5FC2078000602D50220F2
:100B7000BDE8F0870120FBE72DE9FF4F0C461E463C
:100B80004FF0FF378BB0D2E90001DDF860800A90AA
:100B90008A46C1F30A5505B93D46002108464FF083
:100BA0000000BAF1000F00F4400005DA00EB80000D
:100BB0004FF4400101EA50004FEA9059B9F1010F9A
:100BC00000DDB9460A9850EA4A000ED044F61050AB
:100BD000A5F2FF3545432F14B8F1000F1ED0754222
:100BE000291E1EDDC9F100021CE0B8F1010F4FF013
:100BF000000001D0302103E0F24305E02154401C05
:100C0000B042FBDB30460022002121540B99C1F891
:100C10000880C1E900200FB0BDE8F08FBD1B6D1C3E
:100C2000DEE74A4600DA694206A800F0D7FC06ABC8
:100C300093E8070003AB83E8070050460A990AF0DF
:100C4000BDF98DE80700A0F500501F38009003980B
:100C5000002D0ADD42F21F014A460844002303A981
:100C6000039068460AF026FC09E0A0F500504A46C9
:100C70001F38002303A9039068460AF030FC8DE872
:100C800007000004000C03D04FF0FF30410800E0E3
:100C90001046B8F1000F03D00022009215461EE066
:100CA000751E05D4FFF7CAFE303262556D1EF9D5A8
:100CB000B3460122084302D000227F1C04E02078C2
:100CC000302801D100227F1E002A099784D01DE020
:100CD000112D07DAFFF7B2FE303262556D1C50EA73
:100CE0000102F5D1084302D00098C8B10EE00021FE
:100CF000681E05E0235C625C63542254401E491C5C
:100D00008142F7DBAB46A81B401E0990002004F887
:100D10000B000B98099AC0F80880C0E9002B7AE70D
:100D200011264FF0000857E72DE9F04F884604469A
:100D3000D21D22F0070191B0D1E90001CDE90A01ED
:100D40000AF004FD02460B98C00F01D02D2007E0E9
:100D50002068810701D52B2002E0202101EAC00094
:100D6000032A099001D0072A05DB034641462046A5
:100D700000F0F4FB0BE12078800601D5E06900E08B
:100D80000620B8F1650F814606D0B8F1660F18D07D
:100D9000B8F1670F70D131E00020B9F1110F009068
:100DA00001DB112301E009F101030AAA01A90CA842
:100DB000FFF7E2FEDDE90C70002609F1010583462C
:100DC00047E001204B4600904FF000470AAA01A9D6
:100DD0000CA8FFF7D1FEDDE90DB00C995D460026A9
:100DE00010B909F101000D18B9EB050003D4C0F1E9
:100DF000FF3609F10105A5EB09002BE0B9F1010F60
:100E000001DA4FF001090020B9F1110F00904846B6
:100E100001DD112300E003460AAA01A90CA8FFF78F
:100E2000ABFEDDE90C704D460026834620780007B6
:100E30000AD4AB4500DA5D4601A8012D04DD411955
:100E400011F8011C302907D04F4502DA17F1040FC1
:100E500004DA012082460FE06D1EEEE7002F02DC6F
:100E6000ED1B3E4403E0781CA84200DD7D1CB81B4E
:100E700000F1010A4FF000472078000703D4AA458B
:100E800001DB4FF0FF3A0021B7F1004F0DF14308AD
:100E90008DF8431024D002202B23002F01DA7F424B
:100EA0002D230A21021EA0F1010000DC5FB197FB97
:100EB000F1FC97FBF1F201FB1C7C17460CF1300CA6
:100EC00008F801CDEEE7A8F10100037021880905BB
:100ED00001D5452100E06521A0F1010800F8011CC1
:100EE00009980FA9A1EB0807FF1D00B101204119C6
:100EF00001EBEA70A1693844081A401EA06120780D
:100F0000C00602D42046FFF7EEFA099828B1D4E9CA
:100F100001219047206A401C20622078C00622D51B
:100F20002046FFF7E0FA1EE0002E04DBB34502DDA9
:100F300001A8805D00E03020D4E901219047206ABB
:100F4000401C2062761CAAF101005FEA000A0AD167
:100F500000F0D8FAC0680168405CD4E901219047EC
:100F6000206A401C2062281EA5F10105DCDC07E098
:100F7000D4E9012118F8010B9047206A401C206237
:100F8000381EA7F10107F3DC2046FFF7C2FA032061
:100F900011B041E62DE9F04F04460D46D21D22F076
:100FA000070089B0D0E90097484639460AF0CEFBE1
:100FB0000246F80F01D02D2307E02068810701D5F4
:100FC0002B2302E0202101EAC0038DF820300BB171
:100FD000012000E00020032A824601D0072A04DB1A
:100FE0002946204600F0BAFA3FE12078800601D475
:100FF0000D2500E0E569C7F30A560D2D49DA0021F9
:101000004FEA175B08464FF00000002F00F4400045
:1010100007DA00EB80004FF4400100EBD07001EAEA
:1010200060008115012901DD4FF0FF3100224FEAF8
:10103000850CBCF1180F06D31346ACF118004FF025
:101040008052C24003E04FF4801323FA0CF30CF1FA
:101050000C0CBCF1200F04D3ACF1200C09FA0CF0FD
:1010600001E007FA0CF000294FF0004801DD18B943
:101070000FE00ED140450CD319EB02095F4121B9B5
:10108000404502D19F4329EA0209BBEB175F00D01C
:10109000761C2088000502D57B48784402E07A4817
:1010A0007844193808AA302302F80A30037C0AF180
:1010B0000101002E0AF1020A53546A4602DC4FF085
:1010C000300101E04FF031014FF001088DF80010C0
:1010D00002D0A6F2FF3603E059EA470100D06B4E7A
:1010E000002D02DC2178090704D54FF002082E21DB
:1010F0008DF80110C44600210BE0C7F303433F0104
:10110000C35C491C6D1E02F80830052908F101086E
:1011100001DA002DF1DC00210CE000EB1973491C11
:101120001B786D1E082902F808304FEA091908F1EA
:10113000010801DA002DF0DC21688B0602D516E0EB
:10114000A8F10108E04505DD02EB080313F8013CB6
:10115000302BF5D0B8F1000F09DD02EB080313F8CE
:10116000013C2E2B03D1090701D4A8F10108002D61
:1011700005DD3E2102F808106D1E08F10108407CD3
:10118000002E02F8080008F1010804DA2D2076424A
:1011900002F8080002E02B2002F808000A214FF4B0
:1011A0007A70864208F101080BDB96FBF0F33033CE
:1011B00002F8083096FBF0F308F1010800FB136613
:1011C00001E0642E0CDB642096FBF0F3303302F870
:1011D000083096FBF0F308F1010800FB136601E00C
:1011E0000A2E06DB96FBF1F0303002F8080008F119
:1011F000010896FBF1F001FB1060303002F80800A6
:10120000A16908F1010808EB050202EB0A00081ABF
:10121000A0612078C00602D42046FFF764F9216A55
:1012200008AE01EB0A00206204E0D4E9012116F8BF
:10123000010B9047BAF1010AF7D22078C00602D517
:101240002046FFF750F96E4609E016F8010B3E28DC
:101250000FD0D4E901219047206A401C2062B8F1E8
:101260000108F2D22046FFF754F909B00320BDE887
:10127000F08F206A2844206203E0D4E90121302065
:1012800090476D1EEBD3F8E7C9B5000002FCFFFFE5
:1012900001694A1C02610878704700B58FB0CDE93A
:1012A00001310021059105497944CDE9031011462A
:1012B0006846FFF7FBFA0FB000BD0000E5FFFFFF37
:1012C00010B5436913B1AFF3008001E0FFF744F9B3
:1012D000012010BD127800F124010A7000224A702A
:1012E0000122EDE711684FF0FF32E9E710B54369DD
:1012F00013B1AFF3008001E0FFF7BAF9012010BD90
:10130000128800F1240182840022C2840122EDE7C8
:1013100011684FF0FF32E9E7007B00F08000704772
:1013200010B542485421FFF7A9F841485421FFF76E
:10133000A5F840485421FFF7A1F83F493B483C4AF3
:101340003F4B08603D490A603A491960531C0365E8
:10135000481C1065012008653B48344A39A178448F
:1013600000F0D2F920B9384878440A3800F073FA0E
:1013700037482F4A35A1784400F0C6F920B93448DF
:1013800078440A3800F067FA32482A4A2FA1784494
:1013900000F0BAF920B92F4878440A3800F05BFA17
:1013A00040232248DC000021224600F089F920B1C8
:1013B00025487844543800F04EFA1D482246402310
:1013C000002100F07DF920B121487844543800F024
:1013D00042FA184822461023002100F071F9002833
:1013E00006D01C487844BDE81040563800F033BAA7
:1013F00010BD104870B5006D20F001040B4800F0DE
:10140000FBF90B4800F0F8F90A4800F0F5F909E09B
:10141000206D20F00105204600F0EEF9204600F096
:1014200075F82C46002CF3D170BD00001800002088
:101430006C000020C00000200000002004000020FC
:10144000080000207200000018B3000077000000C0
:1014500004B30000F0B200002DE9F04116460C463E
:10146000054600F047F8036893F80101012807D00A
:10147000FF2C12D8185D80B101202C70BDE8F081DE
:10148000D3F807013246214603F20713C71828464E
:10149000BC46BDE8F041002360474FF0FF30EDE768
:1014A00000487047140100207546FFF7F9FFAE466B
:1014B00005006946534620F00700854618B020B560
:1014C000FEF746FFBDE820404FF000064FF0000752
:1014D0004FF000084FF0000BAC46ACE8C009ACE898
:1014E000C009ACE8C009ACE8C00921F007018D468D
:1014F0007047000010B500F005F8001D10BD00BFDA
:1015000075A70000004870473401002070B50446FC
:10151000051F00F0DBF90068002C14BF446870BDA3
:10152000002C18BFAC423CBF20466468F8D3016869
:101530000A18AA4218BF456003D12A68054611441B
:10154000016028684119A1421CBF6C6070BD6168D0
:10155000696021680844286070BD00002DE9F041F1
:101560001F46044603260168072A01F4006004DBD5
:1015700008B116A505E016A503E008B115A500E021
:1015800015A521F010002060A069C01EA0610FB158
:10159000401EA0612046FEF7A6FF4FB1D4E901210D
:1015A00038469047206A401C2062C01C206206E03A
:1015B000206AFAE7D4E9012115F8010B9047761E5D
:1015C000F8D22046FEF7A5FFBDE8F0814E414E005F
:1015D0006E616E00494E4600696E66002DE9F04767
:1015E000814616468AB0354878440DC88DE80D000E
:1015F00032487844801C03AC0DC884E80D0041F6E5
:101600009B300844372190FBF1F290FBF1F5A5F1F6
:10161000800501FB12041B3C02D56442012000E05E
:101620000020DFF898A080460027FA44AAF1BE0AFD
:101630000EE0E0070AD03246684607EB4701012377
:101640000AEB810109F04BFF8DE8070064107F1C55
:10165000002CEED1194F7F44AE3F19E0E80715D0BA
:1016600007EB04100DF1180A90E80E008AE80E004E
:10167000C068F04201D1981908903246012306A9AA
:1016800003A809F02CFF03AB83E807006D10641C6E
:10169000002DE3D14FF0010332466946B8F1000F47
:1016A00003A802D009F006FF01E009F018FFC9E91C
:1016B0000001C9F808200AB0BDE8F08718B10000A1
:1016C00070B5C468A50713D0650211D4B2F5807F48
:1016D00009D0B2F5007F06D0B2F5806F08D10123A2
:1016E00000F1240106E05D1E6FF07F46B54201D394
:1016F000012070BD0161C361416024F47061114338
:10170000C160002070BD00002DE9F0410C46164676
:10171000070047D0104600F06FF82078611C612860
:101720000AD0722802D077283CD102E0012500249B
:1017300005E00225042402E0082448F2020511F81D
:10174000010B2B2806D0622809D011F8010C74284F
:101750000AD00BE045F0030544F00204EFE745F042
:10176000040544F00104EAE744F010043846214639
:1017700000F078F8411C15D00021316171604FF400
:101780000071F560F1617061200704D530460222D6
:10179000002100F015F9306D40F001003065304651
:1017A000BDE8F0810020FBE72DE9F0410D4606463B
:1017B000104C206DC10704D0410804D020F0010472
:1017C000F7E722460EE0542000F0CBF807000ED0D9
:1017D000206D47F001010843542120653846FEF78B
:1017E0004DFE3A4629463046BDE8F0418CE70020E0
:1017F000D6E70000180000202DE9F04704464FF01E
:1018000000094FF0FF37C568D4E90486A80707D060
:10181000204600F085F9304600F02EF8002802DA64
:101820003846BDE8F087280502D54046FFF76EFE32
:101830004C212046FEF722FE206D20F0010020659D
:101840004846EEE710B50446AFF300802046BDE8F9
:101850001040FEF768BD10B500F0ACF9BDE81040CF
:1018600000F0A2B90EB5CDE9000100F064FA0290D3
:1018700069460120ABBE0EBD08B569460090022046
:10188000ABBE08BD1FB58DE8070069460520ABBE9D
:1018900004B010BD1FB58DE80F0069460620ABBE31
:1018A000F6E708B5694600900920ABBE08BD1CB537
:1018B000CDE9000169460A20ABBE1CBD704708B5E2
:1018C000694600900C20ABBE08BD00000048704780
:1018D0001C010020704770477047704738B50446B8
:1018E0000A4600206946AFF30080002808BF38BDD3
:1018F00002460099204600F0C3F9012038BD0120BE
:1019000000F012BAF8B5AFF30080054600200C468F
:10191000102000BF0646A819A0420DD932466946DC
:101920000020AFF30080070008BF00F0FDF9009829
:10193000A04218BF0546C419FFF7C8FF0560074657
:10194000F01D20F007004619284600F092F9B44235
:1019500008BFF8BDA21B31463868BDE8F84000F06A
:101960008FB970B50646FFF7B1FF056806F10B00A9
:1019700020F00704B4429CBF002070BD2B466A686B
:10198000BAB11068A04210D304F1080188423CBFEC
:101990005068586007D35168101941601168091BDD
:1019A000016058601460101D70BD13465268002A13
:1019B000E7D121462846FFF791FF0028DED170BD10
:1019C0002DE9F041044616460D464769007B800725
:1019D0002ED03846FFF765FF50BB3EB3012E02D034
:1019E000022E25D104E0204600F064F905441DE0F4
:1019F0003846FFF764FFE168002841F01001E1601C
:101A000005DA204600F058F80120BDE8F081C9034E
:101A10000BD56268E16A914200D81146A26911446F
:101A20002269891A814200DD08460544002D01DA49
:101A30000220EAE7E16A6068E268814206D2910327
:101A4000E06203D522F4003141F01002A6690027BC
:101A5000AE4213DCE16A814201D90B4600E0034645
:101A600003EB060C2369ACEB030CAC4506DD8142AD
:101A700001D98C4600E084469C4505D1A7602760CB
:101A800042F02000A5620DE0AD1BE669AE1B81426D
:101A9000A66000D90846C01A281A2060581960604C
:101AA00022F0200003490840E060002084F84870DC
:101AB000ABE70000BFCFD7FFC16821F4001141F0B0
:101AC0008001C16000218160016070472DE9F0470D
:101AD000814614460E464FF0FF383248D5685769A4
:101AE000054209D03846A169FFF7E1FE002811DB65
:101AF0002C48C0430540E5602B46324649463846EF
:101B0000FFF7C0FEA16920F00042B21A114400287C
:101B1000A16103D02046FFF7CFFF4046BDE8F08724
:101B200070B504460569C06A6168884200D80846F5
:101B3000E16821F42011E160C90312D5A84208D060
:101B40002246411B2846FFF7C1FF10B14FF0FF307E
:101B500070BD0020E562C4E90150E06820F48030E7
:101B6000E060002070BD10B50446C06820F0200081
:101B7000E060A16AA06988420DD02046FFF7D0FF3F
:101B8000E06820F4405040F01000E060A06AA061DE
:101B90002069E062606044F24001E0688843E060F0
:101BA00010BD000010000200002801D000F05AB85B
:101BB0007047000010B5014602A000F09CF801201B
:101BC00010BD000053494752545245443A205265D3
:101BD0006469726563743A2063616E2774206F7064
:101BE000656E3A200000000030B44FF0013C50F820
:101BF000042B51F8043BCCFA52F4D51A20D1FCB98D
:101C000050F8042B51F8043BCCFA52F4D51A17D1F2
:101C1000B4B950F8042B51F8043BCCFA52F4D51A5D
:101C20000ED16CB950F8042B51F8043BCCFA52F4A5
:101C3000D51A05D1002CDAD030BC4FF00000704727
:101C400029BAB1FA81F111F01801D1F120008440D4
:101C5000F2D1CA40CB4012F0FF0213F0FF0330BCB8
:101C6000D01A704701491820ABBEFEE726000200DB
:101C7000704700210160C0E90110704710207047D3
:101C8000034640688C46002818BF88423CBF034684
:101C90004068F8D318681844884207D00CF1030054
:101CA00020F00700001D411A521A0146081D0A6063
:101CB000FFF72CBC10B50146C268900703D0900610
:101CC00007D5886A0AE0FEF7B5FE01210160881E8B
:101CD00010BD8B69486818440B69C01A91F84830E8
:101CE0001BB191F84910401A10BD1103FCD5002812
:101CF000FADD401E10BD70B505460C460A2000E016
:101D00006D1C00F037F835B128780028F8D102E0D2
:101D1000641C00F02FF814B120780028F8D1BDE839
:101D200070400A2000F026B810B500F02BF8BDE88E
:101D30001040FFF739BF10B5431C02E010F8011B3B
:101D400071B18107FAD14FF0013202C88C1A8C436D
:101D500014EAC211F9D0C01A0A0603D0C01E10BD81
:101D6000C01A10BD0A0401D0801E10BD0902FCD0AB
:101D7000401E10BD08B569468DF800000320ABBEBB
:101D800008BD000010B5012805D0002103A0FFF711
:101D9000B2FF012010BD09A1F8E7000053494752E6
:101DA000544D454D3A204F7574206F66206865612B
:101DB00070206D656D6F7279000000003A204865F3
:101DC0006170206D656D6F727920636F72727570CE
:101DD0007465640080B540F2F810C2F2000001F0B2
:101DE000F1FA80BD80B584B0029000200090029886
:101DF000006805F009FF002874D1FFE70298006829
:101E000080683F21C8F2000108420ED0FFE7029926
:101E1000C86D40F01000C8650299086E40F00100DE
:101E2000086601208DF80F0060E00298006805F058
:101E30005BFE40F20030C5F2000005F073FE0002C8
:101E400000281CD5FFE740F20C00C2F20000006839
:101E5000800942F66351C0F23E51A0FB0110800997
:101E600000EB40010C2000EB81000090FFE70098A0
:101E700020B1FFE7009801380090F8E7FFE702F093
:101E800047FE0190FFE7029800680068C00740BB6A
:101E9000FFE70298006805F0B7FE28B9FFE702984F
:101EA000006805F021FEFFE702F032FE0199401ABA
:101EB000032815D3FFE7029800680068C00770B9CF
:101EC000FFE70299C86D40F01000C8650299086EDE
:101ED00040F00100086601208DF80F0006E0FFE7E2
:101EE000D1E7FFE700208DF80F00FFE79DF80F0016
:101EF00004B080BDFFE7FEE780B540F26420C2F287
:101F0000000001F04FFF80BD80B540F2C420C2F256
:101F1000000001F047FF80BD84B003900398006883
:101F200040F20741C4F20201884206D8FFE740F6BA
:101F30000000C4F20200009005E040F62000C4F268
:101F400002000090FFE7009802900398007808389C
:101F50004CF6CD41CCF6CC41A0FB0110000901901C
:101F6000029803994A6C22F0030210448864039992
:101F700040F68000C4F20200C864019800F01F011E
:101F8000012088400399086504B0704782B0019031
:101F9000019800790090009940F6FC00C4F202001C
:101FA00000EB810001994865019940F64010C4F2A8
:101FB000020088650098013800F01F010120884068
:101FC0000199C86502B0704770470000000000002A
:101FD00080B584B0039002A806F0A0F90298039996
:101FE000C860039908798A685043D1ED000A91EDE1
:101FF000030A08F0BFFD039880ED060A039890EDF0
:10200000030A90ED041A30EE410A80ED050A0398A8
:1020100090ED050A9FED2C1AB4EE410AF1EE10FA8C
:102020000ADDFFE7039890ED050A9FED2A1A30EECE
:10203000010A80ED050A15E0039890ED050A9FED71
:10204000231AB4EE410AF1EE10FA0ADAFFE7039818
:1020500090ED050A9FED1E1A30EE010A80ED050A8B
:10206000FFE7FFE7039840690AF03AFA41EC100BEA
:102070009FED131B53EC112B51EC100B09F0EAFEF2
:1020800041EC100B51EC100B09F00AFE0190039982
:10209000C86808619DED010A9FED0F1A20EE010A44
:1020A000039890ED071A9FED0D2A21EE021A30EEEB
:1020B000010A80ED070A04B080BD00BF00BF00BF69
:1020C0002D431CEBE2362A3FDB0F4940DB0F49C0B2
:1020D000DB0FC940DB0FC9C0CDCCCC3E9A99193F6C
:1020E00080B584B003908DF80B1001928DED000A3D
:1020F00006F03EF99DF80B000399087101980399C9
:10210000886000980399086004B080BD81B0EFF347
:10211000108072B60090FFE7FEE7000080B540F245
:102120002430C2F2000001F0C5FF80BD83B00290F0
:102130004AF20040C4F2000000900098029908643E
:1021400002980068D0F8800020F4F810029A116814
:10215000526B40EA0240C1F880000098703002994A
:10216000486402980068D0F8800020F07060029AFD
:102170001168926B40EA0260C1F880000098B030AC
:1021800002998864009800F5C4700299C8640098A8
:1021900000F5187002990865009800F51E70029904
:1021A000486500980190FFE70198009901F5547186
:1021B000884208D2FFE7019900200860FFE70198F4
:1021C00004300190F0E703B07047000081B0009048
:1021D00001B0704780B5C2B02290219100208DF8E7
:1021E00083001B901A902298406908B1FFE7FFE72F
:1021F0002198C0680021C4F27F01884201D0FFE726
:1022000000E0FFE7FFE7229890F85800012805D189
:10221000FFE702208DF88F0000F0B7BC2299012063
:1022200081F85800FFE7FFE72298406928B1FFE7EF
:102230002198006A01282FD1FFE7219840680928DA
:1022400029D1FFE72198806A68B1FFE721990A68E0
:10225000886AC96A02F0F84200F07C0040EA524005
:1022600008431A9006E02198006800F0F840400CFE
:102270001A90FFE722980068C06C44F20001C0F297
:10228000104108401A99084322990968C8641A98AD
:1022900022994866FFE747E02298806EE0B9FFE7A1
:1022A0002198006A22998866229900204866219820
:1022B000806A58B1FFE72199086A8A6AC96A0138B9
:1022C00002F07C02104308431A9004E02198006A4F
:1022D00001381A90FFE7FFE7219908684968C0F3C1
:1022E000846001F01F0100FA01F11A9808431A9066
:1022F0002299886E013888661A9A2299486E10438E
:1023000048662298806E70B9FFE722980068C06C1A
:1023100044F20001C0F210410840229A1168526E46
:102320001043C864FFE7FFE72298006805F042FC0D
:1023300030BBFFE7219890F8250090B9FFE722987D
:102340000068C06820F44010219991F8242091F889
:102350002610490541EA0251084322990968C860DC
:102360000DE022980068C06820F44010219991F88F
:10237000261040EA415022990968C860FFE7FFE74C
:102380002298006805F060FC1D902298006805F016
:1023900011FC1C901D98002840F00982FFE71C9852
:1023A000002840F00482FFE72198806A20B1FFE70F
:1023B0002198C06AA8B9FFE7219890F82500012864
:1023C00007D1FFE722980168C86840F00070C86034
:1023D00006E022980168C86820F00070C860FFE736
:1023E00016E0219890F82500012809D1FFE72299ED
:1023F000C86D40F02000C86501208DF8830006E01C
:1024000022980168C86820F00070C860FFE7FFE705
:10241000219890F83000012810D1FFE72298006839
:10242000006920F4FF71219A506B926B10430843AE
:1024300040F0020022990968086106E022980168CC
:10244000086920F002000861FFE721988068B0F178
:10245000004F0ED1FFE722980068219909680022F9
:1024600005F006FC229800684FF0004105F0ACFC36
:102470000CE022980068219A1168926805F0F8FB38
:1024800022980068002105F09FFCFFE72198406931
:1024900022990968C96801F01801890888401F90CD
:1024A0002198006904281CD0FFE722980068219930
:1024B0000A6809691F9B05F02DFC22980068219A83
:1024C0001169926905F058FC22980068219A1169F7
:1024D000127F013AB2FA82F25209520605F038FC34
:1024E00064E122980068002105F044FB400348B9EC
:1024F000FFE722980068002105F03CFBC0F38460F0
:10250000199018E022980068002105F033FB90FA3A
:10251000A0F02490249820B9FFE720208DF89700A0
:1025200005E02498B0FA80F08DF89700FFE79DF859
:1025300097001990FFE719981890219800684003B8
:1025400030B9FFE721980068C0F38460179015E068
:102550002198006890FAA0F02690269820B9FFE70D
:1025600020208DF89F0005E02698B0FA80F08DF8C5
:102570009F00FFE79DF89F001790FFE718981799B5
:10258000884207D1FFE7229800680022114605F033
:1025900007FCFFE722980068012105F0EBFA4003F1
:1025A00048B9FFE722980068012105F0E3FAC0F37B
:1025B0008460169018E022980068012105F0DAFA8C
:1025C00090FAA0F02890289820B9FFE720208DF8F5
:1025D000A70005E02898B0FA80F08DF8A700FFE783
:1025E0009DF8A7001690FFE71698159021980068AF
:1025F000400330B9FFE721980068C0F3846014906D
:1026000015E02198006890FAA0F02A902A9820B945
:10261000FFE720208DF8AF0005E02A98B0FA80F09F
:102620008DF8AF00FFE79DF8AF001490FFE7159815
:102630001499884207D1FFE72298006801210022FF
:1026400005F0AEFBFFE722980068022105F092FA40
:10265000400348B9FFE722980068022105F08AFA92
:10266000C0F38460139018E022980068022105F0FE
:1026700081FA90FAA0F02C902C9820B9FFE7202046
:102680008DF8B70005E02C98B0FA80F08DF8B7000F
:10269000FFE79DF8B7001390FFE713981290219879
:1026A0000068400330B9FFE721980068C0F38460F8
:1026B000119015E02198006890FAA0F02E902E98C5
:1026C00020B9FFE720208DF8BF0005E02E98B0FA72
:1026D00080F08DF8BF00FFE79DF8BF001190FFE785
:1026E00012981199884207D1FFE7229800680221C9
:1026F000002205F055FBFFE722980068032105F052
:1027000039FA400348B9FFE722980068032105F031
:1027100031FAC0F38460109018E022980068032119
:1027200005F028FA90FAA0F03E903E9820B9FFE715
:1027300020208DF8FF0005E03E98B0FA80F08DF87B
:10274000FF00FFE79DF8FF001090FFE710980F9043
:1027500021980068400330B9FFE721980068C0F372
:1027600084600E9015E02198006890FAA0F04090E7
:10277000409820B9FFE720208DF8070105E0409838
:10278000B0FA80F08DF80701FFE79DF807010E9081
:10279000FFE70F980E99884207D1FFE7229800685B
:1027A0000321002205F0FCFAFFE7FFE7FFE722988C
:1027B000006805F031FA002840F04481FFE72298D4
:1027C0000068219A1168D26805F06EFA2198C068F5
:1027D0000021C4F27F01884240F03381FFE7229854
:1027E00000680D9021980068400330B9FFE72198F8
:1027F0000068C0F384600C9015E02198006890FA9E
:10280000A0F03C903C9820B9FFE720208DF8F7001D
:1028100005E03C98B0FA80F08DF8F700FFE79DF8EE
:10282000F7000C90FFE70C98013000F01F0009281A
:102830007DD8FFE721980068400330B9FFE7219871
:102840000068C0F384600B9015E02198006890FA4E
:10285000A0F03A903A9820B9FFE720208DF8EF00D9
:1028600005E03A98B0FA80F08DF8EF00FFE79DF8A8
:10287000EF000B90FFE70B98013000F01F0080067F
:102880000A9021980068400330B9FFE7219800685A
:10289000C0F38460099015E02198006890FAA0F0D8
:1028A0003890389820B9FFE720208DF8E70005E040
:1028B0003898B0FA80F08DF8E700FFE79DF8E70060
:1028C0000990FFE70A980999013101F01F020121DF
:1028D00091400843089021980068400330B9FFE711
:1028E00021980068C0F38460079015E02198006883
:1028F00090FAA0F03690369820B9FFE720208DF8A6
:10290000DF0005E03698B0FA80F08DF8DF00FFE7D1
:102910009DF8DF000790FFE708980799013101F063
:102920001F0101EB410140EA0150069082E021982D
:102930000068400330B9FFE721980068C0F3846065
:10294000059015E02198006890FAA0F03490349832
:1029500020B9FFE720208DF8D70005E03498B0FAC1
:1029600080F08DF8D700FFE79DF8D7000590FFE7CE
:102970000598013000F01F0080060490219800683F
:10298000400330B9FFE721980068C0F384600390EA
:1029900015E02198006890FAA0F03290329820B9A2
:1029A000FFE720208DF8CF0005E03298B0FA80F0E4
:1029B0008DF8CF00FFE79DF8CF000390FFE7049864
:1029C0000399013101F01F02012191400843029057
:1029D00021980068400330B9FFE721980068C0F3F0
:1029E0008460019015E02198006890FAA0F0309082
:1029F000309820B9FFE720208DF8C70005E0309817
:102A0000B0FA80F08DF8C700FFE79DF8C70001908D
:102A1000FFE702990198013000F01F0000EB40022F
:102A20000020CFF6206000EB0250084340F0007019
:102A30000690FFE70D980699219A926805F018F91B
:102A4000FFE7FFE72198408848F20801084200F0BC
:102A50009180FFE740F20030C5F2000005F06AF80F
:102A60001E90219800680021CCF22131884208D0C4
:102A7000FFE7219800681021C9F2C001884232D1D5
:102A8000FFE79DF87A00000600282CD4FFE7229883
:102A90000068B0F1A04F25D1FFE71E9840F4000177
:102AA00040F20030C5F2000005F026F940F20C00BB
:102AB000C2F200000068800942F66351C0F23E5144
:102AC000A0FB0110800900EB4001182000EB810001
:102AD0001B90FFE71B9820B1FFE71B9801381B9064
:102AE000F8E7FFE745E0219800680021CCF2527139
:102AF000884219D1FFE79DF87B00C007A0B9FFE726
:102B00002298006840F20011C5F2000188420AD004
:102B1000FFE71E9840F0807140F20030C5F20000DF
:102B200005F0EAF8FFE723E0219800680021CCF6E1
:102B3000843188421AD1FFE79DF87A0040060028C8
:102B400014D4FFE72298006840F20011C5F200019A
:102B500088420AD0FFE71E9840F4800140F200301E
:102B6000C5F2000005F0C8F8FFE700E0FFE7FFE767
:102B7000FFE7FFE7FFE72299002081F85800FFE711
:102B80009DF883008DF88F00FFE79DF88F0042B01D
:102B900080BD000080B58EB00D904FF090401021A8
:102BA000002201F09FFF0D980068B0F1A04F40F0A7
:102BB0001A81FFE740F2A260C2F20000007800280C
:102BC0007AD1FFE740F27410C2F2000001680131CF
:102BD0000160006818B3FFE740F2F810C2F200008D
:102BE0000168D1F8803040F28012C2F20002116810
:102BF000194411600168D1F8843040F28C12C2F29D
:102C000000021168194411600068D0F8882040F271
:102C10009811C2F20001086810440860FFE740F212
:102C20007410C2F200000068B0F57A7F43D1FFE76C
:102C300040F28013C2F2000393ED000AB8EE400A9E
:102C40009FEDF41A80EE010A40F27C10C2F20000FF
:102C500080ED000A40F28C12C2F2000292ED000AEE
:102C6000B8EE400A80EE010A40F28810C2F200007D
:102C700080ED000A40F29811C2F2000191ED000AC5
:102C8000B8EE400A80EE010A40F29410C2F2000051
:102C900080ED000A40F2A26CC2F2000C01208CF818
:102CA0000000002018601060086040F27411C2F249
:102CB00000010860FFE795E040F2F811C2F2000160
:102CC0000868D0F8802040F27810C2F2000002605C
:102CD00090ED000AB8EE400A40F27C10C2F200000B
:102CE00090ED001A30EE410A9FEDCB3A80EE030AD8
:102CF0009FEDCA2A20EE020AB3EE041A20EE010A62
:102D000040F24850C2F2000080ED000A0A68D2F892
:102D1000843040F28412C2F20002136092ED000A85
:102D2000B8EE400A40F28812C2F2000292ED004A68
:102D300030EE440A80EE030A20EE020A20EE010A79
:102D400080ED010A0968D1F8882040F29011C2F2A2
:102D500000010A6091ED000AB8EE400A40F29411B9
:102D6000C2F2000191ED004A30EE440A80EE030AFF
:102D700020EE020A20EE010A80ED020A90ED000A20
:102D800020EE000A9FEDA61AB4EE410AF1EE10FA09
:102D900020DCFFE740F24850C2F2000090ED010A4B
:102DA00020EE000A9FED9E1AB4EE410AF1EE10FAF1
:102DB00010DCFFE740F24850C2F2000090ED020A3A
:102DC00020EE000A9FED961AB4EE410AF1EE10FAD9
:102DD00007DDFFE740F2A061C2F2000100200870A9
:102DE000FFE7FFE7FFE740F2D810C2F200000990CA
:102DF000FFF7EEF840F25450C2F200000290016872
:102E000040F25C50C2F20000C1600121009104F068
:102E1000E9FF00990298426840F27450C2F2000043
:102E2000C26004F0DFFF40F2A460C2F200000B9029
:102E300040F2B061C2F20001019107F0FBFB029980
:102E400040F24850C2F20000039007F0F3FB019AF1
:102E50000299099B93ED021A93ED070AB1EE0C2A31
:102E600020EE020AB8EEC11A20EE010A40F2EC5040
:102E7000C2F2000080ED0C0A9B69C36213684362D2
:102E8000526882620A68C2614968016205F044F8CA
:102E9000099940F29C60C2F20000026840F2706042
:102EA000C2F2000005900261C969C16040F2A061F0
:102EB000C2F200010C9109789FED5A0A8DED070AC4
:102EC00005F0F4FD0398099991ED060A40F28C5142
:102ED000C2F20001069107F0FFFB069A9DED070A7A
:102EE0000C9940F29450C2F2000004900023036158
:102EF0001268C260097805F0D9FD049B0598069A0E
:102F00009DED070A0C991B6A40F2B86CC2F2000CE6
:102F1000CDF828C0CCF80030036A40F2C050C2F2AD
:102F20000000089003615268C260097805F0BEFD98
:102F3000089B099A0A980B991B6A436092ED060A4E
:102F400007F04EFC0B9840F2CC11C2F20001B2EE39
:102F5000080A07F0B9FC0C980078012839D1FFE77E
:102F600040F2CC11C2F2000191ED000A42F62C4071
:102F7000C4F2010090ED001AB8EE411A20EE010AE9
:102F8000BCEEC00A42F63442C4F2010282ED000AED
:102F900091ED010A90ED001AB8EE411A20EE010AF7
:102FA000BCEEC00A42F63842C4F2010282ED000AC9
:102FB00091ED020A90ED001AB8EE411A20EE010AD6
:102FC000BCEEC00A42F63C40C4F2010080ED000AAB
:102FD00017E042F62C41C4F20101086842F634427F
:102FE000C4F20102002010600A6842F63842C4F2BE
:102FF00001021060096842F63C41C4F20101086018
:10300000FFE74FF090401021012201F06BFD0EB060
:1030100080BD00BF00007A44000080453333534038
:103020000000C84317B7513981B0009001B0704714
:1030300080B588B0069040F20030C5F2000004F080
:1030400091FD03900698006804F0B4FD20B1FFE7FD
:1030500002208DF81F00E5E006980068C06800F0C7
:103060000040049006980068C06C10F4C07F0CD13A
:10307000FFE7049848B9FFE70699C86D40F02000C3
:10308000C86501208DF81F00CCE0FFE7069890F896
:103090005800012804D1FFE702208DF81F00C1E08D
:1030A0000699012081F85800FFE7FFE70698FEF730
:1030B00099FE8DF817009DF81700002840F0A680B3
:1030C000FFE70698C06DC005002806D5FFE7069902
:1030D000086E20F00800086603E0069900200866E4
:1030E000FFE70698C06D40F4805042F2010188432A
:1030F0000699C8650698006840F20011C5F2000103
:10310000884204D1FFE74FF0A040029003E0069808
:1031100000680290FFE7029806990968884203D088
:10312000FFE7039830B9FFE70699C86D20F48010D7
:10313000C865FFE70698016860200860FFE7069908
:10314000002081F85800FFE706980068C0688002F8
:10315000002807D5FFE706980168486840F48060BA
:103160004860FFE70698806908280DD1FFE70698B8
:103170000168486820F020004860069801684868A7
:1031800040F0400048600CE006980168486820F074
:103190004000486006980168486840F02000486098
:1031A000FFE70698006840F20011C5F2000188426E
:1031B00004D1FFE74FF0A040019003E006980068BB
:1031C0000190FFE701980699096888420BD0FFE754
:1031D000039840B1FFE70398062804D0FFE703985F
:1031E00007280CD1FFE70698006804F0D3FC28B943
:1031F000FFE70698006804F0F1FCFFE705E0069998
:10320000C86D40F48010C865FFE706E0FFE7069947
:10321000002081F85800FFE7FFE79DF817008DF8C0
:103220001F00FFE79DF81F0008B080BD81B000902F
:1032300001B0704781B0009001B0704780B5A4B074
:103240002290219100208DF883002198006808B118
:10325000FFE7FFE7FFE7229890F85800012804D124
:10326000FFE702208DF88F009FE02299012081F86E
:103270005800FFE7FFE700201B901C902298006891
:10328000B0F1A04F06D1FFE740F20010C5F20000F8
:10329000049002E000200490FFE7049878B9FFE76B
:1032A0002299C86D40F02000C865FFE722990020F0
:1032B00081F85800FFE701208DF88F0075E0049831
:1032C00004F0C2FC03902298006804F0BDFC0028C2
:1032D00057D1FFE70398002853D1FFE740F20030B1
:1032E000C5F200001F902198006860B3FFE71F98A7
:1032F000806820F4604021994968229A92F8382029
:1033000041EA423108431F9988604FF0A04004F021
:1033100083FC029040F20010C5F2000004F07CFC37
:1033200001460298084368B9FFE71F98806840F695
:103330001F718843219A11689268114308431F99AD
:103340008860FFE71CE01F99886820F4604088606F
:103350004FF0A04004F060FC019040F20010C5F274
:10336000000004F059FC01460198084338B9FFE712
:103370001F99886840F61F7290438860FFE7FFE757
:1033800008E02299C86D40F02000C86501208DF842
:103390008300FFE7FFE72299002081F85800FFE74C
:1033A0009DF883008DF88F00FFE79DF88F0024B013
:1033B00080BD000081B0009001B0704781B00090E6
:1033C00001B0704780B58EB00D9000200C900D9824
:1033D000006800680B900D98006840680A9040F201
:1033E0000030C5F2000004F0B5FB05909DF82C00FC
:1033F000800700281AD5FFE79DF8280080070028DD
:1034000014D5FFE70D98C06DC006002806D4FFE76D
:103410000D99C86D40F40060C865FFE70D98FEF790
:10342000D5FE0D98016802200860FFE79DF82C008A
:103430004007002806D5FFE70A9800F0040004289A
:103440000ED0FFE79DF82C000007002840F19B807C
:10345000FFE79DF828000007002840F19480FFE76F
:103460000D98C06DC006002806D4FFE70D99C86D01
:1034700040F40070C865FFE70D98006804F0ECFBAD
:10348000002878D0FFE70D98006840F20011C5F2DF
:103490000001884204D1FFE74FF0A040049003E010
:1034A0000D9800680490FFE704980D990968884218
:1034B0000BD0FFE7059840B1FFE70598052804D039
:1034C000FFE70598092805D1FFE70D980068C06857
:1034D000079016E00D98006840F20011C5F2000157
:1034E000884204D1FFE74FF0A040039003E00D981D
:1034F00000680390FFE7039806900698C06807905D
:10350000FFE7079800F40050B0F5005F32D0FFE706
:103510000D9800680068000700282AD5FFE70D987D
:10352000006804F089FBC0B9FFE70D98016848689E
:1035300020F00C0048600D99C86D20F48070C865BB
:103540000D98C06DC004002806D4FFE70D99C86D22
:1035500040F00100C865FFE70AE00D99C86D40F032
:103560001000C8650D99086E40F001000866FFE77D
:10357000FFE7FFE7FFE70D98FFF71CFF0D980168D5
:103580000C200860FFE79DF82C008006002806D577
:10359000FFE70A9800F0200020280ED0FFE79DF8F2
:1035A0002C004006002840F1B280FFE79DF828007B
:1035B0004006002840F1AB80FFE70D98C06DC006C3
:1035C000002806D4FFE70D99C86D40F40050C86587
:1035D000FFE70D98006804F0F5FA09900D9800686F
:1035E00004F03AFB08900D98006840F20011C5F213
:1035F0000001884204D1FFE74FF0A040029003E0B1
:103600000D9800680290FFE702980D9909688842BA
:103610000BD0FFE7059840B1FFE70598062804D0D6
:10362000FFE70598072805D1FFE70D980068C068F7
:10363000079016E00D98006840F20011C5F20001F5
:10364000884204D1FFE74FF0A040019003E00D98BD
:1036500000680190FFE7019806900698C0680790FF
:10366000FFE7099800284AD0FFE79DF81F00800770
:1036700000280AD5FFE7089800283FD0FFE79DF80B
:103680001D008006002839D4FFE70D980068006807
:103690004006002831D5FFE79DF81E00800600286F
:1036A0002AD4FFE70D98006804F07CFAC0B9FFE760
:1036B0000D980168486820F0600048600D99C86D59
:1036C00020F48050C8650D98C06DC005002806D450
:1036D000FFE70D99C86D40F00100C865FFE70AE0FB
:1036E0000D99C86D40F01000C8650D99086E40F046
:1036F00001000866FFE7FFE7FFE7FFE7FFE70D9838
:10370000FFF748FA0D98016860200860FFE79DF810
:103710002C000006002813D5FFE79DF828000006BE
:1037200000280DD5FFE70D99C86D40F48030C865BD
:103730000D9800F029FA0D98016880200860FFE7D5
:103740009DF82D00C00798B1FFE79DF82900C0073C
:1037500070B1FFE70D99C86D40F40030C8650D9851
:10376000FFF764FD0D9801684FF480700860FFE773
:103770009DF82D008007002814D5FFE79DF829004B
:10378000800700280ED5FFE70D99C86D40F4802012
:10379000C8650D98FFF74EFD0D9801684FF4007055
:1037A0000860FFE79DF82C00C00600283ED5FFE723
:1037B0009DF82800C006002838D5FFE70D98C06B9B
:1037C00018B9FFE701200C9019E0059860B1FFE7F8
:1037D00040F20030C5F2000004F0B4F918B1FFE780
:1037E00001200C90FFE709E00D980068C068C00751
:1037F00018B1FFE701200C90FFE7FFE7FFE70C9807
:1038000001280ED1FFE70D99C86D40F48060C865AE
:103810000D99086E40F0020008660D98FFF7CEFD86
:10382000FFE70D98016810200860FFE79DF82D0064
:103830004007002819D5FFE79DF829004007002818
:1038400013D5FFE70D99C86D40F48040C8650D9908
:10385000086E40F0080008660D9801684FF480601B
:1038600008600D98FFF7E0FBFFE70EB080BD000099
:1038700080B588B0069000208DF81700019006985A
:1038800020B9FFE701208DF81F0079E10698406913
:1038900040B1FFE7069890F82400012801D1FFE726
:1038A000FFE7FFE70698C06D50B9FFE7069800F004
:1038B0006FF9069900200866069981F85800FFE71D
:1038C0000698006804F098F928B1FFE706980068A8
:1038D00004F0FEF8FFE70698006804F0A5F9F0B9D7
:1038E000FFE70698006804F00DF940F20C00C2F200
:1038F00000000068800942F66351C0F23E51A0FB0F
:1039000001108109022000EB41000190FFE70198BE
:1039100020B1FFE7019801380190F8E7FFE706982A
:10392000006804F081F970B9FFE70699C86D40F0AE
:103930001000C8650699086E40F001000866012075
:103940008DF81700FFE70698006804F075F90390FA
:103950000698C06DC006002800F10481FFE70398B7
:10396000002840F0FF80FFE70698C06D40F002009D
:1039700020F480700699C8650698006804F044F940
:10398000D0B9FFE74FF0A04004F03EF9009040F2BC
:103990000010C5F2000004F037F901460098084312
:1039A00048B9FFE70698416840F20030C5F20000D0
:1039B00004F094F9FFE7FFE706994A7FC86B40EAF5
:1039C00042308A68CB681843104391F8241040EACB
:1039D00001400490069890F8240001280BD1FFE7DD
:1039E0000698816A0020CFF6FE7000EB41410498F2
:1039F00008430490FFE70698C06A50B1FFE70699B4
:103A0000C86A096B00F47870014304980843049075
:103A1000FFE706980068C06844F20701CFF6F0712E
:103A200008400499084306990968C8600698006828
:103A3000006920F04060069A1168526B10430861DB
:103A40000698006804F0AEF802900398002868D148
:103A5000FFE70298002864D1FFE70699087F91F8F4
:103A60003810800340EA4100049006980068C0685E
:103A700044F2020188430499084306990968C86022
:103A800006980069A0B1FFE706980168086940F44C
:103A90008030086106980068D0F8C00043F6FF71D6
:103AA0008843069A116812691043C1F8C00011E0FA
:103AB00006980168086920F480300861069800685B
:103AC000D0F8C00043F6FF71884306990968C1F831
:103AD000C000FFE7069890F84000012819D1FFE7E1
:103AE00006980068006940F2FD7120EA0102069B19
:103AF0001968586CD3F848E0D3F84CC040EA0E007F
:103B000040EA0C001B6D1843104340F001000861AF
:103B100006E006980168086920F001000861FFE7E7
:103B2000FFE70698406901280CD1FFE70698006876
:103B3000006B20F00F00069A1168126A013A1043D8
:103B4000086306E006980168086B20F00F00086320
:103B5000FFE70698C06D40F0010020F002000699D2
:103B6000C86508E00699C86D40F01000C8650120DE
:103B70008DF81700FFE79DF817008DF81F00FFE78D
:103B80009DF81F0008B080BD81B0009001B0704763
:103B900080B59CB01B9000201A9019901890179037
:103BA000169005A84421FCF769FC1B980068B0F149
:103BB000A04F45D1FFE74FF4004005904FF0005073
:103BC000149005A801F046F918B1FFE7FEF79EFA38
:103BD000FFE7FFE741F24C00C4F20200016841F444
:103BE00000510160006800F4005004900498FFE761
:103BF000FFE741F24C00C4F20200016841F002010B
:103C00000160006800F0020003900398FFE741F6AE
:103C1000030016900320179000200190189040F2A6
:103C20000040C4F6000016A900F090FD019A122091
:103C30000290114601F00AF8029800F0FDFFFFE73C
:103C40001CB080BD82B0019000208DF80300019867
:103C500090F82500022807D0FFE701990420C863E7
:103C600001208DF803002DE001980168086820F01C
:103C70000E0008600198816C086820F4807008606C
:103C800001980168086820F0010008600198016C43
:103C9000406C00F01F020120904048600198C16C08
:103CA000006D48600198406D58B1FFE70198416D83
:103CB000086820F4807008600198816DC06D4860CC
:103CC000FFE7FFE70199012081F82500FFE701994F
:103CD000002081F82400FFE79DF8030002B0704740
:103CE00080B582B0019000208DF80300019890F813
:103CF0002500022811D0FFE701990420C86301992B
:103D0000012081F82500FFE70199002081F82400B7
:103D1000FFE701208DF803003FE001980168086883
:103D200020F00E00086001980168086820F001008A
:103D300008600198816C086820F480700860019820
:103D4000016C406C00F01F02012090404860019817
:103D5000C16C006D48600198406D58B1FFE7019853
:103D6000416D086820F4807008600198816DC06D15
:103D70004860FFE70199012081F82500FFE70199DC
:103D8000002081F82400FFE70198806B20B1FFE755
:103D90000198816B8847FFE7FFE79DF8030002B0B9
:103DA00080BD000080B584B003900398006C00686B
:103DB0000290039800680068019002980399496C8A
:103DC00001F01F01C8404007002825D5FFE79DF8F6
:103DD0000400400700281FD5FFE70398006800682B
:103DE0008006002807D4FFE703980168086820F0E0
:103DF00004000860FFE70398016C406C00F01F02AC
:103E00000420904048600398006B20B1FFE70398BE
:103E1000016B8847FFE76EE002980399496C01F057
:103E20001F01C840800700282FD5FFE79DF8040038
:103E30008007002829D5FFE70398006800688006FE
:103E400000280BD4FFE703980168086820F00A00F7
:103E500008600399012081F82500FFE70398016CB1
:103E6000406C00F01F02022090404860FFE7039979
:103E7000002081F82400FFE70398C06A20B1FFE723
:103E80000398C16A8847FFE734E002980399496CB8
:103E900001F01F01C8400007002829D5FFE79DF861
:103EA00004000007002823D5FFE70398016808688D
:103EB00020F00E0008600398026C406C00F01F01B7
:103EC000012000FA01F151600399C863039981F858
:103ED0002500FFE70399002081F82400FFE70398FD
:103EE000406B20B1FFE70398416B8847FFE700E094
:103EF000FFE7FFE7FFE704B080BD000080B584B0B6
:103F00000290029820B9FFE701208DF80F009CE095
:103F10000298006840F20741C4F20201884218D8B2
:103F2000FFE7029908684FF6F872CBF6FD7210446D
:103F30004CF6CD42CCF6CC42A0FB02026FF003005F
:103F400000EA9200486402990020C4F2020008646A
:103F500018E0029908684FF6F832CBF6FD7210446B
:103F60004CF6CD42CCF6CC42A0FB02026FF003002F
:103F700000EA92004864029940F20040C4F2020054
:103F80000864FFE70299022081F825000298006882
:103F900000680190019847F6F071884301900299FA
:103FA0008868D1F80CC00B694A6940EA0C001843D4
:103FB00010438A691043CA691043096A0143019892
:103FC0000843019001980299096808600298FDF77A
:103FD000A3FF02988068B0F5804F04D1FFE70299F3
:103FE00000204860FFE702990879896C0860029810
:103FF000C16C006D48600298406888B1FFE7029884
:10400000406804280CD8FFE70298FDF7BFFF02982C
:10401000416D002008600298816DC06D486007E026
:10402000029900204865029988650299C865FFE7F2
:1040300002990020C863029A012182F82510029992
:1040400081F824008DF80F00FFE79DF80F0004B001
:1040500080BD000080B584B0039000F059FD02904F
:10406000039801900198013048B1FFE740F2100039
:10407000C2F200000168019808440190FFE7FFE7E1
:1040800000F046FD0299401A0199884201D2FFE7EB
:10409000F6E704B080BD000081B0009001B0704729
:1040A00082B00190009102B07047000081B0009092
:1040B00001B0704780B58AB0099009980068006D1A
:1040C00000F4E050089009980068416D0898084095
:1040D000089009980068006D00F0070007900998A3
:1040E0000068416D07980840079009980068006DC6
:1040F00000F03800069009980068416D0698084065
:10410000069009980068006D00F471000590099808
:104110000068416D05980840059009980068006D99
:1041200000F46020049009980068416D04980840EC
:10413000049009980068406D019009980068006D2E
:1041400000909DF8000000F040010020B0EB911FAE
:1041500012D0FFE79DF8040000F040010020B0EB12
:10416000911F08D0FFE70998016840200865099869
:10417000FFF79CFFFFE7FFE79DF80100C007E0B1F4
:10418000FFE79DF80500C007B0B1FFE70998006898
:10419000D0F8D800029009980068D0F8E010029892
:1041A00008400290099801684FF4807008650998EA
:1041B000029900F0B5FAFFE7FFE7089848B1FFE77A
:1041C00008980999096808650998089900F0B4FAEF
:1041D000FFE7079848B1FFE707980999096808655C
:1041E0000998079900F088FAFFE7069848B1FFE7B9
:1041F00006980999096808650998069900F082FAF5
:10420000FFE79DF8010000F002010020B0EB510F24
:1042100013D0FFE79DF8050000F002010020B0EB8D
:10422000510F09D0FFE7099801684FF40070086545
:10423000099800F087FAFFE7FFE79DF800100020DB
:10424000B0EBD11F1DD0FFE79DF804100020B0EBAC
:10425000D11F15D0FFE709980068D0F8D40003906B
:1042600009980068D0F8DC1003980840039009987A
:104270000168802008650998039900F057FAFFE764
:10428000FFE79DF8010000F020010020B0EB511F76
:1042900013D0FFE79DF8050000F020010020B0EBEF
:1042A000511F09D0FFE7099801684FF400500865D5
:1042B000099800F031FAFFE7FFE79DF801100020B0
:1042C000B0EBD11F11D0FFE79DF805100020B0EB37
:1042D000D11F09D0FFE7099801684FF40040086535
:1042E000099800F015FAFFE7FFE79DF8010000F0DC
:1042F00040010020B0EB911F15D0FFE79DF80500AD
:1043000000F040010020B0EB911F0BD0FFE70998AF
:1043100001684FF4804008650999086E40F08000FC
:104320000866FFE7FFE7049848B1FFE7049809999A
:104330000968086509980499FFF7B2FEFFE7059838
:1043400050B1FFE70598099909680865059A099928
:10435000086E10430866FFE70998006E20B1FFE77A
:104360000998FFF799FEFFE70AB080BD80B584B0D9
:104370000290029820B9FFE701208DF80F0057E165
:104380000298006846F20041C4F20001884201D15F
:10439000FFE7FFE702988068B0F5407F01D1FFE7B3
:1043A000FFE7029890F85C0040B9FFE7029900200F
:1043B00081F85D00029800F03FF9FFE7029801687C
:1043C000886920F01000886100F0A2FB0190FFE7EF
:1043D0000298006880690007002815D5FFE700F003
:1043E00097FB0199401A0B280DD3FFE70299086E3D
:1043F00040F0010008660299032081F85C0001206A
:104400008DF80F0014E1E3E702980168886940F035
:104410000100886100F07CFB0190FFE702980068D2
:104420008069C007A8B9FFE700F072FB0199401A44
:104430000B280DD3FFE70299086E40F001000866D3
:104440000299032081F85C0001208DF80F00EFE055
:10445000E4E702980168886940F0020088610298E8
:10446000006846F20041C4F20001884208D1FFE72B
:104470000298406846F20051C4F200010860FFE76C
:104480000298007C012807D1FFE70298016888693B
:1044900020F04000886106E002980168886940F0D9
:1044A00040008861FFE70298407C012807D1FFE7C0
:1044B00002980168886940F48040886106E00298AB
:1044C0000168886920F480408861FFE70298807C59
:1044D000012807D1FFE702980168886920F480501D
:1044E000886106E002980168886940F4805088611C
:1044F000FFE702980068806920F44070029A116812
:1045000092681043886102980168886920F0A400CD
:10451000886102980168086920F01000086102981B
:10452000C068012807D1FFE702980168886940F058
:10453000040088612BE00298C06830B3FFE702985E
:10454000C068022819D0FFE702980168886940F026
:104550008000886102980168086940F010000861D5
:104560000298C068032807D1FFE7029801688869AC
:1045700040F020008861FFE706E002980168886942
:1045800040F020008861FFE700E0FFE7FFE7029AC4
:10459000116853699069D2F81CE0A0F1010C6FF02A
:1045A000FF0000EB0E2040EA4C60126A013A104313
:1045B0000022CFF6FF7202EB03421043C86102985B
:1045C0008068B0F5407F1CD1FFE7029A1168536AFA
:1045D000906AD2F82CE001386FF0FF0C0CEB0E2C37
:1045E00040EA0C00D2F830C06FF00F0202EB0C1260
:1045F00010430022CFF6FF7202EB03421043C86063
:10460000FFE702980168C26BD1F8C0001043C1F8FF
:10461000C0000298FDF78AFD029900208865029982
:104620000866029A012182F85C108DF80F00FFE7FE
:104630009DF80F0004B080BD80B59CB01B90002099
:104640001A90199018901790169005A84421FBF71E
:1046500015FF1B98006846F20041C4F20001884231
:1046600048D1FFE74FF4805005904FF00070119053
:1046700005A800F0EFFB18B1FFE7FDF747FDFFE7E6
:10468000FFE741F25800C4F20200016841F00071F6
:104690000160006800F0007004900498FFE7FFE7F5
:1046A00041F24C00C4F20200016841F002010160D5
:1046B000006800F0020003900398FFE74FF4407099
:1046C0001690022017900020019018901990092050
:1046D0001A9040F20040C4F6000016A900F036F827
:1046E000019A15200290012100F0B0FA029800F022
:1046F000A3FAFFE71CB080BD82B00190009102B028
:104700007047000082B00190009102B07047000035
:1047100081B0009001B0704781B0009001B0704747
:1047200082B00190009102B07047000082B0019009
:10473000009102B07047000082B00190009102B079
:104740007047000081B0009001B070478BB00A90B4
:10475000099100200890FFE7099800680899C8406F
:10476000002800F0A581FFE709980068089A012158
:104770009140084007900798002800F09581FFE7D6
:104780000998406800F00300012807D0FFE7099866
:10479000406800F0030002282FD1FFE70A988068E4
:1047A000069008984100032000FA01F1069888431A
:1047B00006900998C0680899490000FA01F1069826
:1047C0000843069006980A9988600A9840680690FF
:1047D0000899012000FA01F106988843069009988B
:1047E0004068C0F30010089900FA01F106980843E8
:1047F000069006980A994860FFE70998406800F01B
:104800000300032818D0FFE70A98C06806900898AC
:104810004100032000FA01F10698884306900998A8
:1048200080680899490000FA01F10698084306904B
:1048300006980A99C860FFE70998406800F00300ED
:10484000022826D1FFE70A9808996FF0030202EACE
:1048500051010844006A0690089800F007008100A2
:104860000F2000FA01F10698884306900998006924
:10487000089901F00701890000FA01F10698084340
:10488000069006980A99089B02EA530211440862AE
:10489000FFE70A980068069008984100032000FA94
:1048A00001F10698884306900998406800F00300DB
:1048B0000899490000FA01F1069808430690069805
:1048C0000A990860099880798007002800F0EB8039
:1048D000FFE7FFE741F26000C4F20200016841F027
:1048E00001010160006800F0010005900598FFE7F4
:1048F000089820F003000821C4F2010140580690F6
:10490000089800F0030081000F2000FA01F10698DA
:10491000884306900A98B0F1904F03D1FFE700203A
:10492000049042E00A9840F20041C4F60001884237
:1049300003D1FFE70120039034E00A9840F600011C
:10494000C4F60001884203D1FFE70220029026E06E
:104950000A9840F60041C4F60001884203D1FFE7FF
:104960000320019018E00A9841F20001C4F600010A
:10497000884203D1FFE7042000900AE00A9941F23F
:104980000042C4F600020620914208BF05200090B4
:10499000FFE700980190FFE701980290FFE7029877
:1049A0000390FFE703980490FFE70498089901F04B
:1049B0000301890000FA01F1069808430690069861
:1049C000089921F003010822C4F20102885040F244
:1049D0000840C4F2010000680690079906988843D1
:1049E000069009988079C006002805D5FFE7079949
:1049F000069808430690FFE7069840F20841C4F283
:104A00000101086040F20C40C4F201000068069009
:104A100007990698884306900998807980060028AF
:104A200005D5FFE70799069808430690FFE7069823
:104A300040F20C41C4F20101086040F20440C4F2AB
:104A40000100006806900799069888430690099827
:104A500080798007002805D5FFE707990698084365
:104A60000690FFE7069840F20441C4F20101086095
:104A700040F20040C4F201000068069007990698D1
:104A80008843069009988079C00728B1FFE7079905
:104A9000069808430690FFE7069840F20041C4F2EA
:104AA00001010860FFE7FFE708980130089053E62E
:104AB0000BB0704782B00190ADF802100198006908
:104AC000BDF80210084204D0FFE701208DF8010074
:104AD00003E000208DF80100FFE79DF8010002B01F
:104AE0007047000082B00190ADF802108DF80120EF
:104AF0009DF8010028B1FFE7BDF802000199886127
:104B000004E0BDF8020001998862FFE702B0704737
:104B100040F2C060C2F200000068704740F210002E
:104B2000C2F20000026840F2C061C2F200010868EF
:104B3000104408607047000080B582B000208DF8F6
:104B40000700032000F09AF80F2000F00DF820B1C4
:104B5000FFE701208DF8070002E000F049F8FFE7C9
:104B60009DF8070002B080BD80B582B001900020A2
:104B70008DF8030040F21000C2F20000006878B324
:104B8000FFE740F20C00C2F20000006840F21001A2
:104B9000C2F200010A684FF47A71B1FBF2F1B0FB86
:104BA000F1F001F0A1F9B0B9FFE701980F280DD895
:104BB000FFE701994FF0FF30002200F047F801981D
:104BC00040F21401C2F20001086003E001208DF8F8
:104BD0000300FFE703E001208DF80300FFE703E097
:104BE00001208DF80300FFE79DF8030002B080BDAF
:104BF00080B582B0FFE741F26000C4F202000168B4
:104C000041F001010160006800F00100019001988D
:104C1000FFE7FFE741F25800C4F20200016841F0EB
:104C200080510160006800F0805000900098FFE71C
:104C300000F006F902B080BD80B582B08DF80700A3
:104C40009DF9070005F096FC02B080BD80B586B0E6
:104C50008DF817000491039205F0A4FC02909DF9D1
:104C60001700019002980499039A03F0E9FE0146A7
:104C7000019805F09FFC06B080BD000080B582B0B1
:104C80000190019805F0B8FC02B080BD85B003909A
:104C9000039800285ED1FFE747F20000C4F200004D
:104CA000006800F4C060B0F5806F49D1FFE747F2BB
:104CB0008001C4F20001086820F48070086047F2A7
:104CC0000002C4F200021168012060F34A21116061
:104CD00040F20C01C2F200010968322251434DF644
:104CE0008362C4F21B32A1FB022100EB91400290CF
:104CF000FFE747F21400C4F20000016800204905F4
:104D00000029019006D5FFE70298002818BF01206E
:104D10000190FFE70198C00720B1FFE70298013832
:104D20000290E6E747F21400C4F200000068400574
:104D3000002804D5FFE703208DF813007CE008E08D
:104D400047F28001C4F20001086820F48070086016
:104D5000FFE76DE00398B0F5007F5ED1FFE747F213
:104D60000000C4F20000006800F4C060B0F5806F7D
:104D700049D1FFE747F28001C4F20001086840F41E
:104D80008070086047F20002C4F20002116801203E
:104D900060F34A21116040F20C01C2F2000109687F
:104DA000322251434DF68362C4F21B32A1FB022131
:104DB00000EB91400290FFE747F21400C4F20000BC
:104DC0000168002049050029009006D5FFE70298F8
:104DD000002818BF01200090FFE70098C00720B10D
:104DE000FFE7029801380290E6E747F21400C4F2A8
:104DF000000000684005002804D5FFE703208DF877
:104E0000130019E008E047F28001C4F200010868CD
:104E100040F480700860FFE709E047F20001C4F247
:104E200000010868022262F34A200860FFE7FFE7FA
:104E300000208DF81300FFE79DF8130005B07047C0
:104E400047F20801C4F20001086840F4804008609D
:104E50007047000080B586B0059000208DF80B00EB
:104E60008DF80A00059880780007002840F1B58089
:104E7000FFE700208DF8090041F25800C4F202005B
:104E80000068C000002813D4FFE7FFE741F2580094
:104E9000C4F20200016841F080510160006800F036
:104EA000805001900198FFE701208DF80900FFE78D
:104EB00047F20001C4F20001086840F48070086005
:104EC000FFF726FE0390FFE747F20000C4F2000060
:104ED0000068C00500280CD4FFE7FFF719FE03990E
:104EE000401A032804D3FFE703208DF80B0000E0ED
:104EF000EAE79DF80B0000285BD1FFE741F2900044
:104F0000C4F20200006800F4407004900498C8B134
:104F1000FFE704980599096C884213D0FFE741F236
:104F20009001C4F20201086820F4407004900868FF
:104F300040F480300860086820F4803008600498ED
:104F40000860FFE79DF81000C007E0B1FFE7FFF73A
:104F5000DFFD0390FFE741F29000C4F20200006819
:104F6000800700280ED4FFE7FFF7D2FD0399401A0F
:104F700041F28931884204D3FFE703208DF80B000A
:104F800000E0E8E7FFE79DF80B0060B9FFE741F2BA
:104F90009001C4F20201086820F44070059A126C76
:104FA0001043086004E09DF80B008DF80A00FFE74D
:104FB00004E09DF80B008DF80A00FFE79DF809005A
:104FC000012809D1FFE741F25801C4F20201086843
:104FD00020F080500860FFE7FFE705980078C007E1
:104FE00060B1FFE741F28801C4F20201086820F0D5
:104FF0000300059A526810430860FFE7059800789F
:10500000800700280CD5FFE741F28801C4F20201B5
:10501000086820F00C00059A926810430860FFE7CA
:1050200005980078400700280CD5FFE741F2880179
:10503000C4F20201086820F03000059AD2681043DB
:105040000860FFE705980078000700280CD5FFE707
:1050500041F28801C4F20201086820F0C000059AFC
:10506000126910430860FFE7059800788006002861
:105070000CD5FFE741F28801C4F20201086820F470
:105080004060059A526910430860FFE70598007870
:10509000400600280CD5FFE741F28801C4F2020166
:1050A000086820F44050059A926910430860FFE7B1
:1050B00005980078000600280CD5FFE741F288012A
:1050C000C4F20201086820F44040059AD2691043F6
:1050D0000860FFE705984078C00760B1FFE741F23C
:1050E0008801C4F20201086820F44030059A126A6F
:1050F00010430860FFE705984078800700280CD52A
:10510000FFE741F28801C4F20201086820F4402060
:10511000059A526A10430860FFE7059840784007F7
:1051200000281BD5FFE741F28801C4F2020108689C
:1051300020F44010059A926A104308600598806A2E
:10514000B0F5801F09D1FFE741F20C01C4F2020162
:10515000086840F480100860FFE7FFE70598407892
:10516000000700281BD5FFE741F28801C4F20201C5
:10517000086820F44000059AD26A10430860059838
:10518000C06AB0F5800F09D1FFE741F20C01C4F20B
:105190000201086840F480100860FFE7FFE7059807
:1051A0004078C00600281BD5FFE741F28801C4F211
:1051B0000201086820F04070059A126B10430860E5
:1051C0000598006BB0F1807F09D1FFE741F20C0137
:1051D000C4F20201086840F480100860FFE7FFE7AE
:1051E00005984078800600281BD5FFE741F288012A
:1051F000C4F20201086820F04060059A526B104327
:1052000008600598406BB0F1006F09D1FFE741F2EB
:105210000C01C4F20201086840F480100860FFE746
:10522000FFE705984078400600281BD5FFE741F2CC
:105230008801C4F20201086820F04060059A926B70
:10524000104308600598806BB0F1006F09D1FFE74B
:1052500041F20C01C4F20201086840F480100860B9
:10526000FFE7FFE705984078000600281BD5FFE719
:1052700041F28801C4F20201086820F04050059A0A
:10528000D26B104308600598C06BB0F1805F09D104
:10529000FFE741F20C01C4F20201086840F48030DB
:1052A0000860FFE7FFE79DF80A0006B080BD000038
:1052B00080B586B00490039100200090049820B936
:1052C000FFE701208DF8170081E1039842F2000109
:1052D000C4F20201096801F00F01884216D9FFE704
:1052E00042F20000C4F20200016821F00F01039AAB
:1052F00011430160006800F00F000399884204D058
:10530000FFE701208DF8170061E1FFE704980078BE
:10531000C007002800F0A380FFE704984068032836
:1053200039D1FFE741F20000C4F2020000688001B9
:10533000002804D4FFE701208DF8170047E103F0AF
:105340004FFC019001984BF20141C0F2C4418842E8
:1053500020D3FFE741F20800C4F20200006810F019
:10536000F00F0AD0FFE7049800788007002810D5D6
:10537000FFE70498806860B9FFE741F20801C4F2D2
:1053800002010868082262F307100860802000907C
:10539000FFE7FFE738E00498406802280ED1FFE7F6
:1053A00041F20000C4F2020000688003002804D427
:1053B000FFE701208DF8170009E10DE041F2000040
:1053C000C4F2020000684005002804D4FFE7012071
:1053D0008DF81700FBE0FFE700F02CF90190019831
:1053E0004BF20141C0F2C44188420CD3FFE741F2C5
:1053F0000801C4F202010868082262F3071008607D
:1054000080200090FFE7FFE741F20801C4F20201AB
:10541000086820F00300049A526810430860FFF700
:1054200077FB0290FFE741F20800C4F20200006837
:1054300000F00C0004994968B0EB810F0ED0FFE733
:10544000FFF766FB0299401A41F28931884204D382
:10545000FFE703208DF81700B9E0E4E7FFE70498C1
:105460000078800700282CD5FFE7049800784007D3
:10547000002809D5FFE741F20801C4F202010868DB
:1054800040F4E0600860FFE7049800780007002817
:105490000BD5FFE741F20801C4F20201086840F4AD
:1054A000E06020F460500860FFE741F20801C4F2B8
:1054B0000201086820F0F000049A92681043086026
:1054C0000DE00098802809D1FFE741F20801C4F2FD
:1054D0000201086820F0F0000860FFE7FFE703988A
:1054E00042F20001C4F20201096801F00F01884292
:1054F00028D2FFE742F20001C4F20201086820F05E
:105500000F00039A10430860FFF702FB0290FFE7C9
:1055100042F20000C4F20200006800F00F0003999C
:1055200088420ED0FFE7FFF7F3FA0299401A41F2E2
:105530008931884204D3FFE703208DF8170046E045
:10554000E6E7FFE704980078400700280CD5FFE75E
:1055500041F20801C4F20201086820F4E060049AF4
:10556000D26810430860FFE704980078000700281D
:105570000DD5FFE741F20801C4F20201086820F4EA
:105580006050049A126940EAC2000860FFE700F028
:1055900051F841F20801C4F202010968C9B20A09CE
:1055A0004CF21C71C0F60001895C01F01F01C8407B
:1055B00040F20C01C2F20001086040F21400C2F295
:1055C00000000068FFF7D0FA8DF81700FFE79DF89C
:1055D000170006B080BD000040F20C00C2F20000CF
:1055E0000068704780B5FFF7F7FF41F20801C4F289
:1055F00002010968C1F302224CF22C71C0F60001CD
:10560000895C01F01F01C84080BD000080B5FFF734
:10561000E3FF41F20801C4F202010968C1F3C222AA
:105620004CF22C71C0F60001895C01F01F01C840EA
:1056300080BD000086B041F20800C4F2020000689C
:1056400000F00C00042806D1FFE742F20040C0F24F
:10565000F400019069E041F20800C4F20200006821
:1056600000F00C00082806D1FFE741F20020C0F24C
:105670007A00019058E041F20800C4F2020000688C
:1056800000F00C000C284BD1FFE741F20C00C4F2F3
:105690000200016801F0030104910068C1B2012019
:1056A00000EB1110029004980090022815D0FFE73B
:1056B0000098032812D1FFE7029941F20020C0F2BE
:1056C0007A00B0FBF1F041F20C01C4F2020109686A
:1056D000C1F306214843059011E0FFE7029942F229
:1056E0000040C0F2F400B0FBF1F041F20C01C4F252
:1056F00002010968C1F3062148430590FFE741F222
:105700000C00C4F20200006800F0C061022000EB4F
:105710001160039005980399B0FBF1F0019002E04D
:1057200000200190FFE7FFE7FFE7019806B0704710
:10573000B0B588B00690069820B9FFE701208DF833
:105740001F00CCE306980078C007002800F09B807B
:10575000FFE741F20800C4F20200006800F00C000C
:10576000049041F20C00C4F20200006800F0030053
:10577000039004980C2804D1FFE70398032804D071
:10578000FFE70498082812D1FFE741F20000C4F2B5
:10579000020000688003002808D5FFE706984068EB
:1057A00020B9FFE701208DF81F0098E36AE0FFE7CA
:1057B00006984068B0F5803F09D1FFE741F200014B
:1057C000C4F20201086840F48030086020E00698C6
:1057D0004068B0F5A02F0DD1FFE741F20001C4F2FF
:1057E0000201086840F480200860086840F48030B6
:1057F00008600CE041F20001C4F20201086820F4E4
:1058000080300860086820F480200860FFE7FFE728
:10581000FFE706984068D0B1FFE7FFF779F90590F8
:10582000FFE741F20000C4F2020000688003002894
:105830000CD4FFE7FFF76CF90599401A652804D3EB
:10584000FFE703208DF81F0049E3EAE719E0FFF7BF
:105850005FF90590FFE741F20000C4F20200006822
:10586000800300280CD5FFE7FFF752F90599401A8D
:10587000652804D3FFE703208DF81F002FE3EAE734
:10588000FFE7FFE7FFE7069800788007002840F170
:105890009F80FFE741F20800C4F20200006800F0B8
:1058A0000C00049041F20C00C4F20200006800F009
:1058B0000300039004980C2804D1FFE70398022802
:1058C00004D0FFE7049804282CD1FFE741F2000040
:1058D000C4F2020000684005002808D5FFE70698DA
:1058E000C06820B9FFE701208DF81F00F7E241F200
:1058F0000401C4F20201086820F0FE40069A126911
:1059000040EA0260086040F21400C2F20000006841
:10591000FFF72AF920B1FFE701208DF81F00DEE232
:10592000FFE754E00698C06870B3FFE741F200015A
:10593000C4F20201086840F480700860FFF7E8F8DC
:105940000590FFE741F20000C4F202000068400544
:1059500000280CD4FFE7FFF7DBF80599401A03286D
:1059600004D3FFE703208DF81F00B8E2EAE741F215
:105970000401C4F20201086820F0FE40069A126990
:1059800040EA0260086021E041F20001C4F2020135
:10599000086820F480700860FFF7BAF80590FFE708
:1059A00041F20000C4F202000068400500280CD556
:1059B000FFE7FFF7ADF80599401A032804D3FFE786
:1059C00003208DF81F008AE2EAE7FFE7FFE7FFE721
:1059D000069800780007002849D5FFE70698406937
:1059E00010B3FFE741F29401C4F20201086840F0ED
:1059F00001000860FFF78CF80590FFE741F2940082
:105A0000C4F202000068800700280CD4FFE7FFF70B
:105A10007FF80599401A032804D3FFE703208DF887
:105A20001F005CE2EAE721E041F29401C4F20201C6
:105A3000086820F001000860FFF76AF80590FFE7AA
:105A400041F29400C4F202000068800700280CD5DF
:105A5000FFE7FFF75DF80599401A032804D3FFE735
:105A600003208DF81F003AE2EAE7FFE7FFE7069818
:105A700000784007002840F1C680FFE700208DF83D
:105A80000B0041F25800C4F202000068C000002878
:105A900013D4FFE7FFE741F25800C4F202000168A7
:105AA00041F080510160006800F080500190019841
:105AB000FFE701208DF80B00FFE747F20000C4F27A
:105AC00000000068C005002822D4FFE747F200016B
:105AD000C4F20001086840F480700860FFF718F80D
:105AE0000590FFE747F20000C4F200000068C0051F
:105AF00000280CD4FFE7FFF70BF80599401A03289C
:105B000004D3FFE703208DF81F00E8E1EAE7FFE791
:105B1000FFE706988068012809D1FFE741F290016C
:105B2000C4F20201086840F0010008601FE0069816
:105B3000806805280DD1FFE741F29001C4F202010F
:105B4000086840F004000860086840F00100086040
:105B50000CE041F29001C4F20201086820F001005B
:105B60000860086820F004000860FFE7FFE7FFE72F
:105B700006988068E0B1FFE7FEF7CAFF0590FFE7EF
:105B800041F29000C4F202000068800700280ED4A1
:105B9000FFE7FEF7BDFF0599401A41F289318842BF
:105BA00004D3FFE703208DF81F0098E1E8E71BE02E
:105BB000FEF7AEFF0590FFE741F29000C4F202004D
:105BC0000068800700280ED5FFE7FEF7A1FF0599C2
:105BD000401A41F28931884204D3FFE703208DF84F
:105BE0001F007CE1E8E7FFE79DF80B00012809D1E1
:105BF000FFE741F25801C4F20201086820F080502A
:105C00000860FFE7FFE7069800788006002849D57E
:105C1000FFE70698806910B3FFE741F29801C4F2EC
:105C20000201086840F001000860FEF771FF05906E
:105C3000FFE741F29800C4F20200006880070028E4
:105C40000CD4FFE7FEF764FF0599401A032804D33C
:105C5000FFE703208DF81F0041E1EAE721E041F270
:105C60009801C4F20201086820F001000860FEF704
:105C70004FFF0590FFE741F29800C4F20200006870
:105C8000800700280CD5FFE7FEF742FF0599401A70
:105C9000032804D3FFE703208DF81F001FE1EAE784
:105CA000FFE7FFE70698C069002800F01481FFE7CE
:105CB00041F20800C4F20200006800F00C000C2859
:105CC00000F0B080FFE70698C06902287CD1FFE7AA
:105CD00041F20001C4F20201086820F080700860FF
:105CE000FEF716FF0590FFE741F20000C4F2020044
:105CF0000068800100280CD5FFE7FEF709FF059931
:105D0000401A032804D3FFE703208DF81F00E6E0C4
:105D1000EAE741F20C01C4F20201086848F20C0201
:105D2000C0F29F121040DDF818C0DCF82020DCF82B
:105D30002450DCF828E0DCF82C306FF00F0404EB82
:105D40000514224342EA0E22DCF8304040F2000EF5
:105D5000CFF6E07E0EEA045EAEF5001E42EA0E02C9
:105D6000DCF834E04FF07E4C0CEA0E6C0CF17E4C0B
:105D700042EA0C0242EAC3621043086041F20002A8
:105D8000C4F20202106840F080701060086840F0B1
:105D900080700860FEF7BCFE0590FFE741F200004E
:105DA000C4F202000068800100280CD4FFE7FEF76F
:105DB000AFFE0599401A032804D3FFE703208DF8AE
:105DC0001F008CE0EAE72CE041F20001C4F202017E
:105DD000086820F080700860FEF79AFE0590FFE7E3
:105DE00041F20000C4F202000068800100280CD5D6
:105DF000FFE7FEF78DFE0599401A032804D3FFE75D
:105E000003208DF81F006AE0EAE741F20C01C4F2BA
:105E1000020108684FF6FC72CFF6EE62104008608F
:105E2000FFE757E00698C069012804D1FFE7012089
:105E30008DF81F0053E041F20C00C4F2020000682C
:105E40000390039800F003000699096A88423BD149
:105E5000FFE7039800F0F00006994A6A6FF00F011F
:105E600001EB021188422FD1FFE7039800F4FE40B6
:105E70000699896AB0EB012F26D1FFE7039800F05D
:105E800078400699C96AB0EBC16F1DD1FFE703984E
:105E900000F4C00006990A6B0021CFF6E07101EA18
:105EA0000251A1F5001188420ED1FFE7039800F0DE
:105EB000C06006994A6B4FF07E4101EA026101F130
:105EC0007E41884204D0FFE701208DF81F0006E0E4
:105ED000FFE7FFE7FFE700208DF81F00FFE79DF8D1
:105EE0001F0008B0B0BD000080B582B001900198DD
:105EF00002F0C6FE02B080BD81B0009001B07047D4
:105F000081B0009001B0704781B0009001B070473F
:105F100084B00290019100200090FFE7029890F871
:105F20003C00012804D1FFE702208DF80F0083E038
:105F30000299012081F83C00FFE7FFE7009820F07C
:105F4000FF000199C96808430090009820F4407050
:105F50000199896808430090009820F480600199B5
:105F6000496808430090009820F40060019909688E
:105F700008430090009820F4805001990969084373
:105F80000090009820F4005001994969084300905E
:105F9000009820F480400199096B08430090009814
:105FA00020F470200199896940EA0140009000982E
:105FB00020F080500199C969084300900298006858
:105FC00042F60041C4F20101884209D0FFE702987D
:105FD000006843F20041C4F2010188421ED1FFE78C
:105FE000009820F470000199896A40EA01500090FD
:105FF000009820F080700199096A08430090009889
:1060000020F000700199496A08430090009820F040
:1060100000500199C96A08430090FFE7009802996F
:1060200009684864FFE70299002081F83C00FFE717
:1060300000208DF80F00FFE79DF80F0004B07047B7
:1060400081B0009001B0704781B0009001B07047FE
:1060500081B0009001B0704785B003900291FFE7D6
:10606000039890F83C00012804D1FFE702208DF846
:1060700013008CE00399012081F83C00FFE7FFE763
:106080000399022081F83D00039800684068019060
:1060900003980068806800900398006842F6004109
:1060A000C4F20101884209D0FFE70398006843F277
:1060B0000041C4F2010188420AD1FFE7019820F4AF
:1060C0007000019002984168019808430190FFE731
:1060D00001984FF68F71CFF6FF510840019002985A
:1060E0000168019808430190019803990968486084
:1060F0000398006842F60041C4F2010188422AD0A8
:10610000FFE703980068B0F1804F24D0FFE70398C1
:10611000006840F20041C4F2000188421BD0FFE752
:106120000398006840F60001C4F20001884212D0D2
:10613000FFE70398006843F20041C4F2010188427E
:1061400009D0FFE70398006844F20001C4F201019E
:1061500088420ED1FFE7009820F08000009002985E
:106160008168009808430090009803990968886046
:10617000FFE70399012081F83D00FFE70399002024
:1061800081F83C00FFE700208DF81300FFE79DF841
:10619000130005B07047000080B58AB008900791E1
:1061A000079828B9FFE7089890F8440005901CE08C
:1061B0000798042805D1FFE7089890F84500049057
:1061C00010E00798082805D1FFE7089890F84600E6
:1061D000039004E0089890F847000390FFE70398C5
:1061E0000490FFE704980590FFE70598012804D084
:1061F000FFE701208DF8270089E0079828B9FFE71D
:106200000899022081F844001EE00798042806D16E
:10621000FFE70899022081F84500029012E00798F4
:10622000082806D1FFE70899022081F8460001906E
:1062300005E00899022081F847000190FFE70198E6
:106240000290FFE70298FFE7089800680799042288
:1062500002F07AFE08980168486C40F400404864F7
:106260000898006842F60041C4F2010188422AD031
:10627000FFE708980068B0F1804F24D0FFE7089846
:10628000006840F20041C4F2000188421BD0FFE7E1
:106290000898006840F60001C4F20001884212D05C
:1062A000FFE70898006843F20041C4F20101884208
:1062B00009D0FFE70898006844F20001C4F2010128
:1062C000884219D1FFE70898006880680721C0F26A
:1062D000010108400690069806280CD0FFE70698B2
:1062E000B0F5803F07D0FFE708980168086840F0E4
:1062F00001000860FFE706E008980168086840F0C0
:1063000001000860FFE700208DF82700FFE79DF8F7
:1063100027000AB080BD000081B0009001B0704736
:1063200080B582B00090009820B9FFE701208DF879
:10633000070045E0009890F83D0040B9FFE700995C
:10634000002081F83C00009800F03EF8FFE700993B
:10635000022081F83D00009951F8040B02F00CFD79
:106360000099012081F84800FFE70099012081F899
:106370003E00009981F83F00009981F840000099A3
:1063800081F84100009981F84200009981F84300AA
:10639000FFE7FFE70099012081F84400009981F8A8
:1063A0004500009981F84600009981F84700FFE711
:1063B0000099012081F83D0000208DF80700FFE7DB
:1063C0009DF8070002B080BD80B584B003900398AB
:1063D000006842F60041C4F20101884210D1FFE793
:1063E000FFE741F26000C4F20200016841F400617D
:1063F0000160006800F4006002900298FFE71FE06F
:1064000003980068B0F1804F19D1FFE7FFE741F230
:106410005800C4F20200016841F001010160006807
:1064200000F0010001900198FFE71C20009000227D
:106430001146FEF70BFC0098FEF7FEFBFFE7FFE7B7
:1064400004B080BD83B00190019890F83D00012810
:1064500004D0FFE701208DF80B005AE001990220DB
:1064600081F83D000198006842F60041C4F2010144
:1064700088422AD0FFE701980068B0F1804F24D00D
:10648000FFE70198006840F20041C4F20001884231
:106490001BD0FFE70198006840F60001C4F200013C
:1064A000884212D0FFE70198006843F20041C4F22D
:1064B0000101884209D0FFE70198006844F2000119
:1064C000C4F20101884219D1FFE701980068806891
:1064D0000721C0F2010108400090009806280CD066
:1064E000FFE70098B0F5803F07D0FFE7019801680B
:1064F000086840F001000860FFE706E001980168C5
:10650000086840F001000860FFE700208DF80B00EC
:10651000FFE79DF80B0003B07047000080B586B020
:106520000490039100208DF80B00FFE7049890F889
:106530003C00012804D1FFE702208DF81700D3E0CA
:106540000499012081F83C00FFE7FFE7049902204D
:1065500081F83D00049800688068019001984FF62A
:106560008871CFF6CE7108400190019820F47F40E9
:106570000190019804990968886003980068009068
:10658000002800F09780FFE70098102800F0928024
:10659000FFE70098202800F08D80FFE70098302862
:1065A00000F08880FFE70098402876D0FFE7009849
:1065B000502858D0FFE70098602861D0FFE7009886
:1065C00070282CD0FFE70098B0F5805F26D0FFE759
:1065D0000098B0F5005F37D0FFE70098B0F1101FCA
:1065E00068D0FFE700982021C0F21001884261D0F6
:1065F000FFE700983021C0F2100188425AD0FFE72F
:1066000000984021C0F21001884253D0FFE7009863
:106610007021C0F2100188424CD052E055E004983D
:106620000068039B5A689968DB6802F0A9FC04982B
:10663000006880680190019840F07700019001980F
:1066400004990968886040E004980068039B5A68D0
:106650009968DB6802F094FC04980168886840F44B
:106660008040886031E004980068039A5168D268DD
:1066700003F05EF804980068502102F09BFC24E0CF
:1066800004980068039A5168D26803F079F8049876
:106690000068602102F08EFC17E004980068039AFD
:1066A0005168D26803F044F804980068402102F071
:1066B00081FC0AE0049800680399096802F07AFCFA
:1066C00003E001208DF80B00FFE70499012081F819
:1066D0003D00FFE70499002081F83C00FFE79DF8AA
:1066E0000B008DF81700FFE79DF8170006B080BD7E
:1066F00081B0009001B0704780B584B003900398DA
:106700000068C068029003980068006901909DF8D5
:1067100004008007002824D5FFE79DF808008007C3
:1067200000281DD5FFE7039801686FF0020008619B
:10673000039901200877039800688069800720B1D9
:10674000FFE70398FFF7D4FF06E0039800F0BCF9D9
:10675000039800F0EDFAFFE7039900200877FFE7C0
:10676000FFE79DF804004007002825D5FFE79DF8C6
:106770000800400700281ED5FFE7039801686FF066
:106780000400086103990220087703980068806973
:1067900010F4407F04D0FFE70398FFF7A9FF06E05D
:1067A000039800F091F9039800F0C2FAFFE703990B
:1067B00000200877FFE7FFE79DF8040000070028A6
:1067C00024D5FFE79DF80800000700281DD5FFE746
:1067D000039801686FF008000861039904200877A6
:1067E00003980068C069800720B1FFE70398FFF7AE
:1067F0007FFF06E0039800F067F9039800F098FA2D
:10680000FFE7039900200877FFE7FFE79DF8040002
:10681000C006002825D5FFE79DF80800C00600281F
:106820001ED5FFE7039801686FF010000861039917
:106830000820087703980068C06910F4407F04D0EE
:10684000FFE70398FFF754FF06E0039800F03CF9D8
:10685000039800F06DFAFFE7039900200877FFE73F
:10686000FFE79DF80400C00778B1FFE79DF8080036
:10687000C00748B1FFE7039801686FF001000861A5
:10688000039800F089FBFFE7FFE7019800F0800024
:10689000802806D0FFE79DF805008006002810D567
:1068A000FFE79DF808000006002809D5FFE70398D8
:1068B00001686FF4025008610398FFF721FBFFE7BE
:1068C000FFE79DF80500C00780B1FFE79DF80800CD
:1068D0000006002809D5FFE7039801686FF480706F
:1068E00008610398FFF708FBFFE7FFE79DF8040046
:1068F0004006002810D5FFE79DF808004006002854
:1069000009D5FFE7039801686FF04000086103981C
:1069100000F046FBFFE7FFE79DF804008006002833
:1069200010D5FFE79DF808008006002809D5FFE78D
:10693000039801686FF0200008610398FFF7E4FAFC
:10694000FFE7FFE79DF80600C006002810D5FFE727
:106950009DF80A00C006002809D5FFE703980168E2
:106960006FF4801008610398FFF76EFBFFE7FFE705
:106970009DF806008006002810D5FFE79DF80A0064
:106980008006002809D5FFE7039801686FF400101E
:1069900008610398FFF754FBFFE7FFE79DF8060047
:1069A0004006002810D5FFE79DF80A0040060028A1
:1069B00009D5FFE7039801686FF480000861039828
:1069C000FFF746FBFFE7FFE79DF8060000060028FB
:1069D00010D5FFE79DF80A000006002809D5FFE75B
:1069E000039801686FF4000008610398FFF794FCB6
:1069F000FFE7FFE704B080BD80B58EB00D900020AA
:106A00000C900B900A90099008900D98006842F63F
:106A10000041C4F20101884254D1FFE7FFE741F28F
:106A20004C00C4F20200016841F0020101600068FC
:106A300000F0020007900798FFE7FFE741F24C00E3
:106A4000C4F20200016841F001010160006800F039
:106A5000010006900698FFE74FF4C040089002201E
:106A600002900990002003900A900B900620049059
:106A70000C9040F20040C4F60000019008A9059176
:106A8000FDF764FE0198029B039A05994FF4004CB0
:106A9000CDF820C009930A920B9204220C92FDF7C4
:106AA00055FE029B039A049805994FF4E06CCDF8CB
:106AB00020C009930A920B920C904FF09040FDF782
:106AC00045FEFFE70EB080BD81B0009001B0704779
:106AD00080B586B004900391029200208DF80700E3
:106AE000FFE7049890F83C00012804D1FFE702205A
:106AF0008DF81700C0E00499012081F83C00FFE701
:106B0000FFE702980090142800F2A7800099DFE8C0
:106B100001F00BA4A4A424A4A4A43EA4A4A457A458
:106B2000A4A471A4A4A48A0004980068039902F0A4
:106B300059FA04980168886940F00800886104984F
:106B40000168886920F0040088610398026904984C
:106B5000016888691043886183E00498006803999C
:106B600002F0EAFA04980168886940F400608861DC
:106B700004980168886920F480608861039802693C
:106B800004980168886940EA0220886169E00498F5
:106B90000068039902F088FB04980168C86940F016
:106BA0000800C86104980168C86920F00400C86141
:106BB0000398026904980168C8691043C86150E0ED
:106BC00004980068039902F027FC04980168C869DA
:106BD00040F40060C86104980168C86920F48060CE
:106BE000C8610398026904980168C86940EA0220F4
:106BF000C86136E004980068039902F0C5FC049867
:106C00000168086D40F00800086504980168086D87
:106C100020F0040008650398026904980168086D73
:106C2000104308651DE004980068039902F016FD02
:106C300004980168086D40F40060086504980168D4
:106C4000086D20F480600865039802690498016863
:106C5000086D40EA0220086503E001208DF8070076
:106C6000FFE7FFE70499002081F83C00FFE79DF86B
:106C700007008DF81700FFE79DF8170006B080BDEC
:106C800080B582B00090009820B9FFE701208DF810
:106C9000070045E0009890F83D0040B9FFE70099F3
:106CA000002081F83C00009800F03EF8FFE70099D2
:106CB000022081F83D00009951F8040B02F05CF8C5
:106CC0000099012081F84800FFE70099012081F830
:106CD0003E00009981F83F00009981F8400000993A
:106CE00081F84100009981F84200009981F8430041
:106CF000FFE7FFE70099012081F84400009981F83F
:106D00004500009981F84600009981F84700FFE7A7
:106D10000099012081F83D0000208DF80700FFE771
:106D20009DF8070002B080BD81B0009001B07047AF
:106D300081B0009001B0704780B590B00E900D9179
:106D40000D9828B9FFE70E9890F83E000B9034E0BC
:106D50000D98042805D1FFE70E9890F83F000A909F
:106D600028E00D98082805D1FFE70E9890F840001C
:106D700009901CE00D980C2805D1FFE70E9890F8BB
:106D80004100089010E00D98102805D1FFE70E98FB
:106D900090F84200079004E00E9890F843000790A6
:106DA000FFE707980890FFE708980990FFE7099820
:106DB0000A90FFE70A980B90FFE70B98012804D090
:106DC000FFE701208DF83F00E1E00D9828B9FFE7CB
:106DD0000E99022081F83E0038E00D98042806D173
:106DE000FFE70E99022081F83F0006902CE00D98F5
:106DF000082806D1FFE70E99022081F8400005908F
:106E00001FE00D980C2806D1FFE70E99022081F8AB
:106E10004100049012E00D98102806D1FFE70E996A
:106E2000022081F84200039005E00E99022081F8CB
:106E300043000390FFE703980490FFE70498059050
:106E4000FFE705980690FFE70698FFE70E980068B1
:106E50000D990122019202F05BF801980E990968E0
:106E600042F60042C4F20102914202902DD0FFE7A7
:106E70000E980168012043F20042C4F201029142DF
:106E8000029022D0FFE70E980168012044F2000230
:106E9000C4F201029142029017D0FFE70E980168F8
:106EA000012044F20042C4F20102914202900CD04F
:106EB000FFE70E9800684BF60001CBF6FE71084420
:106EC000B0FA80F040090290FFE70298C00738B19D
:106ED000FFE70E980168486C40F400404864FFE703
:106EE0000E98006842F60041C4F2010188422AD09F
:106EF000FFE70E980068B0F1804F24D0FFE70E98AE
:106F0000006840F20041C4F2000188421BD0FFE754
:106F10000E98006840F60001C4F20001884212D0C9
:106F2000FFE70E98006843F20041C4F20101884275
:106F300009D0FFE70E98006844F20001C4F2010195
:106F4000884219D1FFE70E98006880680721C0F2D7
:106F5000010108400C900C9806280CD0FFE70C9813
:106F6000B0F5803F07D0FFE70E980168086840F051
:106F700001000860FFE706E00E980168086840F02D
:106F800001000860FFE700208DF83F00FFE79DF853
:106F90003F0010B080BD000081B0009001B070478C
:106FA00081B0009001B0704783B00190FFE7019875
:106FB00090F88400012804D1FFE702208DF80B002F
:106FC0002CE00199012081F88400FFE7FFE7019997
:106FD0002420C1F88800019800680068009001989A
:106FE0000168086820F001000860009820F0005057
:106FF000009001990020486600980199096808608E
:1070000001992020C1F88800FFE70199002081F84C
:107010008400FFE700208DF80B00FFE79DF80B00D0
:1070200003B0704782B00190ADF8021002B0704713
:1070300081B0009001B0704780B584B0029001919A
:10704000FFE7029890F88400012804D1FFE70220AE
:107050008DF80F0032E00299012081F88400FFE7EB
:10706000FFE702992420C1F88800029800680068B0
:10707000009002980168086820F0010008600298FA
:107080000068806820F060600199084302990968EF
:107090008860029802F09EFB0098029909680860D7
:1070A00002992020C1F88800FFE70299002081F8AA
:1070B0008400FFE700208DF80F00FFE79DF80F0028
:1070C00004B080BD80B584B002900191FFE70298C2
:1070D00090F88400012804D1FFE702208DF80F000A
:1070E00032E00299012081F88400FFE7FFE702996E
:1070F0002420C1F888000298006800680090029877
:107100000168086820F00100086002980068806843
:1071100020F060400199084302990968886002984C
:1071200002F058FB00980299096808600299202033
:10713000C1F88800FFE70299002081F88400FFE78A
:1071400000208DF80F00FFE79DF80F0004B080BD10
:1071500081B0009001B0704781B0009001B07047DD
:1071600081B0009001B0704780B590B00F900F983B
:107170000068C0690E900F98006800680D900F9825
:10718000006880680C900E9840F60F0108400B9044
:107190000B98E0B9FFE79DF838008006002815D568
:1071A000FFE79DF834008006002806D4FFE79DF82D
:1071B0003300C006002809D5FFE70F98406F20B1C3
:1071C000FFE70F98416F8847FFE796E2FFE70B98CC
:1071D000002800F00C81FFE70C980121C1F20001AA
:1071E000084209D1FFE70D9840F22011C0F200419A
:1071F000084200F0FC80FFE79DF83800C00788B126
:10720000FFE79DF83500C00760B1FFE70F98016800
:10721000012008620F99D1F8900040F00100C1F8F8
:107220009000FFE79DF838008007002811D5FFE7A0
:107230009DF83000C00760B1FFE70F980168022099
:1072400008620F99D1F8900040F00400C1F8900056
:10725000FFE79DF838004007002811D5FFE79DF8AB
:107260003000C00760B1FFE70F9801680420086292
:107270000F99D1F8900040F00200C1F89000FFE7AC
:107280009DF838000007002819D5FFE79DF8340065
:107290008006002807D4FFE70C980121C1F2000105
:1072A00008420CD0FFE70F980168082008620F9988
:1072B000D1F8900040F00800C1F89000FFE79DF879
:1072C00039000007002813D5FFE79DF83700400775
:1072D00000280DD5FFE70F9801684FF400600862A1
:1072E0000F99D1F8900040F02000C1F89000FFE71E
:1072F0000F98D0F89000002878D0FFE79DF838006C
:107300008006002815D5FFE79DF834008006002888
:1073100006D4FFE79DF83300C006002809D5FFE733
:107320000F98406F20B1FFE70F98416F8847FFE744
:10733000FFE70F98D0F890000A900F9800688068D7
:1073400000F04000402806D0FFE79DF8280010F02C
:10735000280F42D0FFE70F9802F0D8FB0F98006883
:1073600080684006002833D5FFE7FFE7FFE70F9866
:10737000006850E8020F20F040000990FFE70999EB
:107380000F98026842E802100028F0D1FFE7FFE7FB
:107390000F98D0F88000B0B1FFE70F98D0F88010B8
:1073A00049F6ED20C0F6000088630F98D0F8800001
:1073B000FCF796FC30B1FFE70F98D0F88000816BA6
:1073C0008847FFE703E00F98FFF7CAFEFFE703E0F7
:1073D0000F98FFF7C5FEFFE707E00F98FFF7C0FE25
:1073E0000F990020C1F89000FFE7FFE785E10F98B3
:1073F000C06E012840F02281FFE79DF83800C006EA
:10740000002840F11B81FFE79DF83400C0060028EA
:1074100040F11481FFE70F980168102008620F986F
:10742000006880684006002840F1A680FFE70F98BA
:10743000D0F8800000684068ADF82200BDF8220056
:1074400000287CD0FFE7BDF822000F99B1F85C104E
:10745000884274DAFFE7BDF822000F99A1F85E00B8
:107460000F98D0F88000006800688006002859D482
:10747000FFE7FFE7FFE70F98006850E8000F20F4F0
:1074800080700790FFE707990F98026842E80010A4
:107490000028F0D1FFE7FFE7FFE7FFE70F9800685C
:1074A00050E8020F20F001000690FFE706990F98C0
:1074B000026842E802100028F0D1FFE7FFE7FFE78B
:1074C000FFE70F98006850E8020F20F04000059099
:1074D000FFE705990F98026842E802100028F0D1F2
:1074E000FFE7FFE70F992020C1F88C000F990020DB
:1074F000C866FFE7FFE70F98006850E8000F20F02C
:1075000010000490FFE704990F98026842E8001009
:107510000028F0D1FFE7FFE70F98D0F88000FCF7D4
:1075200091FBFFE70F99022008670F98B0F85C10F5
:10753000B0F85E20891A89B2FFF774FD1BE0BDF830
:1075400022000F99B1F85C10884213D1FFE70F9821
:10755000D0F88000006800688006002809D5FFE7A1
:107560000F99022008670F98B0F85C10FFF75AFDDA
:10757000FFE7FFE7FFE7C0E00F99B1F85C00B1F863
:107580005E10401AADF80E000F98B0F85E000028AB
:1075900053D0FFE7BDF80E0000284ED0FFE7FFE70D
:1075A000FFE70F98006850E8000F20F490700290F9
:1075B000FFE702990F98026842E800100028F0D116
:1075C000FFE7FFE7FFE7FFE70F98006850E8020FCB
:1075D0004FF6FE71CEF6FF7108400190FFE701996A
:1075E0000F98026842E802100028EDD1FFE7FFE79C
:1075F0000F992020C1F88C000F990020C8660F99C0
:107600004867FFE7FFE70F98006850E8000F20F099
:1076100010000090FFE700990F98026842E8001000
:107620000028F0D1FFE7FFE70F99022008670F98C5
:10763000BDF80E10FFF7F6FCFFE75EE09DF83A009C
:10764000C00600280FD5FFE79DF83200400600284D
:1076500009D5FFE70F9801684FF4801008620F9872
:10766000FFF77AFD49E09DF838000006002815D59F
:10767000FFE79DF834000006002806D4FFE79DF8D8
:1076800032000006002809D5FFE70F98806F20B16F
:10769000FFE70F98816F8847FFE72EE09DF83800DD
:1076A000400600280AD5FFE79DF834004006002870
:1076B00004D5FFE70F9802F079FA1EE09DF83A0032
:1076C000000600280AD5FFE79DF83700400600288D
:1076D00004D5FFE70F98FFF73BFD0EE09DF83B0058
:1076E000C00750B1FFE79DF837000006002804D519
:1076F000FFE70F98FFF79CFCFFE710B080BD00008C
:1077000080B582B00090009820B9FFE701208DF885
:10771000070046E00098806908B1FFE700E0FFE756
:107720000098D0F8880040B9FFE70099002081F860
:107730008400009800F03AF8FFE700992420C1F88F
:10774000880000980168086820F00100086000982F
:10775000806A20B1FFE7009802F080F8FFE7009808
:1077600002F046FA012804D1FFE701208DF8070056
:1077700017E000980168486820F49040486000983D
:107780000168886820F02A0088600098016808680D
:1077900040F001000860009802F004F98DF807003D
:1077A000FFE79DF8070002B080BD000080B5A0B0E3
:1077B0001F9000201E901D901C901B901A9009A8ED
:1077C0004421F8F75BFE1F98006843F60001C4F2FD
:1077D000010188423BD1FFE70120099000200A9077
:1077E00009A8FDF737FB18B1FFE7FAF78FFCFFE7B1
:1077F000FFE741F26000C4F20200016841F48041F9
:107800000160006800F4804008900898FFE7FFE7F7
:1078100041F24C00C4F20200016841F00401016031
:10782000006800F0040007900798FFE730201A90E6
:1078300002201B9000201C901D9007201E9040F6F7
:107840000000C4F600001AA9FCF780FF9CE01F9816
:10785000006844F60001C4F20001884240F09380C1
:10786000FFE70420099000200C9009A8FDF7F2FA28
:1078700018B1FFE7FAF74AFCFFE7FFE741F25800CB
:10788000C4F20200016841F480210160006800F444
:10789000802006900698FFE7FFE741F24C00C4F213
:1078A0000200016841F004010160006800F004007A
:1078B00005900598FFE74FF440601A9002201B9056
:1078C000002003901C901D9007201E9040F60000A1
:1078D000C4F600001AA9FCF739FF039940F26420AE
:1078E000C2F2000004903022C4F2020202601C22A4
:1078F00042608160C1608022026141618161C16139
:107900000162FCF7FBFA18B1FFE7FAF7FFFBFFE7AC
:10791000FFE71F9840F26421C2F20001C0F8801016
:107920001F988862FFE740F2C420C2F20000029074
:107930004421C4F2020101601D21416010218160D7
:107940000021C1608022026141618161C1610162E7
:10795000FCF7D4FA18B1FFE7FAF7D8FBFFE7FFE727
:107960001F9840F2C421C2F20001C1671F988862CB
:10797000FFE72720019001210022FDF767F9019818
:10798000FDF75AF9FFE7FFE720B080BD80B58AB068
:1079900008900791ADF81A2005930898D0F8880050
:1079A000202840F08780FFE7079820B1FFE7BDF867
:1079B0001A0020B9FFE701208DF827007EE0089922
:1079C0000020C1F8900008992120C1F88800FDF737
:1079D0009FF80290BDF81A000899A1F85400BDF86C
:1079E0001A000899A1F8560008988068B0F5805FE1
:1079F00009D1FFE70898006928B9FFE70020049043
:107A00000798039004E00798049000200390FFE794
:107A1000FFE70898B0F8560088B3FFE70898029B84
:107A200005996A4611608021002202F099FB40B15D
:107A3000FFE708992020C1F8880003208DF827006F
:107A40003CE0049858B9FFE7039800886FF35F2083
:107A500008990968886203980230039008E0049846
:107A60000078089909688862049801300490FFE75B
:107A70000899B1F856000138A1F85600C9E70898EE
:107A8000029B05996A4611604021002202F068FBC2
:107A900040B1FFE708992020C1F8880003208DF845
:107AA00027000BE008992020C1F8880000208DF8FD
:107AB000270003E002208DF82700FFE79DF827004C
:107AC0000AB080BD81B0009001B07047FFE7FEE7CB
:107AD00081B00090009988684FF6C072C5F6FF72B9
:107AE0001040886001B0704781B0009000988068B5
:107AF0004FF6C071C7F6FF710840013000998860E9
:107B000001B0704781B000900098806840F08050CC
:107B10004FF6C071C7F6FF7108400099886001B048
:107B20007047000081B000900098806800F0E0701D
:107B300001B0704781B000900098806800F0E0705C
:107B400001B0704781B000900098806800F46040F8
:107B500001B0704781B000900098806800F01F006D
:107B600001B0704781B000900098806800F01F005D
:107B700001B0704783B0029001910298019900EB27
:107B80008100603000900098006800F0F84003B079
:107B90007047000081B000900098C06800F000704D
:107BA00001B0704781B0009000988068C0F3C000B9
:107BB00001B0704781B0009000988068C0F3C000A9
:107BC00001B0704781B000900098C06C00F4C070A4
:107BD000B0FA80F0400901B07047000081B0009019
:107BE000009880684FF6C071C7F6FF7108400830F2
:107BF0000099886001B0704781B00090009880685B
:107C0000C0F3407001B0704781B000900098806868
:107C100000F0010001B0704781B0009000988068CA
:107C200000F0010001B0704781B0009000988068BA
:107C3000C0F3007001B0704781B000900098806878
:107C4000C0F3800001B0704781B000900098806858
:107C5000C0F3800001B0704781B000900098C06808
:107C600000F44060B0FA80F0400901B070470000B5
:107C700084B00390029101920398029901F000717F
:107C800000EBD15014300090009800680299C1F3C5
:107C9000045207219140884301999140084300997B
:107CA000086004B07047000083B002900191009218
:107CB0000298D0F8B00001996FF3DF418843009A31
:107CC00002F018034FF6FF72C0F20702DA401140CB
:107CD00008430299C1F8B00003B0704782B0019028
:107CE00000910198806820F47C1000990843019964
:107CF000886002B07047000082B001900091019846
:107D0000806820F0E070009908430199886002B013
:107D10007047000085B0049003910292019304988B
:107D2000039900EB810060300090009800684FF2EA
:107D30000001C0F2FF310140029800F0F840019AC2
:107D40001043084340F000400099086005B07047B8
:107D500084B00390029101920398029900EB810094
:107D6000603000900098006820F00070019908438E
:107D70000099086004B0704784B0039002910192AA
:107D80000398029900EB8100603000900098006831
:107D900020F08070019908430099086004B0704792
:107DA00084B00390029101920398029900EB810044
:107DB000603000900098006820F00040019908436E
:107DC0000099086004B0704782B00190009101985A
:107DD000406920F00040009908430199486102B0D1
:107DE0007047000082B001908DF803109DF80300E9
:107DF000012813D1FFE7019890ED021A90ED032AB4
:107E000090ED040A32EE402A21EE021A30EE010A09
:107E100080ED050A01994869086107E00199002091
:107E20004861019908610199C860FFE702B0704795
:107E300083B002908DED010ACDED000A9DED010A9F
:107E40009FED101A20EE010A029880ED010A0098B9
:107E500002990860029890ED001A90ED010A20EE58
:107E6000010AB7EE001A30EE011A80EE010A80ED29
:107E7000020A029900200861029948610299C860CB
:107E800003B07047DB0FC94080B588B007908DED17
:107E9000060ACDED050A8DED041ACDED031A8DED20
:107EA000022ACDED012A069807994863059807999B
:107EB000886301980799C863079840309DED040ACC
:107EC000DDED030A9FED111ADFED111A00F06EFED1
:107ED00007986C309DED020ADDED010AFFF7A8FF5F
:107EE00007990020087007994860079988600799EA
:107EF000C860079908610799C861079908620799DE
:107F000048620799886208B080BD00BF0000000089
:107F10000000807F0000000080B588B007900798BF
:107F20000078B8B1FFE7079890ED010A90ED071AC5
:107F300030EE410A40F2C410C2F2000080ED000AA7
:107F4000079991ED020A91ED081A30EE410A80ED91
:107F5000010A07E040F2C411C2F2000100200860EB
:107F60004860FFE70798C06B04F0BAFA41EC100BC9
:107F70009FEDE11B53EC112B51EC100B04F0C4F8F6
:107F800041EC100B51EC100B9FEDDD0B53EC102B63
:107F90000693059203F05EFF41EC100B51EC100BC1
:107FA0009FEDD90B53EC102B03F0ACFE41EC100B02
:107FB00051EC100B03F074FE40F29C11C2F2000170
:107FC00008600798C06B04F08BFA059A069B41EC99
:107FD000100B51EC100B03F03DFF41EC100B51EC7A
:107FE000100B03F05DFE40F2A011C2F20001086028
:107FF00007980078002800F09A80FFE740F29C1173
:10800000C2F2000191ED000A079890ED012A90ED6F
:10801000034A90ED093A90ED0D1A20EE020A40F263
:10802000A012C2F2000292ED002A22EE044A30EEC3
:10803000440A22EE032A30EE020A90ED0F2A21EEC6
:10804000021A40F2C410C2F2000090ED002A21EEA4
:10805000021A30EE010A40F2BC13C2F2000383EDB3
:10806000000A91ED000A079991ED022A91ED044A68
:1080700091ED0A3A91ED0D1A20EE020A92ED002AD6
:1080800022EE044A30EE440A22EE032A30EE020ABF
:1080900091ED0F2A21EE021A90ED012A21EE021A2B
:1080A00030EE010A40F2C011C2F2000181ED000A77
:1080B000079991ED0F2A91ED030A91ED044A91ED94
:1080C000063A91ED0E1A23EE023A23EE043A30EE10
:1080D000430A21EE021A90ED002A21EE021A30EE38
:1080E000010A40F2A811C2F2000181ED000A0799CD
:1080F00091ED0F2A91ED034A91ED040A91ED063AB4
:1081000091ED0E1A23EE023A23EE043A30EE030A02
:1081100021EE021A90ED012A21EE021A30EE010A38
:1081200040F2B010C2F2000080ED000A15E040F20B
:10813000BC11C2F200010020086040F2C011C2F27E
:108140000001086040F2A811C2F20001086040F28C
:10815000B011C2F200010860FFE740F2BC10C2F2A9
:10816000000000680799486040F2C010C2F20000A9
:1081700000680799886040F2A810C2F20000006809
:108180000799C86040F2B010C2F200000068079979
:108190000861079890ED030A90ED041A20EE000A9A
:1081A00021EE011A30EE010A10EE100A04F098F9DF
:1081B00041EC100B51EC100B9FED550B53EC102BB9
:1081C00003F0A0FD41EC100B51EC100B03F068FD27
:1081D00000EE100A03F056FC40F2B411C2F20001A6
:1081E00081ED000A079890ED030A91ED001A80EEE8
:1081F000010A40F2A410C2F2000080ED000A079AC2
:1082000092ED040A91ED001A80EE010A40F2AC11E1
:10821000C2F20001019181ED000A90ED000A8DED9E
:10822000020A079890ED050A03F0BCFA0198B0EE37
:10823000401A9DED020A20EE010A8DED040A90ED30
:10824000000A8DED030A079890ED050A03F052FB32
:108250009DED031AB0EE402A9DED040A21EE021AAC
:1082600030EE010A40F2B810C2F2000080ED000AC0
:10827000079A0021116500680799C864079A02F1FE
:108280004000117892ED0F0A00F010FC0799086E7B
:108290008867079810F86C1BFFF7A4FD0799D1F8C1
:1082A00080008861079890ED050A90ED0F2A90ED07
:1082B000181A21EE021A30EE010A80ED050A07981D
:1082C00090ED050A0120DFED140A02F053FC079837
:1082D00080ED050A0798007820B9FFE70799086B39
:1082E0008861FFE70798007820B9FFE70799C86A17
:1082F0004861FFE708B080BDB81E85EB51B8BEBF2E
:108300002D431CEBE2360A3F000000000000F03F66
:108310008DEDB5A0F7C6B03E0000000080B582B07C
:1083200001900620032102220DF1020300F024F83F
:108330009DF802009DF80310800140EA9100ADF81D
:108340000000BDF9000000EE100AB8EEC00A9FED73
:10835000061A20EE010A9FED051A80EE010A019827
:1083600080ED000A02B080BDDB0FC94000008046EE
:1083700080B501F0C1FF80BD80B582B08DF80600E8
:108380008DF805108DF80420009302F07BF89DF81D
:1083900006004000C0B202F01DF802F0B7F830B19C
:1083A000FFE702F097F801208DF8070035E09DF80F
:1083B000050002F00FF802F0A9F802F063F89DF84A
:1083C000060040000130C0B202F004F802F09EF84E
:1083D000FFE79DF80400D0B1FFE79DF804000128F5
:1083E00006D1FFE7002001F0ABFF0099087005E01F
:1083F000012001F0A5FF00990870FFE79DF8040037
:1084000001388DF80400009801300090E1E702F097
:1084100061F800208DF80700FFE79DF8070002B023
:1084200080BD000080B594B00020009013901290A1
:10843000119002A83C21F8F721F8009940F2F810B9
:10844000C2F2000001904FF0A04202604FF44032AF
:1084500042608160C1600161012242610423836145
:1084600001774177026280F8241080F83810C163E8
:1084700080F84010FBF7FCF918B1FFE7F9F746FE6A
:10848000FFE70020119040F2F810C2F2000011A99D
:10849000FAF7D4FE18B1FFE7F9F738FEFFE741F22B
:1084A0000000C3F260200290092003900020049095
:1084B0007F2105910421069107900A918DF82C00E7
:1084C0008DF82D008DF82E00A0210C9180210D91AA
:1084D0008DF8380040F2F810C2F2000002A9F9F756
:1084E00079FE18B1FFE7F9F711FEFFE744F200004B
:1084F000C3F6C020029040F20F10039040F2F81033
:10850000C2F2000002A9F9F765FE18B1FFE7F9F71A
:10851000FDFDFFE740F60000C2F63060029040F239
:108520001520039040F2F810C2F2000002A9F9F7FA
:1085300051FE18B1FFE7F9F7E9FDFFE748F2000047
:10854000C3F6F060029040F21B30039040F2F81046
:10855000C2F2000002A9F9F73DFE18B1FFE7F9F7F2
:10856000D5FDFFE714B080BD80B586B0FFE741F2CE
:108570004800C4F20200016841F004010160006893
:1085800000F0040005900598FFE7FFE741F248007E
:10859000C4F20200016841F001010160006800F0CE
:1085A000010004900498FFE70D2001900022029240
:1085B0001146FCF74BFB0198FCF73EFB029A0E209C
:1085C00003901146FCF742FB0398FCF735FB06B01D
:1085D00080BD000080B582B040F22430C2F20000BD
:1085E000019046F20041C4F20001016000214160A7
:1085F0008160C1600174417481744FF0180EC0F83D
:1086000014E0012282614FF0060CC0F81CC0052363
:108610000362C0F824E08262C0F82CC003634263A6
:108620008263C163FBF7A2FE18B1FFE7F9F76EFDA5
:10863000FFE702B080BD000080B58CB000200B9039
:108640000A90099008900790FFE741F24C00C4F2AD
:108650000200016841F020010160006800F0200084
:1086600006900698FFE7FFE741F24C00C4F20200D3
:10867000016841F001010160006800F0010005900F
:108680000598FFE7FFE741F24C00C4F202000168E1
:1086900041F004010160006800F0040004900498B7
:1086A000FFE7FFE741F24C00C4F20200016841F02D
:1086B00002010160006800F0020003900398FFE7E8
:1086C0004FF090400190D02100220092FCF70AFA6E
:1086D00000990198102207920122089209910A91AB
:1086E00007A90291FCF732F8009A01980299C02379
:1086F000079311230893099203220A92FCF726F8A4
:108700000CB080BD80B59EB0002001901D901C90E3
:108710001B901A901990189017901690159014901D
:10872000139012901190109003A83421F7F7A6FE31
:10873000019940F28830C2F20000029042F60042F5
:10874000C4F2010202604160202282604FF4616243
:10875000C2600161072242618161FDF7E1FD18B14C
:10876000FFE7F9F7D3FCFFE74FF480501A9040F28F
:108770008830C2F200001AA9FDF7D0FE18B1FFE759
:10878000F9F7C4FCFFE740F28830C2F20000FEF7C0
:1087900077FA18B1FFE7F9F7B9FCFFE70020179067
:1087A0004FF400111891199040F28830C2F2000085
:1087B00017A9FDF751FC18B1FFE7F9F7A7FCFFE790
:1087C000602010900022119212921392149215922E
:1087D000169240F28830C2F2000010A9FEF778F934
:1087E00018B1FFE7F9F792FCFFE740F28830C2F2D8
:1087F000000010A90422FEF76BF918B1FFE7F9F7A2
:1088000085FCFFE740F28830C2F2000010A9082280
:10881000FEF75EF918B1FFE7F9F778FCFFE7702083
:1088200010900120119040F28830C2F2000010A98F
:108830000C22FEF74DF918B1FFE7F9F767FCFFE7E7
:10884000002000900390049005903221069107903B
:108850004FF40051089109900A900B904FF000716D
:108860000C910D900E900F9040F28830C2F20000F3
:1088700003A9FDF74DFB18B1FFE7F9F747FCFFE748
:1088800040F28830C2F20000FEF7B6F81EB080BD9C
:1088900080B588B00021009107910691059104915F
:1088A00003910291019140F2D430C2F200004FF0E6
:1088B0008042026040F29F524260816042F20F7239
:1088C000C26001618161FDF72BFD18B1FFE7F9F787
:1088D0001DFCFFE74FF48050049040F2D430C2F208
:1088E000000004A9FDF71AFE18B1FFE7F9F70EFC26
:1088F000FFE700200190039040F2D430C2F2000064
:1089000001A9FDF7A9FB18B1FFE7F9F7FFFBFFE7A6
:1089100008B080BD80B582B040F22040C2F20000B5
:10892000009043F60001C4F2010101604FF4E1310F
:108930004160002101918160C16001610C224261AE
:108940008161C161016241628162FEF7D9FE18B1A5
:10895000FFE7F9F7DBFBFFE740F22040C2F200003F
:108960000021FEF7AFFB18B1FFE7F9F7CFFBFFE7F8
:1089700040F22040C2F200000021FEF75DFB18B17A
:10898000FFE7F9F7C3FBFFE740F22040C2F2000027
:10899000FEF70AFB18B1FFE7F9F7B8FBFFE702B0F3
:1089A00080BD000080B582B040F2B440C2F2000049
:1089B000009044F60001C4F20001016049F2004158
:1089C000C0F211014160002101918160C16001612B
:1089D0000C2242618161C161016241628162FEF7E4
:1089E0008FFE18B1FFE7F9F791FBFFE740F2B440C3
:1089F000C2F200000021FEF765FB18B1FFE7F9F7AE
:108A000085FBFFE740F2B440C2F200000021FEF710
:108A100013FB18B1FFE7F9F779FBFFE740F2B44029
:108A2000C2F20000FEF7C0FA18B1FFE7F9F76EFBDB
:108A3000FFE702B080BD0000FFE7FEE7FFE7FEE7CB
:108A400088B0079006910592079800F007000490FF
:108A50000498C0F10700052803D3FFE70420019024
:108A600004E00498C0F107000190FFE7019803902B
:108A700004980430062803D8FFE70020009003E0A4
:108A8000049803380090FFE7009802900698039935
:108A9000012202FA01F101390840029B9840059930
:108AA0009A40013A1140084308B0704784B00390DF
:108AB0008DF80B108DED010A9DF80B00012864D193
:108AC000FFE7039890ED031A90ED040A30EE410A97
:108AD00080ED050A0398009090ED000A90ED014AA0
:108AE00090ED021A90ED052A90ED073A32EE435AC6
:108AF00020EE050A9DED015A24EE054A24EE024AB5
:108B000030EE040A33EE033A32EE432A90ED063A91
:108B100032EE032A21EE021A30EE011A90ED080A15
:108B200030EE010A80ED080A0399C869886103984C
:108B300090ED031A90ED040A30EE410A80ED070A29
:108B4000039890ED080A90ED091AB4EE410AF1EE8F
:108B500010FA04DDFFE70399486A0862FFE703980B
:108B600090ED080A90ED091AB1EE411AB4EE410AEF
:108B7000F1EE10FA08DAFFE7039890ED090AB1EE7A
:108B8000400A80ED080AFFE70DE003990020086124
:108B90000399C86003990862039948610399886141
:108BA0000399C861FFE704B07047000085B00490E6
:108BB0008DED030ACDED020A8DED011ACDED001AFF
:108BC00003980499086002980499486001980499F0
:108BD000886000980499486205B0704770470000AB
:108BE00086B041F20C00C4F20200016801F00301FA
:108BF00004910068C1B2012000EB111002900498AA
:108C00000090022815D0FFE70098032812D1FFE753
:108C1000029941F20020C0F27A00B0FBF1F041F27B
:108C20000C01C4F202010968C1F306214843059012
:108C300011E0FFE7029942F20040C0F2F400B0FBFD
:108C4000F1F041F20C01C4F202010968C1F30621FE
:108C500048430590FFE741F20C00C4F202000068AF
:108C600000F0C061022000EB1160039005980399A9
:108C7000B0FBF1F00190019806B07047704700001A
:108C800080B582B0009000980138B0F1807F03D3A6
:108C9000FFE70120019019E0009801384EF214011D
:108CA000CEF2000108604FF0FF300F2101F082FC8E
:108CB0004EF21801CEF20001002008604EF21002C0
:108CC000CEF20002072111600190FFE7019802B087
:108CD00080BD000080B5FBF721FF80BD80B594B05A
:108CE00006A800903821F7F7C9FB002005900490F2
:108CF0000390029001904FF40070FBF7C7FF0098BB
:108D0000012206924FF48031079102210D91032335
:108D10000E930F9224221092119106221292139117
:108D2000FCF706FD18B1FFE7F9F7F0F9FFE70F20B0
:108D3000019003200290002003900490059001A868
:108D40000421FCF7B5FA18B1FFE7F9F7DFF9FFE7FF
:108D500014B080BD4EF68851CEF20001086840F490
:108D6000700008607047000080B540F2D430C2F255
:108D70000000FDF7C1FC80BD83B002900191029814
:108D800000680090029842F60041C4F20101884256
:108D90001DD0FFE70298B0F1804F18D0FFE702988E
:108DA00040F20041C4F20001884210D0FFE702986F
:108DB00040F60001C4F20001884208D0FFE70298A3
:108DC00043F20041C4F2010188420AD1FFE7009852
:108DD00020F07000009001984168009808430090CE
:108DE000FFE7029842F60041C4F20101884235D003
:108DF000FFE70298B0F1804F30D0FFE7029840F2D1
:108E00000041C4F20001884228D0FFE7029840F6F2
:108E10000001C4F20001884220D0FFE7029843F22B
:108E20000041C4F20101884218D0FFE7029844F2E1
:108E30000001C4F20101884210D0FFE7029844F219
:108E40000041C4F20101884208D0FFE7029844F6CD
:108E50000001C4F2010188420AD1FFE7009820F422
:108E6000407000900198C168009808430090FFE7A7
:108E7000009820F08000019949690843009000980B
:108E800002990860019880680299C8620198006898
:108E900002998862029842F60041C4F201018842B8
:108EA00020D0FFE7029843F20041C4F2010188425A
:108EB00018D0FFE7029844F20001C4F20101884291
:108EC00010D0FFE7029844F20041C4F20101884249
:108ED00008D0FFE7029844F60001C4F2010188427D
:108EE00005D1FFE70198006902990863FFE702993D
:108EF0000120486102980069C00730B1FFE702997C
:108F0000086920F001000861FFE703B07047000026
:108F100084B0039002910192029800F01F01012099
:108F200088400090009A0399086A9043086201986B
:108F3000029901F01F0100FA01F20399086A104337
:108F4000086204B07047000084B00390029101925F
:108F5000029800F00F01042088400090009A0399C5
:108F6000086A904308620198029901F00F0100FA23
:108F700001F20399086A1043086204B070470000C8
:108F800085B0049003910292019304988068009048
:108F9000009820F47F40009003980299019A41EADA
:108FA00002210143009808430090009804998860CA
:108FB00005B0704783B002900191029880680090DC
:108FC00000984FF68F71CFF6CF710840009001984E
:108FD0000099084340F007000090009802998860CB
:108FE00003B0704785B0049003910498006A019023
:108FF0000499086A20F00100086204984068009013
:1090000004988069029002984FF68F71CFF6FE7136
:1090100008400290029820F0030002900398016833
:10902000029808430290019820F0020001900398F2
:109030008168019808430190049842F60041C4F207
:109040000101884220D0FFE7049843F20041C4F2B6
:109050000101884218D0FFE7049844F20001C4F2ED
:109060000101884210D0FFE7049844F20041C4F2A5
:109070000101884208D0FFE7049844F60001C4F2D9
:10908000010188420ED1FFE7019820F0080001900D
:109090000398C168019808430190019820F00400EA
:1090A0000190FFE7049842F60041C4F201018842B2
:1090B00020D0FFE7049843F20041C4F20101884246
:1090C00018D0FFE7049844F20001C4F2010188427D
:1090D00010D0FFE7049844F20041C4F20101884235
:1090E00008D0FFE7049844F60001C4F20101884269
:1090F00013D1FFE7009820F480700090009820F4CE
:10910000007000900398416900980843009003980C
:109110008169009808430090FFE70098049948602F
:1091200002980499886103984068049948630198FB
:109130000499086205B0704785B0049003910498C3
:10914000006A01900499086A20F0100008620498EF
:1091500040680090049880690290029848F6FF7178
:10916000CFF6FF6108400290029820F44070029010
:1091700003980168029840EA01200290019820F0CB
:109180002000019003988168019840EA0110019045
:10919000049842F60041C4F20101884229D0FFE759
:1091A000049843F20041C4F20101884221D0FFE754
:1091B000049844F20001C4F20101884203D1FFE7A0
:1091C0000020B0B9FFE7049844F20041C4F2010165
:1091D000884203D1FFE7002058B9FFE7049844F61E
:1091E0000001C4F20101884212D1FFE7012078B9E1
:1091F000FFE7019820F0800001900398C168019872
:1092000040EA01100190019820F040000190FFE732
:10921000049842F60041C4F20101884220D0FFE7E1
:10922000049843F20041C4F20101884218D0FFE7DC
:10923000049844F20001C4F20101884210D0FFE713
:10924000049844F20041C4F20101884208D0FFE7CB
:10925000049844F60001C4F20101884215D1FFE7E9
:10926000009820F480600090009820F40060009046
:1092700003984169009840EA810000900398816951
:10928000009840EA81000090FFE700980499486048
:10929000029804998861039840680499886301984A
:1092A0000499086205B0704785B004900391049852
:1092B000006A01900499086A20F48070086204989A
:1092C000406800900498C069029002984FF68F7130
:1092D000CFF6FE7108400290029820F00300029041
:1092E00003980168029808430290019820F40070E6
:1092F000019003988168019840EA01200190049848
:1093000042F60041C4F20101884229D0FFE70498E7
:1093100043F20041C4F20101884221D0FFE70498E2
:1093200044F20001C4F20101884203D1FFE70020AA
:10933000B0B9FFE7049844F20041C4F20101884249
:1093400003D1FFE7002058B9FFE7049844F6000175
:10935000C4F20101884212D1FFE7012078B9FFE78A
:10936000019820F4006001900398C168019840EAD8
:1093700001200190019820F480600190FFE704989B
:1093800042F60041C4F20101884220D0FFE7049870
:1093900043F20041C4F20101884218D0FFE704986B
:1093A00044F20001C4F20101884210D0FFE70498A2
:1093B00044F20041C4F20101884208D0FFE704985A
:1093C00044F60001C4F20101884215D1FFE700987C
:1093D00020F480500090009820F4005000900398F2
:1093E0004169009840EA0110009003988169009853
:1093F00040EA01100090FFE7009804994860029845
:109400000499C861039840680499C8630198049955
:10941000086205B07047000085B00490039104987D
:10942000006A01900499086A20F480500862049848
:10943000406800900498C0690290029848F6FF7155
:10944000CFF6FF6108400290029820F4407002902D
:1094500003980168029840EA01200290019820F4E4
:109460000050019003988168019840EA0130019012
:10947000049842F60041C4F20101884229D0FFE776
:10948000049843F20041C4F20101884221D0FFE771
:10949000049844F20001C4F20101884203D1FFE7BD
:1094A0000020B0B9FFE7049844F20041C4F2010182
:1094B000884203D1FFE7002058B9FFE7049844F63B
:1094C0000001C4F20101884212D1FFE7012078B9FE
:1094D000FFE7019820F4004001900398C1680198CB
:1094E00040EA01300190019820F480400190FFE7AC
:1094F000049842F60041C4F20101884220D0FFE7FF
:10950000049843F20041C4F20101884218D0FFE7F9
:10951000049844F20001C4F20101884210D0FFE730
:10952000049844F20041C4F20101884208D0FFE7E8
:10953000049844F60001C4F20101884215D1FFE706
:10954000009820F480400090009820F400400090A3
:1095500003984169009840EA81100090039881695E
:10956000009840EA81100090FFE700980499486055
:1095700002980499C86103984068049908640198A6
:109580000499086205B0704785B00490039104986F
:10959000006A01900499086A20F4803008620498F7
:1095A000406800900498006D029002984FF68F7109
:1095B000CFF6FE71084002900398016802980843B4
:1095C0000290019820F4003001900398816801987E
:1095D00040EA01400190049842F60041C4F20101C2
:1095E000884220D0FFE7049843F20041C4F2010111
:1095F000884218D0FFE7049844F20001C4F2010148
:10960000884210D0FFE7049844F20041C4F20101FF
:10961000884208D0FFE7049844F60001C4F2010133
:1096200088420BD1FFE7009820F480300090039827
:109630004169009840EA01200090FFE700980499F2
:109640004860029804990865039840680499886402
:1096500001980499086205B07047000085B0049035
:1096600003910498006A01900499086A20F480101C
:1096700008620498406800900498006D0290029877
:1096800048F6FF71CFF6FF61084002900398016829
:10969000029840EA01200290019820F40010019005
:1096A00003988168019840EA01500190049842F6BD
:1096B0000041C4F20101884220D0FFE7049843F240
:1096C0000041C4F20101884218D0FFE7049844F237
:1096D0000001C4F20101884210D0FFE7049844F26F
:1096E0000041C4F20101884208D0FFE7049844F623
:1096F0000001C4F2010188420BD1FFE7009820F479
:109700008020009003984169009840EA81200090F1
:10971000FFE7009804994860029804990865039847
:1097200040680499C86401980499086205B07047BC
:1097300085B00490039102920498006A0090049905
:10974000086A20F00100086204988069019001987D
:1097500020F0F00001900299019840EA0110019078
:10976000009820F00A0000900399009808430090A8
:1097700001980499886100980499086205B07047BF
:1097800085B00490039102920498006A00900499B5
:10979000086A20F01000086204988069019001981E
:1097A00020F4704001900299019840EA0130019044
:1097B000009820F0A00000900399009840EA011062
:1097C000009001980499886100980499086205B096
:1097D0007047000082B001900198406E40B9FFE7E9
:1097E00001990120A1F86A000199A1F8680032E00E
:1097F00008208DF803008DF8020001980068806849
:10980000C0F342608DF80100019800688068400F45
:109810008DF800009DF802009DF800204CF23C738A
:10982000C0F60003995C48434CF23471C0F6000165
:109830008A5CB0FBF2F0019AA2F86A009DF803007E
:109840009DF801209B5C5843895CB0FBF1F00199C5
:10985000A1F86800FFE702B07047000081B00090F7
:10986000009890F82800000700280BD5FFE7009823
:109870000068406820F40040009A1168926B104321
:109880004860FFE7009890F82800C00758B1FFE74C
:1098900000980068406820F40030009A1168D26A8D
:1098A00010434860FFE7009890F8280080070028E0
:1098B0000BD5FFE700980068406820F48030009ADC
:1098C0001168126B10434860FFE7009890F8280079
:1098D000400700280BD5FFE700980068406820F497
:1098E0008020009A1168526B10434860FFE700988F
:1098F00090F82800C00600280BD5FFE70098006804
:10990000806820F48050009A1168D26B1043886000
:10991000FFE7009890F82800800600280BD5FFE7A5
:1099200000980068806820F40050009A1168126C5A
:1099300010438860FFE7009890F828004006002850
:109940001CD5FFE700980068406820F48010009A5A
:109950001168526C104348600098406CB0F5801F4D
:109960000BD1FFE700980068406820F4C000009A1F
:109970001168926C10434860FFE7FFE7009890F889
:109980002800000600280BD5FFE700980068406813
:1099900020F40020009A1168D26C10434860FFE761
:1099A00001B0704780B588B0069006990020C1F8D4
:1099B0009000FBF7ADF80590069800680068000776
:1099C00000282FD5FFE70698059B6A466FF07E4179
:1099D00011604FF40011002200F0C2FB08B3FFE752
:1099E000FFE7FFE70698006850E8000F20F08000CE
:1099F0000490FFE704990698026842E800100028E6
:109A0000F0D1FFE7FFE706992020C1F88800FFE7C3
:109A10000699002081F88400FFE703208DF81F00DD
:109A20005FE0FFE70698006800684007002842D51D
:109A3000FFE70698059B6A466FF07E4111604FF480
:109A40008001002200F08CFBA0B3FFE7FFE7FFE7F7
:109A50000698006850E8000F20F490700390FFE72C
:109A600003990698026842E800100028F0D1FFE749
:109A7000FFE7FFE7FFE70698006850E8020F20F0D5
:109A800001000290FFE702990698026842E802107E
:109A90000028F0D1FFE7FFE706992020C1F88C00ED
:109AA000FFE70699002081F88400FFE703208DF886
:109AB0001F0016E0FFE706992020C1F888000699EC
:109AC000C1F88C0006990020C86606990867FFE770
:109AD0000699002081F88400FFE700208DF81F0020
:109AE000FFE79DF81F0008B080BD000080B582B080
:109AF00001900198806A009000990020A1F85E0012
:109B00000098FDF72DFB02B080BD000084B00390EB
:109B1000FFE7FFE70398006850E8000F20F490701B
:109B20000290FFE702990398026842E800100028BB
:109B3000F0D1FFE7FFE7FFE7FFE70398006850E891
:109B4000020F4FF6FE71CEF6FF7108400190FFE75D
:109B500001990398026842E802100028EDD1FFE75E
:109B6000FFE70398C06E012814D1FFE7FFE7FFE786
:109B70000398006850E8000F20F010000090FFE705
:109B800000990398026842E800100028F0D1FFE72E
:109B9000FFE7FFE703992020C1F88C00039900201C
:109BA000C8660399486704B07047000080B582B06A
:109BB0000190FFE7FFE70198006850E8000F20F0F0
:109BC00040000090FFE700990198026842E8001009
:109BD0000028F0D1FFE7FFE701992020C1F88800B5
:109BE0000199002088670198FDF76CFF02B080BDE5
:109BF00080B592B0119000208DF837001198006860
:109C000048F20001C4F20001884201D1FFE700E000
:109C1000FFE7119988680B694A69C96918431043BD
:109C20000843109011980068006846F6F311CCF6CE
:109C3000FF7108401099084311990968086011984C
:109C40000068406820F44050119A1168D2681043AF
:109C500048601198806910901198006848F20001DE
:109C6000C4F20001884206D0FFE71198016A1098FB
:109C700008431090FFE71198006880684FF2FF4199
:109C8000C1F2FF11084010990843119909688860D2
:109C900011980068C06A20F00F00119A1168526A8A
:109CA0001043C862FFE71198006843F60001C4F250
:109CB0000101884225D1FFE741F28800C4F2020089
:109CC000006800F0030001460A91032814D80A999D
:109CD000DFE801F0020A060E01208DF83D000FE0DA
:109CE00002208DF83D000BE004208DF83D0007E0D8
:109CF00008208DF83D0003E010208DF83D00FFE7BF
:109D0000DCE01198006844F20041C4F2000188428E
:109D10002AD1FFE741F28800C4F20200006800F097
:109D20000C00014609910C2819D80999DFE801F0C7
:109D3000071717170F1717170B1717171300002000
:109D40008DF83D000FE002208DF83D000BE004206F
:109D50008DF83D0007E008208DF83D0003E010205D
:109D60008DF83D00FFE7A8E01198006844F6000177
:109D7000C4F2000188422CD1FFE741F28800C4F20E
:109D80000200006800F030000146089160B1FFE772
:109D90000898102810D0FFE70898202808D0FFE77F
:109DA000089830280CD00FE000208DF83D000FE01F
:109DB00002208DF83D000BE004208DF83D0007E007
:109DC00008208DF83D0003E010208DF83D00FFE7EE
:109DD00072E01198006844F60041C4F20001884224
:109DE0002CD1FFE741F28800C4F20200006800F0C5
:109DF000C0000146079160B1FFE70798402810D0E6
:109E0000FFE70798802808D0FFE70798C0280CD004
:109E10000FE000208DF83D000FE002208DF83D009E
:109E20000BE004208DF83D0007E008208DF83D0090
:109E300003E010208DF83D00FFE73CE0119800683A
:109E400048F20001C4F2000188422FD1FFE741F23D
:109E50008800C4F20200006800F4406001460691E8
:109E600078B1FFE70698B0F5806F12D0FFE706984B
:109E7000B0F5006F09D0FFE70698B0F5406F0CD041
:109E80000FE000208DF83D000FE002208DF83D002E
:109E90000BE004208DF83D0007E008208DF83D0020
:109EA00003E010208DF83D00FFE703E010208DF85F
:109EB0003D00FFE7FFE7FFE7FFE7FFE7FFE7119858
:109EC000006848F20001C4F20001884240F07E8040
:109ED000FFE79DF83D0001460591082819D805992E
:109EE000DFE801F0051709170F1717171300FBF725
:109EF00079FB0B9013E042F20040C0F2F4000B90AB
:109F00000DE0FBF797FB0B9009E04FF400400B903E
:109F100005E000200B9001208DF83700FFE70B983B
:109F2000002852D0FFE70B9811994A6A4CF244710D
:109F3000C0F6000131F81210B0FBF1F00C900C9853
:109F40001199496801EB4101884207D3FFE70C985A
:109F500011994968B0EB013F04D9FFE701208DF862
:109F6000370031E00B9811994A6803924A6A4CF223
:109F70004471C0F6000131F8122000230493194601
:109F8000F6F7F8F9039A049B090241EA106100020E
:109F900010EB520041F10001F6F7ECF90E900E982B
:109FA000B0F5407F0BD3FFE70E990020B0EB115FB7
:109FB00005D1FFE70E9811990968C86003E00120F8
:109FC0008DF83700FFE7FFE7FFE7B9E01198C069B8
:109FD000B0F5004F61D1FFE79DF83D0001460291C9
:109FE00008281DD80299DFE801F005090D1B131B95
:109FF0001B1B1700FBF7F6FA0B9017E0FBF706FBAD
:10A000000B9013E042F20040C0F2F4000B900DE020
:10A01000FBF710FB0B9009E04FF400400B9005E0BC
:10A0200000200B9001208DF83700FFE70B9898B3C4
:10A03000FFE70B98119A5168536A4CF24472C0F6CC
:10A04000000232F81320B0FBF2F0400000EB5100A8
:10A05000B0FBF1F00E900E98102818D3FFE7BDF872
:10A060003A00A0B9FFE70E9820F00F00ADF83E00CF
:10A070000E9800F00E01BDF83E0040EA5100ADF828
:10A080003E00BDF83E0011990968C86003E0012058
:10A090008DF83700FFE7FFE751E09DF83D000146EE
:10A0A000019108281DD80199DFE801F005090D1B71
:10A0B000131B1B1B1700FBF795FA0B9017E0FBF720
:10A0C000A5FA0B9013E042F20040C0F2F4000B90AE
:10A0D0000DE0FBF7AFFA0B9009E04FF400400B9056
:10A0E00005E000200B9001208DF83700FFE70B986A
:10A0F00020B3FFE70B98119A5168536A4CF24472EF
:10A10000C0F6000232F81320B0FBF2F000EB510071
:10A11000B0FBF1F00E900E9810280AD3FFE7BDF8BF
:10A120003A0030B9FFE7BDF8380011990968C860F6
:10A1300003E001208DF83700FFE7FFE7FFE7FFE7C7
:10A1400011990120A1F86A001199A1F868001199EC
:10A1500000204867119988679DF8370012B080BDCC
:10A1600080B586B0DDF820C0049003918DF80B20F7
:10A170000193FFE704980068C06903990840401AFA
:10A18000B0FA80F040099DF80B10884266D1FFE7D5
:10A1900008980130002860D0FFE7FAF7B9FC019970
:10A1A000401A0899884203D8FFE7089820B9FFE7CA
:10A1B00003208DF8170055E00498006800684007F8
:10A1C000002849D5FFE70398802845D0FFE703988A
:10A1D000402841D0FFE704980068C06900F00801FA
:10A1E0000120B0EBD10F16D1FFE7049801680820D9
:10A1F000009008620498FFF789FC00980499C1F860
:10A200009000FFE70499002081F88400FFE7012017
:10A210008DF8170026E004980068C06900F400611A
:10A220000120B0EBD12F16D1FFE7049801684FF45D
:10A23000006008620498FFF769FC04992020C1F8C7
:10A240009000FFE70499002081F88400FFE70320D5
:10A250008DF8170006E0FFE7FFE78BE700208DF899
:10A260001700FFE79DF8170006B080BD80B540F2EB
:10A27000B440C2F20000FCF777FF80BDFFE7FEE7C5
:10A2800080B5FFE74FF0904040210022FAF72AFC0A
:10A29000FFE700F01DF8FFE74FF09040802101221A
:10A2A000FAF720FCFFE700F013F8FFE74FF09040CB
:10A2B00080210022FAF716FCFFE700F009F8FFE71B
:10A2C0004FF0904040210122FAF70CFCFFE780BDDF
:10A2D00081B000208DF80300FFE79DF803000028FF
:10A2E00007DCFFE7FFE79DF8030001308DF803006E
:10A2F000F3E701B07047000080B500F0EBF880BDD7
:10A3000080B5FFE74FF0904040210122FAF7EAFBC9
:10A31000FFE7FFF7DDFFFFE74FF0904080210122CC
:10A32000FAF7E0FBFFE7FFF7D3FFFFE74FF09040BE
:10A3300080210022FAF7D6FBFFE7FFF7C9FF80BDB7
:10A3400080B582B08DF8070000208DF805008DF8EB
:10A350000600FFE79DF8060007282DDCFFE79DF8C3
:10A36000050040008DF80500FFE74FF09040802188
:10A370000122FAF7B7FBFFE7FFF7AAFF4FF0904083
:10A380004021FAF797FB30B1FFE79DF80500013057
:10A390008DF80500FFE7FFE74FF090408021002295
:10A3A000FAF7A0FBFFE7FFF793FFFFE79DF8060032
:10A3B00001308DF80600CDE79DF8070018B9FFE7DA
:10A3C000FFF79EFF02E0FFF75BFFFFE79DF8050048
:10A3D00002B080BD80B582B08DF8070000208DF8F6
:10A3E0000600FFE79DF80600072848DCFFE79DF818
:10A3F00007000006002809D5FFE7FFE74FF090406F
:10A4000040210122FAF76EFBFFE708E0FFE74FF07B
:10A41000904040210022FAF765FBFFE7FFE7FFF7D6
:10A4200057FFFFE74FF0904080210122FAF75AFBD7
:10A43000FFE7FFF74DFFFFE74FF09040802100223C
:10A44000FAF750FBFFE79DF80600072809D1FFE760
:10A45000FFE74FF0904040210122FAF743FBFFE76E
:10A46000FFE79DF8070040008DF80700FFF730FF79
:10A47000FFE79DF8060001308DF80600B2E702B054
:10A4800080BD000080B5FFE74FF0904040210122E1
:10A49000FAF728FBFFE7FFE74FF090408021012209
:10A4A000FAF720FBFFE7FFF713FFFFE74FF09040BD
:10A4B00040210022FAF716FBFFE7FFF709FFFFE74D
:10A4C0004FF0904080210022FAF70CFBFFE7FFF7E6
:10A4D000FFFE80BD80B5FFE74FF090404021002295
:10A4E000FAF700FBFFE7FFE74FF0904080210122E1
:10A4F000FAF7F8FAFFE7FFF7EBFEFFE74FF09040BF
:10A5000040210122FAF7EEFAFFE780BD80B582B064
:10A51000FFE74FF0904040210122FAF7E3FAFFE70E
:10A52000FFF7D6FEFFE74FF0904080210122FAF7B7
:10A53000D9FAFFE7FFF7CCFE4FF090404021FAF741
:10A54000B9FA20B1FFE701208DF8070003E00020F1
:10A550008DF80700FFE7FFE74FF0904080210022D1
:10A56000FAF7C0FAFFE7FFF7B3FE9DF8070002B065
:10A5700080BD000081B08DF803009DF90300002824
:10A580000ED4FFE79DF9031001F01F020120904057
:10A590004A094EF20011CEF2000141F82200FFE715
:10A5A00001B070474EF60C50CEF200000068C0F3C8
:10A5B0000220704782B08DF8070000919DF90700D6
:10A5C00000280AD4FFE7009800019DF907104EF219
:10A5D0000042CEF2000288540BE0009800019DF882
:10A5E000071001F00F014EF61452CEF2000288540B
:10A5F000FFE702B07047000083B00290029800F0BD
:10A60000070000904EF60C51CEF200010868019050
:10A6100001984FF6FF02104001900198009A40EA1D
:10A6200002200022C0F2FA52104301900198086003
:10A6300003B0704780B586B005900491059890ED01
:10A64000000A90ED013A90ED021AB6EE002A23EED0
:10A65000023A30EE430A21EE021A30EE410A9FED33
:10A660001D1A8DED021A20EE010A049880ED000AF1
:10A67000B0EE080A8DED000A01F004FAB0EE401ABF
:10A680009DED000AB0EE002A8DED012A81EE021A3E
:10A69000059890ED012A21EE021A8DED031A01F0C2
:10A6A000F1F99DED013A9DED021AB0EE402A9DEDC3
:10A6B000030A82EE032A059890ED023A22EE032A5D
:10A6C00030EE420A20EE010A049880ED010A06B03D
:10A6D00080BD00BFABAA2A3F80B588B00790069125
:10A6E0008DED050A9DED050A01F05CF8079890EDE7
:10A6F000001A20EE010A8DED000A9DED050A9FED7E
:10A70000351A8DED021A30EE410A01F04BF89DED3D
:10A71000021AB0EE402A9DED000A079890ED013A2A
:10A7200022EE032A30EE020A8DED010A9DED050AA4
:10A7300030EE010A01F036F8B0EE401A9DED010A44
:10A74000079890ED022A21EE021A30EE010A9FEDE1
:10A75000221A20EE010A069880ED000A9DED050AF6
:10A7600001F0C8F89DED021A079890ED002A20EE3E
:10A77000020A8DED030A9DED050A30EE410A01F053
:10A78000B9F89DED021AB0EE402A9DED030A079834
:10A7900090ED013A22EE032A30EE020A8DED040A12
:10A7A0009DED050A30EE010A01F0A4F8B0EE401A62
:10A7B0009DED040A079890ED022A21EE021A30EE70
:10A7C000010A9FED061A20EE010A069880ED010AA3
:10A7D00008B080BD920A0640ABAA2A3FABAA2ABFA6
:10A7E00080B588B0079006918DED050A9DED050AAC
:10A7F00000F0D8FF079890ED001A20EE010A8DEDC9
:10A80000010A9DED050A01F075F8B0EE401A9DEDC4
:10A81000010A079890ED012A21EE021A30EE410A52
:10A82000069880ED000A9DED050A9FED261A8DED34
:10A83000031A30EE410A00F0B5FF9DED031A0798A8
:10A8400090ED002A20EE020A8DED020A9DED050A28
:10A8500030EE410A01F04EF89DED031AB0EE402AA9
:10A860009DED020A079890ED013A22EE032A30EEA0
:10A87000420A069880ED010A9DED050A30EE010AB4
:10A8800000F090FF9DED031A079890ED002A20EE4E
:10A89000020A8DED040A9DED050A30EE010A01F071
:10A8A00029F8B0EE401A9DED040A079890ED012AB0
:10A8B00021EE021A30EE410A069880ED020A08B035
:10A8C00080BD00BF920A064080B58AB009908DED28
:10A8D000080A0791099890ED000A8DED000AD0ED65
:10A8E000010A90ED021A00F0B5F8B0EE402A9DED95
:10A8F000000AB6EE001A8DED021A22EE012A30EEA1
:10A90000020A8DED060A9DED060A9DED082A80EEED
:10A91000020A30EE010A079880ED000A099890EDCE
:10A92000000AD0ED010ACDED010A90ED021A00F007
:10A9300091F89DED021AB0EE402A9DED010A22EE3B
:10A94000012A30EE020A8DED050A9DED050A9DED06
:10A95000082A80EE020A30EE010A079880ED010A0B
:10A96000099890ED000AD0ED010A90ED021A8DEDE4
:10A97000031A00F06FF89DED021AB0EE402A9DED2B
:10A98000030A22EE012A30EE020A8DED040A9DED43
:10A99000040A9DED082A80EE020A30EE010A0798AB
:10A9A00080ED020A0AB080BD80B584B003900291A8
:10A9B00003988DF8070040F2B440C2F200000DF198
:10A9C000070101224FF0FF33FCF7E0FF039804B0CA
:10A9D00080BD000084B08DED030ACDED020A8DED3F
:10A9E000011A002000909DED030A9DED021AB4EEBD
:10A9F000410AF1EE10FA0DDBFFE79DED030A9DED34
:10AA0000011AB4EE410AF1EE10FA03DBFFE70398F6
:10AA100000901AE09DED020A9DED031AB4EE410A82
:10AA2000F1EE10FA0DDBFFE79DED020A9DED011A34
:10AA3000B4EE410AF1EE10FA03DBFFE70298009052
:10AA400002E001980090FFE7FFE79DED000A04B0E7
:10AA50007047000080B586B08DED050ACDED040A83
:10AA60008DED031A002002909DED050ADDED040A2C
:10AA700030EE202A9DED031A32EE012A8DED002AD8
:10AA8000FFF7A8FFB0EE401A9DED000A30EE410A34
:10AA90008DED010A9DED050ADDED040A9DED031A19
:10AAA00000F00CF8B0EE401A9DED010A30EE410ABC
:10AAB0008DED020A9DED020A06B080BD84B08DEDD9
:10AAC000030ACDED020A8DED011A002000909DEDE4
:10AAD000030A9DED021AB4EE410AF1EE10FA0DDC04
:10AAE000FFE79DED030A9DED011AB4EE410AF1EE78
:10AAF00010FA03DCFFE7039800901AE09DED020ACC
:10AB00009DED031AB4EE410AF1EE10FA0DDCFFE7F9
:10AB10009DED020A9DED011AB4EE410AF1EE10FA24
:10AB200003DCFFE70298009002E001980090FFE745
:10AB3000FFE79DED000A04B07047000080B582B0C9
:10AB400000200190F9F7F8FFFEF7C8F8FDF774FD53
:10AB5000FDF70AFDFDF7D6FDFDF764FCFDF7DAFE13
:10AB6000FDF738FDFDF71EFFFDF792FE00F04CF8F3
:10AB7000FFE7FEE785B004908DED030ACDED020AF4
:10AB80009DED040AB8EEC00A9DED031A20EE010AFD
:10AB90009DED021A30EE410A8DED010A01980090F8
:10ABA000FFE79DED000A9FED141AB4EE410AF1EEA5
:10ABB00010FA09DAFFE79DED000A9FED121A30EE58
:10ABC000010A8DED000AECE7FFE79DED000A9FED1D
:10ABD0000B1AB4EE410AF1EE10FA09DDFFE79DED24
:10ABE000000A9FED071A30EE010A8DED000AECE72E
:10ABF0009DED000A05B07047DB0F49C0DB0F4940EF
:10AC0000DB0FC9C0DB0FC94080B5ACB040F2945037
:10AC1000C2F200009FEDDD0ADFEDDD0ACDED250A71
:10AC20009FEDDC1A8DED271ADFEDDB1ACDED261A2C
:10AC3000FDF7BCFFDDED250ADDED261A9DED271A97
:10AC400040F2C050C2F200009FEDD40AFDF7AEFF03
:10AC50009DED271A40F27060C2F200009FEDD00A0D
:10AC6000DFEDD00AF0EE001AFDF7A0FF40F25C50D5
:10AC7000C2F200009FEDCC0A8DED280ADFEDCB0A71
:10AC8000CDED290AFDF7D4F89DED280ADDED290A5E
:10AC900040F27450C2F20000FDF7CAF8DDED292A37
:10ACA00040F2EC50C2F20000B9EE000AF2EE0C0ADB
:10ACB0009FEDBF1ADFEDBF1AB2EE042AFDF7E4F8EC
:10ACC00040F2D810C2F20000072101229FEDBA0A1B
:10ACD000F7F706FA40F2F810C2F200002B90026873
:10ACE0002021116001680420086040F28830C2F21F
:10ACF00000002A90FBF7A6FB2A980C21FCF71CF811
:10AD00002B98F8F795F9FFE740F2A260C2F2000035
:10AD1000007820B9FFE70120F9F79CF9F4E740F249
:10AD20008830C2F20000249000212191FCF704F841
:10AD3000249804212291FBF7FFFF249808212391F6
:10AD4000FBF7FAFF21992498FBF726FA2299249819
:10AD5000FBF722FA23992498FBF71EFAFFE740F24B
:10AD6000A160C2F20000007801462091052800F29F
:10AD7000FC802099DFE801F003386D8FB1D540F2F7
:10AD8000CC11C2F2000108684A68189289681A91C9
:10AD900001F0A6FB0246189819920A46199942EC4E
:10ADA000101B8DED1E0B01F09BFB02461A981B92A7
:10ADB0000A461B9942EC101B8DED1C0B01F090FB19
:10ADC0009DED1C1B9DED1E0B41EC120B684680EDAA
:10ADD000022B80ED001B53EC102B4CF26C70C0F674
:10ADE0000000F5F73FFBC1E040F24851C2F200011C
:10ADF00008684A6810928968129101F071FB024656
:10AE0000109811920A46119942EC101B8DED160B09
:10AE100001F066FB0246129813920A46139942EC1F
:10AE2000101B8DED140B01F05BFB9DED141B9DEDD4
:10AE3000160B41EC120B684680ED022B80ED001BD7
:10AE400053EC102B4CF25C70C0F60000F5F70AFBD7
:10AE50008CE040F25C50C2F20000406901F040FB1F
:10AE600041EC100B8DED0E0B40F2EC50C2F20000E5
:10AE7000406801F035FB9DED0E0B41EC110B68466F
:10AE800080ED001B53EC102B4CF27C70C0F60000E0
:10AE9000F5F7E8FA6AE040F27450C2F20000406947
:10AEA00001F01EFB41EC100B8DED0C0B40F2EC5051
:10AEB000C2F20000806801F013FB9DED0C0B41EC29
:10AEC000110B684680ED001B53EC102B4CF2907078
:10AED000C0F60000F5F7C6FA48E040F2EC50C2F2C6
:10AEE000000041690891C06A01F0FAFA0246089828
:10AEF00009920A46099942EC101B8DED0A0B01F0EC
:10AF0000EFFA9DED0A0B41EC110B684680ED001B3A
:10AF100053EC102B4CF2A370C0F60000F5F7A2FA28
:10AF200024E040F2EC50C2F2000081690491006B11
:10AF300001F0D6FA0246049805920A46059942ECB9
:10AF4000101B8DED060B01F0CBFA9DED060B41ECCD
:10AF5000110B684680ED001B53EC102B4CF2A370D4
:10AF6000C0F60000F5F77EFA00E0FFE740F2A060CF
:10AF7000C2F20000007838B9FFE740F2EC51C2F2AB
:10AF8000000100200870FFE7E9E600BFB537783C14
:10AF9000675BA44200000000D8B3DD400D349F3C45
:10AFA000A4C40E3D65E4003F0000C84217B7513904
:10AFB00000401C4600409C46C49941405FEA400C5A
:10AFC00008BF91F0000F4FEA8C234FEAC12243EAF9
:10AFD00051514FEA1C5018BF00F5F0404FEA3000C5
:10AFE00018BF41F000415FEA6C5C00F02980BCF1C1
:10AFF000FF3F08BF40F080407047130C06BF1204AB
:10B000004FF0100C4FF0000C130E04BF12020CF1A5
:10B01000080C130F04BF12010CF1040C930F04BFB2
:10B0200092000CF1020CD30F04BF52000CF1010C82
:10B0300011464FF00002A0F11F00A0EB0C0070477A
:10B0400011F0004F08BF704731F000413FF4D5AF19
:10B050000B0C06BF09044FF0100C4FF0000C0B0E48
:10B0600004BF09020CF1080C0B0F04BF09010CF11D
:10B07000040C8B0F04BF89000CF1020CCB0F04BF32
:10B0800049000CF1010CCCF1200322FA03F341EA50
:10B09000030102FA0CF2A0EB0C0000F10100704772
:10B0A00023F07F4720F07F4C80EA030000F000404F
:10B0B000ACEB070303F57C5303F1FF032DE9804953
:10B0C00009B44FEA144324EA03484FEA154B25EA32
:10B0D0000B4E0FF2042606EB13273E7803FB0667A0
:10B0E000C7F5000707FB06F64FEAD64606F102064B
:10B0F0004FEA543707FB066CCCF1005C4FEA1C4763
:10B100002CEA074C0CFB06F507FB06F404EB15468E
:10B110004FEA961649085FEA320234BF00204FF02A
:10B1200000404FEAD13706FB07FC4FEA1C4C0CFBF2
:10B130000BF7D21B03FB0CF761EB07010CFB0EF7BF
:10B14000B0EB074072EB17420CFB08F734BFA2EBE1
:10B150000742B2EB074261EB17414FEA0C444FEA5A
:10B16000910706FB07FC4FEA1C4C0CFB0BF7B0EBFE
:10B17000C74072EB573203FB0CF734BFA2EBC74258
:10B18000B2EBC74261EB57310CFB0EF7B0EBC700D7
:10B1900072EB57720CFB08F734BFA2EBC702B2EB9D
:10B1A000C70261EB57714FEA816141EA92114FEAA0
:10B1B000826242EA90124FEA806004EBCC04039F63
:10B1C0004FEAD13706FB07FC4FEA1C4C0CFB0BF790
:10B1D000D21B03FB0CF761EB07010CFB0EF7B0EB86
:10B1E000074072EB17420CFB08F734BFA2EB074293
:10B1F000B2EB074261EB17414FEA8C5504EB9C24FC
:10B200004FEA910706FB07FC4FEA1C4C0CFB0BF7BF
:10B21000B0EBC74072EB573203FB0CF734BFA2EB25
:10B22000C742B2EBC74261EB57310CFB0EF7B0EBF4
:10B23000C70072EB57720CFB08F734BFA2EBC702D2
:10B24000B2EBC70261EB57714FEA816141EA92119B
:10B250004FEA826242EA90124FEA806015EB4C2579
:10B2600044F100044FEAD13706FB07FC4FEA1C4CBF
:10B270000CFB0BF7D21B03FB0CF761EB07010CFB7C
:10B280000EF7B0EB074072EB17420CFB08F734BF28
:10B29000A2EB0742B2EB074261EB17414FEA813163
:10B2A00041EA92414FEA823242EA90424FEA8030CC
:10B2B0004FEA0C7615EB1C1544F1000448EA0343F1
:10B2C0004EEA0B484FF0000EB2EB080C71EB03078F
:10B2D00024BF624639464EEB0E0E4FF0000B0018AD
:10B2E000524149414BEB0B0BB2EB080C71EB0307DE
:10B2F0007BF1000B24BF624639464EEB0E0E4FF039
:10B30000000B0018524149414BEB0B0BB2EB080C00
:10B3100071EB03077BF1000B24BF624639464EEB0D
:10B320000E0E51EA020718BF46F0010616EB0E7624
:10B3300055F1000254F1000103D5BDE88901BDE8D3
:10B340000088BDE88901BDE80048B619524141EBCB
:10B350000101A3F10103704780807F7E7D7C7B7AB1
:10B360007978777676757473727171706F6E6E6DB1
:10B370006C6C6B6A6A696868676666656464636357
:10B3800062616160605F5F5E5E5D5D5C5C5B5B5ADD
:10B390005A5959585857575656555555545453534A
:10B3A00052525251515050504F4F4F4E4E4D4D4DA5
:10B3B0004C4C4C4B4B4B4A4A4A49494948484847F0
:10B3C000474747464646454545444444444343432E
:10B3D00043424242424141419C46002B30D47700D7
:10B3E0002BD04FEA37071CB503B44FF010004FF0D5
:10B3F0001001BAF1000F06D0BCF1000FDCBF40F025
:10B40000080040F008014FF000000FBCBDE81040FC
:10B410000BF1010BBBF1010F08BF5FEA170722BF59
:10B4200012F1010211F101014FF0004143F100035B
:10B4300000F0004043EA00007047F9D35708D0E716
:10B4400046EA06464FEA164613F1400F1FDD13F198
:10B45000200FDFBF16430A46002120335B42BED0D7
:10B46000C3F1200746EA06464FEA164602FA07F7F6
:10B4700046EA070622FA03F2C3F1200701FA07F7AA
:10B4800042EA070221FA03F14FF00003A7E746EA78
:10B49000020646EA06464FEA164646EA0106BCBFE1
:10B4A00046EA0646360C4FF000034FF000024FF01C
:10B4B000000194E72DE9804C70B49A46934691E8D8
:10B4C000380007C831EA400C48BF34EA430C03D5C2
:10B4D000FFF7E6FDFFF780FFF0BCBDE8008C2DE92B
:10B4E000804C70B49A46934691E8380007C810F033
:10B4F000804F08BF13F0804F03D100F005F8FFF72D
:10B500006BFFF0BCBDE8008C20F07F4723F07F4C40
:10B5100080EA030000F0004007EB0C03A3F57C5326
:10B52000A3F1FE0392F0000F00F0B38095F0000F3E
:10B5300000F077802DE901494FEA114021EA0048E7
:10B540004FEA144624EA064700FB06FC08FB06F611
:10B5500007FB08F818EB06484CEB164C00FB07F706
:10B5600018EB07484CEB17404FEA124B22EA0B4E00
:10B570004FEA154625EA06470BFB06FC0EFB06F6CE
:10B5800007FB0EFE1EEB064E4CEB164C0BFB07F7B3
:10B590001EEB074E4CEB174B18EB0B0840F100006D
:10B5A00018EB0E0B58EB000840F100008F1A4FF01B
:10B5B00000014FF000063CBFC943661B14BFB5EB4A
:10B5C000040C00213CBFC943F61B4FEA174427EA8D
:10B5D00004454FEA1C472CEA074C04FB076205FBB5
:10B5E00007F70CFB05F616EB074642EB174204FB88
:10B5F0000CFC16EB0C4642EB1C421BEB060658EB10
:10B60000020241414EEA8E0E46EA9E0601D5BDE891
:10B610000189B619524141EB0101A3F10103BDE8D3
:10B6200001894FEA144524EA05464FEA114721EA09
:10B63000074C05FB07F406FB07F70CFB06F111EBC3
:10B64000074144EB174405FB0CFC11EB0C4144EBA8
:10B650001C444FEA124722EA074C05FB07F206FB9F
:10B6600007F70CFB06F616EB074642EB174205FB05
:10B670000CFC16EB0C4642EB1C456A1854F1000119
:10B6800048BF7047B619524141EB0101A3F10103D4
:10B69000704795F0000F37D04FEA114221EA024679
:10B6A0004FEA144724EA074C02FB07F106FB07F7B1
:10B6B0000CFB06F414EB074441EB174102FB0CFCB6
:10B6C00014EB0C4441EB1C414FEA154725EA074CAB
:10B6D00002FB07F506FB07F70CFB06F616EB074621
:10B6E00045EB174502FB0CFC16EB0C4645EB1C42E8
:10B6F000121951F1000148BF7047B619524141EB90
:10B700000101A3F1010370474FEA144524EA0546FD
:10B710004FEA114721EA074C05FB07F106FB07F743
:10B720000CFB06F212EB074241EB174105FB0CFC48
:10B7300012EB0C4251EB1C414FF0000648BF704722
:10B74000921841EB0101A3F10103704703B4019882
:10B750004100009850EAC12018BF04204A0D18BFCC
:10B7600040F0010040F2FF72B2EB515F08BF40F0C1
:10B770000200012808BF052002B0704741000802FE
:10B7800018BF04200A0E18BF40F001004FF07F429E
:10B7900032EA010108BF40F00200012808BF05207D
:10B7A0007047000010EE101A08B5444A6846B2EB24
:10B7B000410F28D94FF0E640B0EB410F94BF002075
:10B7C0004FF0FF3000900098002861DB60EE000A27
:10B7D00010F0010F45D010F0020FDFED391A9FED88
:10B7E000391A00EEA11ADFED381A40EE811A21EE67
:10B7F000A01AF0EE400A40EE010A08BFF1EE600A1E
:10B80000B0EE600A08BD314B21F0004293423CD9B2
:10B8100011F0004FDFED2E0A20EE201ADFED2D0A89
:10B8200019BF31EE601A71EE200A31EE201A71EE66
:10B83000600ABDEEE01A11EE100A9FED271A00F023
:10B84000030000EEC10A9FED251A009000EEC10A28
:10B850009FED231A00EEC10A9FED221A00EEC10AE5
:10B86000B1E79FED211A9FED210A10F0020F00EEC3
:10B87000810A9FED1F1A00EE801AB7EE000A00EE53
:10B88000810A18BFB1EE400A08BD00F02BF99AE713
:10B8900010EE100A4000B0F17F4F3CBFB7EE000A37
:10B8A00008BD07D14FF00100F4F717FEBDE80840CE
:10B8B00000F008B9BDE8084000F001B9B61F927E5B
:10B8C000336D4CB9DA82083CA0AA2ABE490E49461B
:10B8D00083F9223F0000004B0000C93F00A0FD3962
:10B8E0000020A2331A61342CB93AB2BACA9F2A3D59
:10B8F000DDFFFFBE00B510EE101A2DED028B81B0FA
:10B90000524A6846B2EB410F2ED94FF0E640B0EBF9
:10B91000410F94BF00204FF0FF3000900098B0EE30
:10B92000408A00286ADB10F0010F4BD068EE080A4D
:10B930009FED471A9FED470A00EE810A9FED461AD8
:10B9400010F0020F00EE801AB7EE000A00EE810A36
:10B9500002BF01B0BDEC028B00BD00BF01B0B1EE73
:10B96000400ABDEC028B00BD3C4B21F000429342EB
:10B9700041D911F0004FDFED3A0A20EE201ADFED39
:10B98000390A19BF31EE601A71EE200A31EE201A21
:10B9900071EE600ABDEEE01A11EE100A9FED321A48
:10B9A00000F0030000EEC10A9FED301A009000EE97
:10B9B000C10A9FED2F1A00EEC10A9FED2E1A00EE6C
:10B9C000C10AABE728EE080A9FED2B1ADFED2B0A20
:10B9D00010F0020F40EE010A9FED291A00EE201A26
:10B9E00061EE000AB0EE480A08EE200AB6D101B0B6
:10B9F000BDEC028B00BD00F075F88FE718EE100A61
:10BA00004000B0F17F4F0DD218EE100AFFF7B6FEDE
:10BA1000042808BF00F05EF8B0EE480A01B0BDECA3
:10BA2000028B00BD09D10120F4F757FD01B0BDEC38
:10BA3000028B5DF804EB00F045B801B0B0EE480AA7
:10BA4000BDEC028B5DF804EB00F039B8B61F927EB6
:10BA5000B93AB2BACA9F2A3DDDFFFFBE490E494638
:10BA600083F9223F0000004B0000C93F00A0FD39D0
:10BA70000020A2331A61342C336D4CB9DA82083CB1
:10BA8000A0AA2ABE10B52DED028BB1EEC08A18EE29
:10BA9000100A20F00040C0F1FF40C00F0AD010EEA5
:10BAA000100A20F00040C0F1FF40C00F04BF012089
:10BAB000F4F713FDB0EE480ABDEC028B10BD30EE7A
:10BAC000000A7047DFED020A80EEA00A704700000E
:10BAD000000000009FED020A20EE000A70470000FF
:10BAE000000000102DE9F0014FF07F42B2EB410F52
:10BAF0009FBF4FF0FF310160BDE8F00170474FF08C
:10BB0000004242EA0123C1F3C752783A551112F0BC
:10BB10001F0C434CCCF120067C44C1F3C752A2F168
:10BB200078024FEA621204EB820254F8254008BF03
:10BB3000D2E9015612D0556804FA0CF425FA06F73A
:10BB40003C43976805FA0CF527FA06F8D26807FA1D
:10BB50000CFCF24045EA08054CEA0206A4FB034C43
:10BB6000A5FB0352A6FB03631D449D4234BF01267F
:10BB700000261319334416B1934202D903E09342CD
:10BB800001D2012200E00022624402F1200C920660
:10BB9000DC0C42EA443200EE102A5B03DFED210A9E
:10BBA000F8EEC01A00EE103A4FEA9C1C11F0004F5C
:10BBB000B8EE400AC0F800C020EE201A00EE105A7D
:10BBC000DFED190AB8EE400A20EE200A71EE810A74
:10BBD00070EE800A10EE902A02F500626FF30B02FD
:10BBE00000EE902A70EEE11A31EEC11ADFED101A64
:10BBF00030EE411A9FED0D0A20EE800A01EE210A77
:10BC00009FED0C1A00EE810A04BFBDE8F0017047F9
:10BC1000CCF180510160BDE8F001B1EE400A7047FF
:10BC2000180B0000000000360000802C22AAFD291D
:10BC3000DB0FC92F0000C92F30380A2801D201209C
:10BC4000704700207047000010B500290AD008781E
:10BC5000002807D005487844F5F7C6FF002801D032
:10BC6000002010BD0248784410BD0000820B000087
:10BC70007A0B000010B500290AD00878002807D0F8
:10BC800005487844F5F7B0FF002801D0002010BD2A
:10BC90000248784410BD0000720B00006A0B0000DF
:10BCA00021F0004201F00043A2F16052B2F5801F82
:10BCB00028BFD2F17F6C0BD95FEA001C43EAC202B5
:10BCC00042EB507018BF704728BF20F0010070474A
:10BCD000B2F5801FBCBF184670474FEA410C1CF5F7
:10BCE000001F02D2084600F079BC70B500F0B6FA29
:10BCF00000000089FFF7F6BF4FF00040A0F580007C
:10BD00007047000010B591EA030F48BF83F000436D
:10BD100000F10083841A71EB030C05D2121943EB76
:10BD20000C03001B61EB0C014FEA1154A4EB135CF4
:10BD3000DFF81CE11EEA430F18BF9EEA445F00F0E3
:10BD4000748021EA045123EA0E0343F48013DCF1EA
:10BD5000200E32D322FA0CFE10EB0E0023FA0CFE5A
:10BD600041EB0E01CCF1200E03FA0EFE10EB0E009B
:10BD7000CCF1200E51F10001B1F5801F32D201EB60
:10BD8000045112FA0EF2BDE8104058BF7047401C33
:10BD900038BF5FEA420218BF7047002814BF20F086
:10BDA000010041F100014FEA410313F5001F38BFC4
:10BDB0007047A1F1C04100F09FBA012A43EB030292
:10BDC000ACF1200CDCF11F0E32BF4FF0000E23FA55
:10BDD0000CF310EB030041EB0451B4EB115FD0D036
:10BDE000A1EB045101F58011490801EB04515FEA10
:10BDF00030000ED350F1000038BF12FA0EFE08D109
:10BE0000BDE81040C9E7401C38BF5FEA4202CAD112
:10BE1000C3E7BDE810404FEA410313F5001F38BFE8
:10BE20007047A1F1C04100F067BA9EEA445F08D0B4
:10BE300011EA5E0FBDE8104004BF01F00041002090
:10BE40007047BDE8104070B500F008FA64FBBE3ED4
:10BE50000000E0FF2DE9C04130B4DFF8A4C23CEAA5
:10BE6000111418BF3CEA131400F0ED801CEA111401
:10BE700081EA030544EAD57418BF1CEA131500F0E3
:10BE8000C880A4EB050404F17F7404F500344FF07E
:10BE9000004545EAC12145EAC32341EA505143EA3E
:10BEA00052534FEAC0204FEAC222994208BF904243
:10BEB00000F09D804FEA13650FF24416765D4FEA5D
:10BEC000134506FB05F7C7F1807706FB07F74FEA36
:10BED000D737A7FB03687642A7FB06CEC8F58038A4
:10BEE00038BFA8F1010807FB08E6A6FB028C4FF05B
:10BEF000000EE6FB03CEDCF1000CCEF1004E38BFA5
:10BF0000AEF1010EA6FB0C584FF00007E6FB0E87C2
:10BF1000A1FB08C6A0FB07CE16EB0E064FF00005EE
:10BF200045F10005E1FB076515F1E04E7EBFA4F584
:10BF300080345FEA46066D4116F1800745F1000541
:10BF40004FEA172747EA05674FEA15254FEA0666C5
:10BF5000A6F1DE46B6F1805F20D9384605EBC47104
:10BF600024F0010C01EB0C11BCF1FE6F02D8F0BC07
:10BF7000BDE8008124425CBF01F5801E9EEAC47FBB
:10BF800002D4F0BCBDE80081244200F13980A1F167
:10BF9000C041F0BCBDE8004100F0AEB94FEAD0208E
:10BFA00040EA41504FEAD1214FEAD22242EA4352BD
:10BFB0004FEAD323A7FB028607FB036605FB026655
:10BFC0001EEA0E0F58BFA6EB0056B6EB00564FEA1E
:10BFD000520E4EEAC37E18EB0E0E56EB530EBCD536
:10BFE00018EB02085E417F1C55F10005B5E74FF4E0
:10BFF00080154FF000074FF000064FF00008ACE747
:10C0000001F1C04101F000414FF00000F0BCBDE87B
:10C0100000810CEA131511EA0C1F00D00CE013EAA2
:10C020000C1F00F026804FF0000081EA030101F0B0
:10C030000041F0BCBDE80081F0BCBDE8004181EAF0
:10C04000030100F059B9F0BCBDE8004170B500F043
:10C0500005F900BF097EFC3E00F007B84FF0000074
:10C0600081EA030101F00041704781EA030100F019
:10C0700043B9F0BCBDE8004122494FF000007047D1
:10C08000FFFDFBF9F7F5F4F2F0EEEDEBE9E8E6E49D
:10C09000E3E1E0DEDDDBDAD8D7D5D4D3D1D0CFCD24
:10C0A000CCCBCAC8C7C6C5C4C2C1C0BFBEBDBCBB5D
:10C0B000BAB9B8B7B6B5B4B3B2B1B0AFAEADACAB58
:10C0C000AAA9A8A8A7A6A5A4A3A3A2A1A09F9F9E32
:10C0D0009D9C9C9B9A9999989797969595949393E4
:10C0E000929191908F8F8E8E8D8C8C8B8B8A89897B
:10C0F00088888787868585848483838282818180FE
:10C100000000FF070000F87F70B5DFF848C11CEAA7
:10C11000111E1EBF1CEA13159EEA0C0F95EA0C0FA8
:10C1200000F06F8081EA03044EEAD47EAE4421EA37
:10C130004C1123EA4C1341F4801143F48013AEF107
:10C140007F7EA1FB024CA0FB0365361955EB0C0565
:10C15000A1FB034C4CF10003A0FB021C16EB0C06E8
:10C16000654153F10003094218BF46F0010613F47C
:10C17000007F0BD14FEA03314FEA053041EA1551F8
:10C1800040EA165034036FF003020AE04FEAC3217D
:10C190004FEAC52041EA555140EA5650F4026FF08B
:10C1A000020202EB2E4201EB025585EACE710AD063
:10C1B0005FEA440C18BF24F0004450F1000041F144
:10C1C000000120EAD47040F2FE7C624500D270BDCE
:10C1D000A84214BF4FF080444FF04044002E08BFE7
:10C1E0000024BEF1806FA8BFA1F1C041BDE870403E
:10C1F00080F2828001F1C04101F000414FF0000067
:10C2000070470CEA13159EEA0C0F18BF95EA0C0F45
:10C2100006D081EA030E4FF000000EF0004170BD21
:10C2200000F01CF88900013E00F007B800F009B8E2
:10C230004FEA430C5FEA5C5C08D081EA030100F03E
:10C240005BB84FEA410C5FEA5C5CF6D102494FF003
:10C25000000070470000FF070000F87F0EF1020E9B
:10C260002EF0030E5EF8046B364205D4012A43EB30
:10C27000030515F5001F12D8012841EB010C1CF530
:10C28000001F0CD80ED14FEAD17C0CEB4C0C0CF1FA
:10C29000020C15F5001F08BF4CEBD37C04E04FF0F7
:10C2A000080C01E04FEAD37C0CEB4C0526FA05F6AE
:10C2B00006F00706B6F1040C06D20EEB860CBDE8BC
:10C2C00070404CF0010C6047DFE80CF0090B0202F3
:10C2D0004FF00041A1F500214FF0000070BD19465C
:10C2E0001046012851EB010418BFD4F5001484BF97
:10C2F000002001F0004170BD0808A0F500114FEAD0
:10C300003101704710B591EA030F48BF83F0004335
:10C310003FF500AD841A71EB030C07D28CF0004C92
:10C32000121943EB0C03001B61EB0C014FEA115493
:10C33000A4EB135CDFF8A4E11EEA430F18BF9EEAEA
:10C34000445F00F0B48021EA045123EA6E035242B4
:10C35000C3EB6E0338BF5B1EDCF1200E25D322FA3F
:10C360000CFE10EB0E0043FA0CFE41EB0E01CCF17B
:10C37000200E03FA0EFE10EB0E00CCF1200E51F150
:10C38000000129D401EB045112FA0EF2BDE810406D
:10C3900058BF7047401C1CBFB2F1004F70470028C7
:10C3A0000CBF491C20F00100704712EB020E43EB5A
:10C3B000030218BF4FF0010E4EEA4202ACF1200C0E
:10C3C000DCF11E0E56D943FA0CFE10EB0E00CCF138
:10C3D0001E0E51F1FF31D5D50EF1010E12FA0EFEEF
:10C3E000404141EB010101EB445C5FEA5C5C10D928
:10C3F00001EB045110EBDE7038BFBEF1004FBDE819
:10C40000104018BF704700280CBF491C20F00100E5
:10C41000704734D24FEAD42C24F4006411F5001193
:10C420001BD0B1FA81F20B3AA41AA41ED2F1200358
:10C43000914030FA03F31943904001EBCC7101EBCA
:10C440000451002CBDE81040A8BF704701F1C04165
:10C4500001F000414FF000007047B0FA80F310FA8D
:10C4600003F102D1BDE810407047E41A173C4805BB
:10C47000C90AE2E701EB0451BDE8104070474910DA
:10C480004FEA300001EB0451BDE8104002E04FF0EC
:10C49000000170474A0008BF0042F8D0B2F5001F03
:10C4A00028BF704701F000414FF0000070479EEA3E
:10C4B000445F07D011EA5E0FBDE8104004BF0021C1
:10C4C00000207047BDE8104070B5FFF7C7FE00BF01
:10C4D00040DFF63E104683F0004170470000E0FF69
:10C4E00043004FEAD30C4FEA3C0C43401FBF4007C8
:10C4F0000CF1605113F0FE4F70471CF0006F03D138
:10C500000CF00041002070470CF0004343EA5070EB
:10C5100040EACC0010B500F00EF800BF0000009219
:10C520004FEA0001FFF7E8BE4FF00041A1F50021FE
:10C530004FF0000070470EF1020E2EF0030E5EF871
:10C54000044B244204D44FEA4102B2F17F4F11D888
:10C550004FEA4003B3F17F4F0CD80ED14FEAD07CA5
:10C560000CEB4C0C0CF1020CB2F17F4F08BF4CEB02
:10C57000D17C04E04FF0080C01E04FEAD17C0CEBD9
:10C580004C0324FA03F404F00704B4F1040C06D2BB
:10C590000EEB840CBDE810404CF0010C6047DFE866
:10C5A0000CF0070802024FF00040A0F5800010BD1B
:10C5B0000846420018BFD2F1807288BF00F00040E8
:10C5C00010BDF1EE100A4FF6FF71C0F2C03120EA43
:10C5D000010040F04070E1EE100A7047FF2141EA8F
:10C5E000D050C0057047F4F79FBBF4F7D3BC0000F0
:10C5F000000000000000000030313233343536379F
:10C600003839414243444546403058003031323396
:10C610003435363738396162636465664030780096
:10C6200004000008000000000000000200010000FB
:10C6300010000000000000006E83F9A22915444E8E
:10C64000D15727FCC0DD34F5999562DB4190433C1E
:10C65000AB6351FE303132333435363738396162AD
:10C66000636465667870003031323334353637387C
:10C67000394142434445465850003A7474003A7474
:10C6800074003A747400000002400000000000A032
:10C690000000000005400000000000C8000000008D
:10C6A0000C4000000000409C000000001940000009
:10C6B0000020BCBE0000000034400000BFC91B8E3B
:10C6C00000000004B5400000504BCFD06607E2CF19
:10C6D000010000006C4100003E8251AADFEEA73449
:10C6E00001000000D9420000DCB5A0E23A301F97FB
:10C6F000FFFFFFFFB4450000FD25A0C8E9A3C14F1F
:10C70000FFFFFFFFFF3F000000000080000000006F
:10C71000FF3F00000000008000000000000000005B
:10C7200000000000010203040607080900000000E1
:10C7300001020304080402040801010101010103CC
:10C7400007010000010002000400060008000A00C2
:10C750000C0010002000400080000001696162634D
:10C760003A25662C25662C25660D0A0064757479B9
:10C770003A25662C25662C25660D0A00695F616CDA
:10C780007068613A252E34662C252E34660D0A0019
:10C79000695F626574613A252E34662C252E3466F5
:10C7A0000D0A0074686574613A252E34662C252EB6
:10C7B00034660D0A0000000008C9000800000020CF
:10C7C000180000001402000820C90008180000200A
:10C7D000B0120000300200081C00000043000000FE
:10C7E000F8FFFFFF0C0000000E0000000F0000002B
:10C7F0002E0000001001000043000000F8FFFFFFC2
:10C800000040404040404040404041414141414063
:10C810004040404040404040404040404040404018
:10C8200040050202020202020202020202020202A7
:10C8300002202020202020202020200202020202AC
:10C840000202909090909090101010101010101004
:10C850001010101010101010101010100202020210
:10C860000202888888888888080808080808080854
:10C870000808080808080808080808080202020250
:10C880004000000000000000000000000000000068
:10C890000000000000000000000000000000000098
:10C8A0000000000000000000000000000000000088
:10C8B0000000000000000000000000000000000078
:10C8C0000000000000000000000000000000000068
:10C8D0000000000000000000000000000000000058
:10C8E0000000000000000000000000000000000048
:10C8F0000000000000000000000000000000000038
:10C900000000000000000000000000000000000027
:10C91000000000000024F4000100000010000000EE
:04000005080001D915
:00000001FF
