:020000040800F2
:10000000B012002035030008CD880008F17D0008FB
:10001000C9880008F51E00080DA1000800000000B6
:100020000000000000000000000000000D8B000830
:10003000C91F0008000000006D8A0008658B0008D9
:100040004F0300084F0300084F0300084F03000848
:100050004F0300084F0300084F0300084F03000838
:100060004F0300084F0300084F0300084F03000828
:100070004F030008F91E0008091F00084F0300087D
:100080004F03000800000000D51D00084F030008C2
:100090004F0300081D2100084F0300084F0300080C
:1000A0004F0300084F0300084F0300084F030008E8
:1000B000F98B00084F0300084F0300084F030008A6
:1000C0004F0300084F0300084F0300084F030008C8
:1000D0004F0300084F0300084F030008FDA000086D
:1000E0004F0300084F0300084F0300084F030008A8
:1000F0004F0300084F0300084F03000800000000F2
:10010000000000004F030008000000004F0300083B
:100110004F030008000000004F0300084F030008D1
:100120004F0300084F0300084F0300084F03000867
:100130004F03000800000000000000004F0300080B
:100140004F0300084F0300080000000000000000FB
:10015000000000000000000000000000000000009F
:100160000000000000000000000000004F03000835
:100170004F03000800000000000000000000000025
:10018000000000004F030008000000000000000015
:10019000000000000000000000000000000000005F
:1001A00000000000000000004F0300084F0300089B
:1001B0004F0300084F0300084F0300080000000031
:1001C000000000004F0300080000000000000000D5
:1001D0004F0300084F03000800F002F800F09AF8FF
:1001E0000AA090E8000C82448344AAF10107DA4592
:1001F00001D100F08FF8AFF2090EBAE80F0013F04A
:10020000010F18BFFB1A43F00103184780BE00001E
:10021000A0BE0000103A24BF78C878C1FAD85207AF
:1002200024BF30C830C144BF04680C607047000070
:100230000023002400250026103A28BF78C1FBD8EF
:10024000520728BF30C148BF0B6070476E2900F0CD
:10025000E981702900F01F8366290BF02E8665293D
:100260000BF02B8667290BF0288661290BF0278677
:1002700003681B0A28BF41F08001692900F09681BC
:10028000642900F09381752900F090816F2900F0B6
:10029000AD82782900F0EB82E92900F04782E42959
:1002A00000F04482F52900F04182EF2900F0AA8293
:1002B000F82900F0EA820368DB0928BF41F08001D9
:1002C000632901F00780732901F00C80E32901F014
:1002D0001780F32901F01C80002070471FB50BF038
:1002E000DAFD9DE8030001F00DFB01F00BF90400BD
:1002F000002000210BF068FB401C60600020002102
:100300000BF04CFBE06001F00BF81FBD10B501F0E5
:1003100070F810BD01F0C8F81146FFF7DFFF0AF0D2
:10032000F3FA01F08FFA03B4FFF7F0FF03BC01F01A
:1003300099FC00000948804709480047FEE7FEE7AE
:10034000FEE7FEE7FEE7FEE7FEE7FEE7FEE7FEE785
:1003500004480549054A064B70470000E58B000834
:10036000D9010008B0060020B0120020B00A002019
:10037000B00A002053EA020C00F069802DE9F04B2E
:100380004FF00006002B1FBFB3FA83F503FA05F404
:1003900024FA05F65E4012BF1643B2FA82F502FA5D
:1003A00005F4C5F120051EBF22FA05FC44EA0C0441
:1003B000203556EA044C4FEA144418BF641C4FF031
:1003C00000084FF00009904271EB030C39D300296B
:1003D00019BFB1FA81F701FA07F6B0FA80F700FA0F
:1003E00007F6C7F120071EBF20FA07FC46EA0C06F5
:1003F0002037B6FBF4FCA7EB0507103F07F01F0BF7
:10040000CBF120062CFA06F60CFA0BFB44BFB346E0
:100410000026202FA4BF5E464FF0000B5BEA060CBF
:1004200008BF4FF0010B19EB0B0948EB0608ABFBBB
:10043000027C06FB02CC0BFB03CCC01B71EB0C0156
:10044000C1E70B46024641464846BDE8F08B13B56E
:10045000084318BF4FF0FF300146AFF30080BDE8FE
:100460001C4070470FB4044910B503AA029800F06D
:10047000EDF810BC5DF814FB6C0000204FF000029A
:1004800000B5134694469646203922BFA0E80C508A
:10049000A0E80C50B1F12001BFF4F7AF090728BF65
:1004A000A0E80C5048BF0CC05DF804EB890028BFE1
:1004B00040F8042B08BF704748BF20F8022B11F00A
:1004C000804F18BF00F8012B704770477047704786
:1004D00010B500F0AFFA006810BD10B5044600F08A
:1004E000A9FA046010BD70B5044685690068C106AC
:1004F00001D5302600E02026C00707D070BDD4E922
:10050000012130469047206A401C20626D1EF6D5BE
:1005100070BD70B5044685690078C00707D170BD0D
:10052000D4E9012120209047206A401C20626D1EE2
:10053000F6D570BD09684A0501D540B27047C905B6
:10054000FCD500B2704709684A0501D5C0B27047B2
:10055000C905FCD580B2704770B50C460546012A26
:1005600005D02878800600D5EA69002302E001233F
:1005700005E05B1C934202D2E05C0028F9D1A86937
:10058000E618C01AA861286A184428622846FFF7AE
:10059000AAFF04E0D5E9012114F8010B9047B44209
:1005A000F8D32846FFF7B5FF70BD00002DE9F041F4
:1005B0000646002410687529314616A510D0FFF7AD
:1005C000B9FF002802DA404213A507E031688A0724
:1005D00001D512A502E0490704D511A5012401E0C7
:1005E000FFF7B1FF00210A2206F1240709E0B0FB62
:1005F000F2FCB0FBF2F302FB1C00303078541846DA
:10060000491C0028F3D123462A463046BDE8F04174
:1006100000F059BA000000002D0000002B0000007F
:100620002000000011680268006A530501D50870B7
:100630000AE0D30501D5088006E0130603D5C217EA
:10064000C1E9000200E0086001207047074B70B567
:100650000D467B4400F021FE0446284600F05CFE77
:1006600010B14FF0FF3070BD204670BD1FA10000DB
:100670002DE9FF5F15468A460446DFF8AC80F84452
:100680000027D8E900103E46CDE9001010E03AF806
:1006900016106A4602A800F0DFFE411C07D0217840
:1006A000890603D5E269391891420DD80744761CB2
:1006B0002078800602D5E069B84205DDAE42E6DB6F
:1006C0003AF816000028E2D1A069C01BA0612046BC
:1006D000FFF709FFD8E90010CDE90010002017E06E
:1006E0003AF818106A4602A800F0B6FEB0F1FF3FD3
:1006F00081460BD000250DF1080B05E0D4E901215E
:100700001BF8050090476D1C4D45F7D308F101001B
:10071000B0428046E4DB206A384420622046FFF77E
:10072000F8FEBDE8FF9F000042B800002DE9F0414F
:100730008046D21D22F007020025D2E90002F529E9
:1007400015A614D0011E72F1000106DA0023D0EBC9
:10075000030063EB020211A608E0D8F800108B0733
:1007600001D50FA602E0490701D50EA601251146C5
:10077000002408F1240704E000F060F930323A5513
:10078000641C50EA0102F7D12B463246214640460E
:10079000BDE8F04100F097B9000000002D00000016
:1007A0002B0000002000000030B4002100F12404E0
:1007B00008E002F00705D208303542EA4372DB0850
:1007C0006554491C52EA0305F3D10468002310A2C2
:1007D000250708D504F020040C4304D0C469012384
:1007E0000CA2641EC46130BC00F06DB910B50446A3
:1007F00021461068FFF7A7FE02462046BDE81040DC
:100800000023D1E7D21D22F00701D1E90023CBE775
:100810000000000030000000F0B40D46018809051A
:1008200002D5214C7C4402E01F4C7C440E34002154
:1008300000F1240608E002F00F071209E75D42EA22
:1008400003721B097754491C52EA0307F3D102785B
:100850000023120704D5702D06D009B102231134EC
:100860002246F0BC00F02FB901231034F8E770B530
:1008700004460D4621461068FFF765FE02462946EC
:100880002046BDE870400023C6E7D21D22F00703D2
:10089000D3E90023C0E70368126843F02003036034
:1008A0000823C3610023B7E7A4B600002DE9F05F79
:1008B000894604464FF0000ADFF874B1FB44C0F8E3
:1008C00020A02046E1688847002874D0252806D05B
:1008D000D4E901219047206A401C2062F1E70026FC
:1008E0005F462046E16888472028054607DB312D12
:1008F00005D2781910F8200C08B10643F1E7B007CB
:1009000001D526F00406C4F81CA00027C4F818A0DE
:100910002A2D09D028460BF039F838B304EB8708A4
:10092000303DC8F8185019E059F8041B204604EB74
:1009300087029161E1688847012F054618D1E06977
:10094000002820DA26F020061DE0D8F8180000EB79
:10095000800005EB40003038C8F818002046E168F8
:10096000884705460BF012F80028EED1012F0AD077
:100970002E2D08D12046E16888477F1C0546022FAE
:1009800046F02006C4DBA069002803DA404246F0A6
:100990000106A061F00701D026F010066C2D0BD0E7
:1009A000682D09D04C2D39D06A2D35D0742D35D015
:1009B0007A2D33D016E038E0E1682F46204688478C
:1009C000B842054609D16C2F26D04FF48060E1680B
:1009D000064320468847054604E06C2F1AD04FF4A2
:1009E000807006430DB3A5F14100192802D82035C7
:1009F00046F400664A462946204626604E46FFF7E2
:100A000025FC80B101280BD0F61D26F0070000F16F
:100A1000080956E74020E4E78020D8E70020D6E721
:100A200006F104094DE7284652E7206ABDE8F09F29
:100A300034B60000004870471401002030B5B0F112
:100A40000A0271F100034FEA900E4EEA817EB0EB8C
:100A50000E0061EB91014FEA101E4EEA017E10EB91
:100A60000E0041EB11114FEA102E4EEA016E10EB11
:100A70000E0041EB11214FEA104E4EEA014E10EBF1
:100A80000E0041EB1141401841F100014FEAD00046
:100A900040EA41704FEAD1014FEA810444EA907480
:100AA00010EB800544EB01046D1944EB0404521B68
:100AB000A3414FF0000348BF0A3200D530BD401CAF
:100AC00041F1000130BD2DE9F0470D4699469246AF
:100AD000044600F124080168880604D5E06921F085
:100AE0001001216000E00120A84201DD471B00E069
:100AF0000027A1697A1902EB0900081AA061207881
:100B0000C00602D42046FFF7EEFC002608E0D4E938
:100B100001211AF806009047206A401C761C2062CA
:100B20004E45F4DB2078C0060AD52046FFF7DBFCF3
:100B300006E0D4E9012130209047206A401C206261
:100B4000381EA7F10107F4DC07E0D4E9012118F809
:100B500005009047206A401C2062281EA5F101056F
:100B6000F3DC2046FFF7D5FC2078000602D50220F2
:100B7000BDE8F0870120FBE72DE9FF4F0C461E463C
:100B80004FF0FF378BB0D2E90001DDF860800A90AA
:100B90008A46C1F30A5505B93D46002108464FF083
:100BA0000000BAF1000F00F4400005DA00EB80000D
:100BB0004FF4400101EA50004FEA9059B9F1010F9A
:100BC00000DDB9460A9850EA4A000ED044F61050AB
:100BD000A5F2FF3545432F14B8F1000F1ED0754222
:100BE000291E1EDDC9F100021CE0B8F1010F4FF013
:100BF000000001D0302103E0F24305E02154401C05
:100C0000B042FBDB30460022002121540B99C1F891
:100C10000880C1E900200FB0BDE8F08FBD1B6D1C3E
:100C2000DEE74A4600DA694206A800F0D7FC06ABC8
:100C300093E8070003AB83E8070050460A990AF0DF
:100C400083F88DE80700A0F500501F380090039846
:100C5000002D0ADD42F21F014A460844002303A981
:100C6000039068460AF0ECFA09E0A0F500504A4605
:100C70001F38002303A9039068460AF0F6FA8DE8AE
:100C800007000004000C03D04FF0FF30410800E0E3
:100C90001046B8F1000F03D00022009215461EE066
:100CA000751E05D4FFF7CAFE303262556D1EF9D5A8
:100CB000B3460122084302D000227F1C04E02078C2
:100CC000302801D100227F1E002A099784D01DE020
:100CD000112D07DAFFF7B2FE303262556D1C50EA73
:100CE0000102F5D1084302D00098C8B10EE00021FE
:100CF000681E05E0235C625C63542254401E491C5C
:100D00008142F7DBAB46A81B401E0990002004F887
:100D10000B000B98099AC0F80880C0E9002B7AE70D
:100D200011264FF0000857E72DE9F04F884604469A
:100D3000D21D22F0070191B0D1E90001CDE90A01ED
:100D40000AF0CAFB02460B98C00F01D02D2007E025
:100D50002068810701D52B2002E0202101EAC00094
:100D6000032A099001D0072A05DB034641462046A5
:100D700000F0F4FB0BE12078800601D5E06900E08B
:100D80000620B8F1650F814606D0B8F1660F18D07D
:100D9000B8F1670F70D131E00020B9F1110F009068
:100DA00001DB112301E009F101030AAA01A90CA842
:100DB000FFF7E2FEDDE90C70002609F1010583462C
:100DC00047E001204B4600904FF000470AAA01A9D6
:100DD0000CA8FFF7D1FEDDE90DB00C995D460026A9
:100DE00010B909F101000D18B9EB050003D4C0F1E9
:100DF000FF3609F10105A5EB09002BE0B9F1010F60
:100E000001DA4FF001090020B9F1110F00904846B6
:100E100001DD112300E003460AAA01A90CA8FFF78F
:100E2000ABFEDDE90C704D460026834620780007B6
:100E30000AD4AB4500DA5D4601A8012D04DD411955
:100E400011F8011C302907D04F4502DA17F1040FC1
:100E500004DA012082460FE06D1EEEE7002F02DC6F
:100E6000ED1B3E4403E0781CA84200DD7D1CB81B4E
:100E700000F1010A4FF000472078000703D4AA458B
:100E800001DB4FF0FF3A0021B7F1004F0DF14308AD
:100E90008DF8431024D002202B23002F01DA7F424B
:100EA0002D230A21021EA0F1010000DC5FB197FB97
:100EB000F1FC97FBF1F201FB1C7C17460CF1300CA6
:100EC00008F801CDEEE7A8F10100037021880905BB
:100ED00001D5452100E06521A0F1010800F8011CC1
:100EE00009980FA9A1EB0807FF1D00B101204119C6
:100EF00001EBEA70A1693844081A401EA06120780D
:100F0000C00602D42046FFF7EEFA099828B1D4E9CA
:100F100001219047206A401C20622078C00622D51B
:100F20002046FFF7E0FA1EE0002E04DBB34502DDA9
:100F300001A8805D00E03020D4E901219047206ABB
:100F4000401C2062761CAAF101005FEA000A0AD167
:100F500000F0D8FAC0680168405CD4E901219047EC
:100F6000206A401C2062281EA5F10105DCDC07E098
:100F7000D4E9012118F8010B9047206A401C206237
:100F8000381EA7F10107F3DC2046FFF7C2FA032061
:100F900011B041E62DE9F04F04460D46D21D22F076
:100FA000070089B0D0E90097484639460AF094FA1C
:100FB0000246F80F01D02D2307E02068810701D5F4
:100FC0002B2302E0202101EAC0038DF820300BB171
:100FD000012000E00020032A824601D0072A04DB1A
:100FE0002946204600F0BAFA3FE12078800601D475
:100FF0000D2500E0E569C7F30A560D2D49DA0021F9
:101000004FEA175B08464FF00000002F00F4400045
:1010100007DA00EB80004FF4400100EBD07001EAEA
:1010200060008115012901DD4FF0FF3100224FEAF8
:10103000850CBCF1180F06D31346ACF118004FF025
:101040008052C24003E04FF4801323FA0CF30CF1FA
:101050000C0CBCF1200F04D3ACF1200C09FA0CF0FD
:1010600001E007FA0CF000294FF0004801DD18B943
:101070000FE00ED140450CD319EB02095F4121B9B5
:10108000404502D19F4329EA0209BBEB175F00D01C
:10109000761C2088000502D57B48784402E07A4817
:1010A0007844193808AA302302F80A30037C0AF180
:1010B0000101002E0AF1020A53546A4602DC4FF085
:1010C000300101E04FF031014FF001088DF80010C0
:1010D00002D0A6F2FF3603E059EA470100D06B4E7A
:1010E000002D02DC2178090704D54FF002082E21DB
:1010F0008DF80110C44600210BE0C7F303433F0104
:10110000C35C491C6D1E02F80830052908F101086E
:1011100001DA002DF1DC00210CE000EB1973491C11
:101120001B786D1E082902F808304FEA091908F1EA
:10113000010801DA002DF0DC21688B0602D516E0EB
:10114000A8F10108E04505DD02EB080313F8013CB6
:10115000302BF5D0B8F1000F09DD02EB080313F8CE
:10116000013C2E2B03D1090701D4A8F10108002D61
:1011700005DD3E2102F808106D1E08F10108407CD3
:10118000002E02F8080008F1010804DA2D2076424A
:1011900002F8080002E02B2002F808000A214FF4B0
:1011A0007A70864208F101080BDB96FBF0F33033CE
:1011B00002F8083096FBF0F308F1010800FB136613
:1011C00001E0642E0CDB642096FBF0F3303302F870
:1011D000083096FBF0F308F1010800FB136601E00C
:1011E0000A2E06DB96FBF1F0303002F8080008F119
:1011F000010896FBF1F001FB1060303002F80800A6
:10120000A16908F1010808EB050202EB0A00081ABF
:10121000A0612078C00602D42046FFF764F9216A55
:1012200008AE01EB0A00206204E0D4E9012116F8BF
:10123000010B9047BAF1010AF7D22078C00602D517
:101240002046FFF750F96E4609E016F8010B3E28DC
:101250000FD0D4E901219047206A401C2062B8F1E8
:101260000108F2D22046FFF754F909B00320BDE887
:10127000F08F206A2844206203E0D4E90121302065
:1012800090476D1EEBD3F8E79DAE000002FCFFFF18
:1012900001694A1C02610878704700B58FB0CDE93A
:1012A00001310021059105497944CDE9031011462A
:1012B0006846FFF7FBFA0FB000BD0000E5FFFFFF37
:1012C00010B5436913B1AFF3008001E0FFF744F9B3
:1012D000012010BD127800F124010A7000224A702A
:1012E0000122EDE711684FF0FF32E9E710B54369DD
:1012F00013B1AFF3008001E0FFF7BAF9012010BD90
:10130000128800F1240182840022C2840122EDE7C8
:1013100011684FF0FF32E9E7007B00F08000704772
:1013200010B542485421FFF7A9F841485421FFF76E
:10133000A5F840485421FFF7A1F83F493B483C4AF3
:101340003F4B08603D490A603A491960531C0365E8
:10135000481C1065012008653B48344A39A178448F
:1013600000F0D2F920B9384878440A3800F073FA0E
:1013700037482F4A35A1784400F0C6F920B93448DF
:1013800078440A3800F067FA32482A4A2FA1784494
:1013900000F0BAF920B92F4878440A3800F05BFA17
:1013A00040232248DC000021224600F089F920B1C8
:1013B00025487844543800F04EFA1D482246402310
:1013C000002100F07DF920B121487844543800F024
:1013D00042FA184822461023002100F071F9002833
:1013E00006D01C487844BDE81040563800F033BAA7
:1013F00010BD104870B5006D20F001040B4800F0DE
:10140000FBF90B4800F0F8F90A4800F0F5F909E09B
:10141000206D20F00105204600F0EEF9204600F096
:1014200075F82C46002CF3D170BD00001800002088
:101430006C000020C00000200000002004000020FC
:101440000800002072000000ECAB000077000000F4
:10145000D8AB0000C4AB00002DE9F04116460C46A5
:10146000054600F047F8036893F80101012807D00A
:10147000FF2C12D8185D80B101202C70BDE8F081DE
:10148000D3F807013246214603F20713C71828464E
:10149000BC46BDE8F041002360474FF0FF30EDE768
:1014A00000487047140100207546FFF7F9FFAE466B
:1014B00005006946534620F00700854618B020B560
:1014C000FEF746FFBDE820404FF000064FF0000752
:1014D0004FF000084FF0000BAC46ACE8C009ACE898
:1014E000C009ACE8C009ACE8C00921F007018D468D
:1014F0007047000010B500F005F8001D10BD00BFDA
:10150000C9A40000004870473401002070B50446AB
:10151000051F00F0DBF90068002C14BF446870BDA3
:10152000002C18BFAC423CBF20466468F8D3016869
:101530000A18AA4218BF456003D12A68054611441B
:10154000016028684119A1421CBF6C6070BD6168D0
:10155000696021680844286070BD00002DE9F041F1
:101560001F46044603260168072A01F4006004DBD5
:1015700008B116A505E016A503E008B115A500E021
:1015800015A521F010002060A069C01EA0610FB158
:10159000401EA0612046FEF7A6FF4FB1D4E901210D
:1015A00038469047206A401C2062C01C206206E03A
:1015B000206AFAE7D4E9012115F8010B9047761E5D
:1015C000F8D22046FEF7A5FFBDE8F0814E414E005F
:1015D0006E616E00494E4600696E66002DE9F04767
:1015E000814616468AB0354878440DC88DE80D000E
:1015F00032487844801C03AC0DC884E80D0041F6E5
:101600009B300844372190FBF1F290FBF1F5A5F1F6
:10161000800501FB12041B3C02D56442012000E05E
:101620000020DFF898A080460027FA44AAF1BE0AFD
:101630000EE0E0070AD03246684607EB4701012377
:101640000AEB810109F011FE8DE8070064107F1C90
:10165000002CEED1194F7F44AE3F19E0E80715D0BA
:1016600007EB04100DF1180A90E80E008AE80E004E
:10167000C068F04201D1981908903246012306A9AA
:1016800003A809F0F2FD03AB83E807006D10641CAA
:10169000002DE3D14FF0010332466946B8F1000F47
:1016A00003A802D009F0CCFD01E009F0DEFDC9E994
:1016B0000001C9F808200AB0BDE8F087ECA90000D5
:1016C00070B5C468A50713D0650211D4B2F5807F48
:1016D00009D0B2F5007F06D0B2F5806F08D10123A2
:1016E00000F1240106E05D1E6FF07F46B54201D394
:1016F000012070BD0161C361416024F47061114338
:10170000C160002070BD00002DE9F0410C46164676
:10171000070047D0104600F06FF82078611C612860
:101720000AD0722802D077283CD102E0012500249B
:1017300005E00225042402E0082448F2020511F81D
:10174000010B2B2806D0622809D011F8010C74284F
:101750000AD00BE045F0030544F00204EFE745F042
:10176000040544F00104EAE744F010043846214639
:1017700000F078F8411C15D00021316171604FF400
:101780000071F560F1617061200704D530460222D6
:10179000002100F015F9306D40F001003065304651
:1017A000BDE8F0810020FBE72DE9F0410D4606463B
:1017B000104C206DC10704D0410804D020F0010472
:1017C000F7E722460EE0542000F0CBF807000ED0D9
:1017D000206D47F001010843542120653846FEF78B
:1017E0004DFE3A4629463046BDE8F0418CE70020E0
:1017F000D6E70000180000202DE9F04704464FF01E
:1018000000094FF0FF37C568D4E90486A80707D060
:10181000204600F085F9304600F02EF8002802DA64
:101820003846BDE8F087280502D54046FFF76EFE32
:101830004C212046FEF722FE206D20F0010020659D
:101840004846EEE710B50446AFF300802046BDE8F9
:101850001040FEF768BD10B500F0ACF9BDE81040CF
:1018600000F0A2B90EB5CDE9000100F064FA0290D3
:1018700069460120ABBE0EBD08B569460090022046
:10188000ABBE08BD1FB58DE8070069460520ABBE9D
:1018900004B010BD1FB58DE80F0069460620ABBE31
:1018A000F6E708B5694600900920ABBE08BD1CB537
:1018B000CDE9000169460A20ABBE1CBD704708B5E2
:1018C000694600900C20ABBE08BD00000048704780
:1018D0001C010020704770477047704738B50446B8
:1018E0000A4600206946AFF30080002808BF38BDD3
:1018F00002460099204600F0C3F9012038BD0120BE
:1019000000F012BAF8B5AFF30080054600200C468F
:10191000102000BF0646A819A0420DD932466946DC
:101920000020AFF30080070008BF00F0FDF9009829
:10193000A04218BF0546C419FFF7C8FF0560074657
:10194000F01D20F007004619284600F092F9B44235
:1019500008BFF8BDA21B31463868BDE8F84000F06A
:101960008FB970B50646FFF7B1FF056806F10B00A9
:1019700020F00704B4429CBF002070BD2B466A686B
:10198000BAB11068A04210D304F1080188423CBFEC
:101990005068586007D35168101941601168091BDD
:1019A000016058601460101D70BD13465268002A13
:1019B000E7D121462846FFF791FF0028DED170BD10
:1019C0002DE9F041044616460D464769007B800725
:1019D0002ED03846FFF765FF50BB3EB3012E02D034
:1019E000022E25D104E0204600F064F905441DE0F4
:1019F0003846FFF764FFE168002841F01001E1601C
:101A000005DA204600F058F80120BDE8F081C9034E
:101A10000BD56268E16A914200D81146A26911446F
:101A20002269891A814200DD08460544002D01DA49
:101A30000220EAE7E16A6068E268814206D2910327
:101A4000E06203D522F4003141F01002A6690027BC
:101A5000AE4213DCE16A814201D90B4600E0034645
:101A600003EB060C2369ACEB030CAC4506DD8142AD
:101A700001D98C4600E084469C4505D1A7602760CB
:101A800042F02000A5620DE0AD1BE669AE1B81426D
:101A9000A66000D90846C01A281A2060581960604C
:101AA00022F0200003490840E060002084F84870DC
:101AB000ABE70000BFCFD7FFC16821F4001141F0B0
:101AC0008001C16000218160016070472DE9F0470D
:101AD000814614460E464FF0FF383248D5685769A4
:101AE000054209D03846A169FFF7E1FE002811DB65
:101AF0002C48C0430540E5602B46324649463846EF
:101B0000FFF7C0FEA16920F00042B21A114400287C
:101B1000A16103D02046FFF7CFFF4046BDE8F08724
:101B200070B504460569C06A6168884200D80846F5
:101B3000E16821F42011E160C90312D5A84208D060
:101B40002246411B2846FFF7C1FF10B14FF0FF307E
:101B500070BD0020E562C4E90150E06820F48030E7
:101B6000E060002070BD10B50446C06820F0200081
:101B7000E060A16AA06988420DD02046FFF7D0FF3F
:101B8000E06820F4405040F01000E060A06AA061DE
:101B90002069E062606044F24001E0688843E060F0
:101BA00010BD000010000200002801D000F05AB85B
:101BB0007047000010B5014602A000F09CF801201B
:101BC00010BD000053494752545245443A205265D3
:101BD0006469726563743A2063616E2774206F7064
:101BE000656E3A200000000030B44FF0013C50F820
:101BF000042B51F8043BCCFA52F4D51A20D1FCB98D
:101C000050F8042B51F8043BCCFA52F4D51A17D1F2
:101C1000B4B950F8042B51F8043BCCFA52F4D51A5D
:101C20000ED16CB950F8042B51F8043BCCFA52F4A5
:101C3000D51A05D1002CDAD030BC4FF00000704727
:101C400029BAB1FA81F111F01801D1F120008440D4
:101C5000F2D1CA40CB4012F0FF0213F0FF0330BCB8
:101C6000D01A704701491820ABBEFEE726000200DB
:101C7000704700210160C0E90110704710207047D3
:101C8000034640688C46002818BF88423CBF034684
:101C90004068F8D318681844884207D00CF1030054
:101CA00020F00700001D411A521A0146081D0A6063
:101CB000FFF72CBC10B50146C268900703D0900610
:101CC00007D5886A0AE0FEF7B5FE01210160881E8B
:101CD00010BD8B69486818440B69C01A91F84830E8
:101CE0001BB191F84910401A10BD1103FCD5002812
:101CF000FADD401E10BD70B505460C460A2000E016
:101D00006D1C00F037F835B128780028F8D102E0D2
:101D1000641C00F02FF814B120780028F8D1BDE839
:101D200070400A2000F026B810B500F02BF8BDE88E
:101D30001040FFF739BF10B5431C02E010F8011B3B
:101D400071B18107FAD14FF0013202C88C1A8C436D
:101D500014EAC211F9D0C01A0A0603D0C01E10BD81
:101D6000C01A10BD0A0401D0801E10BD0902FCD0AB
:101D7000401E10BD08B569468DF800000320ABBEBB
:101D800008BD000010B5012805D0002103A0FFF711
:101D9000B2FF012010BD09A1F8E7000053494752E6
:101DA000544D454D3A204F7574206F66206865612B
:101DB00070206D656D6F7279000000003A204865F3
:101DC0006170206D656D6F727920636F72727570CE
:101DD0007465640080B540F2C810C2F2000001F0E2
:101DE00031FB80BD80B584B0029000200090029845
:101DF000006806F09BF8002874D1FFE7029800689D
:101E000080683F21C8F2000108420ED0FFE7029926
:101E1000C86D40F01000C8650299086E40F00100DE
:101E2000086601208DF80F0060E00298006805F058
:101E3000EDFF40F20030C5F2000006F005F80002A8
:101E400000281CD5FFE740F20C00C2F20000006839
:101E5000800942F66351C0F23E51A0FB0110800997
:101E600000EB40010C2000EB81000090FFE70098A0
:101E700020B1FFE7009801380090F8E7FFE702F093
:101E800087FE0190FFE7029800680068C00740BB2A
:101E9000FFE70298006806F049F828B9FFE70298C2
:101EA000006805F0B3FFFFE702F072FE0199401AE7
:101EB000032815D3FFE7029800680068C00770B9CF
:101EC000FFE70299C86D40F01000C8650299086EDE
:101ED00040F00100086601208DF80F0006E0FFE7E2
:101EE000D1E7FFE700208DF80F00FFE79DF80F0016
:101EF00004B080BDFFE7FEE780B540F23420C2F2B7
:101F0000000001F08FFF80BD80B540F29420C2F246
:101F1000000001F087FF80BD84B003900398006843
:101F200040F20741C4F20201884206D8FFE740F6BA
:101F30000000C4F20200009005E040F62000C4F268
:101F400002000090FFE7009802900398007808389C
:101F50004CF6CD41CCF6CC41A0FB0110000901901C
:101F6000029803994A6C22F0030210448864039992
:101F700040F68000C4F20200C864019800F01F011E
:101F8000012088400399086504B0704782B0019031
:101F9000019800790090009940F6FC00C4F202001C
:101FA00000EB810001994865019940F64010C4F2A8
:101FB000020088650098013800F01F010120884068
:101FC0000199C86502B0704770470000000000002A
:101FD00080B584B0039002A806F0E8F8029803994F
:101FE000C860039908798A685043D1ED000A91EDE1
:101FF000030A08F0A5FC039880ED060A039890ED0B
:10200000030A90ED041A30EE410A80ED050A0398A8
:1020100090ED050A9FED2C1AB4EE410AF1EE10FA8C
:102020000ADDFFE7039890ED050A9FED2A1A30EECE
:10203000010A80ED050A15E0039890ED050A9FED71
:10204000231AB4EE410AF1EE10FA0ADAFFE7039818
:1020500090ED050A9FED1E1A30EE010A80ED050A8B
:10206000FFE7FFE70398406909F0A4FE41EC100B7D
:102070009FED131B53EC112B51EC100B09F0ECFCF2
:1020800041EC100B51EC100B09F0B4FC01900399DA
:10209000C86808619DED010A9FED0F1A20EE010A44
:1020A000039890ED071A9FED0D2A21EE021A30EEEB
:1020B000010A80ED070A04B080BD00BF00BF00BF69
:1020C0002D431CEBE2362A3FDB0F4940DB0F49C0B2
:1020D000DB0FC940DB0FC9C0CDCCCC3E9A99193F6C
:1020E00080B584B003908DF80B1001928DED000A3D
:1020F00006F086F89DF80B00039908710198039982
:10210000886000980399086004B080BD81B0EFF347
:10211000108072B60090FFE7FEE7000080B540F245
:10212000F420C2F2000002F005F880BD83B00290F6
:102130004AF20040C4F2000000900098029908643E
:1021400002980068D0F8800020F4F810029A116814
:10215000526B40EA0240C1F880000098703002994A
:10216000486402980068D0F8800020F07060029AFD
:102170001168926B40EA0260C1F880000098B030AC
:1021800002998864009800F5C4700299C8640098A8
:1021900000F5187002990865009800F51E70029904
:1021A000486500980190FFE70198009901F5547186
:1021B000884208D2FFE7019900200860FFE70198F4
:1021C00004300190F0E703B07047000081B0009048
:1021D00001B0704780B5C2B02290219100208DF8E7
:1021E00083001B901A902298406908B1FFE7FFE72F
:1021F0002198C0680021C4F27F01884201D0FFE726
:1022000000E0FFE7FFE7229890F85800012805D189
:10221000FFE702208DF88F0000F0B7BC2299012063
:1022200081F85800FFE7FFE72298406928B1FFE7EF
:102230002198006A01282FD1FFE7219840680928DA
:1022400029D1FFE72198806A68B1FFE721990A68E0
:10225000886AC96A02F0F84200F07C0040EA524005
:1022600008431A9006E02198006800F0F840400CFE
:102270001A90FFE722980068C06C44F20001C0F297
:10228000104108401A99084322990968C8641A98AD
:1022900022994866FFE747E02298806EE0B9FFE7A1
:1022A0002198006A22998866229900204866219820
:1022B000806A58B1FFE72199086A8A6AC96A0138B9
:1022C00002F07C02104308431A9004E02198006A4F
:1022D00001381A90FFE7FFE7219908684968C0F3C1
:1022E000846001F01F0100FA01F11A9808431A9066
:1022F0002299886E013888661A9A2299486E10438E
:1023000048662298806E70B9FFE722980068C06C1A
:1023100044F20001C0F210410840229A1168526E46
:102320001043C864FFE7FFE72298006805F0D4FD7A
:1023300030BBFFE7219890F8250090B9FFE722987D
:102340000068C06820F44010219991F8242091F889
:102350002610490541EA0251084322990968C860DC
:102360000DE022980068C06820F44010219991F88F
:10237000261040EA415022990968C860FFE7FFE74C
:102380002298006805F0F2FD1D902298006805F083
:10239000A3FD1C901D98002840F00982FFE71C98BF
:1023A000002840F00482FFE72198806A20B1FFE70F
:1023B0002198C06AA8B9FFE7219890F82500012864
:1023C00007D1FFE722980168C86840F00070C86034
:1023D00006E022980168C86820F00070C860FFE736
:1023E00016E0219890F82500012809D1FFE72299ED
:1023F000C86D40F02000C86501208DF8830006E01C
:1024000022980168C86820F00070C860FFE7FFE705
:10241000219890F83000012810D1FFE72298006839
:10242000006920F4FF71219A506B926B10430843AE
:1024300040F0020022990968086106E022980168CC
:10244000086920F002000861FFE721988068B0F178
:10245000004F0ED1FFE722980068219909680022F9
:1024600005F098FD229800684FF0004105F03EFE0F
:102470000CE022980068219A1168926805F08AFDA4
:1024800022980068002105F031FEFFE7219840699D
:1024900022990968C96801F01801890888401F90CD
:1024A0002198006904281CD0FFE722980068219930
:1024B0000A6809691F9B05F0BFFD22980068219AF0
:1024C0001169926905F0EAFD22980068219A116964
:1024D000127F013AB2FA82F25209520605F0CAFDA1
:1024E00064E122980068002105F0D6FC400348B959
:1024F000FFE722980068002105F0CEFCC0F384605D
:10250000199018E022980068002105F0C5FC90FAA7
:10251000A0F02490249820B9FFE720208DF89700A0
:1025200005E02498B0FA80F08DF89700FFE79DF859
:1025300097001990FFE719981890219800684003B8
:1025400030B9FFE721980068C0F38460179015E068
:102550002198006890FAA0F02690269820B9FFE70D
:1025600020208DF89F0005E02698B0FA80F08DF8C5
:102570009F00FFE79DF89F001790FFE718981799B5
:10258000884207D1FFE7229800680022114605F033
:1025900099FDFFE722980068012105F07DFC4003CA
:1025A00048B9FFE722980068012105F075FCC0F3E7
:1025B0008460169018E022980068012105F06CFCF8
:1025C00090FAA0F02890289820B9FFE720208DF8F5
:1025D000A70005E02898B0FA80F08DF8A700FFE783
:1025E0009DF8A7001690FFE71698159021980068AF
:1025F000400330B9FFE721980068C0F3846014906D
:1026000015E02198006890FAA0F02A902A9820B945
:10261000FFE720208DF8AF0005E02A98B0FA80F09F
:102620008DF8AF00FFE79DF8AF001490FFE7159815
:102630001499884207D1FFE72298006801210022FF
:1026400005F040FDFFE722980068022105F024FC18
:10265000400348B9FFE722980068022105F01CFCFE
:10266000C0F38460139018E022980068022105F0FE
:1026700013FC90FAA0F02C902C9820B9FFE72020B2
:102680008DF8B70005E02C98B0FA80F08DF8B7000F
:10269000FFE79DF8B7001390FFE713981290219879
:1026A0000068400330B9FFE721980068C0F38460F8
:1026B000119015E02198006890FAA0F02E902E98C5
:1026C00020B9FFE720208DF8BF0005E02E98B0FA72
:1026D00080F08DF8BF00FFE79DF8BF001190FFE785
:1026E00012981199884207D1FFE7229800680221C9
:1026F000002205F0E7FCFFE722980068032105F0BF
:10270000CBFB400348B9FFE722980068032105F09E
:10271000C3FBC0F38460109018E022980068032186
:1027200005F0BAFB90FAA0F03E903E9820B9FFE782
:1027300020208DF8FF0005E03E98B0FA80F08DF87B
:10274000FF00FFE79DF8FF001090FFE710980F9043
:1027500021980068400330B9FFE721980068C0F372
:1027600084600E9015E02198006890FAA0F04090E7
:10277000409820B9FFE720208DF8070105E0409838
:10278000B0FA80F08DF80701FFE79DF807010E9081
:10279000FFE70F980E99884207D1FFE7229800685B
:1027A0000321002205F08EFCFFE7FFE7FFE72298F8
:1027B000006805F0C3FB002840F04481FFE7229841
:1027C0000068219A1168D26805F000FC2198C06861
:1027D0000021C4F27F01884240F03381FFE7229854
:1027E00000680D9021980068400330B9FFE72198F8
:1027F0000068C0F384600C9015E02198006890FA9E
:10280000A0F03C903C9820B9FFE720208DF8F7001D
:1028100005E03C98B0FA80F08DF8F700FFE79DF8EE
:10282000F7000C90FFE70C98013000F01F0009281A
:102830007DD8FFE721980068400330B9FFE7219871
:102840000068C0F384600B9015E02198006890FA4E
:10285000A0F03A903A9820B9FFE720208DF8EF00D9
:1028600005E03A98B0FA80F08DF8EF00FFE79DF8A8
:10287000EF000B90FFE70B98013000F01F0080067F
:102880000A9021980068400330B9FFE7219800685A
:10289000C0F38460099015E02198006890FAA0F0D8
:1028A0003890389820B9FFE720208DF8E70005E040
:1028B0003898B0FA80F08DF8E700FFE79DF8E70060
:1028C0000990FFE70A980999013101F01F020121DF
:1028D00091400843089021980068400330B9FFE711
:1028E00021980068C0F38460079015E02198006883
:1028F00090FAA0F03690369820B9FFE720208DF8A6
:10290000DF0005E03698B0FA80F08DF8DF00FFE7D1
:102910009DF8DF000790FFE708980799013101F063
:102920001F0101EB410140EA0150069082E021982D
:102930000068400330B9FFE721980068C0F3846065
:10294000059015E02198006890FAA0F03490349832
:1029500020B9FFE720208DF8D70005E03498B0FAC1
:1029600080F08DF8D700FFE79DF8D7000590FFE7CE
:102970000598013000F01F0080060490219800683F
:10298000400330B9FFE721980068C0F384600390EA
:1029900015E02198006890FAA0F03290329820B9A2
:1029A000FFE720208DF8CF0005E03298B0FA80F0E4
:1029B0008DF8CF00FFE79DF8CF000390FFE7049864
:1029C0000399013101F01F02012191400843029057
:1029D00021980068400330B9FFE721980068C0F3F0
:1029E0008460019015E02198006890FAA0F0309082
:1029F000309820B9FFE720208DF8C70005E0309817
:102A0000B0FA80F08DF8C700FFE79DF8C70001908D
:102A1000FFE702990198013000F01F0000EB40022F
:102A20000020CFF6206000EB0250084340F0007019
:102A30000690FFE70D980699219A926805F0AAFA88
:102A4000FFE7FFE72198408848F20801084200F0BC
:102A50009180FFE740F20030C5F2000005F0FCF97C
:102A60001E90219800680021CCF22131884208D0C4
:102A7000FFE7219800681021C9F2C001884232D1D5
:102A8000FFE79DF87A00000600282CD4FFE7229883
:102A90000068B0F1A04F25D1FFE71E9840F4000177
:102AA00040F20030C5F2000005F0B8FA40F20C0028
:102AB000C2F200000068800942F66351C0F23E5144
:102AC000A0FB0110800900EB4001182000EB810001
:102AD0001B90FFE71B9820B1FFE71B9801381B9064
:102AE000F8E7FFE745E0219800680021CCF2527139
:102AF000884219D1FFE79DF87B00C007A0B9FFE726
:102B00002298006840F20011C5F2000188420AD004
:102B1000FFE71E9840F0807140F20030C5F20000DF
:102B200005F07CFAFFE723E0219800680021CCF64D
:102B3000843188421AD1FFE79DF87A0040060028C8
:102B400014D4FFE72298006840F20011C5F200019A
:102B500088420AD0FFE71E9840F4800140F200301E
:102B6000C5F2000005F05AFAFFE700E0FFE7FFE7D3
:102B7000FFE7FFE7FFE72299002081F85800FFE711
:102B80009DF883008DF88F00FFE79DF88F0042B01D
:102B900080BD000080B592B011904FF090401021A0
:102BA000002201F0DFFF11980068B0F1A04F40F063
:102BB0001A81FFE740F28260C2F20000007800282C
:102BC0007AD1FFE740F27410C2F2000001680131CF
:102BD0000160006818B3FFE740F2C810C2F20000BD
:102BE0000168D1F8803040F28012C2F20002116810
:102BF000194411600168D1F8843040F28C12C2F29D
:102C000000021168194411600068D0F8882040F271
:102C10009811C2F20001086810440860FFE740F212
:102C20007410C2F200000068B0F57A7F43D1FFE76C
:102C300040F28013C2F2000393ED000AB8EE400A9E
:102C40009FEDE71A80EE010A40F27C10C2F200000C
:102C500080ED000A40F28C12C2F2000292ED000AEE
:102C6000B8EE400A80EE010A40F28810C2F200007D
:102C700080ED000A40F29811C2F2000191ED000AC5
:102C8000B8EE400A80EE010A40F29410C2F2000051
:102C900080ED000A40F2826CC2F2000C01208CF838
:102CA0000000002018601060086040F27411C2F249
:102CB00000010860FFE795E040F2C811C2F2000190
:102CC0000868D0F8802040F27810C2F2000002605C
:102CD00090ED000AB8EE400A40F27C10C2F200000B
:102CE00090ED001A30EE410A9FEDEB3A80EE030AB8
:102CF0009FEDEA2A20EE020AB3EE041A20EE010A42
:102D000040F2A450C2F2000080ED000A0A68D2F836
:102D1000843040F28412C2F20002136092ED000A85
:102D2000B8EE400A40F28812C2F2000292ED004A68
:102D300030EE440A80EE030A20EE020A20EE010A79
:102D400080ED010A0968D1F8882040F29011C2F2A2
:102D500000010A6091ED000AB8EE400A40F29411B9
:102D6000C2F2000191ED004A30EE440A80EE030AFF
:102D700020EE020A20EE010A80ED020A90ED000A20
:102D800020EE000A9FEDC61AB4EE410AF1EE10FAE9
:102D900020DCFFE740F2A450C2F2000090ED010AEF
:102DA00020EE000A9FEDBE1AB4EE410AF1EE10FAD1
:102DB00010DCFFE740F2A450C2F2000090ED020ADE
:102DC00020EE000A9FEDB61AB4EE410AF1EE10FAB9
:102DD00007DDFFE740F28061C2F2000100200870C9
:102DE000FFE7FFE7FFE740F2A810C2F200000B90F8
:102DF000FFF7EEF840F25830C2F200000D9090ED6F
:102E00001C0A40F2A450C2F20000059040F2B851F2
:102E1000C2F20001039107F045FB0398016840F2FC
:102E2000C852C2F200020292D160416840F20C60C6
:102E3000C2F200000490C1600121019105F064F923
:102E40000199049805F060F9029ADDF80CC0049B22
:102E50000B990D989CED000A92ED051A30EE410A8F
:102E600040F2C052C2F2000282ED000A9CED010A5B
:102E700093ED051A30EE410A82ED010A136883676B
:102E80005268C2678A69C0F8802091ED021A91EDFC
:102E9000070AB1EE0C2A20EE020AB8EEC11A20EEA3
:102EA000010A80ED210A04F051FE0B9940F27C608A
:102EB000C2F20000026840F25060C2F200000790C7
:102EC0000261C969C16040F28061C2F200011091E3
:102ED00009789FED740A8DED090A05F02FFD05981C
:102EE0000B9991ED060A40F2B051C2F2000108912F
:102EF00007F0D8FA089A9DED090A109940F2E050BF
:102F0000C2F200000690002303611268C2600978D3
:102F100005F014FD069B0798089A9DED090A109983
:102F20001B6A40F29C6CC2F2000CCDF830C0CCF8A9
:102F30000030036A40F22460C2F200000A9003618C
:102F40005268C260097805F0F9FC0A9A0B990C984E
:102F5000126A426091ED060A40F28461C2F20001F9
:102F60000F9107F023FB0D9804F03AFE0D998A6E3D
:102F700040F2A460C2F200000260CA6E426091EDAD
:102F80001C0A40F29061C2F200010E9107F00EFBA4
:102F90000E990F9891ED000A90ED001A30EE010A9B
:102FA00080ED000A91ED010A90ED011A30EE010A60
:102FB00080ED010A91ED020A90ED021A30EE010A4D
:102FC00080ED020A40F29C11C2F20001B2EE080A42
:102FD00007F060FB1098007801283CD102E000BFA8
:102FE00000007A4440F29C11C2F2000191ED000A07
:102FF00042F62C40C4F2010090ED001AB8EE411ADE
:1030000020EE010ABCEEC00A42F63442C4F20102CC
:1030100082ED000A91ED010A90ED001AB8EE411A16
:1030200020EE010ABCEEC00A42F63842C4F20102A8
:1030300082ED000A91ED020A90ED001AB8EE411AF5
:1030400020EE010ABCEEC00A42F63C40C4F2010088
:1030500080ED000A17E042F62C41C4F20101086835
:1030600042F63442C4F20102002010600A6842F6BF
:103070003842C4F201021060096842F63C41C4F2D1
:1030800001010860FFE74FF090401021012201F09C
:1030900069FD12B080BD00BF00008045333353404E
:1030A0000000C84317B7513981B0009001B0704794
:1030B00080B588B0069040F20030C5F2000004F000
:1030C000E3FE03900698006804F006FF20B1FFE7D6
:1030D00002208DF81F00E5E006980068C06800F047
:1030E0000040049006980068C06C10F4C07F0CD1BA
:1030F000FFE7049848B9FFE70699C86D40F0200043
:10310000C86501208DF81F00CCE0FFE7069890F815
:103110005800012804D1FFE702208DF81F00C1E00C
:103120000699012081F85800FFE7FFE70698FEF7AF
:1031300059FE8DF817009DF81700002840F0A68072
:10314000FFE70698C06DC005002806D5FFE7069981
:10315000086E20F00800086603E006990020086663
:10316000FFE70698C06D40F4805042F201018843A9
:103170000699C8650698006840F20011C5F2000182
:10318000884204D1FFE74FF0A040029003E0069888
:1031900000680290FFE7029806990968884203D008
:1031A000FFE7039830B9FFE70699C86D20F4801057
:1031B000C865FFE70698016860200860FFE7069988
:1031C000002081F85800FFE706980068C068800278
:1031D000002807D5FFE706980168486840F480603A
:1031E0004860FFE70698806908280DD1FFE7069838
:1031F0000168486820F02000486006980168486827
:1032000040F0400048600CE006980168486820F0F3
:103210004000486006980168486840F02000486017
:10322000FFE70698006840F20011C5F200018842ED
:1032300004D1FFE74FF0A040019003E0069800683A
:103240000190FFE701980699096888420BD0FFE7D3
:10325000039840B1FFE70398062804D0FFE70398DE
:1032600007280CD1FFE70698006804F025FE28B96E
:10327000FFE70698006804F043FEFFE705E00699C3
:10328000C86D40F48010C865FFE706E0FFE70699C7
:10329000002081F85800FFE7FFE79DF817008DF840
:1032A0001F00FFE79DF81F0008B080BD81B00090AF
:1032B00001B0704781B0009001B0704780B5A4B0F4
:1032C0002290219100208DF883002198006808B198
:1032D000FFE7FFE7FFE7229890F85800012804D1A4
:1032E000FFE702208DF88F009FE02299012081F8EE
:1032F0005800FFE7FFE700201B901C902298006811
:10330000B0F1A04F06D1FFE740F20010C5F2000077
:10331000049002E000200490FFE7049878B9FFE7EA
:103320002299C86D40F02000C865FFE7229900206F
:1033300081F85800FFE701208DF88F0075E00498B0
:1033400004F014FE03902298006804F00FFE002899
:1033500057D1FFE70398002853D1FFE740F2003030
:10336000C5F200001F902198006860B3FFE71F9826
:10337000806820F4604021994968229A92F83820A8
:1033800041EA423108431F9988604FF0A04004F0A1
:10339000D5FD029040F20010C5F2000004F0CEFD11
:1033A00001460298084368B9FFE71F98806840F615
:1033B0001F718843219A11689268114308431F992D
:1033C0008860FFE71CE01F99886820F460408860EF
:1033D0004FF0A04004F0B2FD019040F20010C5F2A1
:1033E000000004F0ABFD01460198084338B9FFE73F
:1033F0001F99886840F61F7290438860FFE7FFE7D7
:1034000008E02299C86D40F02000C86501208DF8C1
:103410008300FFE7FFE72299002081F85800FFE7CB
:103420009DF883008DF88F00FFE79DF88F0024B092
:1034300080BD000081B0009001B0704781B0009065
:1034400001B0704780B58EB00D9000200C900D98A3
:10345000006800680B900D98006840680A9040F280
:103460000030C5F2000004F007FD05909DF82C0027
:10347000800700281AD5FFE79DF82800800700285C
:1034800014D5FFE70D98C06DC006002806D4FFE7ED
:103490000D99C86D40F40060C865FFE70D98FEF710
:1034A00095FE0D98016802200860FFE79DF82C004A
:1034B0004007002806D5FFE70A9800F0040004281A
:1034C0000ED0FFE79DF82C000007002840F19B80FC
:1034D000FFE79DF828000007002840F19480FFE7EF
:1034E0000D98C06DC006002806D4FFE70D99C86D81
:1034F00040F40070C865FFE70D98006804F03EFDD9
:10350000002878D0FFE70D98006840F20011C5F25E
:103510000001884204D1FFE74FF0A040049003E08F
:103520000D9800680490FFE704980D990968884297
:103530000BD0FFE7059840B1FFE70598052804D0B8
:10354000FFE70598092805D1FFE70D980068C068D6
:10355000079016E00D98006840F20011C5F20001D6
:10356000884204D1FFE74FF0A040039003E00D989C
:1035700000680390FFE7039806900698C0680790DC
:10358000FFE7079800F40050B0F5005F32D0FFE786
:103590000D9800680068000700282AD5FFE70D98FD
:1035A000006804F0DBFCC0B9FFE70D9801684868CB
:1035B00020F00C0048600D99C86D20F48070C8653B
:1035C0000D98C06DC004002806D4FFE70D99C86DA2
:1035D00040F00100C865FFE70AE00D99C86D40F0B2
:1035E0001000C8650D99086E40F001000866FFE7FD
:1035F000FFE7FFE7FFE70D98FFF71CFF0D98016855
:103600000C200860FFE79DF82C008006002806D5F6
:10361000FFE70A9800F0200020280ED0FFE79DF871
:103620002C004006002840F1B280FFE79DF82800FA
:103630004006002840F1AB80FFE70D98C06DC00642
:10364000002806D4FFE70D99C86D40F40050C86506
:10365000FFE70D98006804F047FC09900D9800689A
:1036600004F08CFC08900D98006840F20011C5F23F
:103670000001884204D1FFE74FF0A040029003E030
:103680000D9800680290FFE702980D99096888423A
:103690000BD0FFE7059840B1FFE70598062804D056
:1036A000FFE70598072805D1FFE70D980068C06877
:1036B000079016E00D98006840F20011C5F2000175
:1036C000884204D1FFE74FF0A040019003E00D983D
:1036D00000680190FFE7019806900698C06807907F
:1036E000FFE7099800284AD0FFE79DF81F008007F0
:1036F00000280AD5FFE7089800283FD0FFE79DF88B
:103700001D008006002839D4FFE70D980068006886
:103710004006002831D5FFE79DF81E0080060028EE
:103720002AD4FFE70D98006804F0CEFBC0B9FFE78C
:103730000D980168486820F0600048600D99C86DD8
:1037400020F48050C8650D98C06DC005002806D4CF
:10375000FFE70D99C86D40F00100C865FFE70AE07A
:103760000D99C86D40F01000C8650D99086E40F0C5
:1037700001000866FFE7FFE7FFE7FFE7FFE70D98B7
:10378000FFF708FA0D98016860200860FFE79DF8D0
:103790002C000006002813D5FFE79DF8280000063E
:1037A00000280DD5FFE70D99C86D40F48030C8653D
:1037B0000D9800F029FA0D98016880200860FFE755
:1037C0009DF82D00C00798B1FFE79DF82900C007BC
:1037D00070B1FFE70D99C86D40F40030C8650D98D1
:1037E000FFF764FD0D9801684FF480700860FFE7F3
:1037F0009DF82D008007002814D5FFE79DF82900CB
:10380000800700280ED5FFE70D99C86D40F4802091
:10381000C8650D98FFF74EFD0D9801684FF40070D4
:103820000860FFE79DF82C00C00600283ED5FFE7A2
:103830009DF82800C006002838D5FFE70D98C06B1A
:1038400018B9FFE701200C9019E0059860B1FFE777
:1038500040F20030C5F2000004F006FB18B1FFE7AB
:1038600001200C90FFE709E00D980068C068C007D0
:1038700018B1FFE701200C90FFE7FFE7FFE70C9886
:1038800001280ED1FFE70D99C86D40F48060C8652E
:103890000D99086E40F0020008660D98FFF7CEFD06
:1038A000FFE70D98016810200860FFE79DF82D00E4
:1038B0004007002819D5FFE79DF829004007002898
:1038C00013D5FFE70D99C86D40F48040C8650D9988
:1038D000086E40F0080008660D9801684FF480609B
:1038E00008600D98FFF7E0FBFFE70EB080BD000019
:1038F00080B588B0069000208DF8170001900698DA
:1039000020B9FFE701208DF81F0079E10698406992
:1039100040B1FFE7069890F82400012801D1FFE7A5
:10392000FFE7FFE70698C06D50B9FFE7069800F083
:103930006FF9069900200866069981F85800FFE79C
:103940000698006804F0EAFA28B1FFE706980068D4
:1039500004F050FAFFE70698006804F0F7FAF0B9AF
:10396000FFE70698006804F05FFA40F20C00C2F22C
:1039700000000068800942F66351C0F23E51A0FB8E
:1039800001108109022000EB41000190FFE701983E
:1039900020B1FFE7019801380190F8E7FFE70698AA
:1039A000006804F0D3FA70B9FFE70699C86D40F0DB
:1039B0001000C8650699086E40F0010008660120F5
:1039C0008DF81700FFE70698006804F0C7FA039027
:1039D0000698C06DC006002800F10481FFE7039837
:1039E000002840F0FF80FFE70698C06D40F002001D
:1039F00020F480700699C8650698006804F096FA6D
:103A0000D0B9FFE74FF0A04004F090FA009040F2E8
:103A10000010C5F2000004F089FA0146009808433E
:103A200048B9FFE70698416840F20030C5F200004F
:103A300004F0E6FAFFE7FFE706994A7FC86B40EA21
:103A400042308A68CB681843104391F8241040EA4A
:103A500001400490069890F8240001280BD1FFE75C
:103A60000698816A0020CFF6FE7000EB4141049871
:103A700008430490FFE70698C06A50B1FFE7069933
:103A8000C86A096B00F478700143049808430490F5
:103A9000FFE706980068C06844F20701CFF6F071AE
:103AA00008400499084306990968C86006980068A8
:103AB000006920F04060069A1168526B104308615B
:103AC0000698006804F000FA02900398002868D174
:103AD000FFE70298002864D1FFE70699087F91F874
:103AE0003810800340EA4100049006980068C068DE
:103AF00044F2020188430499084306990968C860A2
:103B000006980069A0B1FFE706980168086940F4CB
:103B10008030086106980068D0F8C00043F6FF7155
:103B20008843069A116812691043C1F8C00011E079
:103B300006980168086920F48030086106980068DA
:103B4000D0F8C00043F6FF71884306990968C1F8B0
:103B5000C000FFE7069890F84000012819D1FFE760
:103B600006980068006940F2FD7120EA0102069B98
:103B70001968586CD3F848E0D3F84CC040EA0E00FE
:103B800040EA0C001B6D1843104340F0010008612F
:103B900006E006980168086920F001000861FFE767
:103BA000FFE70698406901280CD1FFE706980068F6
:103BB000006B20F00F00069A1168126A013A104358
:103BC000086306E006980168086B20F00F000863A0
:103BD000FFE70698C06D40F0010020F00200069952
:103BE000C86508E00699C86D40F01000C86501205E
:103BF0008DF81700FFE79DF817008DF81F00FFE70D
:103C00009DF81F0008B080BD81B0009001B07047E2
:103C100080B59CB01B9000201A90199018901790B6
:103C2000169005A84421FCF729FC1B980068B0F108
:103C3000A04F45D1FFE74FF4004005904FF00050F2
:103C4000149005A801F046F918B1FFE7FEF75EFAF7
:103C5000FFE7FFE741F24C00C4F20200016841F4C3
:103C600000510160006800F4005004900498FFE7E0
:103C7000FFE741F24C00C4F20200016841F002018A
:103C80000160006800F0020003900398FFE741F62E
:103C9000030016900320179000200190189040F226
:103CA0000040C4F6000016A900F090FD019A122011
:103CB0000290114601F00AF8029800F0FDFFFFE7BC
:103CC0001CB080BD82B0019000208DF803000198E7
:103CD00090F82500022807D0FFE701990420C86367
:103CE00001208DF803002DE001980168086820F09C
:103CF0000E0008600198816C086820F480700860EC
:103D000001980168086820F0010008600198016CC2
:103D1000406C00F01F020120904048600198C16C87
:103D2000006D48600198406D58B1FFE70198416D02
:103D3000086820F4807008600198816DC06D48604B
:103D4000FFE7FFE70199012081F82500FFE70199CE
:103D5000002081F82400FFE79DF8030002B07047BF
:103D600080B582B0019000208DF80300019890F892
:103D70002500022811D0FFE701990420C8630199AA
:103D8000012081F82500FFE70199002081F8240037
:103D9000FFE701208DF803003FE001980168086803
:103DA00020F00E00086001980168086820F001000A
:103DB00008600198816C086820F4807008600198A0
:103DC000016C406C00F01F02012090404860019897
:103DD000C16C006D48600198406D58B1FFE70198D3
:103DE000416D086820F4807008600198816DC06D95
:103DF0004860FFE70199012081F82500FFE701995C
:103E0000002081F82400FFE70198806B20B1FFE7D4
:103E10000198816B8847FFE7FFE79DF8030002B038
:103E200080BD000080B584B003900398006C0068EA
:103E30000290039800680068019002980399496C09
:103E400001F01F01C8404007002825D5FFE79DF875
:103E50000400400700281FD5FFE7039800680068AA
:103E60008006002807D4FFE703980168086820F05F
:103E700004000860FFE70398016C406C00F01F022B
:103E80000420904048600398006B20B1FFE703983E
:103E9000016B8847FFE76EE002980399496C01F0D7
:103EA0001F01C840800700282FD5FFE79DF80400B8
:103EB0008007002829D5FFE703980068006880067E
:103EC00000280BD4FFE703980168086820F00A0077
:103ED00008600399012081F82500FFE70398016C31
:103EE000406C00F01F02022090404860FFE70399F9
:103EF000002081F82400FFE70398C06A20B1FFE7A3
:103F00000398C16A8847FFE734E002980399496C37
:103F100001F01F01C8400007002829D5FFE79DF8E0
:103F200004000007002823D5FFE70398016808680C
:103F300020F00E0008600398026C406C00F01F0136
:103F4000012000FA01F151600399C863039981F8D7
:103F50002500FFE70399002081F82400FFE703987C
:103F6000406B20B1FFE70398416B8847FFE700E013
:103F7000FFE7FFE7FFE704B080BD000080B584B035
:103F80000290029820B9FFE701208DF80F009CE015
:103F90000298006840F20741C4F20201884218D832
:103FA000FFE7029908684FF6F872CBF6FD721044ED
:103FB0004CF6CD42CCF6CC42A0FB02026FF00300DF
:103FC00000EA9200486402990020C4F202000864EA
:103FD00018E0029908684FF6F832CBF6FD721044EB
:103FE0004CF6CD42CCF6CC42A0FB02026FF00300AF
:103FF00000EA92004864029940F20040C4F20200D4
:104000000864FFE70299022081F825000298006801
:1040100000680190019847F6F07188430190029979
:104020008868D1F80CC00B694A6940EA0C00184353
:1040300010438A691043CA691043096A0143019811
:104040000843019001980299096808600298FDF7F9
:1040500063FF02988068B0F5804F04D1FFE70299B2
:1040600000204860FFE702990879896C086002988F
:10407000C16C006D48600298406888B1FFE7029803
:10408000406804280CD8FFE70298FDF77FFF0298EC
:10409000416D002008600298816DC06D486007E0A6
:1040A000029900204865029988650299C865FFE772
:1040B00002990020C863029A012182F82510029912
:1040C00081F824008DF80F00FFE79DF80F0004B081
:1040D00080BD000080B584B0039000F059FD0290CF
:1040E000039801900198013048B1FFE740F21000B9
:1040F000C2F200000168019808440190FFE7FFE761
:1041000000F046FD0299401A0199884201D2FFE76A
:10411000F6E704B080BD000081B0009001B07047A8
:1041200082B00190009102B07047000081B0009011
:1041300001B0704780B58AB0099009980068006D99
:1041400000F4E050089009980068416D0898084014
:10415000089009980068006D00F007000790099822
:104160000068416D07980840079009980068006D45
:1041700000F03800069009980068416D06980840E4
:10418000069009980068006D00F471000590099888
:104190000068416D05980840059009980068006D19
:1041A00000F46020049009980068416D049808406C
:1041B000049009980068406D019009980068006DAE
:1041C00000909DF8000000F040010020B0EB911F2E
:1041D00012D0FFE79DF8040000F040010020B0EB92
:1041E000911F08D0FFE709980168402008650998E9
:1041F000FFF79CFFFFE7FFE79DF80100C007E0B174
:10420000FFE79DF80500C007B0B1FFE70998006817
:10421000D0F8D800029009980068D0F8E010029811
:1042200008400290099801684FF480700865099869
:10423000029900F0B5FAFFE7FFE7089848B1FFE7F9
:1042400008980999096808650998089900F0B4FA6E
:10425000FFE7079848B1FFE70798099909680865DB
:104260000998079900F088FAFFE7069848B1FFE738
:1042700006980999096808650998069900F082FA74
:10428000FFE79DF8010000F002010020B0EB510FA4
:1042900013D0FFE79DF8050000F002010020B0EB0D
:1042A000510F09D0FFE7099801684FF400700865C5
:1042B000099800F087FAFFE7FFE79DF8001000205B
:1042C000B0EBD11F1DD0FFE79DF804100020B0EB2C
:1042D000D11F15D0FFE709980068D0F8D4000390EB
:1042E00009980068D0F8DC100398084003900998FA
:1042F0000168802008650998039900F057FAFFE7E4
:10430000FFE79DF8010000F020010020B0EB511FF5
:1043100013D0FFE79DF8050000F020010020B0EB6E
:10432000511F09D0FFE7099801684FF40050086554
:10433000099800F031FAFFE7FFE79DF8011000202F
:10434000B0EBD11F11D0FFE79DF805100020B0EBB6
:10435000D11F09D0FFE7099801684FF400400865B4
:10436000099800F015FAFFE7FFE79DF8010000F05B
:1043700040010020B0EB911F15D0FFE79DF805002C
:1043800000F040010020B0EB911F0BD0FFE709982F
:1043900001684FF4804008650999086E40F080007C
:1043A0000866FFE7FFE7049848B1FFE7049809991A
:1043B0000968086509980499FFF7B2FEFFE70598B8
:1043C00050B1FFE70598099909680865059A0999A8
:1043D000086E10430866FFE70998006E20B1FFE7FA
:1043E0000998FFF799FEFFE70AB080BD80B584B059
:1043F0000290029820B9FFE701208DF80F0057E1E5
:104400000298006846F20041C4F20001884201D1DE
:10441000FFE7FFE702988068B0F5407F01D1FFE732
:10442000FFE7029890F85C0040B9FFE7029900208E
:1044300081F85D00029800F03FF9FFE702980168FB
:10444000886920F01000886100F0A2FB0190FFE76E
:104450000298006880690007002815D5FFE700F082
:1044600097FB0199401A0B280DD3FFE70299086EBC
:1044700040F0010008660299032081F85C000120E9
:104480008DF80F0014E1E3E702980168886940F0B5
:104490000100886100F07CFB0190FFE70298006852
:1044A0008069C007A8B9FFE700F072FB0199401AC4
:1044B0000B280DD3FFE70299086E40F00100086653
:1044C0000299032081F85C0001208DF80F00EFE0D5
:1044D000E4E702980168886940F002008861029868
:1044E000006846F20041C4F20001884208D1FFE7AB
:1044F0000298406846F20051C4F200010860FFE7EC
:104500000298007C012807D1FFE7029801688869BA
:1045100020F04000886106E002980168886940F058
:1045200040008861FFE70298407C012807D1FFE73F
:1045300002980168886940F48040886106E002982A
:104540000168886920F480408861FFE70298807CD8
:10455000012807D1FFE702980168886920F480509C
:10456000886106E002980168886940F4805088619B
:10457000FFE702980068806920F44070029A116891
:1045800092681043886102980168886920F0A4004D
:10459000886102980168086920F01000086102989B
:1045A000C068012807D1FFE702980168886940F0D8
:1045B000040088612BE00298C06830B3FFE70298DE
:1045C000C068022819D0FFE702980168886940F0A6
:1045D0008000886102980168086940F01000086155
:1045E0000298C068032807D1FFE70298016888692C
:1045F00040F020008861FFE706E0029801688869C2
:1046000040F020008861FFE700E0FFE7FFE7029A43
:10461000116853699069D2F81CE0A0F1010C6FF0A9
:10462000FF0000EB0E2040EA4C60126A013A104392
:104630000022CFF6FF7202EB03421043C8610298DA
:104640008068B0F5407F1CD1FFE7029A1168536A79
:10465000906AD2F82CE001386FF0FF0C0CEB0E2CB6
:1046600040EA0C00D2F830C06FF00F0202EB0C12DF
:1046700010430022CFF6FF7202EB03421043C860E2
:10468000FFE702980168C26BD1F8C0001043C1F87F
:10469000C0000298FDF74AFD029900208865029942
:1046A0000866029A012182F85C108DF80F00FFE77E
:1046B0009DF80F0004B080BD80B59CB01B90002019
:1046C0001A90199018901790169005A84421FBF79E
:1046D000D5FE1B98006846F20041C4F200018842F2
:1046E00048D1FFE74FF4805005904FF000701190D3
:1046F00005A800F0EFFB18B1FFE7FDF707FDFFE7A6
:10470000FFE741F25800C4F20200016841F0007175
:104710000160006800F0007004900498FFE7FFE774
:1047200041F24C00C4F20200016841F00201016054
:10473000006800F0020003900398FFE74FF4407018
:1047400016900220179000200190189019900920CF
:104750001A9040F20040C4F6000016A900F036F8A6
:10476000019A15200290012100F0B0FA029800F0A1
:10477000A3FAFFE71CB080BD82B00190009102B0A7
:104780007047000082B00190009102B070470000B5
:1047900081B0009001B0704781B0009001B07047C7
:1047A00082B00190009102B07047000082B0019089
:1047B000009102B07047000082B00190009102B0F9
:1047C0007047000081B0009001B070478BB00A9034
:1047D000099100200890FFE7099800680899C840EF
:1047E000002800F0A581FFE709980068089A0121D8
:1047F0009140084007900798002800F09581FFE756
:104800000998406800F00300012807D0FFE70998E5
:10481000406800F0030002282FD1FFE70A98806863
:10482000069008984100032000FA01F10698884399
:1048300006900998C0680899490000FA01F10698A5
:104840000843069006980A9988600A98406806907E
:104850000899012000FA01F106988843069009980A
:104860004068C0F30010089900FA01F10698084367
:10487000069006980A994860FFE70998406800F09A
:104880000300032818D0FFE70A98C068069008982C
:104890004100032000FA01F1069888430690099828
:1048A00080680899490000FA01F1069808430690CB
:1048B00006980A99C860FFE70998406800F003006D
:1048C000022826D1FFE70A9808996FF0030202EA4E
:1048D00051010844006A0690089800F00700810022
:1048E0000F2000FA01F106988843069009980069A4
:1048F000089901F00701890000FA01F106980843C0
:10490000069006980A99089B02EA5302114408622D
:10491000FFE70A980068069008984100032000FA13
:1049200001F10698884306900998406800F003005A
:104930000899490000FA01F1069808430690069884
:104940000A990860099880798007002800F0EB80B8
:10495000FFE7FFE741F26000C4F20200016841F0A6
:1049600001010160006800F0010005900598FFE773
:10497000089820F003000821C4F201014058069075
:10498000089800F0030081000F2000FA01F106985A
:10499000884306900A98B0F1904F03D1FFE70020BA
:1049A000049042E00A9840F20041C4F600018842B7
:1049B00003D1FFE70120039034E00A9840F600019C
:1049C000C4F60001884203D1FFE70220029026E0EE
:1049D0000A9840F60041C4F60001884203D1FFE77F
:1049E0000320019018E00A9841F20001C4F600018A
:1049F000884203D1FFE7042000900AE00A9941F2BF
:104A00000042C4F600020620914208BF0520009033
:104A1000FFE700980190FFE701980290FFE70298F6
:104A20000390FFE703980490FFE70498089901F0CA
:104A30000301890000FA01F10698084306900698E0
:104A4000089921F003010822C4F20102885040F2C3
:104A50000840C4F201000068069007990698884350
:104A6000069009988079C006002805D5FFE70799C8
:104A7000069808430690FFE7069840F20841C4F202
:104A80000101086040F20C40C4F201000068069089
:104A9000079906988843069009988079800600282F
:104AA00005D5FFE70799069808430690FFE70698A3
:104AB00040F20C41C4F20101086040F20440C4F22B
:104AC00001000068069007990698884306900998A7
:104AD00080798007002805D5FFE7079906980843E5
:104AE0000690FFE7069840F20441C4F20101086015
:104AF00040F20040C4F20100006806900799069851
:104B00008843069009988079C00728B1FFE7079984
:104B1000069808430690FFE7069840F20041C4F269
:104B200001010860FFE7FFE708980130089053E6AD
:104B30000BB0704782B00190ADF802100198006987
:104B4000BDF80210084204D0FFE701208DF80100F3
:104B500003E000208DF80100FFE79DF8010002B09E
:104B60007047000082B00190ADF802108DF801206E
:104B70009DF8010028B1FFE7BDF8020001998861A6
:104B800004E0BDF8020001998862FFE702B07047B7
:104B900040F2AC60C2F200000068704740F21000C2
:104BA000C2F20000026840F2AC61C2F20001086883
:104BB000104408607047000080B582B000208DF876
:104BC0000700032000F09AF80F2000F00DF820B144
:104BD000FFE701208DF8070002E000F049F8FFE749
:104BE0009DF8070002B080BD80B582B00190002022
:104BF0008DF8030040F21000C2F20000006878B3A4
:104C0000FFE740F20C00C2F20000006840F2100121
:104C1000C2F200010A684FF47A71B1FBF2F1B0FB05
:104C2000F1F001F0A1F9B0B9FFE701980F280DD814
:104C3000FFE701994FF0FF30002200F047F801989C
:104C400040F21401C2F20001086003E001208DF877
:104C50000300FFE703E001208DF80300FFE703E016
:104C600001208DF80300FFE79DF8030002B080BD2E
:104C700080B582B0FFE741F26000C4F20200016833
:104C800041F001010160006800F00100019001980D
:104C9000FFE7FFE741F25800C4F20200016841F06B
:104CA00080510160006800F0805000900098FFE79C
:104CB00000F006F902B080BD80B582B08DF8070023
:104CC0009DF9070005F08EFB02B080BD80B586B06F
:104CD0008DF817000491039205F09CFB02909DF95A
:104CE0001700019002980499039A03F0F1FD014620
:104CF000019805F097FB06B080BD000080B582B03A
:104D00000190019805F0B0FB02B080BD85B0039022
:104D1000039800285ED1FFE747F20000C4F20000CC
:104D2000006800F4C060B0F5806F49D1FFE747F23A
:104D30008001C4F20001086820F48070086047F226
:104D40000002C4F200021168012060F34A211160E0
:104D500040F20C01C2F200010968322251434DF6C3
:104D60008362C4F21B32A1FB022100EB914002904E
:104D7000FFE747F21400C4F2000001680020490573
:104D80000029019006D5FFE70298002818BF0120EE
:104D90000190FFE70198C00720B1FFE702980138B2
:104DA0000290E6E747F21400C4F2000000684005F4
:104DB000002804D5FFE703208DF813007CE008E00D
:104DC00047F28001C4F20001086820F48070086096
:104DD000FFE76DE00398B0F5007F5ED1FFE747F293
:104DE0000000C4F20000006800F4C060B0F5806FFD
:104DF00049D1FFE747F28001C4F20001086840F49E
:104E00008070086047F20002C4F2000211680120BD
:104E100060F34A21116040F20C01C2F200010968FE
:104E2000322251434DF68362C4F21B32A1FB0221B0
:104E300000EB91400290FFE747F21400C4F200003B
:104E40000168002049050029009006D5FFE7029877
:104E5000002818BF01200090FFE70098C00720B18C
:104E6000FFE7029801380290E6E747F21400C4F227
:104E7000000000684005002804D5FFE703208DF8F6
:104E8000130019E008E047F28001C4F2000108684D
:104E900040F480700860FFE709E047F20001C4F2C7
:104EA00000010868022262F34A200860FFE7FFE77A
:104EB00000208DF81300FFE79DF8130005B0704740
:104EC00047F20801C4F20001086840F4804008601D
:104ED0007047000080B586B0059000208DF80B006B
:104EE0008DF80A00059880780007002840F1B58009
:104EF000FFE700208DF8090041F25800C4F20200DB
:104F00000068C000002813D4FFE7FFE741F2580013
:104F1000C4F20200016841F080510160006800F0B5
:104F2000805001900198FFE701208DF80900FFE70C
:104F300047F20001C4F20001086840F48070086084
:104F4000FFF726FE0390FFE747F20000C4F20000DF
:104F50000068C00500280CD4FFE7FFF719FE03998D
:104F6000401A032804D3FFE703208DF80B0000E06C
:104F7000EAE79DF80B0000285BD1FFE741F29000C3
:104F8000C4F20200006800F4407004900498C8B1B4
:104F9000FFE704980599096C884213D0FFE741F2B6
:104FA0009001C4F20201086820F44070049008687F
:104FB00040F480300860086820F48030086004986D
:104FC0000860FFE79DF81000C007E0B1FFE7FFF7BA
:104FD000DFFD0390FFE741F29000C4F20200006899
:104FE000800700280ED4FFE7FFF7D2FD0399401A8F
:104FF00041F28931884204D3FFE703208DF80B008A
:1050000000E0E8E7FFE79DF80B0060B9FFE741F239
:105010009001C4F20201086820F44070059A126CF5
:105020001043086004E09DF80B008DF80A00FFE7CC
:1050300004E09DF80B008DF80A00FFE79DF80900D9
:10504000012809D1FFE741F25801C4F202010868C2
:1050500020F080500860FFE7FFE705980078C00760
:1050600060B1FFE741F28801C4F20201086820F054
:105070000300059A526810430860FFE7059800781E
:10508000800700280CD5FFE741F28801C4F2020135
:10509000086820F00C00059A926810430860FFE74A
:1050A00005980078400700280CD5FFE741F28801F9
:1050B000C4F20201086820F03000059AD26810435B
:1050C0000860FFE705980078000700280CD5FFE787
:1050D00041F28801C4F20201086820F0C000059A7C
:1050E000126910430860FFE70598007880060028E1
:1050F0000CD5FFE741F28801C4F20201086820F4F0
:105100004060059A526910430860FFE705980078EF
:10511000400600280CD5FFE741F28801C4F20201E5
:10512000086820F44050059A926910430860FFE730
:1051300005980078000600280CD5FFE741F28801A9
:10514000C4F20201086820F44040059AD269104375
:105150000860FFE705984078C00760B1FFE741F2BB
:105160008801C4F20201086820F44030059A126AEE
:1051700010430860FFE705984078800700280CD5A9
:10518000FFE741F28801C4F20201086820F44020E0
:10519000059A526A10430860FFE705984078400777
:1051A00000281BD5FFE741F28801C4F2020108681C
:1051B00020F44010059A926A104308600598806AAE
:1051C000B0F5801F09D1FFE741F20C01C4F20201E2
:1051D000086840F480100860FFE7FFE70598407812
:1051E000000700281BD5FFE741F28801C4F2020145
:1051F000086820F44000059AD26A104308600598B8
:10520000C06AB0F5800F09D1FFE741F20C01C4F28A
:105210000201086840F480100860FFE7FFE7059886
:105220004078C00600281BD5FFE741F28801C4F290
:105230000201086820F04070059A126B1043086064
:105240000598006BB0F1807F09D1FFE741F20C01B6
:10525000C4F20201086840F480100860FFE7FFE72D
:1052600005984078800600281BD5FFE741F28801A9
:10527000C4F20201086820F04060059A526B1043A6
:1052800008600598406BB0F1006F09D1FFE741F26B
:105290000C01C4F20201086840F480100860FFE7C6
:1052A000FFE705984078400600281BD5FFE741F24C
:1052B0008801C4F20201086820F04060059A926BF0
:1052C000104308600598806BB0F1006F09D1FFE7CB
:1052D00041F20C01C4F20201086840F48010086039
:1052E000FFE7FFE705984078000600281BD5FFE799
:1052F00041F28801C4F20201086820F04050059A8A
:10530000D26B104308600598C06BB0F1805F09D183
:10531000FFE741F20C01C4F20201086840F480305A
:105320000860FFE7FFE79DF80A0006B080BD0000B7
:1053300080B586B00490039100200090049820B9B5
:10534000FFE701208DF8170081E1039842F2000188
:10535000C4F20201096801F00F01884216D9FFE783
:1053600042F20000C4F20200016821F00F01039A2A
:1053700011430160006800F00F000399884204D0D7
:10538000FFE701208DF8170061E1FFE7049800783E
:10539000C007002800F0A380FFE7049840680328B6
:1053A00039D1FFE741F20000C4F202000068800139
:1053B000002804D4FFE701208DF8170047E103F02F
:1053C00057FB019001984BF20141C0F2C441884261
:1053D00020D3FFE741F20800C4F20200006810F099
:1053E000F00F0AD0FFE7049800788007002810D556
:1053F000FFE70498806860B9FFE741F20801C4F252
:1054000002010868082262F30710086080200090FB
:10541000FFE7FFE738E00498406802280ED1FFE775
:1054200041F20000C4F2020000688003002804D4A6
:10543000FFE701208DF8170009E10DE041F20000BF
:10544000C4F2020000684005002804D4FFE70120F0
:105450008DF81700FBE0FFE700F02CF901900198B0
:105460004BF20141C0F2C44188420CD3FFE741F244
:105470000801C4F202010868082262F307100860FC
:1054800080200090FFE7FFE741F20801C4F202012B
:10549000086820F00300049A526810430860FFF780
:1054A00077FB0290FFE741F20800C4F202000068B7
:1054B00000F00C0004994968B0EB810F0ED0FFE7B3
:1054C000FFF766FB0299401A41F28931884204D302
:1054D000FFE703208DF81700B9E0E4E7FFE7049841
:1054E0000078800700282CD5FFE704980078400753
:1054F000002809D5FFE741F20801C4F2020108685B
:1055000040F4E0600860FFE7049800780007002896
:105510000BD5FFE741F20801C4F20201086840F42C
:10552000E06020F460500860FFE741F20801C4F237
:105530000201086820F0F000049A926810430860A5
:105540000DE00098802809D1FFE741F20801C4F27C
:105550000201086820F0F0000860FFE7FFE7039809
:1055600042F20001C4F20201096801F00F01884211
:1055700028D2FFE742F20001C4F20201086820F0DD
:105580000F00039A10430860FFF702FB0290FFE749
:1055900042F20000C4F20200006800F00F0003991C
:1055A00088420ED0FFE7FFF7F3FA0299401A41F262
:1055B0008931884204D3FFE703208DF8170046E0C5
:1055C000E6E7FFE704980078400700280CD5FFE7DE
:1055D00041F20801C4F20201086820F4E060049A74
:1055E000D26810430860FFE704980078000700289D
:1055F0000DD5FFE741F20801C4F20201086820F46A
:105600006050049A126940EAC2000860FFE700F0A7
:1056100051F841F20801C4F202010968C9B20A094D
:105620004BF6F071C0F60001895C01F01F01C84023
:1056300040F20C01C2F20001086040F21400C2F214
:1056400000000068FFF7D0FA8DF81700FFE79DF81B
:10565000170006B080BD000040F20C00C2F200004E
:105660000068704780B5FFF7F7FF41F20801C4F208
:1056700002010968C1F302224CF20001C0F60001E8
:10568000895C01F01F01C84080BD000080B5FFF7B4
:10569000E3FF41F20801C4F202010968C1F3C2222A
:1056A0004CF20001C0F60001895C01F01F01C84006
:1056B00080BD000086B041F20800C4F2020000681C
:1056C00000F00C00042806D1FFE742F20040C0F2CF
:1056D000F400019069E041F20800C4F202000068A1
:1056E00000F00C00082806D1FFE741F20020C0F2CC
:1056F0007A00019058E041F20800C4F2020000680C
:1057000000F00C000C284BD1FFE741F20C00C4F272
:105710000200016801F0030104910068C1B2012098
:1057200000EB1110029004980090022815D0FFE7BA
:105730000098032812D1FFE7029941F20020C0F23D
:105740007A00B0FBF1F041F20C01C4F202010968E9
:10575000C1F306214843059011E0FFE7029942F2A8
:105760000040C0F2F400B0FBF1F041F20C01C4F2D1
:1057700002010968C1F3062148430590FFE741F2A1
:105780000C00C4F20200006800F0C061022000EBCF
:105790001160039005980399B0FBF1F0019002E0CD
:1057A00000200190FFE7FFE7FFE7019806B0704790
:1057B000B0B588B00690069820B9FFE701208DF8B3
:1057C0001F00CCE306980078C007002800F09B80FB
:1057D000FFE741F20800C4F20200006800F00C008C
:1057E000049041F20C00C4F20200006800F00300D3
:1057F000039004980C2804D1FFE70398032804D0F1
:10580000FFE70498082812D1FFE741F20000C4F234
:10581000020000688003002808D5FFE7069840686A
:1058200020B9FFE701208DF81F0098E36AE0FFE749
:1058300006984068B0F5803F09D1FFE741F20001CA
:10584000C4F20201086840F48030086020E0069845
:105850004068B0F5A02F0DD1FFE741F20001C4F27E
:105860000201086840F480200860086840F4803035
:1058700008600CE041F20001C4F20201086820F463
:1058800080300860086820F480200860FFE7FFE7A8
:10589000FFE706984068D0B1FFE7FFF779F9059078
:1058A000FFE741F20000C4F2020000688003002814
:1058B0000CD4FFE7FFF76CF90599401A652804D36B
:1058C000FFE703208DF81F0049E3EAE719E0FFF73F
:1058D0005FF90590FFE741F20000C4F202000068A2
:1058E000800300280CD5FFE7FFF752F90599401A0D
:1058F000652804D3FFE703208DF81F002FE3EAE7B4
:10590000FFE7FFE7FFE7069800788007002840F1EF
:105910009F80FFE741F20800C4F20200006800F037
:105920000C00049041F20C00C4F20200006800F088
:105930000300039004980C2804D1FFE70398022881
:1059400004D0FFE7049804282CD1FFE741F20000BF
:10595000C4F2020000684005002808D5FFE7069859
:10596000C06820B9FFE701208DF81F00F7E241F27F
:105970000401C4F20201086820F0FE40069A126990
:1059800040EA0260086040F21400C2F200000068C1
:10599000FFF72AF920B1FFE701208DF81F00DEE2B2
:1059A000FFE754E00698C06870B3FFE741F20001DA
:1059B000C4F20201086840F480700860FFF7E8F85C
:1059C0000590FFE741F20000C4F2020000684005C4
:1059D00000280CD4FFE7FFF7DBF80599401A0328ED
:1059E00004D3FFE703208DF81F00B8E2EAE741F295
:1059F0000401C4F20201086820F0FE40069A126910
:105A000040EA0260086021E041F20001C4F20201B4
:105A1000086820F480700860FFF7BAF80590FFE787
:105A200041F20000C4F202000068400500280CD5D5
:105A3000FFE7FFF7ADF80599401A032804D3FFE705
:105A400003208DF81F008AE2EAE7FFE7FFE7FFE7A0
:105A5000069800780007002849D5FFE706984069B6
:105A600010B3FFE741F29401C4F20201086840F06C
:105A700001000860FFF78CF80590FFE741F2940001
:105A8000C4F202000068800700280CD4FFE7FFF78B
:105A90007FF80599401A032804D3FFE703208DF807
:105AA0001F005CE2EAE721E041F29401C4F2020146
:105AB000086820F001000860FFF76AF80590FFE72A
:105AC00041F29400C4F202000068800700280CD55F
:105AD000FFE7FFF75DF80599401A032804D3FFE7B5
:105AE00003208DF81F003AE2EAE7FFE7FFE7069898
:105AF00000784007002840F1C680FFE700208DF8BD
:105B00000B0041F25800C4F202000068C0000028F7
:105B100013D4FFE7FFE741F25800C4F20200016826
:105B200041F080510160006800F0805001900198C0
:105B3000FFE701208DF80B00FFE747F20000C4F2F9
:105B400000000068C005002822D4FFE747F20001EA
:105B5000C4F20001086840F480700860FFF718F88C
:105B60000590FFE747F20000C4F200000068C0059E
:105B700000280CD4FFE7FFF70BF80599401A03281B
:105B800004D3FFE703208DF81F00E8E1EAE7FFE711
:105B9000FFE706988068012809D1FFE741F29001EC
:105BA000C4F20201086840F0010008601FE0069896
:105BB000806805280DD1FFE741F29001C4F202018F
:105BC000086840F004000860086840F001000860C0
:105BD0000CE041F29001C4F20201086820F00100DB
:105BE0000860086820F004000860FFE7FFE7FFE7AF
:105BF00006988068E0B1FFE7FEF7CAFF0590FFE76F
:105C000041F29000C4F202000068800700280ED420
:105C1000FFE7FEF7BDFF0599401A41F2893188423E
:105C200004D3FFE703208DF81F0098E1E8E71BE0AD
:105C3000FEF7AEFF0590FFE741F29000C4F20200CC
:105C40000068800700280ED5FFE7FEF7A1FF059941
:105C5000401A41F28931884204D3FFE703208DF8CE
:105C60001F007CE1E8E7FFE79DF80B00012809D160
:105C7000FFE741F25801C4F20201086820F08050A9
:105C80000860FFE7FFE7069800788006002849D5FE
:105C9000FFE70698806910B3FFE741F29801C4F26C
:105CA0000201086840F001000860FEF771FF0590EE
:105CB000FFE741F29800C4F2020000688007002864
:105CC0000CD4FFE7FEF764FF0599401A032804D3BC
:105CD000FFE703208DF81F0041E1EAE721E041F2F0
:105CE0009801C4F20201086820F001000860FEF784
:105CF0004FFF0590FFE741F29800C4F202000068F0
:105D0000800700280CD5FFE7FEF742FF0599401AEF
:105D1000032804D3FFE703208DF81F001FE1EAE703
:105D2000FFE7FFE70698C069002800F01481FFE74D
:105D300041F20800C4F20200006800F00C000C28D8
:105D400000F0B080FFE70698C06902287CD1FFE729
:105D500041F20001C4F20201086820F0807008607E
:105D6000FEF716FF0590FFE741F20000C4F20200C3
:105D70000068800100280CD5FFE7FEF709FF0599B0
:105D8000401A032804D3FFE703208DF81F00E6E044
:105D9000EAE741F20C01C4F20201086848F20C0281
:105DA000C0F29F121040DDF818C0DCF82020DCF8AB
:105DB0002450DCF828E0DCF82C306FF00F0404EB02
:105DC0000514224342EA0E22DCF8304040F2000E75
:105DD000CFF6E07E0EEA045EAEF5001E42EA0E0249
:105DE000DCF834E04FF07E4C0CEA0E6C0CF17E4C8B
:105DF00042EA0C0242EAC3621043086041F2000228
:105E0000C4F20202106840F080701060086840F030
:105E100080700860FEF7BCFE0590FFE741F20000CD
:105E2000C4F202000068800100280CD4FFE7FEF7EE
:105E3000AFFE0599401A032804D3FFE703208DF82D
:105E40001F008CE0EAE72CE041F20001C4F20201FD
:105E5000086820F080700860FEF79AFE0590FFE762
:105E600041F20000C4F202000068800100280CD555
:105E7000FFE7FEF78DFE0599401A032804D3FFE7DC
:105E800003208DF81F006AE0EAE741F20C01C4F23A
:105E9000020108684FF6FC72CFF6EE62104008600F
:105EA000FFE757E00698C069012804D1FFE7012009
:105EB0008DF81F0053E041F20C00C4F202000068AC
:105EC0000390039800F003000699096A88423BD1C9
:105ED000FFE7039800F0F00006994A6A6FF00F019F
:105EE00001EB021188422FD1FFE7039800F4FE4036
:105EF0000699896AB0EB012F26D1FFE7039800F0DD
:105F000078400699C96AB0EBC16F1DD1FFE70398CD
:105F100000F4C00006990A6B0021CFF6E07101EA97
:105F20000251A1F5001188420ED1FFE7039800F05D
:105F3000C06006994A6B4FF07E4101EA026101F1AF
:105F40007E41884204D0FFE701208DF81F0006E063
:105F5000FFE7FFE7FFE700208DF81F00FFE79DF850
:105F60001F0008B0B0BD000080B582B0019001985C
:105F700002F0CEFD02B080BD81B0009001B070474C
:105F800081B0009001B0704781B0009001B07047BF
:105F900084B00290019100200090FFE7029890F8F1
:105FA0003C00012804D1FFE702208DF80F0083E0B8
:105FB0000299012081F83C00FFE7FFE7009820F0FC
:105FC000FF000199C96808430090009820F44070D0
:105FD0000199896808430090009820F48060019935
:105FE000496808430090009820F40060019909680E
:105FF00008430090009820F48050019909690843F3
:106000000090009820F400500199496908430090DD
:10601000009820F480400199096B08430090009893
:1060200020F470200199896940EA014000900098AD
:1060300020F080500199C9690843009002980068D7
:1060400042F60041C4F20101884209D0FFE70298FC
:10605000006843F20041C4F2010188421ED1FFE70B
:10606000009820F470000199896A40EA015000907C
:10607000009820F080700199096A08430090009808
:1060800020F000700199496A08430090009820F0C0
:1060900000500199C96A08430090FFE700980299EF
:1060A00009684864FFE70299002081F83C00FFE797
:1060B00000208DF80F00FFE79DF80F0004B0704737
:1060C00081B0009001B0704781B0009001B070477E
:1060D00081B0009001B0704785B003900291FFE756
:1060E000039890F83C00012804D1FFE702208DF8C6
:1060F00013008CE00399012081F83C00FFE7FFE7E3
:106100000399022081F83D000398006840680190DF
:1061100003980068806800900398006842F6004188
:10612000C4F20101884209D0FFE70398006843F2F6
:106130000041C4F2010188420AD1FFE7019820F42E
:106140007000019002984168019808430190FFE7B0
:1061500001984FF68F71CFF6FF51084001900298D9
:106160000168019808430190019803990968486003
:106170000398006842F60041C4F2010188422AD027
:10618000FFE703980068B0F1804F24D0FFE7039841
:10619000006840F20041C4F2000188421BD0FFE7D2
:1061A0000398006840F60001C4F20001884212D052
:1061B000FFE70398006843F20041C4F201018842FE
:1061C00009D0FFE70398006844F20001C4F201011E
:1061D00088420ED1FFE7009820F0800000900298DE
:1061E00081680098084300900098039909688860C6
:1061F000FFE70399012081F83D00FFE703990020A4
:1062000081F83C00FFE700208DF81300FFE79DF8C0
:10621000130005B07047000080B58AB00890079160
:10622000079828B9FFE7089890F8440005901CE00B
:106230000798042805D1FFE7089890F845000490D6
:1062400010E00798082805D1FFE7089890F8460065
:10625000039004E0089890F847000390FFE7039844
:106260000490FFE704980590FFE70598012804D003
:10627000FFE701208DF8270089E0079828B9FFE79C
:106280000899022081F844001EE00798042806D1EE
:10629000FFE70899022081F84500029012E0079874
:1062A000082806D1FFE70899022081F846000190EE
:1062B00005E00899022081F847000190FFE7019866
:1062C0000290FFE70298FFE7089800680799042208
:1062D00002F082FD08980168486C40F40040486470
:1062E0000898006842F60041C4F2010188422AD0B1
:1062F000FFE708980068B0F1804F24D0FFE70898C6
:10630000006840F20041C4F2000188421BD0FFE760
:106310000898006840F60001C4F20001884212D0DB
:10632000FFE70898006843F20041C4F20101884287
:1063300009D0FFE70898006844F20001C4F20101A7
:10634000884219D1FFE70898006880680721C0F2E9
:10635000010108400690069806280CD0FFE7069831
:10636000B0F5803F07D0FFE708980168086840F063
:1063700001000860FFE706E008980168086840F03F
:1063800001000860FFE700208DF82700FFE79DF877
:1063900027000AB080BD000081B0009001B07047B6
:1063A00080B582B00090009820B9FFE701208DF8F9
:1063B000070045E0009890F83D0040B9FFE70099DC
:1063C000002081F83C00009800F03EF8FFE70099BB
:1063D000022081F83D00009951F8040B02F014FCF2
:1063E0000099012081F84800FFE70099012081F819
:1063F0003E00009981F83F00009981F84000009923
:1064000081F84100009981F84200009981F8430029
:10641000FFE7FFE70099012081F84400009981F827
:106420004500009981F84600009981F84700FFE790
:106430000099012081F83D0000208DF80700FFE75A
:106440009DF8070002B080BD80B584B0039003982A
:10645000006842F60041C4F20101884210D1FFE712
:10646000FFE741F26000C4F20200016841F40061FC
:106470000160006800F4006002900298FFE71FE0EE
:1064800003980068B0F1804F19D1FFE7FFE741F2B0
:106490005800C4F20200016841F001010160006887
:1064A00000F0010001900198FFE71C2000900022FD
:1064B0001146FEF70BFC0098FEF7FEFBFFE7FFE737
:1064C00004B080BD83B00190019890F83D00012890
:1064D00004D0FFE701208DF80B005AE0019902205B
:1064E00081F83D000198006842F60041C4F20101C4
:1064F00088422AD0FFE701980068B0F1804F24D08D
:10650000FFE70198006840F20041C4F200018842B0
:106510001BD0FFE70198006840F60001C4F20001BB
:10652000884212D0FFE70198006843F20041C4F2AC
:106530000101884209D0FFE70198006844F2000198
:10654000C4F20101884219D1FFE701980068806810
:106550000721C0F2010108400090009806280CD0E5
:10656000FFE70098B0F5803F07D0FFE7019801688A
:10657000086840F001000860FFE706E00198016844
:10658000086840F001000860FFE700208DF80B006C
:10659000FFE79DF80B0003B07047000080B586B0A0
:1065A0000490039100208DF80B00FFE7049890F809
:1065B0003C00012804D1FFE702208DF81700D3E04A
:1065C0000499012081F83C00FFE7FFE704990220CD
:1065D00081F83D00049800688068019001984FF6AA
:1065E0008871CFF6CE7108400190019820F47F4069
:1065F00001900198049909688860039800680090E8
:10660000002800F09780FFE70098102800F09280A3
:10661000FFE70098202800F08D80FFE700983028E1
:1066200000F08880FFE70098402876D0FFE70098C8
:10663000502858D0FFE70098602861D0FFE7009805
:1066400070282CD0FFE70098B0F5805F26D0FFE7D8
:106650000098B0F5005F37D0FFE70098B0F1101F49
:1066600068D0FFE700982021C0F21001884261D075
:10667000FFE700983021C0F2100188425AD0FFE7AE
:1066800000984021C0F21001884253D0FFE70098E3
:106690007021C0F2100188424CD052E055E00498BD
:1066A0000068039B5A689968DB6802F0B1FB0498A4
:1066B000006880680190019840F07700019001988F
:1066C00004990968886040E004980068039B5A6850
:1066D0009968DB6802F09CFB04980168886840F4C4
:1066E0008040886031E004980068039A5168D2685D
:1066F00002F066FF04980068502102F0A3FB24E03A
:1067000004980068039A5168D26802F081FF0498E7
:106710000068602102F096FB17E004980068039A75
:106720005168D26802F04CFF04980068402102F0E2
:1067300089FB0AE0049800680399096802F082FB6B
:1067400003E001208DF80B00FFE70499012081F898
:106750003D00FFE70499002081F83C00FFE79DF829
:106760000B008DF81700FFE79DF8170006B080BDFD
:1067700081B0009001B0704780B584B00390039859
:106780000068C068029003980068006901909DF855
:1067900004008007002824D5FFE79DF80800800743
:1067A00000281DD5FFE7039801686FF0020008611B
:1067B000039901200877039800688069800720B159
:1067C000FFE70398FFF7D4FF06E0039800F0BCF959
:1067D000039800F0EDFAFFE7039900200877FFE740
:1067E000FFE79DF804004007002825D5FFE79DF846
:1067F0000800400700281ED5FFE7039801686FF0E6
:1068000004000861039902200877039800688069F2
:1068100010F4407F04D0FFE70398FFF7A9FF06E0DC
:10682000039800F091F9039800F0C2FAFFE703998A
:1068300000200877FFE7FFE79DF804000007002825
:1068400024D5FFE79DF80800000700281DD5FFE7C5
:10685000039801686FF00800086103990420087725
:1068600003980068C069800720B1FFE70398FFF72D
:106870007FFF06E0039800F067F9039800F098FAAC
:10688000FFE7039900200877FFE7FFE79DF8040082
:10689000C006002825D5FFE79DF80800C00600289F
:1068A0001ED5FFE7039801686FF010000861039997
:1068B0000820087703980068C06910F4407F04D06E
:1068C000FFE70398FFF754FF06E0039800F03CF958
:1068D000039800F06DFAFFE7039900200877FFE7BF
:1068E000FFE79DF80400C00778B1FFE79DF80800B6
:1068F000C00748B1FFE7039801686FF00100086125
:10690000039800F089FBFFE7FFE7019800F08000A3
:10691000802806D0FFE79DF805008006002810D5E6
:10692000FFE79DF808000006002809D5FFE7039857
:1069300001686FF4025008610398FFF721FBFFE73D
:10694000FFE79DF80500C00780B1FFE79DF808004C
:106950000006002809D5FFE7039801686FF48070EE
:1069600008610398FFF708FBFFE7FFE79DF80400C5
:106970004006002810D5FFE79DF8080040060028D3
:1069800009D5FFE7039801686FF04000086103989C
:1069900000F046FBFFE7FFE79DF8040080060028B3
:1069A00010D5FFE79DF808008006002809D5FFE70D
:1069B000039801686FF0200008610398FFF7E4FA7C
:1069C000FFE7FFE79DF80600C006002810D5FFE7A7
:1069D0009DF80A00C006002809D5FFE70398016862
:1069E0006FF4801008610398FFF76EFBFFE7FFE785
:1069F0009DF806008006002810D5FFE79DF80A00E4
:106A00008006002809D5FFE7039801686FF400109D
:106A100008610398FFF754FBFFE7FFE79DF80600C6
:106A20004006002810D5FFE79DF80A004006002820
:106A300009D5FFE7039801686FF4800008610398A7
:106A4000FFF746FBFFE7FFE79DF80600000600287A
:106A500010D5FFE79DF80A000006002809D5FFE7DA
:106A6000039801686FF4000008610398FFF794FC35
:106A7000FFE7FFE704B080BD80B58EB00D90002029
:106A80000C900B900A90099008900D98006842F6BF
:106A90000041C4F20101884254D1FFE7FFE741F20F
:106AA0004C00C4F20200016841F00201016000687C
:106AB00000F0020007900798FFE7FFE741F24C0063
:106AC000C4F20200016841F001010160006800F0B9
:106AD000010006900698FFE74FF4C040089002209E
:106AE00002900990002003900A900B9006200490D9
:106AF0000C9040F20040C4F60000019008A90591F6
:106B0000FDF764FE0198029B039A05994FF4004C2F
:106B1000CDF820C009930A920B9204220C92FDF743
:106B200055FE029B039A049805994FF4E06CCDF84A
:106B300020C009930A920B920C904FF09040FDF701
:106B400045FEFFE70EB080BD81B0009001B07047F8
:106B500080B586B004900391029200208DF8070062
:106B6000FFE7049890F83C00012804D1FFE70220D9
:106B70008DF81700C0E00499012081F83C00FFE780
:106B8000FFE702980090142800F2A7800099DFE840
:106B900001F00BA4A4A424A4A4A43EA4A4A457A4D8
:106BA000A4A471A4A4A48A0004980068039902F024
:106BB00061F904980168886940F0080088610498C8
:106BC0000168886920F004008861039802690498CC
:106BD000016888691043886183E00498006803991C
:106BE00002F0F2F904980168886940F40060886155
:106BF00004980168886920F48060886103980269BC
:106C000004980168886940EA0220886169E0049874
:106C10000068039902F090FA04980168C86940F08E
:106C20000800C86104980168C86920F00400C861C0
:106C30000398026904980168C8691043C86150E06C
:106C400004980068039902F02FFB04980168C86952
:106C500040F40060C86104980168C86920F480604D
:106C6000C8610398026904980168C86940EA022073
:106C7000C86136E004980068039902F0CDFB0498DF
:106C80000168086D40F00800086504980168086D07
:106C900020F0040008650398026904980168086DF3
:106CA000104308651DE004980068039902F01EFC7B
:106CB00004980168086D40F4006008650498016854
:106CC000086D20F4806008650398026904980168E3
:106CD000086D40EA0220086503E001208DF80700F6
:106CE000FFE7FFE70499002081F83C00FFE79DF8EB
:106CF00007008DF81700FFE79DF8170006B080BD6C
:106D000080B582B00090009820B9FFE701208DF88F
:106D1000070045E0009890F83D0040B9FFE7009972
:106D2000002081F83C00009800F03EF8FFE7009951
:106D3000022081F83D00009951F8040B01F064FF36
:106D40000099012081F84800FFE70099012081F8AF
:106D50003E00009981F83F00009981F840000099B9
:106D600081F84100009981F84200009981F84300C0
:106D7000FFE7FFE70099012081F84400009981F8BE
:106D80004500009981F84600009981F84700FFE727
:106D90000099012081F83D0000208DF80700FFE7F1
:106DA0009DF8070002B080BD81B0009001B070472F
:106DB00081B0009001B0704780B590B00E900D91F9
:106DC0000D9828B9FFE70E9890F83E000B9034E03C
:106DD0000D98042805D1FFE70E9890F83F000A901F
:106DE00028E00D98082805D1FFE70E9890F840009C
:106DF00009901CE00D980C2805D1FFE70E9890F83B
:106E00004100089010E00D98102805D1FFE70E987A
:106E100090F84200079004E00E9890F84300079025
:106E2000FFE707980890FFE708980990FFE709989F
:106E30000A90FFE70A980B90FFE70B98012804D00F
:106E4000FFE701208DF83F00E1E00D9828B9FFE74A
:106E50000E99022081F83E0038E00D98042806D1F2
:106E6000FFE70E99022081F83F0006902CE00D9874
:106E7000082806D1FFE70E99022081F8400005900E
:106E80001FE00D980C2806D1FFE70E99022081F82B
:106E90004100049012E00D98102806D1FFE70E99EA
:106EA000022081F84200039005E00E99022081F84B
:106EB00043000390FFE703980490FFE704980590D0
:106EC000FFE705980690FFE70698FFE70E98006831
:106ED0000D990122019201F063FF01980E99096852
:106EE00042F60042C4F20102914202902DD0FFE727
:106EF0000E980168012043F20042C4F2010291425F
:106F0000029022D0FFE70E980168012044F20002AF
:106F1000C4F201029142029017D0FFE70E98016877
:106F2000012044F20042C4F20102914202900CD0CE
:106F3000FFE70E9800684BF60001CBF6FE7108449F
:106F4000B0FA80F040090290FFE70298C00738B11C
:106F5000FFE70E980168486C40F400404864FFE782
:106F60000E98006842F60041C4F2010188422AD01E
:106F7000FFE70E980068B0F1804F24D0FFE70E982D
:106F8000006840F20041C4F2000188421BD0FFE7D4
:106F90000E98006840F60001C4F20001884212D049
:106FA000FFE70E98006843F20041C4F201018842F5
:106FB00009D0FFE70E98006844F20001C4F2010115
:106FC000884219D1FFE70E98006880680721C0F257
:106FD000010108400C900C9806280CD0FFE70C9893
:106FE000B0F5803F07D0FFE70E980168086840F0D1
:106FF00001000860FFE706E00E980168086840F0AD
:1070000001000860FFE700208DF83F00FFE79DF8D2
:107010003F0010B080BD000081B0009001B070470B
:1070200081B0009001B0704783B00190FFE70198F4
:1070300090F88400012804D1FFE702208DF80B00AE
:107040002CE00199012081F88400FFE7FFE7019916
:107050002420C1F888000198006800680090019819
:107060000168086820F001000860009820F00050D6
:10707000009001990020486600980199096808600D
:1070800001992020C1F88800FFE70199002081F8CC
:107090008400FFE700208DF80B00FFE79DF80B0050
:1070A00003B0704782B00190ADF8021002B0704793
:1070B00081B0009001B0704780B584B0029001911A
:1070C000FFE7029890F88400012804D1FFE702202E
:1070D0008DF80F0032E00299012081F88400FFE76B
:1070E000FFE702992420C1F8880002980068006830
:1070F000009002980168086820F00100086002987A
:107100000068806820F0606001990843029909686E
:107110008860029802F0A6FA00980299096808604F
:1071200002992020C1F88800FFE70299002081F829
:107130008400FFE700208DF80F00FFE79DF80F00A7
:1071400004B080BD80B584B002900191FFE7029841
:1071500090F88400012804D1FFE702208DF80F0089
:1071600032E00299012081F88400FFE7FFE70299ED
:107170002420C1F8880002980068006800900298F6
:107180000168086820F001000860029800688068C3
:1071900020F06040019908430299096888600298CC
:1071A00002F060FA009802990968086002992020AC
:1071B000C1F88800FFE70299002081F88400FFE70A
:1071C00000208DF80F00FFE79DF80F0004B080BD90
:1071D00081B0009001B0704781B0009001B070475D
:1071E00081B0009001B0704780B590B00F900F98BB
:1071F0000068C0690E900F98006800680D900F98A5
:10720000006880680C900E9840F60F0108400B90C3
:107210000B98E0B9FFE79DF838008006002815D5E7
:10722000FFE79DF834008006002806D4FFE79DF8AC
:107230003300C006002809D5FFE70F98406F20B142
:10724000FFE70F98416F8847FFE796E2FFE70B984B
:10725000002800F00C81FFE70C980121C1F2000129
:10726000084209D1FFE70D9840F22011C0F2004119
:10727000084200F0FC80FFE79DF83800C00788B1A5
:10728000FFE79DF83500C00760B1FFE70F98016880
:10729000012008620F99D1F8900040F00100C1F878
:1072A0009000FFE79DF838008007002811D5FFE720
:1072B0009DF83000C00760B1FFE70F980168022019
:1072C00008620F99D1F8900040F00400C1F89000D6
:1072D000FFE79DF838004007002811D5FFE79DF82B
:1072E0003000C00760B1FFE70F9801680420086212
:1072F0000F99D1F8900040F00200C1F89000FFE72C
:107300009DF838000007002819D5FFE79DF83400E4
:107310008006002807D4FFE70C980121C1F2000184
:1073200008420CD0FFE70F980168082008620F9907
:10733000D1F8900040F00800C1F89000FFE79DF8F8
:1073400039000007002813D5FFE79DF837004007F4
:1073500000280DD5FFE70F9801684FF40060086220
:107360000F99D1F8900040F02000C1F89000FFE79D
:107370000F98D0F89000002878D0FFE79DF83800EB
:107380008006002815D5FFE79DF834008006002808
:1073900006D4FFE79DF83300C006002809D5FFE7B3
:1073A0000F98406F20B1FFE70F98416F8847FFE7C4
:1073B000FFE70F98D0F890000A900F980068806857
:1073C00000F04000402806D0FFE79DF8280010F0AC
:1073D000280F42D0FFE70F9802F0E0FA0F980068FC
:1073E00080684006002833D5FFE7FFE7FFE70F98E6
:1073F000006850E8020F20F040000990FFE709996B
:107400000F98026842E802100028F0D1FFE7FFE77A
:107410000F98D0F88000B0B1FFE70F98D0F8801037
:1074200049F67D10C0F6000088630F98D0F8800000
:10743000FCF796FC30B1FFE70F98D0F88000816B25
:107440008847FFE703E00F98FFF7CAFEFFE703E076
:107450000F98FFF7C5FEFFE707E00F98FFF7C0FEA4
:107460000F990020C1F89000FFE7FFE785E10F9832
:10747000C06E012840F02281FFE79DF83800C00669
:10748000002840F11B81FFE79DF83400C00600286A
:1074900040F11481FFE70F980168102008620F98EF
:1074A000006880684006002840F1A680FFE70F983A
:1074B000D0F8800000684068ADF82200BDF82200D6
:1074C00000287CD0FFE7BDF822000F99B1F85C10CE
:1074D000884274DAFFE7BDF822000F99A1F85E0038
:1074E0000F98D0F88000006800688006002859D402
:1074F000FFE7FFE7FFE70F98006850E8000F20F470
:1075000080700790FFE707990F98026842E8001023
:107510000028F0D1FFE7FFE7FFE7FFE70F980068DB
:1075200050E8020F20F001000690FFE706990F983F
:10753000026842E802100028F0D1FFE7FFE7FFE70A
:10754000FFE70F98006850E8020F20F04000059018
:10755000FFE705990F98026842E802100028F0D171
:10756000FFE7FFE70F992020C1F88C000F9900205A
:10757000C866FFE7FFE70F98006850E8000F20F0AB
:1075800010000490FFE704990F98026842E8001089
:107590000028F0D1FFE7FFE70F98D0F88000FCF754
:1075A00091FBFFE70F99022008670F98B0F85C1075
:1075B000B0F85E20891A89B2FFF774FD1BE0BDF8B0
:1075C00022000F99B1F85C10884213D1FFE70F98A1
:1075D000D0F88000006800688006002809D5FFE721
:1075E0000F99022008670F98B0F85C10FFF75AFD5A
:1075F000FFE7FFE7FFE7C0E00F99B1F85C00B1F8E3
:107600005E10401AADF80E000F98B0F85E0000282A
:1076100053D0FFE7BDF80E0000284ED0FFE7FFE78C
:10762000FFE70F98006850E8000F20F49070029078
:10763000FFE702990F98026842E800100028F0D195
:10764000FFE7FFE7FFE7FFE70F98006850E8020F4A
:107650004FF6FE71CEF6FF7108400190FFE70199E9
:107660000F98026842E802100028EDD1FFE7FFE71B
:107670000F992020C1F88C000F990020C8660F993F
:107680004867FFE7FFE70F98006850E8000F20F019
:1076900010000090FFE700990F98026842E8001080
:1076A0000028F0D1FFE7FFE70F99022008670F9845
:1076B000BDF80E10FFF7F6FCFFE75EE09DF83A001C
:1076C000C00600280FD5FFE79DF8320040060028CD
:1076D00009D5FFE70F9801684FF4801008620F98F2
:1076E000FFF77AFD49E09DF838000006002815D51F
:1076F000FFE79DF834000006002806D4FFE79DF858
:1077000032000006002809D5FFE70F98806F20B1EE
:10771000FFE70F98816F8847FFE72EE09DF838005C
:10772000400600280AD5FFE79DF8340040060028EF
:1077300004D5FFE70F9802F081F91EE09DF83A00AA
:10774000000600280AD5FFE79DF83700400600280C
:1077500004D5FFE70F98FFF73BFD0EE09DF83B00D7
:10776000C00750B1FFE79DF837000006002804D598
:10777000FFE70F98FFF79CFCFFE710B080BD00000B
:1077800080B582B00090009820B9FFE701208DF805
:10779000070046E00098806908B1FFE700E0FFE7D6
:1077A0000098D0F8880040B9FFE70099002081F8E0
:1077B0008400009800F03AF8FFE700992420C1F80F
:1077C000880000980168086820F0010008600098AF
:1077D000806A20B1FFE7009801F088FFFFE700987A
:1077E00002F04EF9012804D1FFE701208DF80700CF
:1077F00017E000980168486820F4904048600098BD
:107800000168886820F02A0088600098016808688C
:1078100040F001000860009802F00CF88DF80700B5
:10782000FFE79DF8070002B080BD000080B5A0B062
:107830001F9000201E901D901C901B901A9009A86C
:107840004421F8F71BFE1F98006843F60001C4F2BC
:10785000010188423BD1FFE70120099000200A90F6
:1078600009A8FDF737FB18B1FFE7FAF74FFCFFE770
:10787000FFE741F26000C4F20200016841F4804178
:107880000160006800F4804008900898FFE7FFE777
:1078900041F24C00C4F20200016841F004010160B1
:1078A000006800F0040007900798FFE730201A9066
:1078B00002201B9000201C901D9007201E9040F677
:1078C0000000C4F600001AA9FCF780FF9CE01F9896
:1078D000006844F60001C4F20001884240F0938041
:1078E000FFE70420099000200C9009A8FDF7F2FAA8
:1078F00018B1FFE7FAF70AFCFFE7FFE741F258008B
:10790000C4F20200016841F480210160006800F4C3
:10791000802006900698FFE7FFE741F24C00C4F292
:107920000200016841F004010160006800F00400F9
:1079300005900598FFE74FF440601A9002201B90D5
:10794000002003901C901D9007201E9040F6000020
:10795000C4F600001AA9FCF739FF039940F234205D
:10796000C2F2000004903022C4F2020202601C2223
:1079700042608160C1608022026141618161C161B8
:107980000162FCF7FBFA18B1FFE7FAF7BFFBFFE76C
:10799000FFE71F9840F23421C2F20001C0F88010C6
:1079A0001F988862FFE740F29420C2F20000029024
:1079B0004421C4F2020101601D2141601021816057
:1079C0000021C1608022026141618161C161016267
:1079D000FCF7D4FA18B1FFE7FAF798FBFFE7FFE7E7
:1079E0001F9840F29421C2F20001C1671F9888627B
:1079F000FFE72720019001210022FDF767F9019898
:107A0000FDF75AF9FFE7FFE720B080BD80B58AB0E7
:107A100008900791ADF81A2005930898D0F88800CF
:107A2000202840F08780FFE7079820B1FFE7BDF8E6
:107A30001A0020B9FFE701208DF827007EE00899A1
:107A40000020C1F8900008992120C1F88800FDF7B6
:107A50009FF80290BDF81A000899A1F85400BDF8EB
:107A60001A000899A1F8560008988068B0F5805F60
:107A700009D1FFE70898006928B9FFE700200490C2
:107A80000798039004E00798049000200390FFE714
:107A9000FFE70898B0F8560088B3FFE70898029B04
:107AA00005996A4611608021002202F0A1FA40B1D6
:107AB000FFE708992020C1F8880003208DF82700EF
:107AC0003CE0049858B9FFE7039800886FF35F2003
:107AD00008990968886203980230039008E00498C6
:107AE0000078089909688862049801300490FFE7DB
:107AF0000899B1F856000138A1F85600C9E708986E
:107B0000029B05996A4611604021002202F070FA3A
:107B100040B1FFE708992020C1F8880003208DF8C4
:107B200027000BE008992020C1F8880000208DF87C
:107B3000270003E002208DF82700FFE79DF82700CB
:107B40000AB080BD81B0009001B0704780B582B0AE
:107B50000190019800F08EF8019800F0BDF802B095
:107B600080BD000080B586B005908DED040ACDED96
:107B7000030A8DED021ACDED011A8DED002A04984D
:107B800005990860039805994860059808309DEDAF
:107B9000020ADDED010A9FED101ADFED101A00F068
:107BA0004DFF059901F134009DED000AD1ED010A68
:107BB00000F0D0FA059901F14C00D1ED010AB0EEC8
:107BC000000A00F0C7FA0599002081F865000599C0
:107BD00081F8640006B080BD000000000000807FD6
:107BE00080B582B00190019890F8650048B9FFE730
:107BF0000199002081F86400019988660199C8669E
:107C000034E0019890ED000A8DED000A90F86400D0
:107C100000EE100AB8EEC00AB1EE041A80EE010AB6
:107C200030EE000A9FED121A20EE010A03F080FCEC
:107C3000B0EE401A9DED000A20EE010A019880ED99
:107C40001A0A01990020C866019991F86400013070
:107C500081F86400019890F86400052805D1FFE7D9
:107C60000199002081F86400FFE7FFE702B080BDC2
:107C7000DB0F494080B584B00390039890ED1F0A54
:107C80008DED010A90F8640000EE100AB8EEC00A0B
:107C9000B1EE041A80EE010A30EE000A9FED0D1AD3
:107CA00020EE010A03F0ECFCB0EE401A9DED010A53
:107CB00020EE010A8DED020A029803998865039867
:107CC0004C30012100F020FA0399086EC1F88800B9
:107CD00004B080BDDB0F494080B582B001900198AF
:107CE00090F8650080B9FFE701990020886101994B
:107CF00048610199C86101998862019908640199F4
:107D0000886401994864FFE70199D1F88800886187
:107D1000019900204861019A02F1080092F865106B
:107D200092ED010A00F00AFE0199886A086401993F
:107D300001F1340091F8651000F0E6F90199886CC2
:107D40004867019890ED012A90ED0A1A90ED1C0AFF
:107D500021EE021A30EE010A80ED1C0AFFE70198BD
:107D600090ED1C0A9FED1E1AB4EE410AF1EE10FAD6
:107D70000ADAFFE7019890ED1C0A9FED1C1A30EE1D
:107D8000010A80ED1C0AEAE7FFE7019890ED1C0A62
:107D90009FED141AB4EE410AF1EE10FA0ADDFFE786
:107DA000019890ED1C0A9FED101A30EE010A80ED4B
:107DB0001C0AEAE7019890F8650028B9FFE70199E5
:107DC000D1F884004867FFE7019890F8650028B96A
:107DD000FFE70199D1F880000867FFE702B080BD96
:107DE000DB0F49C0DB0F4940DB0FC9C0DB0FC940C7
:107DF000FFE7FEE781B00090009988684FF6C072F7
:107E0000C5F6FF721040886001B0704781B00090E5
:107E1000009880684FF6C071C7F6FF7108400130C6
:107E20000099886001B0704781B000900098806828
:107E300040F080504FF6C071C7F6FF7108400099BE
:107E4000886001B07047000081B0009000988068A1
:107E500000F0E07001B0704781B000900098806839
:107E600000F0E07001B0704781B000900098806829
:107E700000F4604001B0704781B0009000988068C5
:107E800000F01F0001B0704781B00090009880683A
:107E900000F01F0001B0704783B00290019102987A
:107EA000019900EB8100603000900098006800F0BC
:107EB000F84003B07047000081B000900098C0689F
:107EC00000F0007001B0704781B0009000988068A9
:107ED000C0F3C00001B0704781B000900098806886
:107EE000C0F3C00001B0704781B000900098C06C32
:107EF00000F4C070B0FA80F0400901B07047000093
:107F000081B00090009880684FF6C071C7F6FF718D
:107F1000084008300099886001B0704781B0009037
:107F200000988068C0F3407001B0704781B0009045
:107F30000098806800F0010001B0704781B00090A7
:107F40000098806800F0010001B0704781B0009097
:107F500000988068C0F3007001B0704781B0009055
:107F600000988068C0F3800001B0704781B0009035
:107F700000988068C0F3800001B0704781B0009025
:107F80000098C06800F44060B0FA80F0400901B089
:107F90007047000084B00390029101920398029907
:107FA00001F0007100EBD15014300090009800688F
:107FB0000299C1F3045207219140884301999140ED
:107FC00008430099086004B07047000083B0029035
:107FD000019100920298D0F8B00001996FF3DF414F
:107FE0008843009A02F018034FF6FF72C0F20702AE
:107FF000DA40114008430299C1F8B00003B070475D
:1080000082B0019000910198806820F47C10009962
:1080100008430199886002B07047000082B0019067
:1080200000910198806820F0E07000990843019960
:10803000886002B07047000085B0049003910292FE
:1080400001930498039900EB810060300090009840
:1080500000684FF20001C0F2FF310140029800F0C9
:10806000F840019A1043084340F00040009908602E
:1080700005B0704784B00390029101920398029971
:1080800000EB8100603000900098006820F00070E4
:10809000019908430099086004B0704784B00390C8
:1080A000029101920398029900EB810060300090E8
:1080B0000098006820F080700199084300990860DA
:1080C00004B0704784B00390029101920398029922
:1080D00000EB8100603000900098006820F00040C4
:1080E000019908430099086004B0704782B001907C
:1080F00000910198406920F00040009908430199DF
:10810000486102B07047000082B001908DF8031002
:108110009DF80300012813D1FFE7019890ED021AA2
:1081200090ED032A90ED040A32EE402A21EE021A65
:1081300030EE010A80ED050A01994869086107E0FF
:10814000019900204861019908610199C860FFE721
:1081500002B0704783B002908DED010ACDED000AA8
:108160009DED010A9FED101A20EE010A029880EDA4
:10817000010A009802990860029890ED001A90EDAB
:10818000010A20EE010AB7EE001A30EE011A80EE65
:10819000010A80ED020A02990020086102994861F3
:1081A0000299C86003B07047DB0FC94080B582B048
:1081B00001900620032102220DF1020300F024F8B1
:1081C0009DF802009DF80310800140EA9100ADF88F
:1081D0000000BDF9000000EE100AB8EEC00A9FEDE5
:1081E000061A20EE010A9FED051A80EE010A019899
:1081F00080ED000A02B080BDDB0FC9400000804660
:1082000080B501F0B1FF80BD80B582B08DF8060069
:108210008DF805108DF80420009302F06BF89DF89E
:1082200006004000C0B202F00DF802F0A7F830B12D
:10823000FFE702F087F801208DF8070035E09DF890
:10824000050001F0FFFF02F099F802F053F89DF8E5
:10825000060040000130C0B201F0F4FF02F08EF8D9
:10826000FFE79DF80400D0B1FFE79DF80400012866
:1082700006D1FFE7002001F09BFF0099087005E0A0
:10828000012001F095FF00990870FFE79DF80400B8
:1082900001388DF80400009801300090E1E702F009
:1082A00051F800208DF80700FFE79DF8070002B0A5
:1082B00080BD000080B594B0002000901390129013
:1082C000119002A83C21F8F7D9F8009940F2C810A3
:1082D000C2F2000001904FF0A04202604FF4403221
:1082E00042608160C16001610122426104238361B7
:1082F00001774177026280F8241080F83810C1635A
:1083000080F84010FBF7F4FA18B1FFE7F9F7FEFE2A
:10831000FFE70020119040F2C810C2F2000011A93E
:10832000FAF7CCFF18B1FFE7F9F7F0FEFFE741F2EB
:108330000000C3F260200290092003900020049006
:108340007F2105910421069107900A918DF82C0058
:108350008DF82D008DF82E00A0210C9180210D911B
:108360008DF8380040F2C810C2F2000002A9F9F7F7
:1083700031FF18B1FFE7F9F7C9FEFFE744F200004B
:10838000C3F6C020029040F20F10039040F2C810D4
:10839000C2F2000002A9F9F71DFF18B1FFE7F9F7D3
:1083A000B5FEFFE740F60000C2F63060029040F2F2
:1083B0001520039040F2C810C2F2000002A9F9F79C
:1083C00009FF18B1FFE7F9F7A1FEFFE748F2000047
:1083D000C3F6F060029040F21B30039040F2C810E8
:1083E000C2F2000002A9F9F7F5FE18B1FFE7F9F7AC
:1083F0008DFEFFE714B080BD80B586B0FFE741F287
:108400004800C4F20200016841F004010160006804
:1084100000F0040005900598FFE7FFE741F24800EF
:10842000C4F20200016841F001010160006800F03F
:10843000010004900498FFE70D20019000220292B1
:108440001146FCF743FC0198FCF736FC029A0E201B
:1084500003901146FCF73AFC0398FCF72DFC06B09C
:1084600080BD000080B582B040F2F420C2F200006E
:10847000019046F20041C4F2000101600021416018
:108480008160C1600174417481744FF0180EC0F8AE
:1084900014E0012282614FF0060CC0F81CC00523D5
:1084A0000362C0F824E08262C0F82CC00363426318
:1084B0008263C163FBF79AFF18B1FFE7F9F726FE65
:1084C000FFE702B080BD000080B58CB000200B90AB
:1084D0000A90099008900790FFE741F24C00C4F21F
:1084E0000200016841F020010160006800F02000F6
:1084F00006900698FFE7FFE741F24C00C4F2020045
:10850000016841F001010160006800F00100059080
:108510000598FFE7FFE741F24C00C4F20200016852
:1085200041F004010160006800F004000490049828
:10853000FFE7FFE741F24C00C4F20200016841F09E
:1085400002010160006800F0020003900398FFE759
:108550004FF090400190D02100220092FCF702FBE6
:1085600000990198102207920122089209910A911C
:1085700007A90291FCF72AF9009A01980299C023F1
:10858000079311230893099203220A92FCF71EF91C
:108590000CB080BD80B59EB0002001901D901C9055
:1085A0001B901A901990189017901690159014908F
:1085B000139012901190109003A83421F7F75EFFEA
:1085C000019940F2E430C2F20000029042F600420B
:1085D000C4F2010202604160202282604FF46162B5
:1085E000C2600161072242618161FDF7D9FE18B1C5
:1085F000FFE7F9F78BFDFFE74FF480501A9040F248
:10860000E430C2F200001AA9FDF7C8FF18B1FFE775
:10861000F9F77CFDFFE740F2E430C2F20000FEF71C
:108620006FFB18B1FFE7F9F771FDFFE70020179026
:108630004FF400111891199040F2E430C2F200009A
:1086400017A9FDF749FD18B1FFE7F9F75FFDFFE74F
:10865000602010900022119212921392149215929F
:10866000169240F2E430C2F2000010A9FEF770FA50
:1086700018B1FFE7F9F74AFDFFE740F2E430C2F234
:10868000000010A90422FEF763FA18B1FFE7F9F71A
:108690003DFDFFE740F2E430C2F2000010A90822DD
:1086A000FEF756FA18B1FFE7F9F730FDFFE7702043
:1086B00010900120119040F2E430C2F2000010A9A5
:1086C0000C22FEF745FA18B1FFE7F9F71FFDFFE7A7
:1086D00000200090039004900590322106910790AD
:1086E0004FF40051089109900A900B904FF00071DF
:1086F0000C910D900E900F9040F2E430C2F2000009
:1087000003A9FDF745FC18B1FFE7F9F7FFFCFFE708
:1087100040F2E430C2F20000FEF7AEF91EB080BDB8
:1087200080B588B0002100910791069105910491D0
:1087300003910291019140F23040C2F200004FF0EB
:108740008042026040F29F524260816042F20F72AA
:10875000C26001618161FDF723FE18B1FFE7F9F7FF
:10876000D5FCFFE74FF48050049040F23040C2F255
:10877000000004A9FDF712FF18B1FFE7F9F7C6FCE6
:10878000FFE700200190039040F23040C2F2000069
:1087900001A9FDF7A1FC18B1FFE7F9F7B7FCFFE766
:1087A00008B080BD80B582B040F27C40C2F20000CB
:1087B000009043F60001C4F2010101604FF4E13181
:1087C0004160002101918160C16001610C22426120
:1087D0008161C161016241628162FEF7D1FF18B11E
:1087E000FFE7F9F793FCFFE740F27C40C2F200009C
:1087F0000021FEF7A7FC18B1FFE7F9F787FCFFE7B8
:1088000040F27C40C2F200000021FEF755FC18B196
:10881000FFE7F9F77BFCFFE740F27C40C2F2000083
:10882000FEF702FC18B1FFE7F9F770FCFFE702B0B2
:1088300080BD000080B582B040F21050C2F200004E
:10884000009044F60001C4F20001016049F20041C9
:10885000C0F211014160002101918160C16001619C
:108860000C2242618161C161016241628162FEF755
:1088700087FF18B1FFE7F9F749FCFFE740F2105016
:10888000C2F200000021FEF75DFC18B1FFE7F9F726
:108890003DFCFFE740F21050C2F200000021FEF75D
:1088A0000BFC18B1FFE7F9F731FCFFE740F210507D
:1088B000C2F20000FEF7B8FB18B1FFE7F9F726FC9B
:1088C000FFE702B080BD0000FFE7FEE7FFE7FEE73D
:1088D00088B0079006910592079800F00700049071
:1088E0000498C0F10700052803D3FFE70420019096
:1088F00004E00498C0F107000190FFE7019803909D
:1089000004980430062803D8FFE70020009003E015
:10891000049803380090FFE70098029006980399A6
:10892000012202FA01F101390840029B98400599A1
:108930009A40013A1140084308B0704784B0039050
:108940008DF80B108DED010A9DF80B00012864D104
:10895000FFE7039890ED031A90ED040A30EE410A08
:1089600080ED050A0398009090ED000A90ED014A11
:1089700090ED021A90ED052A90ED073A32EE435A37
:1089800020EE050A9DED015A24EE054A24EE024A26
:1089900030EE040A33EE033A32EE432A90ED063A03
:1089A00032EE032A21EE021A30EE011A90ED080A87
:1089B00030EE010A80ED080A0399C86988610398BE
:1089C00090ED031A90ED040A30EE410A80ED070A9B
:1089D000039890ED080A90ED091AB4EE410AF1EE01
:1089E00010FA04DDFFE70399486A0862FFE703987D
:1089F00090ED080A90ED091AB1EE411AB4EE410A61
:108A0000F1EE10FA08DAFFE7039890ED090AB1EEEB
:108A1000400A80ED080AFFE70DE003990020086195
:108A20000399C860039908620399486103998861B2
:108A30000399C861FFE704B07047000085B0049057
:108A40008DED030ACDED020A8DED011ACDED001A70
:108A50000398049908600298049948600198049961
:108A6000886000980499486205B07047704700001C
:108A700086B041F20C00C4F20200016801F003016B
:108A800004910068C1B2012000EB1110029004981B
:108A90000090022815D0FFE70098032812D1FFE7C5
:108AA000029941F20020C0F27A00B0FBF1F041F2ED
:108AB0000C01C4F202010968C1F306214843059084
:108AC00011E0FFE7029942F20040C0F2F400B0FB6F
:108AD000F1F041F20C01C4F202010968C1F3062170
:108AE00048430590FFE741F20C00C4F20200006821
:108AF00000F0C061022000EB11600390059803991B
:108B0000B0FBF1F00190019806B07047704700008B
:108B100080B582B0009000980138B0F1807F03D317
:108B2000FFE70120019019E0009801384EF214018E
:108B3000CEF2000108604FF0FF300F2101F072FC0F
:108B40004EF21801CEF20001002008604EF2100231
:108B5000CEF20002072111600190FFE7019802B0F8
:108B600080BD000080B5FCF719F880BD80B594B0D9
:108B700006A800903821F7F781FC002005900490AA
:108B80000390029001904FF40070FCF7BFF800983A
:108B9000012206924FF48031079102210D910323A7
:108BA0000E930F9224221092119106221292139189
:108BB000FCF7FEFD18B1FFE7F9F7A8FAFFE70F2071
:108BC000019003200290002003900490059001A8DA
:108BD0000421FCF7ADFB18B1FFE7F9F797FAFFE7BF
:108BE00014B080BD4EF68851CEF20001086840F402
:108BF000700008607047000080B540F23040C2F25B
:108C00000000FDF7B9FD80BD83B00290019102988C
:108C100000680090029842F60041C4F201018842C7
:108C20001DD0FFE70298B0F1804F18D0FFE70298FF
:108C300040F20041C4F20001884210D0FFE70298E0
:108C400040F60001C4F20001884208D0FFE7029814
:108C500043F20041C4F2010188420AD1FFE70098C3
:108C600020F070000090019841680098084300903F
:108C7000FFE7029842F60041C4F20101884235D074
:108C8000FFE70298B0F1804F30D0FFE7029840F242
:108C90000041C4F20001884228D0FFE7029840F664
:108CA0000001C4F20001884220D0FFE7029843F29D
:108CB0000041C4F20101884218D0FFE7029844F253
:108CC0000001C4F20101884210D0FFE7029844F28B
:108CD0000041C4F20101884208D0FFE7029844F63F
:108CE0000001C4F2010188420AD1FFE7009820F494
:108CF000407000900198C168009808430090FFE719
:108D0000009820F08000019949690843009000987C
:108D100002990860019880680299C8620198006809
:108D200002998862029842F60041C4F20101884229
:108D300020D0FFE7029843F20041C4F201018842CB
:108D400018D0FFE7029844F20001C4F20101884202
:108D500010D0FFE7029844F20041C4F201018842BA
:108D600008D0FFE7029844F60001C4F201018842EE
:108D700005D1FFE70198006902990863FFE70299AE
:108D80000120486102980069C00730B1FFE70299ED
:108D9000086920F001000861FFE703B07047000098
:108DA00084B0039002910192029800F01F0101200B
:108DB00088400090009A0399086A904308620198DD
:108DC000029901F01F0100FA01F20399086A1043A9
:108DD000086204B07047000084B0039002910192D1
:108DE000029800F00F01042088400090009A039937
:108DF000086A904308620198029901F00F0100FA95
:108E000001F20399086A1043086204B07047000039
:108E100085B00490039102920193049880680090B9
:108E2000009820F47F40009003980299019A41EA4B
:108E3000022101430098084300900098049988603B
:108E400005B0704783B0029001910298806800904D
:108E500000984FF68F71CFF6CF71084000900198BF
:108E60000099084340F0070000900098029988603C
:108E700003B0704785B0049003910498006A019094
:108E80000499086A20F00100086204984068009084
:108E900004988069029002984FF68F71CFF6FE71A8
:108EA00008400290029820F00300029003980168A5
:108EB000029808430290019820F002000190039864
:108EC0008168019808430190049842F60041C4F279
:108ED0000101884220D0FFE7049843F20041C4F228
:108EE0000101884218D0FFE7049844F20001C4F25F
:108EF0000101884210D0FFE7049844F20041C4F217
:108F00000101884208D0FFE7049844F60001C4F24A
:108F1000010188420ED1FFE7019820F0080001907E
:108F20000398C168019808430190019820F004005B
:108F30000190FFE7049842F60041C4F20101884223
:108F400020D0FFE7049843F20041C4F201018842B7
:108F500018D0FFE7049844F20001C4F201018842EE
:108F600010D0FFE7049844F20041C4F201018842A6
:108F700008D0FFE7049844F60001C4F201018842DA
:108F800013D1FFE7009820F480700090009820F43F
:108F9000007000900398416900980843009003987E
:108FA0008169009808430090FFE7009804994860A1
:108FB000029804998861039840680499486301986D
:108FC0000499086205B0704785B004900391049835
:108FD000006A01900499086A20F010000862049861
:108FE00040680090049880690290029848F6FF71EA
:108FF000CFF6FF6108400290029820F44070029082
:1090000003980168029840EA01200290019820F03C
:109010002000019003988168019840EA01100190B6
:10902000049842F60041C4F20101884229D0FFE7CA
:10903000049843F20041C4F20101884221D0FFE7C5
:10904000049844F20001C4F20101884203D1FFE711
:109050000020B0B9FFE7049844F20041C4F20101D6
:10906000884203D1FFE7002058B9FFE7049844F68F
:109070000001C4F20101884212D1FFE7012078B952
:10908000FFE7019820F0800001900398C1680198E3
:1090900040EA01100190019820F040000190FFE7A4
:1090A000049842F60041C4F20101884220D0FFE753
:1090B000049843F20041C4F20101884218D0FFE74E
:1090C000049844F20001C4F20101884210D0FFE785
:1090D000049844F20041C4F20101884208D0FFE73D
:1090E000049844F60001C4F20101884215D1FFE75B
:1090F000009820F480600090009820F400600090B8
:1091000003984169009840EA8100009003988169C2
:10911000009840EA81000090FFE7009804994860B9
:1091200002980499886103984068049988630198BB
:109130000499086205B0704785B0049003910498C3
:10914000006A01900499086A20F48070086204980B
:10915000406800900498C069029002984FF68F71A1
:10916000CFF6FE7108400290029820F003000290B2
:1091700003980168029808430290019820F4007057
:10918000019003988168019840EA012001900498B9
:1091900042F60041C4F20101884229D0FFE7049859
:1091A00043F20041C4F20101884221D0FFE7049854
:1091B00044F20001C4F20101884203D1FFE700201C
:1091C000B0B9FFE7049844F20041C4F201018842BB
:1091D00003D1FFE7002058B9FFE7049844F60001E7
:1091E000C4F20101884212D1FFE7012078B9FFE7FC
:1091F000019820F4006001900398C168019840EA4A
:1092000001200190019820F480600190FFE704980C
:1092100042F60041C4F20101884220D0FFE70498E1
:1092200043F20041C4F20101884218D0FFE70498DC
:1092300044F20001C4F20101884210D0FFE7049813
:1092400044F20041C4F20101884208D0FFE70498CB
:1092500044F60001C4F20101884215D1FFE70098ED
:1092600020F480500090009820F400500090039863
:109270004169009840EA01100090039881690098C4
:1092800040EA01100090FFE70098049948600298B6
:109290000499C861039840680499C86301980499C7
:1092A000086205B07047000085B0049003910498EF
:1092B000006A01900499086A20F4805008620498BA
:1092C000406800900498C0690290029848F6FF71C7
:1092D000CFF6FF6108400290029820F4407002909F
:1092E00003980168029840EA01200290019820F456
:1092F0000050019003988168019840EA0130019084
:10930000049842F60041C4F20101884229D0FFE7E7
:10931000049843F20041C4F20101884221D0FFE7E2
:10932000049844F20001C4F20101884203D1FFE72E
:109330000020B0B9FFE7049844F20041C4F20101F3
:10934000884203D1FFE7002058B9FFE7049844F6AC
:109350000001C4F20101884212D1FFE7012078B96F
:10936000FFE7019820F4004001900398C16801983C
:1093700040EA01300190019820F480400190FFE71D
:10938000049842F60041C4F20101884220D0FFE770
:10939000049843F20041C4F20101884218D0FFE76B
:1093A000049844F20001C4F20101884210D0FFE7A2
:1093B000049844F20041C4F20101884208D0FFE75A
:1093C000049844F60001C4F20101884215D1FFE778
:1093D000009820F480400090009820F40040009015
:1093E00003984169009840EA8110009003988169D0
:1093F000009840EA81100090FFE7009804994860C7
:1094000002980499C8610398406804990864019817
:109410000499086205B0704785B0049003910498E0
:10942000006A01900499086A20F480300862049868
:10943000406800900498006D029002984FF68F717A
:10944000CFF6FE7108400290039801680298084325
:109450000290019820F400300190039881680198EF
:1094600040EA01400190049842F60041C4F2010133
:10947000884220D0FFE7049843F20041C4F2010182
:10948000884218D0FFE7049844F20001C4F20101B9
:10949000884210D0FFE7049844F20041C4F2010171
:1094A000884208D0FFE7049844F60001C4F20101A5
:1094B00088420BD1FFE7009820F480300090039899
:1094C0004169009840EA01200090FFE70098049964
:1094D0004860029804990865039840680499886474
:1094E00001980499086205B07047000085B00490A7
:1094F00003910498006A01900499086A20F480108E
:1095000008620498406800900498006D02900298E8
:1095100048F6FF71CFF6FF6108400290039801689A
:10952000029840EA01200290019820F40010019076
:1095300003988168019840EA01500190049842F62E
:109540000041C4F20101884220D0FFE7049843F2B1
:109550000041C4F20101884218D0FFE7049844F2A8
:109560000001C4F20101884210D0FFE7049844F2E0
:109570000041C4F20101884208D0FFE7049844F694
:109580000001C4F2010188420BD1FFE7009820F4EA
:109590008020009003984169009840EA8120009063
:1095A000FFE70098049948600298049908650398B9
:1095B00040680499C86401980499086205B070472E
:1095C00085B00490039102920498006A0090049977
:1095D000086A20F0010008620498806901900198EF
:1095E00020F0F00001900299019840EA01100190EA
:1095F000009820F00A00009003990098084300901A
:1096000001980499886100980499086205B0704730
:1096100085B00490039102920498006A0090049926
:10962000086A20F01000086204988069019001988F
:1096300020F4704001900299019840EA01300190B5
:10964000009820F0A00000900399009840EA0110D3
:10965000009001980499886100980499086205B007
:109660007047000082B001900198406E40B9FFE75A
:1096700001990120A1F86A000199A1F8680032E07F
:1096800008208DF803008DF80200019800688068BA
:10969000C0F342608DF80100019800688068400FB7
:1096A0008DF800009DF802009DF800204CF2100398
:1096B000C0F60003995C48434CF20801C0F6000173
:1096C0008A5CB0FBF2F0019AA2F86A009DF80300F0
:1096D0009DF801209B5C5843895CB0FBF1F0019937
:1096E000A1F86800FFE702B07047000081B0009069
:1096F000009890F82800000700280BD5FFE7009895
:109700000068406820F40040009A1168926B104392
:109710004860FFE7009890F82800C00758B1FFE7BD
:1097200000980068406820F40030009A1168D26AFE
:1097300010434860FFE7009890F828008007002851
:109740000BD5FFE700980068406820F48030009A4D
:109750001168126B10434860FFE7009890F82800EA
:10976000400700280BD5FFE700980068406820F408
:109770008020009A1168526B10434860FFE7009800
:1097800090F82800C00600280BD5FFE70098006875
:10979000806820F48050009A1168D26B1043886072
:1097A000FFE7009890F82800800600280BD5FFE717
:1097B00000980068806820F40050009A1168126CCC
:1097C00010438860FFE7009890F8280040060028C2
:1097D0001CD5FFE700980068406820F48010009ACC
:1097E0001168526C104348600098406CB0F5801FBF
:1097F0000BD1FFE700980068406820F4C000009A91
:109800001168926C10434860FFE7FFE7009890F8FA
:109810002800000600280BD5FFE700980068406884
:1098200020F40020009A1168D26C10434860FFE7D2
:1098300001B0704780B588B0069006990020C1F845
:109840009000FBF7A5F905900698006800680007EE
:1098500000282FD5FFE70698059B6A466FF07E41EA
:1098600011604FF40011002200F0C2FB08B3FFE7C3
:10987000FFE7FFE70698006850E8000F20F080003F
:109880000490FFE704990698026842E80010002857
:10989000F0D1FFE7FFE706992020C1F88800FFE735
:1098A0000699002081F88400FFE703208DF81F004F
:1098B0005FE0FFE70698006800684007002842D58F
:1098C000FFE70698059B6A466FF07E4111604FF4F2
:1098D0008001002200F08CFBA0B3FFE7FFE7FFE769
:1098E0000698006850E8000F20F490700390FFE79E
:1098F00003990698026842E800100028F0D1FFE7BB
:10990000FFE7FFE7FFE70698006850E8020F20F046
:1099100001000290FFE702990698026842E80210EF
:109920000028F0D1FFE7FFE706992020C1F88C005E
:10993000FFE70699002081F88400FFE703208DF8F7
:109940001F0016E0FFE706992020C1F8880006995D
:10995000C1F88C0006990020C86606990867FFE7E1
:109960000699002081F88400FFE700208DF81F0091
:10997000FFE79DF81F0008B080BD000080B582B0F1
:1099800001900198806A009000990020A1F85E0083
:109990000098FDF725FC02B080BD000084B0039064
:1099A000FFE7FFE70398006850E8000F20F490708D
:1099B0000290FFE702990398026842E8001000282D
:1099C000F0D1FFE7FFE7FFE7FFE70398006850E803
:1099D000020F4FF6FE71CEF6FF7108400190FFE7CF
:1099E00001990398026842E802100028EDD1FFE7D0
:1099F000FFE70398C06E012814D1FFE7FFE7FFE7F8
:109A00000398006850E8000F20F010000090FFE776
:109A100000990398026842E800100028F0D1FFE79F
:109A2000FFE7FFE703992020C1F88C00039900208D
:109A3000C8660399486704B07047000080B582B0DB
:109A40000190FFE7FFE70198006850E8000F20F061
:109A500040000090FFE700990198026842E800107A
:109A60000028F0D1FFE7FFE701992020C1F8880026
:109A70000199002088670198FEF764F802B080BD64
:109A800080B592B0119000208DF8370011980068D1
:109A900048F20001C4F20001884201D1FFE700E072
:109AA000FFE7119988680B694A69C969184310432F
:109AB0000843109011980068006846F6F311CCF640
:109AC000FF710840109908431199096808601198BE
:109AD0000068406820F44050119A1168D268104321
:109AE00048601198806910901198006848F2000150
:109AF000C4F20001884206D0FFE71198016A10986D
:109B000008431090FFE71198006880684FF2FF410A
:109B1000C1F2FF1108401099084311990968886043
:109B200011980068C06A20F00F00119A1168526AFB
:109B30001043C862FFE71198006843F60001C4F2C1
:109B40000101884225D1FFE741F28800C4F20200FA
:109B5000006800F0030001460A91032814D80A990E
:109B6000DFE801F0020A060E01208DF83D000FE04B
:109B700002208DF83D000BE004208DF83D0007E049
:109B800008208DF83D0003E010208DF83D00FFE730
:109B9000DCE01198006844F20041C4F20001884200
:109BA0002AD1FFE741F28800C4F20200006800F009
:109BB0000C00014609910C2819D80999DFE801F039
:109BC000071717170F1717170B1717171300002072
:109BD0008DF83D000FE002208DF83D000BE00420E1
:109BE0008DF83D0007E008208DF83D0003E01020CF
:109BF0008DF83D00FFE7A8E01198006844F60001E9
:109C0000C4F2000188422CD1FFE741F28800C4F27F
:109C10000200006800F030000146089160B1FFE7E3
:109C20000898102810D0FFE70898202808D0FFE7F0
:109C3000089830280CD00FE000208DF83D000FE090
:109C400002208DF83D000BE004208DF83D0007E078
:109C500008208DF83D0003E010208DF83D00FFE75F
:109C600072E01198006844F60041C4F20001884295
:109C70002CD1FFE741F28800C4F20200006800F036
:109C8000C0000146079160B1FFE70798402810D057
:109C9000FFE70798802808D0FFE70798C0280CD076
:109CA0000FE000208DF83D000FE002208DF83D0010
:109CB0000BE004208DF83D0007E008208DF83D0002
:109CC00003E010208DF83D00FFE73CE011980068AC
:109CD00048F20001C4F2000188422FD1FFE741F2AF
:109CE0008800C4F20200006800F44060014606915A
:109CF00078B1FFE70698B0F5806F12D0FFE70698BD
:109D0000B0F5006F09D0FFE70698B0F5406F0CD0B2
:109D10000FE000208DF83D000FE002208DF83D009F
:109D20000BE004208DF83D0007E008208DF83D0091
:109D300003E010208DF83D00FFE703E010208DF8D0
:109D40003D00FFE7FFE7FFE7FFE7FFE7FFE71198C9
:109D5000006848F20001C4F20001884240F07E80B1
:109D6000FFE79DF83D0001460591082819D805999F
:109D7000DFE801F0051709170F1717171300FBF796
:109D800071FC0B9013E042F20040C0F2F4000B9023
:109D90000DE0FBF78FFC0B9009E04FF400400B90B7
:109DA00005E000200B9001208DF83700FFE70B98AD
:109DB000002852D0FFE70B9811994A6A4CF218011B
:109DC000C0F6000131F81210B0FBF1F00C900C98C5
:109DD0001199496801EB4101884207D3FFE70C98CC
:109DE00011994968B0EB013F04D9FFE701208DF8D4
:109DF000370031E00B9811994A6803924A6A4CF295
:109E00001801C0F6000131F812200023049319460E
:109E1000F6F7B0FA039A049B090241EA10610002C6
:109E200010EB520041F10001F6F7A4FA0E900E98E3
:109E3000B0F5407F0BD3FFE70E990020B0EB115F28
:109E400005D1FFE70E9811990968C86003E0012069
:109E50008DF83700FFE7FFE7FFE7B9E01198C06929
:109E6000B0F5004F61D1FFE79DF83D00014602913A
:109E700008281DD80299DFE801F005090D1B131B06
:109E80001B1B1700FBF7EEFB0B9017E0FBF7FEFB2D
:109E90000B9013E042F20040C0F2F4000B900DE092
:109EA000FBF708FC0B9009E04FF400400B9005E035
:109EB00000200B9001208DF83700FFE70B9898B336
:109EC000FFE70B98119A5168536A4CF21802C0F6DA
:109ED000000232F81320B0FBF2F0400000EB51001A
:109EE000B0FBF1F00E900E98102818D3FFE7BDF8E4
:109EF0003A00A0B9FFE70E9820F00F00ADF83E0041
:109F00000E9800F00E01BDF83E0040EA5100ADF899
:109F10003E00BDF83E0011990968C86003E00120C9
:109F20008DF83700FFE7FFE751E09DF83D0001465F
:109F3000019108281DD80199DFE801F005090D1BE2
:109F4000131B1B1B1700FBF78DFB0B9017E0FBF798
:109F50009DFB0B9013E042F20040C0F2F4000B9026
:109F60000DE0FBF7A7FB0B9009E04FF400400B90CE
:109F700005E000200B9001208DF83700FFE70B98DB
:109F800020B3FFE70B98119A5168536A4CF21802FC
:109F9000C0F6000232F81320B0FBF2F000EB5100E3
:109FA000B0FBF1F00E900E9810280AD3FFE7BDF831
:109FB0003A0030B9FFE7BDF8380011990968C86068
:109FC00003E001208DF83700FFE7FFE7FFE7FFE739
:109FD00011990120A1F86A001199A1F8680011995E
:109FE00000204867119988679DF8370012B080BD3E
:109FF00080B586B0DDF820C0049003918DF80B2069
:10A000000193FFE704980068C06903990840401A6B
:10A01000B0FA80F040099DF80B10884266D1FFE746
:10A0200008980130002860D0FFE7FAF7B1FD0199E8
:10A03000401A0899884203D8FFE7089820B9FFE73B
:10A0400003208DF8170055E0049800680068400769
:10A05000002849D5FFE70398802845D0FFE70398FB
:10A06000402841D0FFE704980068C06900F008016B
:10A070000120B0EBD10F16D1FFE70498016808204A
:10A08000009008620498FFF789FC00980499C1F8D1
:10A090009000FFE70499002081F88400FFE7012089
:10A0A0008DF8170026E004980068C06900F400618C
:10A0B0000120B0EBD12F16D1FFE7049801684FF4CF
:10A0C000006008620498FFF769FC04992020C1F839
:10A0D0009000FFE70499002081F88400FFE7032047
:10A0E0008DF8170006E0FFE7FFE78BE700208DF80B
:10A0F0001700FFE79DF8170006B080BD80B540F25D
:10A100001050C2F20000FDF76FF880BDFFE7FEE7D8
:10A1100080B5FFE74FF0904040210022FAF722FD82
:10A12000FFE700F01DF8FFE74FF09040802101228B
:10A13000FAF718FDFFE700F013F8FFE74FF0904043
:10A1400080210022FAF70EFDFFE700F009F8FFE793
:10A150004FF0904040210122FAF704FDFFE780BD57
:10A1600081B001B07047000080B500F0EBF880BD11
:10A1700080B5FFE74FF0904040210122FAF7F2FC52
:10A18000FFE7FFF7EDFFFFE74FF09040802101224E
:10A19000FAF7E8FCFFE7FFF7E3FFFFE74FF0904037
:10A1A00080210022FAF7DEFCFFE7FFF7D9FF80BD30
:10A1B00080B582B08DF8070000208DF805008DF87D
:10A1C0000600FFE79DF8060007282DDCFFE79DF855
:10A1D000050040008DF80500FFE74FF0904080211A
:10A1E0000122FAF7BFFCFFE7FFF7BAFF4FF09040FC
:10A1F0004021FAF79FFC30B1FFE79DF805000130E0
:10A200008DF80500FFE7FFE74FF090408021002226
:10A21000FAF7A8FCFFE7FFF7A3FFFFE79DF80600AA
:10A2200001308DF80600CDE79DF8070018B9FFE76B
:10A23000FFF79EFF02E0FFF76BFFFFE79DF80500C9
:10A2400002B080BD80B582B08DF8070000208DF887
:10A250000600FFE79DF80600072848DCFFE79DF8A9
:10A2600007000006002809D5FFE7FFE74FF0904000
:10A2700040210122FAF776FCFFE708E0FFE74FF004
:10A28000904040210022FAF76DFCFFE7FFE7FFF75F
:10A2900067FFFFE74FF0904080210122FAF762FC50
:10A2A000FFE7FFF75DFFFFE74FF0904080210022BE
:10A2B000FAF758FCFFE79DF80600072809D1FFE7E9
:10A2C000FFE74FF0904040210122FAF74BFCFFE7F7
:10A2D000FFE79DF8070040008DF80700FFF740FFFB
:10A2E000FFE79DF8060001308DF80600B2E702B0E6
:10A2F00080BD000080B5FFE74FF090404021012273
:10A30000FAF730FCFFE7FFE74FF090408021012291
:10A31000FAF728FCFFE7FFF723FFFFE74FF0904035
:10A3200040210022FAF71EFCFFE7FFF719FFFFE7C5
:10A330004FF0904080210022FAF714FCFFE7FFF76E
:10A340000FFF80BD80B5FFE74FF090404021002215
:10A35000FAF708FCFFE7FFE74FF090408021012269
:10A36000FAF700FCFFE7FFF7FBFEFFE74FF0904036
:10A3700040210122FAF7F6FBFFE780BD80B582B0ED
:10A38000FFE74FF0904040210122FAF7EBFBFFE797
:10A39000FFF7E6FEFFE74FF0904080210122FAF739
:10A3A000E1FBFFE7FFF7DCFE4FF090404021FAF7BA
:10A3B000C1FB20B1FFE701208DF8070003E000207A
:10A3C0008DF80700FFE7FFE74FF090408021002263
:10A3D000FAF7C8FBFFE7FFF7C3FE9DF8070002B0DE
:10A3E00080BD000081B08DF803009DF903000028B6
:10A3F0000ED4FFE79DF9031001F01F0201209040E9
:10A400004A094EF20011CEF2000141F82200FFE7A6
:10A4100001B070474EF60C50CEF200000068C0F359
:10A420000220704782B08DF8070000919DF9070067
:10A4300000280AD4FFE7009800019DF907104EF2AA
:10A440000042CEF2000288540BE0009800019DF813
:10A45000071001F00F014EF61452CEF2000288549C
:10A46000FFE702B07047000083B00290029800F04E
:10A47000070000904EF60C51CEF2000108680190E2
:10A4800001984FF6FF02104001900198009A40EAAF
:10A4900002200022C0F2FA52104301900198086095
:10A4A00003B0704780B588B0079006918DED050A1E
:10A4B0009DED050A01F03CF8079890ED001A20EE9A
:10A4C000010A8DED000A9DED050A9FED351A8DED0F
:10A4D000021A30EE410A01F02BF89DED021AB0EE9F
:10A4E000402A9DED000A079890ED013A22EE032ADA
:10A4F00030EE020A8DED010A9DED050A30EE010AEB
:10A5000001F016F8B0EE401A9DED010A079890EDA3
:10A51000022A21EE021A30EE010A9FED221A20EEE5
:10A52000010A069880ED000A9DED050A01F0A8F8E1
:10A530009DED021A079890ED002A20EE020A8DED9B
:10A54000030A9DED050A30EE410A01F099F89DEDF0
:10A55000021AB0EE402A9DED030A079890ED013AE9
:10A5600022EE032A30EE020A8DED040A9DED050A63
:10A5700030EE010A01F084F8B0EE401A9DED040AB5
:10A58000079890ED022A21EE021A30EE010A9FEDA3
:10A59000061A20EE010A069880ED010A08B080BD77
:10A5A000920A0640ABAA2A3FABAA2ABF80B588B060
:10A5B000079006918DED050A9DED050A00F0B8FFA4
:10A5C000079890ED001A20EE010A8DED010A9DED2D
:10A5D000050A01F055F8B0EE401A9DED010A079802
:10A5E00090ED012A21EE021A30EE410A069880ED24
:10A5F000000A9DED050A9FED261A8DED031A30EE37
:10A60000410A00F095FF9DED031A079890ED002A8E
:10A6100020EE020A8DED020A9DED050A30EE410A98
:10A6200001F02EF89DED031AB0EE402A9DED020ACE
:10A63000079890ED013A22EE032A30EE420A06987E
:10A6400080ED010A9DED050A30EE010A00F070FF71
:10A650009DED031A079890ED002A20EE020A8DED79
:10A66000040A9DED050A30EE010A01F009F8B0EE8A
:10A67000401A9DED040A079890ED012A21EE021A76
:10A6800030EE410A069880ED020A08B080BD00BF96
:10A69000920A064080B58AB009908DED080A0791AC
:10A6A000099890ED000A8DED000AD0ED010A90EDB9
:10A6B000021A00F0B5F8B0EE402A9DED000AB6EEA1
:10A6C000001A8DED021A22EE012A30EE020A8DEDFB
:10A6D000060A9DED060A9DED082A80EE020A30EE7C
:10A6E000010A079880ED000A099890ED000AD0ED64
:10A6F000010ACDED010A90ED021A00F091F89DEDEE
:10A70000021AB0EE402A9DED010A22EE012A30EE37
:10A71000020A8DED050A9DED050A9DED082A80EEE1
:10A72000020A30EE010A079880ED010A099890EDBF
:10A73000000AD0ED010A90ED021A8DED031A00F027
:10A740006FF89DED021AB0EE402A9DED030A22EE4D
:10A75000012A30EE020A8DED040A9DED040A9DEDFA
:10A76000082A80EE020A30EE010A079880ED020AFC
:10A770000AB080BD80B584B00390029103988DF833
:10A78000070040F21050C2F200000DF10701012253
:10A790004FF0FF33FDF73AF9039804B080BD000095
:10A7A00084B08DED030ACDED020A8DED011A002073
:10A7B00000909DED030A9DED021AB4EE410AF1EE00
:10A7C00010FA0DDBFFE79DED030A9DED011AB4EED3
:10A7D000410AF1EE10FA03DBFFE7039800901AE05C
:10A7E0009DED020A9DED031AB4EE410AF1EE10FA56
:10A7F0000DDBFFE79DED020A9DED011AB4EE410A63
:10A80000F1EE10FA03DBFFE70298009002E00198F6
:10A810000090FFE7FFE79DED000A04B070470000DD
:10A8200080B586B08DED050ACDED040A8DED031AD5
:10A83000002002909DED050ADDED040A30EE202A8D
:10A840009DED031A32EE012A8DED002AFFF7A8FFD5
:10A85000B0EE401A9DED000A30EE410A8DED010A7E
:10A860009DED050ADDED040A9DED031A00F00CF8DC
:10A87000B0EE401A9DED010A30EE410A8DED020A5C
:10A880009DED020A06B080BD84B08DED030ACDEDCA
:10A89000020A8DED011A002000909DED030A9DED46
:10A8A000021AB4EE410AF1EE10FA0DDCFFE79DED5D
:10A8B000030A9DED011AB4EE410AF1EE10FA03DC31
:10A8C000FFE7039800901AE09DED020A9DED031A40
:10A8D000B4EE410AF1EE10FA0DDCFFE79DED020A3D
:10A8E0009DED011AB4EE410AF1EE10FA03DCFFE728
:10A8F0000298009002E001980090FFE7FFE79DEDCD
:10A90000000A04B07047000080B582B000200190BA
:10A91000FAF752F9FEF72AF9FDF7D6FDFDF76CFDBF
:10A92000FDF738FEFDF7C6FCFDF73CFFFDF79AFD8D
:10A93000FDF780FFFDF7F4FE00F04CF8FFE7FEE7BF
:10A9400085B004908DED030ACDED020A9DED040A59
:10A95000B8EEC00A9DED031A20EE010A9DED021A21
:10A9600030EE410A8DED010A01980090FFE79DED60
:10A97000000A9FED141AB4EE410AF1EE10FA09DA5A
:10A98000FFE79DED000A9FED121A30EE010A8DEDF2
:10A99000000AECE7FFE79DED000A9FED0B1AB4EE0D
:10A9A000410AF1EE10FA09DDFFE79DED000A9FED87
:10A9B000071A30EE010A8DED000AECE79DED000A62
:10A9C00005B07047DB0F49C0DB0F4940DB0FC9C042
:10A9D000DB0FC94080B5A8B040F2E050C2F20000E1
:10A9E0009FEDCB0ADFEDCB0ACDED210A9FEDCA1A10
:10A9F0008DED231ADFEDC91ACDED221AFEF71EF8F0
:10AA0000DDED210ADDED221A9DED231A40F22460CE
:10AA1000C2F200009FEDC20AFEF710F89DED231A66
:10AA200040F25060C2F200009FEDBE0ADFEDBE0AA8
:10AA3000F0EE001AFEF702F840F2C850C2F2000031
:10AA40009FEDBA0A8DED240ADFEDB90ACDED250A96
:10AA5000FDF780FB9DED240ADDED250A40F20C6038
:10AA6000C2F20000FDF776FBDDED250A40F258301A
:10AA7000C2F200009FEDAF0A9FEDAF1ADFEDAF1AF3
:10AA80009FEDAF2AFDF76EF840F2A810C2F2000069
:10AA9000072101229FEDAB0AF7F722FB40F2C81015
:10AAA000C2F2000027900268202111600168042092
:10AAB000086040F2E430C2F200002690FBF702FD8D
:10AAC00026980C21FCF778F92798F8F7F1FAFFE7B8
:10AAD00040F28260C2F20000007820B9FFE7012056
:10AAE000F9F7F8FAF4E740F2E430C2F200002090FF
:10AAF00000211D91FCF760F9209804211E91FCF7BC
:10AB00005BF9209808211F91FCF756F91D992098B0
:10AB1000FBF782FB1E992098FBF77EFB1F9920987C
:10AB2000FBF77AFBFFE740F28160C2F20000007899
:10AB300001461C91052800F2D9801C99DFE801F03C
:10AB400003386D92B7C940F29C11C2F20001086847
:10AB50004A6814928968169101F02CF902461498FB
:10AB600015920A46159942EC101B8DED1A0B01F057
:10AB700021F90246169817920A46179942EC101BC3
:10AB80008DED180B01F016F99DED181B9DED1A0BBC
:10AB900041EC120B684680ED022B80ED001B53EC5C
:10ABA000102B4CF24A00C0F60000F5F75BFC9EE06B
:10ABB00040F2A451C2F2000108684A680C92896808
:10ABC0000E9101F0F7F802460C980D920A460D9985
:10ABD00042EC101B8DED120B01F0ECF802460E98C2
:10ABE0000F920A460F9942EC101B8DED100B01F0ED
:10ABF000E1F89DED101B9DED120B41EC120B684628
:10AC000080ED022B80ED001B53EC102B4CF23A0030
:10AC1000C0F60000F5F726FC69E040F25830C2F2B9
:10AC20000000016F0891D0F8800001F0C3F80246DF
:10AC3000089809920A46099942EC101B8DED0A0BFF
:10AC400001F0B8F89DED0A0B41EC110B684680ED60
:10AC5000001B53EC102B4CF25A00C0F60000F5F725
:10AC600001FC44E040F25830C2F20000416F049110
:10AC7000D0F8840001F09EF80246049805920A4636
:10AC8000059942EC101B8DED060B01F093F89DED3C
:10AC9000060B41EC110B684680ED001B53EC102BAA
:10ACA0004CF26C00C0F60000F5F7DCFB1FE040F250
:10ACB0005830C2F20000806E01F07CF841EC100BBD
:10ACC00053EC102B4CF27E00C0F60000F5F7CAFBE7
:10ACD0000DE040F25830C2F2000090F864104CF2DF
:10ACE0003000C0F60000F5F7BDFB00E0FFE740F2E2
:10ACF0008060C2F20000007840B9FFE740F25831AE
:10AD0000C2F20001002081F86500FFE70BE700BFF9
:10AD1000B537783C675BA44200000000D8B3DD4043
:10AD20000D349F3CA4C40E3D65E4003F0000FA438F
:10AD300017B75139CDCC4C3F00409C450050C3461D
:10AD400000004842C49941405FEA400C08BF91F0BE
:10AD5000000F4FEA8C234FEAC12243EA51514FEAD8
:10AD60001C5018BF00F5F0404FEA300018BF41F00A
:10AD700000415FEA6C5C00F02980BCF1FF3F08BF36
:10AD800040F080407047130C06BF12044FF0100CC7
:10AD90004FF0000C130E04BF12020CF1080C130F3D
:10ADA00004BF12010CF1040C930F04BF92000CF1CC
:10ADB000020CD30F04BF52000CF1010C11464FF0EE
:10ADC0000002A0F11F00A0EB0C00704711F0004F33
:10ADD00008BF704731F000413FF4D5AF0B0C06BF00
:10ADE00009044FF0100C4FF0000C0B0E04BF0902C9
:10ADF0000CF1080C0B0F04BF09010CF1040C8B0FB4
:10AE000004BF89000CF1020CCB0F04BF49000CF108
:10AE1000010CCCF1200322FA03F341EA030102FA08
:10AE20000CF2A0EB0C0000F10100704723F07F470B
:10AE300020F07F4C80EA030000F00040ACEB0703F9
:10AE400003F57C5303F1FF032DE9804909B44FEA70
:10AE5000144324EA03484FEA154B25EA0B4E0FF240
:10AE6000042606EB13273E7803FB0667C7F50007A9
:10AE700007FB06F64FEAD64606F102064FEA5437BC
:10AE800007FB066CCCF1005C4FEA1C472CEA074C30
:10AE90000CFB06F507FB06F404EB15464FEA961685
:10AEA00049085FEA320234BF00204FF000404FEA09
:10AEB000D13706FB07FC4FEA1C4C0CFB0BF7D21BEF
:10AEC00003FB0CF761EB07010CFB0EF7B0EB07403F
:10AED00072EB17420CFB08F734BFA2EB0742B2EB50
:10AEE000074261EB17414FEA0C444FEA910706FB1A
:10AEF00007FC4FEA1C4C0CFB0BF7B0EBC74072EBA6
:10AF0000573203FB0CF734BFA2EBC742B2EBC74288
:10AF100061EB57310CFB0EF7B0EBC70072EB5772C9
:10AF20000CFB08F734BFA2EBC702B2EBC70261EB20
:10AF300057714FEA816141EA92114FEA826242EA17
:10AF400090124FEA806004EBCC04039F4FEAD137A4
:10AF500006FB07FC4FEA1C4C0CFB0BF7D21B03FB58
:10AF60000CF761EB07010CFB0EF7B0EB074072EB3F
:10AF700017420CFB08F734BFA2EB0742B2EB0742C3
:10AF800061EB17414FEA8C5504EB9C244FEA910783
:10AF900006FB07FC4FEA1C4C0CFB0BF7B0EBC74061
:10AFA00072EB573203FB0CF734BFA2EBC742B2EB94
:10AFB000C74261EB57310CFB0EF7B0EBC70072EBE9
:10AFC00057720CFB08F734BFA2EBC702B2EBC70203
:10AFD00061EB57714FEA816141EA92114FEA826257
:10AFE00042EA90124FEA806015EB4C2544F10004D0
:10AFF0004FEAD13706FB07FC4FEA1C4C0CFB0BF762
:10B00000D21B03FB0CF761EB07010CFB0EF7B0EB57
:10B01000074072EB17420CFB08F734BFA2EB074264
:10B02000B2EB074261EB17414FEA813141EA9241AD
:10B030004FEA823242EA90424FEA80304FEA0C7681
:10B0400015EB1C1544F1000448EA03434EEA0B4893
:10B050004FF0000EB2EB080C71EB030724BF624601
:10B0600039464EEB0E0E4FF0000B0018524149418D
:10B070004BEB0B0BB2EB080C71EB03077BF1000BF6
:10B0800024BF624639464EEB0E0E4FF0000B0018FF
:10B09000524149414BEB0B0BB2EB080C71EB030730
:10B0A0007BF1000B24BF624639464EEB0E0E51EA8F
:10B0B000020718BF46F0010616EB0E7655F10002A6
:10B0C00054F1000103D5BDE88901BDE80088BDE861
:10B0D0008901BDE80048B619524141EB0101A3F1D5
:10B0E0000103704780807F7E7D7C7B7A79787776DC
:10B0F00076757473727171706F6E6E6D6C6C6B6A55
:10B100006A696868676666656464636362616160F2
:10B11000605F5F5E5E5D5D5C5C5B5B5A5A5959586F
:10B1200058575756565555555454535352525251D9
:10B13000515050504F4F4F4E4E4D4D4D4C4C4C4B2F
:10B140004B4B4A4A4A494949484848474747474676
:10B1500046464545454444444443434343424242B2
:10B16000424141419C46002B30D477002BD04FEA1E
:10B1700037071CB503B44FF010004FF01001BAF1BF
:10B18000000F06D0BCF1000FDCBF40F0080040F01B
:10B1900008014FF000000FBCBDE810400BF1010B9F
:10B1A000BBF1010F08BF5FEA170722BF12F10102CE
:10B1B00011F101014FF0004143F1000300F00040A4
:10B1C00043EA00007047F9D35708D0E746EA06463D
:10B1D0004FEA164613F1400F1FDD13F1200FDFBFBA
:10B1E00016430A46002120335B42BED0C3F120073C
:10B1F00046EA06464FEA164602FA07F746EA070607
:10B2000022FA03F2C3F1200701FA07F742EA070224
:10B2100021FA03F14FF00003A7E746EA020646EAE7
:10B2200006464FEA164646EA0106BCBF46EA06460F
:10B23000360C4FF000034FF000024FF0000194E78E
:10B240002DE9804C70B49A46934691E8380007C8BF
:10B2500031EA400C48BF34EA430C03D5FFF7E6FD62
:10B26000FFF780FFF0BCBDE8008C2DE9804C70B486
:10B270009A46934691E8380007C810F0804F08BFFF
:10B2800013F0804F03D100F005F8FFF76BFFF0BC1F
:10B29000BDE8008C20F07F4723F07F4C80EA03005C
:10B2A00000F0004007EB0C03A3F57C53A3F1FE0371
:10B2B00092F0000F00F0B38095F0000F00F077805F
:10B2C0002DE901494FEA114021EA00484FEA1446AE
:10B2D00024EA064700FB06FC08FB06F607FB08F815
:10B2E00018EB06484CEB164C00FB07F718EB074829
:10B2F0004CEB17404FEA124B22EA0B4E4FEA154631
:10B3000025EA06470BFB06FC0EFB06F607FB0EFEC6
:10B310001EEB064E4CEB164C0BFB07F71EEB074ED5
:10B320004CEB174B18EB0B0840F1000018EB0E0B21
:10B3300058EB000840F100008F1A4FF000014FF069
:10B3400000063CBFC943661B14BFB5EB040C0021CB
:10B350003CBFC943F61B4FEA174427EA04454FEAAE
:10B360001C472CEA074C04FB076205FB07F70CFBA4
:10B3700005F616EB074642EB174204FB0CFC16EBF6
:10B380000C4642EB1C421BEB060658EB0202414105
:10B390004EEA8E0E46EA9E0601D5BDE80189B61931
:10B3A000524141EB0101A3F10103BDE801894FEADC
:10B3B000144524EA05464FEA114721EA074C05FBEC
:10B3C00007F406FB07F70CFB06F111EB074144EB12
:10B3D000174405FB0CFC11EB0C4144EB1C444FEAF9
:10B3E000124722EA074C05FB07F206FB07F70CFBA6
:10B3F00006F616EB074642EB174205FB0CFC16EB74
:10B400000C4642EB1C456A1854F1000148BF7047D6
:10B41000B619524141EB0101A3F10103704795F0C8
:10B42000000F37D04FEA114221EA02464FEA144793
:10B4300024EA074C02FB07F106FB07F70CFB06F4B6
:10B4400014EB074441EB174102FB0CFC14EB0C44DA
:10B4500041EB1C414FEA154725EA074C02FB07F573
:10B4600006FB07F70CFB06F616EB074645EB174500
:10B4700002FB0CFC16EB0C4645EB1C42121951F179
:10B48000000148BF7047B619524141EB0101A3F1D9
:10B49000010370474FEA144524EA05464FEA114775
:10B4A00021EA074C05FB07F106FB07F70CFB06F248
:10B4B00012EB074241EB174105FB0CFC12EB0C426F
:10B4C00051EB1C414FF0000648BF7047921841EB0A
:10B4D0000101A3F10103704703B4019841000098F2
:10B4E00050EAC12018BF04204A0D18BF40F00100E7
:10B4F00040F2FF72B2EB515F08BF40F0020001283A
:10B5000008BF052002B070474100080218BF0420A0
:10B510000A0E18BF40F001004FF07F4232EA0101ED
:10B5200008BF40F00200012808BF05207047000056
:10B5300010EE101A08B5444A6846B2EB410F28D9FC
:10B540004FF0E640B0EB410F94BF00204FF0FF30CA
:10B5500000900098002861DB60EE000A10F0010FF7
:10B5600045D010F0020FDFED391A9FED391A00EEC9
:10B57000A11ADFED381A40EE811A21EEA01AF0EE82
:10B58000400A40EE010A08BFF1EE600AB0EE600A20
:10B5900008BD314B21F0004293423CD911F0004FDD
:10B5A000DFED2E0A20EE201ADFED2D0A19BF31EE55
:10B5B000601A71EE200A31EE201A71EE600ABDEEBB
:10B5C000E01A11EE100A9FED271A00F0030000EEBA
:10B5D000C10A9FED251A009000EEC10A9FED231AC3
:10B5E00000EEC10A9FED221A00EEC10AB1E79FEDFD
:10B5F000211A9FED210A10F0020F00EE810A9FED43
:10B600001F1A00EE801AB7EE000A00EE810A18BF7A
:10B61000B1EE400A08BD00F00FF99AE710EE100AEB
:10B620004000B0F17F4F3CBFB7EE000A08BD07D124
:10B630004FF00100F4F751FFBDE8084000F0ECB80E
:10B64000BDE8084000F0E4B8B61F927E336D4CB9F7
:10B65000DA82083CA0AA2ABE490E494683F9223F55
:10B660000000004B0000C93F00A0FD390020A233BC
:10B670001A61342CB93AB2BACA9F2A3DDDFFFFBE27
:10B6800000B510EE101A2DED028B81B0524A6846BB
:10B69000B2EB410F2ED94FF0E640B0EB410F94BF13
:10B6A00000204FF0FF3000900098B0EE408A002854
:10B6B0006ADB10F0010F4BD068EE080A9FED471AC5
:10B6C0009FED470A00EE810A9FED461A10F0020F27
:10B6D00000EE801AB7EE000A00EE810A02BF01B048
:10B6E000BDEC028B00BD00BF01B0B1EE400ABDEC65
:10B6F000028B00BD3C4B21F00042934241D911F036
:10B70000004FDFED3A0A20EE201ADFED390A19BFAB
:10B7100031EE601A71EE200A31EE201A71EE600AE5
:10B72000BDEEE01A11EE100A9FED321A00F0030090
:10B7300000EEC10A9FED301A009000EEC10A9FEDA5
:10B740002F1A00EEC10A9FED2E1A00EEC10AABE7D8
:10B7500028EE080A9FED2B1ADFED2B0A10F0020FDE
:10B7600040EE010A9FED291A00EE201A61EE000A50
:10B77000B0EE480A08EE200AB6D101B0BDEC028B4B
:10B7800000BD00F059F88FE718EE100A4000B0F144
:10B790007F4F0DD218EE100AFFF7B6FE042808BF3F
:10B7A00000F042F8B0EE480A01B0BDEC028B00BDDB
:10B7B00009D10120F4F791FE01B0BDEC028B5DF8D8
:10B7C00004EB00F029B801B0B0EE480ABDEC028BE2
:10B7D0005DF804EB00F01CB8B61F927EB93AB2BA1D
:10B7E000CA9F2A3DDDFFFFBE490E494683F9223F2D
:10B7F0000000004B0000C93F00A0FD390020A2332B
:10B800001A61342C336D4CB9DA82083CA0AA2ABEE6
:10B8100030EE000A70470000DFED020A80EEA00A59
:10B8200070470000000000009FED020A20EE000AB1
:10B8300070470000000000102DE9F0014FF07F423A
:10B84000B2EB410F9FBF4FF0FF310160BDE8F00147
:10B8500070474FF0004242EA0123C1F3C752783AE1
:10B86000551112F01F0C434CCCF120067C44C1F35F
:10B87000C752A2F178024FEA621204EB820254F836
:10B88000254008BFD2E9015612D0556804FA0CF4DD
:10B8900025FA06F73C43976805FA0CF527FA06F8EF
:10B8A000D26807FA0CFCF24045EA08054CEA0206A9
:10B8B000A4FB034CA5FB0352A6FB03631D449D425E
:10B8C00034BF012600261319334416B1934202D91E
:10B8D00003E0934201D2012200E00022624402F11F
:10B8E000200C9206DC0C42EA443200EE102A5B0384
:10B8F000DFED210AF8EEC01A00EE103A4FEA9C1C68
:10B9000011F0004FB8EE400AC0F800C020EE201A37
:10B9100000EE105ADFED190AB8EE400A20EE200AB8
:10B9200071EE810A70EE800A10EE902A02F5006234
:10B930006FF30B0200EE902A70EEE11A31EEC11A9D
:10B94000DFED101A30EE411A9FED0D0A20EE800A4D
:10B9500001EE210A9FED0C1A00EE810A04BFBDE83A
:10B96000F0017047CCF180510160BDE8F001B1EE0B
:10B97000400A704798060000000000360000802C46
:10B9800022AAFD29DB0FC92F0000C92F30380A2851
:10B9900001D20120704700207047000010B5002937
:10B9A0000AD00878002807D005487844F6F71CF933
:10B9B000002801D0002010BD0248784410BD0000CE
:10B9C00002070000FA06000010B500290AD0087826
:10B9D000002807D005487844F6F706F9002801D07A
:10B9E000002010BD0248784410BD0000F20600009F
:10B9F000EA06000021F0004201F00043A2F160528B
:10BA0000B2F5801F28BFD2F17F6C0BD95FEA001C12
:10BA100043EAC20242EB507018BF704728BF20F0C3
:10BA200001007047B2F5801FBCBF184670474FEA4F
:10BA3000410C1CF5001F02D2084600F039BA70B55F
:10BA400000F064F900000089FFF7F6BF4FF00040F6
:10BA5000A0F58000704700002DE9C04130B4DFF848
:10BA6000A4C23CEA111418BF3CEA131400F0ED80A4
:10BA70001CEA111481EA030544EAD57418BF1CEAD4
:10BA8000131500F0C880A4EB050404F17F7404F5DD
:10BA900000344FF0004545EAC12145EAC32341EA9D
:10BAA000505143EA52534FEAC0204FEAC222994212
:10BAB00008BF904200F09D804FEA13650FF24416D4
:10BAC000765D4FEA134506FB05F7C7F1807706FB65
:10BAD00007F74FEAD737A7FB03687642A7FB06CEE6
:10BAE000C8F5803838BFA8F1010807FB08E6A6FBB7
:10BAF000028C4FF0000EE6FB03CEDCF1000CCEF121
:10BB0000004E38BFAEF1010EA6FB0C584FF00007F7
:10BB1000E6FB0E87A1FB08C6A0FB07CE16EB0E06C0
:10BB20004FF0000545F10005E1FB076515F1E04E1A
:10BB30007EBFA4F580345FEA46066D4116F18007AA
:10BB400045F100054FEA172747EA05674FEA152533
:10BB50004FEA0666A6F1DE46B6F1805F20D9384688
:10BB600005EBC47124F0010C01EB0C11BCF1FE6F6C
:10BB700002D8F0BCBDE8008124425CBF01F5801E04
:10BB80009EEAC47F02D4F0BCBDE80081244200F1EB
:10BB90003980A1F1C041F0BCBDE8004100F004B91A
:10BBA0004FEAD02040EA41504FEAD1214FEAD22259
:10BBB00042EA43524FEAD323A7FB028607FB036600
:10BBC00005FB02661EEA0E0F58BFA6EB0056B6EB49
:10BBD00000564FEA520E4EEAC37E18EB0E0E56EB9D
:10BBE000530EBCD518EB02085E417F1C55F10005D1
:10BBF000B5E74FF480154FF000074FF000064FF007
:10BC00000008ACE701F1C04101F000414FF0000035
:10BC1000F0BCBDE800810CEA131511EA0C1F00D03E
:10BC20000CE013EA0C1F00F026804FF0000081EAC0
:10BC3000030101F00041F0BCBDE80081F0BCBDE8AB
:10BC4000004181EA030100F0AFB8F0BCBDE800415B
:10BC500070B500F05BF800BF097EFC3E00F007B84D
:10BC60004FF0000081EA030101F00041704781EAD2
:10BC7000030100F099B8F0BCBDE8004122494FF043
:10BC800000007047FFFDFBF9F7F5F4F2F0EEEDEB85
:10BC9000E9E8E6E4E3E1E0DEDDDBDAD8D7D5D4D3CA
:10BCA000D1D0CFCDCCCBCAC8C7C6C5C4C2C1C0BF16
:10BCB000BEBDBCBBBAB9B8B7B6B5B4B3B2B1B0AF1C
:10BCC000AEADACABAAA9A8A8A7A6A5A4A3A3A2A100
:10BCD000A09F9F9E9D9C9C9B9A99999897979695BB
:10BCE00095949393929191908F8F8E8E8D8C8C8B57
:10BCF0008B8A8989888887878685858484838382DF
:10BD0000828181800000FF070000F87F0EF1020EA3
:10BD10002EF0030E5EF8046B364205D4012A43EB85
:10BD2000030515F5001F12D8012841EB010C1CF585
:10BD3000001F0CD80ED14FEAD17C0CEB4C0C0CF14F
:10BD4000020C15F5001F08BF4CEBD37C04E04FF04C
:10BD5000080C01E04FEAD37C0CEB4C0526FA05F603
:10BD600006F00706B6F1040C06D20EEB860CBDE811
:10BD700070404CF0010C6047DFE80CF0090B020248
:10BD80004FF00041A1F500214FF0000070BD1946B1
:10BD90001046012851EB010418BFD4F5001484BFEC
:10BDA000002001F0004170BD0808A0F500114FEA25
:10BDB0003101704743004FEAD30C4FEA3C0C43403B
:10BDC0001FBF40070CF1605113F0FE4F70471CF08D
:10BDD000006F03D10CF00041002070470CF00043CD
:10BDE00043EA507040EACC0010B500F00EF800BFF6
:10BDF000000000924FEA0001FFF7D6BF4FF000416C
:10BE0000A1F500214FF0000070470EF1020E2EF058
:10BE1000030E5EF8044B244204D44FEA4102B2F10F
:10BE20007F4F11D84FEA4003B3F17F4F0CD80ED1AA
:10BE30004FEAD07C0CEB4C0C0CF1020CB2F17F4FB2
:10BE400008BF4CEBD17C04E04FF0080C01E04FEA56
:10BE5000D17C0CEB4C0324FA03F404F00704B4F196
:10BE6000040C06D20EEB840CBDE810404CF0010C23
:10BE70006047DFE80CF0070802024FF00040A0F531
:10BE8000800010BD0846420018BFD2F1807288BF02
:10BE900000F0004010BDF1EE100A4FF6FF71C0F245
:10BEA000C03120EA010040F04070E1EE100A704716
:10BEB000FF2141EAD050C0057047F4F735BFF5F7D0
:10BEC00069B800000000000000000000303132338B
:10BED00034353637383941424344454640305800BE
:10BEE00030313233343536373839616263646566F0
:10BEF000403078000400000800000000000000024C
:10BF00000001000010000000000000006E83F9A294
:10BF10002915444ED15727FCC0DD34F5999562DBD5
:10BF20004190433CAB6351FE3031323334353637C8
:10BF30003839616263646566787000303132333459
:10BF400035363738394142434445465850003A74F3
:10BF500074003A7474003A747400000002400000E7
:10BF6000000000A00000000005400000000000C824
:10BF7000000000000C4000000000409C0000000099
:10BF8000194000000020BCBE00000000344000004A
:10BF9000BFC91B8E00000004B5400000504BCFD03D
:10BFA0006607E2CF010000006C4100003E8251AA0A
:10BFB000DFEEA73401000000D9420000DCB5A0E2AA
:10BFC0003A301F97FFFFFFFFB4450000FD25A0C8D2
:10BFD000E9A3C14FFFFFFFFFFF3F0000000000800B
:10BFE00000000000FF3F0000000000800000000093
:10BFF0000000000000000000010203040607080919
:10C000000000000001020304080402040801010109
:10C010000101010307010000010002000400060005
:10C0200008000A000C001000200040008000000101
:10C03000737465703A25640D0A00696162633A257C
:10C04000662C25662C25660D0A00647574793A25E0
:10C05000662C25662C25660D0A0074686574613AA5
:10C06000252E34662C252E34660D0A007370656506
:10C07000643A252E34662C252E34660D0A00755F31
:10C08000683A252E34660D0A00000000D8C1000869
:10C09000000000201800000014020008F0C1000891
:10C0A0001800002098120000300200081C00000058
:10C0B00043000000F8FFFFFF0C0000000E0000002E
:10C0C0000F0000002E0000001001000043000000DF
:10C0D000F8FFFFFF004040404040404040404141A9
:10C0E000414141404040404040404040404040404D
:10C0F00040404040400502020202020202020202E7
:10C1000002020202022020202020202020202002E3
:10C110000202020202029090909090901010101073
:10C12000101010101010101010101010101010100F
:10C1300002020202020288888888888808080808A3
:10C14000080808080808080808080808080808086F
:10C150000202020240000000000000000000000097
:10C1600000000000000000000000000000000000CF
:10C1700000000000000000000000000000000000BF
:10C1800000000000000000000000000000000000AF
:10C19000000000000000000000000000000000009F
:10C1A000000000000000000000000000000000008F
:10C1B000000000000000000000000000000000007F
:10C1C000000000000000000000000000000000006F
:10C1D000000000000000000000000000000000005F
:10C1E000000000000024F400010000001000000026
:04000005080001D915
:00000001FF
