:020000040800F2
:1000000000800020BD6A0008251800082718000895
:10001000291800082B1800082D18000800000000FF
:100020000000000000000000000000002F18000881
:1000300031180008000000003318000835180008C7
:100040000D6B00080D6B00080D6B00080D6B0008B0
:100050000D6B00080D6B00080D6B00080D6B0008A0
:100060000D6B00080D6B00080D6B00080D6B000890
:100070000D6B00080D6B00080D6B00080D6B000880
:100080000D6B0008000000003D1800080D6B000813
:100090000D6B00080D6B00080D6B00080D6B000860
:1000A00055180008651800080D6B00080D6B000856
:1000B0000D6B00080D6B00080D6B00080D6B000840
:1000C0000D6B00080D6B00080D6B00080D6B000830
:1000D0000D6B00080D6B00080D6B00080D6B000820
:1000E000751800080D6B00080D6B00080D6B0008FB
:1000F0000D6B00080D6B00080D6B00080000000080
:10010000000000000D6B0008000000000D6B0008EF
:100110000D6B0008000000000D6B00080D6B00085F
:100120000D6B00080D6B00080D6B00080D6B0008CF
:100130000D6B000800000000000000000D6B0008BF
:10014000911800080D6B000800000000000000007E
:10015000000000000000000000000000000000009F
:100160000000000000000000000000000D6B00080F
:100170000D6B0008000000000000000000000000FF
:10018000000000000D6B00080000000000000000EF
:10019000000000000000000000000000000000005F
:1001A00000000000000000000D6B00080D6B00084F
:1001B0000D6B00080D6B00080D6B000800000000BF
:1001C000000000000D6B00080000000000000000AF
:0801D0000D6B00080D6B000827
:1001E00010B5054C237833B9044B13B10448AFF371
:1001F00000800123237010BDE001002000000000FA
:1002000048C4000808B5034B1BB103490348AFF3CA
:10021000008008BD00000000E401002048C4000880
:1002200081F0004102E000BF83F0004330B54FEAA7
:1002300041044FEA430594EA050F08BF90EA020F14
:100240001FBF54EA000C55EA020C7FEA645C7FEAA7
:10025000655C00F0E2804FEA5454D4EB5555B8BFCA
:100260006D420CDD2C4480EA020281EA030382EA3B
:10027000000083EA010180EA020281EA0303362DCD
:1002800088BF30BD11F0004F4FEA01314FF4801CA0
:100290004CEA113102D0404261EB410113F0004FB2
:1002A0004FEA03334CEA133302D0524263EB430369
:1002B00094EA050F00F0A780A4F10104D5F1200E07
:1002C0000DDB02FA0EFC22FA05F2801841F1000162
:1002D00003FA0EF2801843FA05F359410EE0A5F136
:1002E00020050EF1200E012A03FA0EFC28BF4CF067
:1002F000020C43FA05F3C01851EBE37101F000451D
:1003000007D54FF0000EDCF1000C7EEB00006EEB29
:100310000101B1F5801F1BD3B1F5001F0CD34908B3
:100320005FEA30004FEA3C0C04F101044FEA44520A
:1003300012F5800F80F09A80BCF1004F08BF5FEA91
:10034000500C50F1000041EB045141EA050130BD71
:100350005FEA4C0C404141EB0101013C28BFB1F583
:10036000801FE9D291F0000F04BF01460020B1FACE
:1003700081F308BF2033A3F10B03B3F120020CDAA1
:100380000C3208DD02F1140CC2F10C0201FA0CF07F
:1003900021FA02F10CE002F11402D8BFC2F1200CE4
:1003A00001FA02F120FA0CFCDCBF41EA0C0190409A
:1003B000E41AA2BF01EB0451294330BD6FEA0404E3
:1003C0001F3C1CDA0C340EDC04F11404C4F12002CE
:1003D00020FA04F001FA02F340EA030021FA04F3E0
:1003E00045EA030130BDC4F10C04C4F1200220FA37
:1003F00002F001FA04F340EA0300294630BD21FA75
:1004000004F0294630BD94F0000F83F4801306BF3A
:1004100081F480110134013D4EE77FEA645C18BF2E
:100420007FEA655C29D094EA050F08BF90EA020FC5
:1004300005D054EA000C04BF1946104630BD91EABD
:10044000030F1EBF0021002030BD5FEA545C05D1C0
:100450004000494128BF41F0004130BD14F58004FF
:100460003CBF01F5801130BD01F0004545F0FE4173
:1004700041F470014FF0000030BD7FEA645C1ABFA8
:10048000194610467FEA655C1CBF0B46024650EADF
:10049000013406BF52EA033591EA030F41F400210B
:1004A00030BD00BF90F0000F04BF0021704730B591
:1004B0004FF4806404F132044FF000054FF0000166
:1004C00050E700BF90F0000F04BF0021704730B527
:1004D0004FF4806404F1320410F0004548BF4042FC
:1004E0004FF000013EE700BF42004FEAE2014FEA51
:1004F00031014FEA02701FBF12F07F4393F07F4F2C
:1005000081F06051704732F07F4208BF704793F02E
:100510007F4F04BF41F40021704730B54FF4607441
:1005200001F0004521F000411CE700BF50EA010244
:1005300008BF704730B54FF000050AE050EA0102ED
:1005400008BF704730B511F0004502D5404261EB5D
:1005500041014FF4806404F132045FEA915C3FF49E
:10056000D8AE4FF003025FEADC0C18BF03325FEA3B
:10057000DC0C18BF033202EBDC02C2F1200300FAEC
:1005800003FC20FA02F001FA03FE40EA0E0021FA11
:1005900002F11444BDE600BF70B54FF0FF0C4CF4FF
:1005A000E06C1CEA11541DBF1CEA135594EA0C0FB1
:1005B00095EA0C0F00F0DEF82C4481EA030621EAEC
:1005C0004C5123EA4C5350EA013518BF52EA033527
:1005D00041F4801143F4801338D0A0FB02CE4FF0D9
:1005E0000005E1FB02E506F00042E0FB03E54FF009
:1005F0000006E1FB03569CF0000F18BF4EF0010E01
:10060000A4F1FF04B6F5007F64F5407404D25FEAFC
:100610004E0E6D4146EB060642EAC62141EA5551AF
:100620004FEAC52040EA5E504FEACE2EB4F1FD0CF1
:1006300088BFBCF5E06F1ED8BEF1004F08BF5FEA6F
:10064000500E50F1000041EB045170BD06F0004621
:1006500046EA010140EA020081EA0301B4EB5C04CE
:10066000C2BFD4EB0C0541EA045170BD41F48011C6
:100670004FF0000E013C00F3AB8014F1360FDEBFEB
:10068000002001F0004170BDC4F10004203C35DAC7
:100690000C341BDC04F11404C4F1200500FA05F34A
:1006A00020FA04F001FA05F240EA020001F00042EB
:1006B00021F0004110EBD37021FA04F642EB060161
:1006C0005EEA430E08BF20EAD37070BDC4F10C048B
:1006D000C4F1200500FA04F320FA05F001FA04F24F
:1006E00040EA020001F0004110EBD37041F100013B
:1006F0005EEA430E08BF20EAD37070BDC4F1200546
:1007000000FA05F24EEA020E20FA04F301FA05F2AD
:1007100043EA020321FA04F001F0004121FA04F255
:1007200020EA020000EBD3705EEA430E08BF20EA25
:10073000D37070BD94F0000F0FD101F0004640005F
:1007400041EB010111F4801F08BF013CF7D041EAE1
:10075000060195F0000F18BF704703F000465200E5
:1007600043EB030313F4801F08BF013DF7D043EAB6
:100770000603704794EA0C0F0CEA135518BF95EA6C
:100780000C0F0CD050EA410618BF52EA4306D1D1F3
:1007900081EA030101F000414FF0000070BD50EA12
:1007A000410606BF1046194652EA430619D094EA9C
:1007B0000C0F02D150EA013613D195EA0C0F05D186
:1007C00052EA03361CBF104619460AD181EA0301DA
:1007D00001F0004141F0FE4141F470014FF0000092
:1007E00070BD41F0FE4141F4780170BD70B54FF02D
:1007F000FF0C4CF4E06C1CEA11541DBF1CEA1355AD
:1008000094EA0C0F95EA0C0F00F0A7F8A4EB05048E
:1008100081EA030E52EA03354FEA013100F0888085
:100820004FEA03334FF0805545EA131343EA12634E
:100830004FEA022245EA111545EA10654FEA002603
:100840000EF000419D4208BF964244F1FD0404F5BC
:10085000407402D25B084FEA3202B61A65EB030518
:100860005B084FEA32024FF480104FF4002CB6EBD5
:10087000020E75EB030E22BFB61A754640EA0C0055
:100880005B084FEA3202B6EB020E75EB030E22BF95
:10089000B61A754640EA5C005B084FEA3202B6EBD6
:1008A000020E75EB030E22BFB61A754640EA9C0095
:1008B0005B084FEA3202B6EB020E75EB030E22BF65
:1008C000B61A754640EADC0055EA060E18D04FEA23
:1008D000051545EA16754FEA06164FEAC30343EAC3
:1008E00052734FEAC2025FEA1C1CC0D111F4801F90
:1008F0000BD141EA00014FF000004FF0004CB6E789
:1009000011F4801F04BF01430020B4F1FD0C88BF27
:10091000BCF5E06F3FF6AFAEB5EB030C04BFB6EB32
:10092000020C5FEA500C50F1000041EB045170BD25
:100930000EF0004E4EEA113114EB5C04C2BFD4EB52
:100940000C0541EA045170BD41F480114FF0000ED6
:10095000013C90E645EA060E8DE60CEA135594EA52
:100960000C0F08BF95EA0C0F3FF43BAF94EA0C0F55
:100970000AD150EA01347FF434AF95EA0C0F7FF4CA
:1009800025AF104619462CE795EA0C0F06D152EA1E
:1009900003353FF4FDAE1046194622E750EA410602
:1009A00018BF52EA43067FF4C5AE50EA41047FF413
:1009B0000DAF52EA43057FF4EBAE12E74FF0FF3C78
:1009C00006E000BF4FF0010C02E000BF4FF0010C49
:1009D0004DF804CD4FEA410C7FEA6C5C4FEA430CC2
:1009E00018BF7FEA6C5C1BD001B050EA410C0CBF11
:1009F00052EA430C91EA030F02BF90EA020F002073
:100A0000704710F1000F91EA030F58BF994208BFD9
:100A100090422CBFD8176FEAE37040F00100704796
:100A20004FEA410C7FEA6C5C02D150EA013C07D1ED
:100A30004FEA430C7FEA6C5CD6D152EA033CD3D038
:100A40005DF8040B704700BF8446104662468C4632
:100A50001946634600E000BF01B5FFF7B7FF002865
:100A600048BF10F1000F01BD4DF808EDFFF7F4FF8E
:100A70000CBF012000205DF808FB00BF4DF808ED19
:100A8000FFF7EAFF34BF012000205DF808FB00BF3C
:100A90004DF808EDFFF7E0FF94BF012000205DF85E
:100AA00008FB00BF4DF808EDFFF7CEFF94BF012013
:100AB00000205DF808FB00BF4DF808EDFFF7C4FF0C
:100AC00034BF012000205DF808FB00BF4A0011D2AE
:100AD00012F5001211D20DD56FF47873B3EB625298
:100AE0000ED44FEAC12343F0004343EA505323FAA4
:100AF00002F070474FF00000704750EA013002D119
:100B00004FF0FF3070474FF0000070474FEA41024E
:100B1000B2F1E04324BFB3F5001CDCF1FE5C0DD95B
:100B200001F0004C4FEAC0024CEA5070B2F1004FA5
:100B300040EB830008BF20F00100704711F0804FA8
:100B400021D113F13872BCBF01F00040704741F46D
:100B500080114FEA5252C2F11802C2F1200C10FA71
:100B60000CF320FA02F018BF40F001004FEAC12355
:100B70004FEAD32303FA0CFC40EA0C0023FA02F3F9
:100B80004FEA4303CCE77FEA625307D150EA0133CF
:100B90001EBF4FF0FE4040F44000704701F000409F
:100BA00040F0FE4040F40000704700BF53B94AB91E
:100BB000002908BF00281CBF4FF0FF314FF0FF3065
:100BC00000F074B9ADF1080C6DE904CE00F006F840
:100BD000DDF804E0DDE9022304B070472DE9F047B9
:100BE000089D04468E46002B4DD18A42944669D911
:100BF000B2FA82F252B101FA02F3C2F1200120FAF4
:100C000001F10CFA02FC41EA030E94404FEA1C4841
:100C1000210CBEFBF8F61FFA8CF708FB16E341EA3D
:100C2000034306FB07F199420AD91CEB030306F1C3
:100C3000FF3080F01F81994240F21C81023E6344E4
:100C40005B1AA4B2B3FBF8F008FB103344EA034488
:100C500000FB07F7A7420AD91CEB040400F1FF339D
:100C600080F00A81A74240F207816444023840EADA
:100C70000640E41B00261DB1D4400023C5E9004313
:100C80003146BDE8F0878B4209D9002D00F0EF8096
:100C90000026C5E9000130463146BDE8F087B3FAC9
:100CA00083F6002E4AD18B4202D3824200F2F980B1
:100CB000841A61EB030301209E46002DE0D0C5E9B4
:100CC000004EDDE702B9FFDEB2FA82F2002A40F000
:100CD0009280A1EB0C014FEA1C471FFA8CFE012603
:100CE000200CB1FBF7F307FB131140EA01410EFBA7
:100CF00003F0884208D91CEB010103F1FF3802D24E
:100D0000884200F2CB804346091AA4B2B1FBF7F047
:100D100007FB101144EA01440EFB00FEA64508D96A
:100D20001CEB040400F1FF3102D2A64500F2BB80A7
:100D30000846A4EB0E0440EA03409CE7C6F12007F6
:100D4000B34022FA07FC4CEA030C20FA07F401FA3C
:100D500006F31C43F9404FEA1C4900FA06F3B1FBC5
:100D6000F9F8200C1FFA8CFE09FB181140EA01412A
:100D700008FB0EF0884202FA06F20BD91CEB0101C7
:100D800008F1FF3A80F08880884240F28580A8F11F
:100D900002086144091AA4B2B1FBF9F009FB101171
:100DA00044EA014100FB0EFE8E4508D91CEB01010F
:100DB00000F1FF346CD28E456AD90238614440EAB2
:100DC0000840A0FB0294A1EB0E01A142C846A64632
:100DD00056D353D05DB1B3EB080261EB0E0101FABB
:100DE00007F722FA06F3F1401F43C5E90071002618
:100DF0003146BDE8F087C2F12003D8400CFA02FC6E
:100E000021FA03F3914001434FEA1C471FFA8CFE7D
:100E1000B3FBF7F007FB10360B0C43EA064300FB6D
:100E20000EF69E4204FA02F408D91CEB030300F10B
:100E3000FF382FD29E422DD9023863449B1B89B2C2
:100E4000B3FBF7F607FB163341EA034106FB0EF34B
:100E50008B4208D91CEB010106F1FF3816D28B42F8
:100E600014D9023E6144C91A46EA004638E72E46C4
:100E7000284605E70646E3E61846F8E64B45A9D2BC
:100E8000B9EB020864EB0C0E0138A3E74646EAE72B
:100E9000204694E74046D1E7D0467BE7023B6144D9
:100EA00032E7304609E76444023842E7704700BF42
:100EB000034613F8012B002AFBD1181A013870479A
:100EC00001F0FF01102A2BDB10F0070F08D010F8FB
:100ED000013B013A8B422DD010F0070F42B3F6D1FF
:100EE000F0B441EA012141EA014122F007047FF018
:100EF00000070023F0E80256083C85EA010586EA6F
:100F0000010685FA47F5A3FA87F586FA47F6A5FAAA
:100F100087F68EB9EED1F0BC01F0FF0102F00702B6
:100F200032B110F8013B013A83EA010313B1F8D161
:100F30000020704701387047002D06BF3546033842
:100F4000073815F0010F07D1013015F4807F02BF7B
:100F5000013015F4C03F0130F0BC0138704700BFCC
:100F60004FEA410C7FEA6C5C02D150EA013C0AD1A5
:100F70004FEA430C7FEA6C5C02D152EA033C02D197
:100F80004FF0000070474FF0010070474FEA4102F8
:100F900012F5001215D211D56FF47873B3EB6252CB
:100FA00012D94FEAC12343F0004343EA505311F0F2
:100FB000004F23FA02F018BF404270474FF0000084
:100FC000704750EA013005D111F0004008BF6FF0C2
:100FD000004070474FF00000704700BF38B5002256
:100FE000002304460D46FFF749FD28B9204629464F
:100FF000BDE8384000F00AB8204605F1004100F095
:1010000005F8404261EB410138BD00BFD0B50C4B43
:10101000002206460F46FFF7BFFAFFF757FD0446CA
:10102000FFF740FA074B0022FFF7B6FA02460B46DD
:1010300030463946FFF7F8F8FFF748FD2146D0BDA6
:101040000000F03D0000F04110B59AB00024179464
:1010500018941994202221460FA806F09FFC3C22E8
:101060002146684606F09AFC37484FF0A0430360DB
:101070004FF4002343608460C46004610123436132
:101080000422826104774477036280F82440C462BA
:10109000046380F83840C46380F8404000F044FEA8
:1010A000002841D10023179317A9274802F0BEF862
:1010B00000283CD1254B0F93062310930023119356
:1010C0007F2212920422139214930FA91E4801F05A
:1010D00095F878BB1E4B00930923019300230293DC
:1010E0007F220392042204920593022208928DF833
:1010F00024308DF825308DF8263084220A92802203
:101100000B928DF8303069460F4801F07FFDA0B991
:10111000104B009340F20F13019369460A4801F007
:1011200075FD68B91AB010BD00F066FABAE700F0B4
:1011300063FABFE700F060FACCE700F05DFAE7E79A
:1011400000F05AFAEEE700BF000200200008302E3F
:101150000800900C0010603200B599B020220021E8
:1011600010A806F01BFC3C22002101A806F016FC8A
:101170002B482C4B03604FF4002343600023836013
:10118000C3600361436104228261037743770122D4
:10119000026280F82430C362036380F83830C3638E
:1011A00080F8403000F0C0FD002830D11E4B109375
:1011B00006231193002312937F2213920422149288
:1011C000159310A9164801F019F818BB174B019395
:1011D00009230293002303937F22049204220592A1
:1011E0000693012209928DF828308DF829308DF868
:1011F0002A3084220B9280220C928DF8343001A97F
:10120000074801F003FD40B919B05DF804FB00F098
:10121000F3F9CBE700F0F0F9D8E700F0EDF9F3E7E8
:101220006C02002000010050020030040800900C05
:1012300030B59DB0044600211791189119911A916B
:101240001B91442206A806F0A9FB2368B3F1A04F26
:1012500004D0484A934250D01DB030BD4FF40043F3
:1012600006934FF00053159306A803F00FF90028DA
:1012700035D1414A136801331360012B32D03F4B03
:10128000DA6C42F00102DA64DA6C02F001020292D6
:10129000029ADA6C42F00202DA64DB6C03F00203B9
:1012A0000393039B04231793032518950024199493
:1012B00017A94FF0904002F0A5FA41F202031793EC
:1012C0001895199417A92E4802F09CFA2246214637
:1012D000122002F021F9122002F056F9BCE700F0CA
:1012E0008BF9C6E7254BDA6C42F40052DA64DB6C0A
:1012F00003F400530193019BC1E74FF400430693AD
:101300004FF00053159306A803F0C0F818BB1A4A13
:10131000136801331360012B20D0184BDA6C42F0B4
:101320000102DA64DB6C03F001030593059B4123A2
:101330001793032318930024199417A94FF0904092
:1013400002F060FA22462146122002F0E5F812204F
:1013500002F01AF980E700F04FF9D8E7074BDA6C92
:1013600042F40052DA64DB6C03F400530493049BF0
:10137000D3E700BF00010050FC0100200010024034
:101380000004004808B50A480A4B03604FF4807314
:1013900043604023836000230361C36043611123E2
:1013A000836101F0CDFF00B908BD00F025F9FBE72E
:1013B000D80200200002014000B587B0002301934D
:1013C0000293039304930593026803F1804303F5AA
:1013D00081339A4202D007B05DF804FB03F58733EE
:1013E000DA6C42F00202DA64DB6C03F00203009371
:1013F000009B022301930323029301A9054802F0F5
:1014000001FA00221146402002F086F8402002F046
:10141000BBF8E0E70004004800B58DB030220021A1
:10142000684606F0BBFA1148114B036002F0CEF893
:10143000A8B90223009300228DF804208DF805201E
:101440000292039204920592012306930792694641
:10145000064802F0CDF828B90DB05DF804FB00F0A5
:10146000CBF8E6E700F0C8F8F6E700BFFC02002082
:101470000008005000B58DB030220021684606F00B
:101480008DFA1048104B036002F0A0F8A0B90223B7
:10149000009300228DF804208DF80520029203921B
:1014A00004920593069307926946064802F0A0F855
:1014B00028B90DB05DF804FB00F09EF8E7E700F0F6
:1014C0009BF8F6E7100300200010005000B589B02B
:1014D0000023039304930593069307930368184A24
:1014E000934205D0174A93421FD009B05DF804FB20
:1014F000154BDA6C42F48032DA64DA6C02F4803232
:101500000092009ADA6C42F00102DA64DB6C03F0BC
:1015100001030193019B102303930323049303A965
:101520004FF0904002F06EF9DFE7074BDA6C42F4BF
:101530008022DA64DB6C03F480230293029BD4E7FD
:1015400000080050001000500010024030B58BB071
:10155000002405940694079408940994244BDA6CAB
:1015600042F00402DA64DA6C02F004020192019A99
:10157000DA6C42F02002DA64DA6C02F020020292A5
:10158000029ADA6C42F00102DA64DA6C02F00102CB
:101590000392039ADA6C42F00202DA64DB6C03F025
:1015A00002030493049B134D22465021284602F067
:1015B00013FA4FF4305305934FF4881306930794AE
:1015C00005A9284602F01EF950230593012306932E
:1015D0000794089405A9284602F014F922462146EA
:1015E000282001F099FF282001F0CEFF0BB030BD7C
:1015F000001002400008004872B6FEE700B595B042
:101600003822002106A806F0C9F9002001900290B6
:1016100003900490059002F0A3FA012306934FF47F
:101620008033079302230D9303220E920F922822F8
:10163000109211931293139306A802F04BFB80B9FA
:101640000F23019303230293002303930493059331
:1016500004210DEB010002F0F3FD20B915B05DF897
:1016600004FBFFF7C9FFFFF7C7FF08B500F026FB33
:10167000FFF7C4FFFFF76AFFFFF7E6FCFFF76CFD1B
:10168000FFF780FEFFF7F6FE00F00EF800F024F8FA
:1016900000F03AF800F0B6F900F070FAFFF7BCFE7F
:1016A00005F03EF8FEE7000008B50948094B036065
:1016B000002343608360C360036103758361C36279
:1016C00002F09EF900B908BDFFF796FFFBE700BFE7
:1016D000240300200003014008B50948094B0360BA
:1016E000002343608360C360036103758361C36249
:1016F00002F086F900B908BDFFF77EFFFBE700BFE7
:10170000600300200403014008B50948094B036049
:10171000002343608360C360036103758361C36218
:1017200002F06EF900B908BDFFF766FFFBE700BFE6
:101730009C0300200803014000B589B000230393F7
:1017400004930593069307930368234A934208D0B2
:10175000224A934219D0224A93422AD009B05DF816
:1017600004FB204BDA6C42F00102DA64DB6C03F01C
:1017700001030093009B0E2303930323049303A907
:101780004FF0904002F03EF8E8E7164BDA6C42F07A
:101790000102DA64DB6C03F001030193019BE02397
:1017A00003930323049303A94FF0904002F02AF817
:1017B000D4E70C4BDA6C42F00202DA64DB6C03F023
:1017C00002030293029B072303930323049303A9B9
:1017D000054802F017F8C1E7000301400403014087
:1017E00008030140001002400004004800B583B027
:1017F0000B4B1A6E42F001021A661A6E02F00102D9
:101800000092009A9A6D42F080529A659B6D03F0A7
:1018100080530193019B02F029FA03B05DF804FBA9
:1018200000100240FEE7FEE7FEE7FEE7FEE7704736
:101830007047704708B500F051FA08BD08B5034875
:1018400000F092FB024800F08FFB08BD0002002070
:101850006C02002008B5024803F046F908BD00BF3D
:10186000DC03002008B5024803F03EF908BD00BFC4
:10187000DC03002008B54FF4806002F0B3F84FF4A9
:10188000006002F0AFF84FF4005002F0ABF808BD72
:1018900008B5024801F008FE08BD00BFD8020020CC
:1018A0000120704708B506F04FF8162303604FF08B
:1018B000FF3008BD08B54FF0FF31FFF7F3FFFEE73B
:1018C00010B503460C4A0D490D48006840B10C485C
:1018D00000680344521A934206D8094A136010BDA7
:1018E0000748084C0460F2E706F02EF80C2303606A
:1018F0004FF0FF30F3E700BF00800020000400003D
:10190000D803002040050020034AD2F8883043F471
:101910007003C2F88830704700ED00E00268124B97
:101920009A4200D0704700B583B003F564431A6E45
:1019300042F400621A661B6E03F400630193019B7C
:1019400000221146182001F0E7FD182001F01CFECE
:1019500000221146192001F0DFFD192001F014FECC
:1019600003B05DF804FB00BF002C0140F0B589B066
:1019700000230393049305930693079302681F4B78
:101980009A4201D009B0F0BD03F56443DA6C42F02D
:101990000202DA64DA6C02F002020192019ADA6C55
:1019A00042F00102DA64DB6C03F001030293029B54
:1019B0004FF4C04303930225049506260796104F63
:1019C00003A9384601F01EFF4FF40043039304952A
:1019D0000024059406940423079303A9384601F0D4
:1019E00011FF4FF4E0630393049505940694079662
:1019F00003A94FF0904001F005FFC3E7002C014020
:101A00000004004810B59EB000241A941B941C9446
:101A10001D941794189419941494159416940D9475
:101A20000E940F941094119412941394342221461E
:101A3000684605F0B3FF4F484F4B036044602023D6
:101A4000836041F63F73C3604FF480730361446168
:101A5000846103F0A3F900286DD14FF480531A93E9
:101A60001AA9444803F0EAFA002867D1414803F074
:101A7000C5F9002865D17023179300231893199393
:101A800017A93C4803F054FD00285DD102231493AC
:101A9000012115910023169314AA364803F0E2FDA4
:101AA000002854D160230D9300220E920F921092C1
:101AB0001192129213920DA92E4803F015FA0028E4
:101AC00048D104220DA92B4803F00EFA002844D176
:101AD00008220DA9274803F007FA002840D17023F7
:101AE0000D9341F63E730E930C220DA9214803F08D
:101AF000FBF9002837D10023009301930293782249
:101B000003924FF4805204924FF400520592022245
:101B10000692079308934FF0007209920A930B9371
:101B20000C936946134803F04DFDF8B91148FFF7CF
:101B30001DFF1EB010BDFFF75FFD8EE7FFF75CFDD8
:101B400094E7FFF759FD96E7FFF756FD9EE7FFF78D
:101B500053FDA7E7FFF750FDB3E7FFF74DFDB7E7EC
:101B6000FFF74AFDBBE7FFF747FDC4E7FFF744FD7A
:101B7000DCE700BFDC030020002C014008B517485B
:101B8000174B03604FF4E133436000238360C3606D
:101B900003610C2242618361C36103624362836219
:101BA00004F0B0F970B900210C4804F024FA60B9CF
:101BB00000210A4804F044FA50B9084804F0FCF93E
:101BC00048B908BDFFF718FDEDE7FFF715FDEFE792
:101BD000FFF712FDF1E7FFF70FFDF2E72804002001
:101BE0000048004010B598B00446002113911491AC
:101BF000159116911791442202A805F0CFFE226894
:101C0000174B9A4201D018B010BD0423029302A8CA
:101C100002F03CFC08BB134B9A6D42F480229A659B
:101C20009A6D02F480220092009ADA6C42F002026D
:101C3000DA64DB6C03F002030193019B4FF4406311
:101C400013930223149300231593169307231793DA
:101C500013A9054801F0D6FDD5E7FFF7CDFCDAE77B
:101C6000004800400010024000040048104B1B6870
:101C70000BB90120704710B504464FF47A70B0FBE1
:101C8000F3F30C4A1068B0FBF3F001F08BFC68B979
:101C90000F2C01D901200AE0002221464FF0FF302D
:101CA00001F03AFC044B1C60002000E0012010BD54
:101CB00004000020000000200800002010B50320D0
:101CC00001F018FC0F20FFF7D1FF10B101242046CE
:101CD00010BD0446FFF78AFDF9E70000034A1368C8
:101CE000034909680B441360704700BFBC0400201F
:101CF00004000020014B1868704700BFBC0400209E
:101D000038B50446FFF7F6FF0546B4F1FF3F02D0B1
:101D1000044B1B681C44FFF7EDFF401BA042FAD3A5
:101D200038BD00BF0400002030B583B0002301930C
:101D3000002800F007810446C36D13B323689A6836
:101D400012F0005F05D09A6822F0204222F03F0294
:101D50009A602268936813F0805F1FD1936823F024
:101D6000104323F03F0343F080539360764B1B688E
:101D70009B09764AA2FB03239B0901335B00019375
:101D800009E0FFF755FA0023236684F85830D5E7B9
:101D9000019B013B0193019B002BF9D122689368C1
:101DA00013F0805F40F09680E36D43F01003E3652D
:101DB000236E43F0010323660120936813F00403AC
:101DC00000D00123E16D11F0100F40F0B480002B22
:101DD00040F0B180E36D23F4817343F00203E365C7
:101DE000936813F0010F15D14FF0A0439B6813F0D7
:101DF000010300D00123564A926812F0010200D07C
:101E00000122134306D1636852498A6822F47C1286
:101E100013438B60627FE36B43EA4233E268134310
:101E2000A268134394F8242043EA0243012A53D0C2
:101E3000E26A22B102F47872216B0A4313432168EB
:101E4000CD68454A2A401343CB602268136923F0CA
:101E50004063616B0B4313612268936813F00803BE
:101E600000D001233BBB217F94F838305B0043EA6C
:101E70008131D36823F4804323F002030B43D36002
:101E8000236973B32268136943F4803313612268B2
:101E9000D2F8C03023F47F5323F03F0321690B4372
:101EA000C2F8C03094F84030012B29D02268136961
:101EB00023F0010313616369012B33D02268136B94
:101EC00023F00F031363E36D23F0030343F00103D7
:101ED000E36535E0002070E7A26A013A43EA424335
:101EE000A6E72268136923F4803313612268D2F8CD
:101EF000C03023F47F5323F03F03C2F8C030D1E752
:101F000021680B6923F4FF6323F00403626CA56C62
:101F10002A43E56C2A43256D2A43134343F001030A
:101F20000B61C8E721680B6B23F00F03226A013AAB
:101F300013430B63C7E7E36D43F01003E365012030
:101F400003B030BD0120FBE700000020632D3E05FB
:101F500000010050000300500740F0FF0368186CB8
:101F60007047704770477047F8B5044603681F68AC
:101F70005D68984B9E6806F01F0617F0020F10D0A0
:101F800015F0020F0DD0C36D13F0100F03D1C36D08
:101F900043F40063C365204600F037FE2368022245
:101FA0001A6017F0040F02D015F0040F05D117F0D6
:101FB000080F4AD015F0080F47D0E36D13F0100F4B
:101FC00003D1E36D43F40073E3652368DA6812F428
:101FD000406F34D1804A934209D01A46934209D0C7
:101FE00046B1052E06D0092E04D0D26803E04FF08A
:101FF000A042F3E7DA6812F4005F20D11A6812F009
:10200000080F1CD09A6812F0040F10D15A6822F001
:102010000C025A60E36D23F48073E365E36D13F4FF
:10202000805F0CD1E36D43F00103E36507E0E36DEE
:1020300043F01003E365236E43F00103236620465B
:10204000FFF78FFF23680C221A6017F0200F02D0D1
:1020500015F0200F05D117F0400F5CD015F0400FA0
:1020600059D0E36D13F0100F03D1E36D43F4005327
:10207000E3652368DA6C12F4C07F12D10121DA68BB
:1020800012F4406F0FD10120534A93420DD01A46EB
:1020900093420DD066B1062E0AD0072E08D0D26822
:1020A00007E00021EBE70020EEE74FF0A042EFE76A
:1020B000DA6851B312F0007F03D030B312F4005F3E
:1020C00023D1196811F0400F1FD012F4001F1CD14A
:1020D0009A6812F0080F10D15A6822F060025A6014
:1020E000E36D23F48053E365E36D13F4807F0CD13B
:1020F000E36D43F00103E36507E0E36D43F0100394
:10210000E365236E43F001032366204604F0CCFB15
:10211000236860221A6017F0800F02D015F0800F3C
:102120002FD117F4807F02D015F4807F34D117F4BB
:10213000007F02D015F4007F3AD117F0100F19D0AC
:1021400015F0100F16D0E36B33B1002E3CD0214BAD
:102150009B6813F4604F0AD0E36D43F48063E3653A
:10216000236E43F0020323662046FFF7FCFE23683C
:1021700010221A6017F4806F02D015F4806F2DD1F1
:10218000F8BDE36D43F48033E3652046FFF7EAFED4
:10219000236880221A60C4E7E36D43F40033E365EB
:1021A000204600F030FD23684FF480721A60BEE7CD
:1021B000E36D43F48023E365204600F025FD2368AA
:1021C0004FF400721A60B8E72368DB6813F0010F60
:1021D000CDD0C1E70003005000010050E36D43F48F
:1021E0008043E365236E43F00803236623684FF4BE
:1021F00080621A60204600F005FDC1E7F0B583B0AB
:102200000022019290F85820012A00F05E820346D5
:10221000012280F858200568A86810F0040F09D042
:10222000DA6D42F02002DA650120002283F858209E
:1022300003B0F0BD4C683035220A920002F00C0267
:10224000A85804F01F0E1F2404FA0EF420EA04001C
:102250000C68C4F3846C0CFA0EFC40EA0C00A85025
:102260001868826812F0040200D00122846814F019
:10227000080400D00124002A50D1002C4ED18D68D2
:10228000B5F1004F00F082800F6814307A0E920092
:1022900002F004028658C7F3045E4FF0070C0CFAF4
:1022A0000EFC26EA0C0C05FA0EF54CEA05058550E5
:1022B0001868426922F0004242614D691868C2689C
:1022C000C2F3C102520005FA02F20E69042E75D063
:1022D000603050F82670A84D3D400F6807F0F84771
:1022E0003A43154345F0004540F826501A680E69F8
:1022F0008869603252F8265025F08075284342F8EC
:1023000026001A680D69087F012854D0603252F8FF
:10231000250020F00070044342F8254018688268C8
:1023200012F0010F17D10A68CD68D0F8B040C2F39F
:10233000120C24EA0C0405F0180C904D25FA0CF54B
:102340002A40C2F312022243C0F8B020C8688C4A67
:10235000904200F09B800A688A490A4200F0AD81F1
:102360008949896801F0E070884CA24200F05C81E4
:10237000874CA24200F05881864CA24200F07A813C
:10238000854CA24200F0888100204EE70D68143091
:102390006A0E920002F004028658C5F3045507271E
:1023A00007FA05F526EA050585501868426942F0E6
:1023B0000042426181E74FF00074A7E7026E046EAD
:1023C000C4F384640A68C2F3120585BBC2F3846255
:1023D000944234D01C68626E606EC0F384600A68F8
:1023E000C2F3120585BBC2F38462904234D01C68EC
:1023F000A26EA06EC0F384600A68C2F3120585BBAA
:10240000C2F38462904234D01C68E26EE06EC0F386
:1024100084600A68C2F3120585BBC2F384629042ED
:102420007FF47CAFE26E22F00042E26676E792FA39
:10243000A2F212B1B2FA82F2CAE72022C8E7026E13
:1024400022F000420266C5E792FAA2F212B1B2FA95
:1024500082F2CAE72022C8E7626E22F0004262667A
:10246000C5E792FAA2F212B1B2FA82F2CAE72022CA
:10247000C8E7A26E22F00042A266C5E792FAA2F275
:1024800012B1B2FA82F2CAE72022C8E71C680A68D1
:10249000C2F31205002D38D1900E013000F01F005C
:1024A00009288CBF00200120002877D0002D3BD1C7
:1024B000900E0130800600F0F840002D40D1960EBD
:1024C000013606F01F070126BE403043002D45D1DE
:1024D000920E013202F01F0202EB42021205024389
:1024E000886804F11406550EAD0005F00405745912
:1024F000C2F304524FF0070C0CFA02FC24EA0C0C55
:1025000090404CEA0000705125E792FAA2F048B1E1
:10251000B0FA80F0013000F01F0009288CBF0020C5
:102520000120C1E72020F5E792FAA2F030B1B0FA1D
:1025300080F00130800600F0F840BEE72020F8E788
:1025400092FAA2F646B1B6FA86F6013606F01F06F2
:10255000012707FA06F6B8E72026F6E792FAA2F274
:1025600042B1B2FA82F2013202F01F0202EB4202E1
:102570001205B4E72022F6E700F0FF03FFFF070093
:1025800000007F400000088000030050000021C3CD
:102590001000C090000052C7000084CBCDB9900E4F
:1025A0000130800600F0F840FDB9960E013606F0C5
:1025B0001F070126BE4030432DBB920E013202F0B0
:1025C0001F0202EB42021E3A120542F00072024361
:1025D00086E792FAA2F030B1B0FA80F001308006BE
:1025E00000F0F840E0E72020F8E792FAA2F646B1C2
:1025F000B6FA86F6013606F01F06012707FA06F638
:10260000D9E72026F6E792FAA2F25AB1B2FA82F29C
:10261000013202F01F0202EB42021E3A120542F0A2
:102620000072D4E72022F3E711F4000F7FF4A4AE88
:102630001A68B2F1A04F01D00020F6E540F4000086
:1026400023498A6822F0E07210438860214A1268A8
:1026500092092149A1FB02129209013202EB4202C6
:1026600092000192019A1AB1019A013A0192F9E796
:102670000020DAE511F0807F7FF482AE1968174AF6
:1026800091421CD040F0807011498A6822F0E072BB
:10269000104388600020C8E511F4800F11D119683B
:1026A0000E4A91420FD040F480020948816821F01F
:1026B000E0710A4382600020B7E50020B5E5002004
:1026C000B3E50020B1E50020AFE50220B0E500BF92
:1026D0000003005000000020632D3E050001005063
:1026E00030B583B00023019303689A6812F0010F9C
:1026F00058D1044699682D4A114219D19A6822F09E
:10270000004222F03F0242F001029A60284B9B688F
:1027100013F4000F1CD0274B1B689B09264AA2FB11
:1027200003239B09013303EB43039B0001930CE05C
:10273000C36D43F01003C365036E43F001030366EA
:10274000012030E0019B013B0193019B002BF9D15B
:10275000FFF7D0FA054623681A6812F0010F1FD15F
:102760009A6812F0010F07D19A6822F0004222F015
:102770003F0242F001029A60FFF7BCFA431B022BB2
:10278000E9D923681B6813F0010FE4D1E36D43F02E
:102790001003E365236E43F001032366012002E08A
:1027A000002000E0002003B030BD00BF3F000080EB
:1027B0000003005000000020632D3E0538B53A4B61
:1027C0009D6803689B6813F0040F69D1044605F007
:1027D0001F0590F85830012B64D0012380F8583041
:1027E000FFF77EFF002857D1E36D23F4706323F0D9
:1027F000010343F48073E36523682C4A93422FD08E
:102800001A46934200D01DB9E26D22F48012E265AF
:10281000E26D12F4805F26D0226E22F0060222665C
:102820001C221A60002384F8583022681F4B9A42F9
:102830001CD013469A421CD0DDB1052D19D0092DAC
:1028400017D0E26D42F48012E265DB6813F0007F7E
:1028500027D0E36D23F4405343F48053E36520E035
:102860004FF0A042CDE700222266D9E74FF0A04307
:10287000E0E7D36813F0007F05D0E36D23F4405305
:1028800043F48053E365936823F0004323F03F0350
:1028900043F00403936004E0002384F8583000E020
:1028A000022038BD0220FCE7000300500001005068
:1028B00038B504460268936813F0020300D0012380
:1028C000916811F0010F39D0002B39D1936803F0D2
:1028D0000D03012B09D0E36D43F01003E365236E74
:1028E00043F001032366012029E0936823F00043AD
:1028F00023F03F0343F002039360236803221A602E
:10290000FFF7F8F9054623689B6813F0010F13D011
:10291000FFF7F0F9401B0228F5D923689B6813F0F4
:10292000010FF0D0E36D43F01003E365236E43F035
:1029300001032366012002E0002000E0002038BDF2
:102940000020FCE730B583B00023019390F85830A5
:10295000012B41D004460D46012380F85830FFF783
:10296000A7FF80BBE36D23F4885323F0020343F0F9
:102970000203E3652268936823F0404323F03F039A
:1029800005F080452B4343F00043936023689B6828
:10299000002B06DBE36D23F0030343F00103E36543
:1029A00015E0019B01330193019A0C4B9A42EDD93A
:1029B000E36D23F0120343F01003E365002384F872
:1029C0005830012006E0E36D43F01003E365002377
:1029D00084F8583003B030BD0220FBE701DE04006C
:1029E00038B5394B9D6803689A6812F0080F67D1B3
:1029F000044605F01F05DA68DB6C13F4C07F01D1D3
:102A0000002A3DDA94F85830012B5BD0012384F87A
:102A100058302046FFF764FE00284DD1E36D13F4D3
:102A2000807F33D0236E23F008032366E36D23F405
:102A3000405323F0010343F48053E3652368234AA2
:102A4000934226D01A46934200D01DB9E26D22F47B
:102A50008012E26560221A60002384F858302368EF
:102A60001A4A934218D01A46934218D0BDB1062D87
:102A700015D0072D13D0E36D43F48013E36520E0F8
:102A8000C36D43F02003C36501201AE000232366D1
:102A9000CCE74FF0A042D6E74FF0A042E4E7DA6877
:102AA00012F0007F0DD19A6822F0004222F03F021E
:102AB00042F008029A6004E0002384F8583000E0F5
:102AC000022038BD0220FCE7000300500001005046
:102AD00038B54A4B9D6803689A6812F0080F40F0B9
:102AE0008980044605F01F05DA68DB6C13F4C07FAB
:102AF00001D1002A53DA94F85830012B7CD00123FD
:102B000084F858302046FFF7EBFD00286ED1E36DC6
:102B100013F4807F49D0236E23F008032366E36D0E
:102B200023F4405323F0010343F48053E365236807
:102B3000334A93423CD01A46934200D01DB9E26D0D
:102B400022F48012E26560221A60002384F8583073
:102B50002368DA6812F4001F03D05A6842F48062D6
:102B60005A60A369082B26D02268536823F04003DB
:102B700053602268536843F0200353602368204A5F
:102B8000934223D01A46934223D015B3062D20D06A
:102B9000072D1ED0E36D43F48013E3652BE0C36D76
:102BA00043F02003C365012025E000232366B6E738
:102BB0004FF0A042C0E72268536823F0200353601F
:102BC0002268536843F040035360D7E74FF0A042B8
:102BD000D9E7DA6812F0007F0DD19A6822F000423E
:102BE00022F03F0242F008029A6004E0002384F8D9
:102BF000583000E0022038BD0220FCE700030050FE
:102C0000000100507047704770477047F0B583B0BF
:102C1000034600220192406993F85820012A00F0EF
:102C2000FA82012283F85820A8B10A6A012A12D038
:102C3000986E002840F0CD809A6600225A668C6A11
:102C4000002C00F0C3800A6A013A04F07C0422439D
:102C5000CC6A1443BEE04A68092A00F097801A68DB
:102C6000906810F0080F10D191F82500002840F06E
:102C7000D080D06820F4401091F8265091F824407C
:102C8000240544EA45542043D0601C68A26812F031
:102C9000040200D00122A56815F0080500D0012526
:102CA000002A40F06181002D40F099818A6A1AB1B2
:102CB000CA6A002A40F0BC8091F82520012A00F061
:102CC000B180E26822F00072E260002091F83020CA
:102CD000012A00F0BC801C68226922F002022261F5
:102CE0008C68B4F1004F00F0BE801A680F6802F1E2
:102CF000140C7A0E920002F004025CF80260C7F332
:102D000004574FF0070E0EFA07FE26EA0E06BC40E7
:102D100034434CF802401C68626922F00042626150
:102D20004C691E68F268C2F3C102520004FA02F252
:102D3000D1F810C0BCF1040F00F0AF80603656F837
:102D40002C40A84F27400C6804F0F8442243174356
:102D500047F0004746F82C701A680F698C6960329A
:102D600052F8276026F08076344342F827401A68EC
:102D70000E690C7F012C00F08D80603252F82640E5
:102D800024F00074254342F82650EEE08C6ABCB172
:102D90000868820E520202F4785204F07C04224346
:102DA000C86A02431C68E06C20F07B4020F46F008E
:102DB00020F43F4020F0FF001043E0645A664EE7E5
:102DC0000A68920E520202F47852EBE70A6A541E25
:102DD00000E000240868C0F384604A6802F01F0223
:102DE00000FA02F22243986E013898665C6E224324
:102DF0005A6600287FF433AF1C68E06C20F07B40FB
:102E000020F46F0020F43F4020F0FF000243E26412
:102E100025E7D06820F4401091F8264040EA44505D
:102E2000D06032E7E26842F00072E26000204DE7D5
:102E300091F82500012805D0E26822F00072E260D6
:102E4000002043E7DA6D42F02002DA653EE71E68B3
:102E5000326922F4FF724C6B8F6B3C43224342F089
:102E6000020232613CE71C680E681434720E920054
:102E700002F00402A758C6F304564FF0070C0CFAF0
:102E800006F627EA0606A6501C68626942F0004270
:102E9000626145E74FF000756FE7326E346EC4F340
:102EA00084640A68C2F312057DBBC2F38462944253
:102EB00033D01D686A6E6C6EC4F384640A68C2F312
:102EC00012067EBBC2F38462944233D01D68AA6EA0
:102ED000AC6EC4F384640A68C2F312067EBBC2F30C
:102EE0008462944233D01D68EA6EEC6EC4F384644D
:102EF0000A68C2F312067EBBC2F38462944234D1E4
:102F0000EA6E22F00042EA662FE092FAA2F212B1D3
:102F1000B2FA82F2CBE72022C9E7326E22F00042F9
:102F20003266C6E792FAA2F212B1B2FA82F2CBE7A7
:102F30002022C9E76A6E22F000426A66C6E792FA6A
:102F4000A2F212B1B2FA82F2CBE72022C9E7AA6E4E
:102F500022F00042AA66C6E792FAA2F212B1B2FAD1
:102F600082F2CBE72022C9E700201D68AA6812F090
:102F7000010F17D10A68CE68D5F8B040C2F3120726
:102F800024EA070406F0180C174E26FA0CFC02EA95
:102F90000C02C2F312022243C5F8B020CC68134AD7
:102FA000944231D00A6812490A4213D01149896803
:102FB00001F0E074104DAA4200F0E4800F4DAA42E7
:102FC00000F0E0800E4DAA4200F001810D4DAA42B2
:102FD00000F00F81002283F8582003B0F0BD0020DC
:102FE000C3E700BF00F0FF03FFFF070000007F40C2
:102FF0000000088000030050000021C31000C090B2
:10300000000052C7000084CB1D680A68C2F3120694
:10301000002E37D1940E013404F01F04092C8CBF0C
:1030200000240124002C65D0002E3AD1940E0134E6
:10303000A40604F0F844002E3FD1970E013707F0A4
:103040001F0C012707FA0CF73C43002E44D1920EC7
:10305000013202F01F0202EB4202120522438C6889
:103060001435560EB60006F00406AF59C2F30452EA
:103070004FF0070C0CFA02FC27EA0C0794403C4383
:10308000AC518FE792FAA2F44CB1B4FA84F4013453
:1030900004F01F04092C8CBF00240124C2E7202463
:1030A000F5E792FAA2F434B1B4FA84F40134A40638
:1030B00004F0F844BFE72024F8E792FAA2F74FB1F2
:1030C000B7FA87F7013707F01F074FF0010C0CFA2A
:1030D00007F7B9E72027F5E792FAA2F242B1B2FA70
:1030E00082F2013202F01F0202EB42021205B5E742
:1030F0002022F6E7D6B9940E0134A40604F0F84471
:1031000006BB970E013707F01F0C012707FA0CF7D3
:103110003C4336BB920E013202F01F0202EB420228
:103120001E3A120542F00072224398E792FAA2F486
:1031300034B1B4FA84F40134A40604F0F844DFE7AF
:103140002024F8E792FAA2F74FB1B7FA87F70137D0
:1031500007F01F074FF0010C0CFA07F7D8E72027FC
:10316000F5E792FAA2F25AB1B2FA82F2013202F013
:103170001F0202EB42021E3A120542F00072D3E730
:103180002022F3E711F4000F7FF41CAF1A68B2F1AC
:10319000A04F7FF41FAF44F4000420498A6822F056
:1031A000E07214438C601E4A126892091D49A1FB0B
:1031B0000212920902EB420292001832019202E0DE
:1031C000019A013A0192019A002AF9D102E711F01D
:1031D000807F7FF4FBAE1968134A91423FF4FAAE48
:1031E00044F080740D498A6822F0E07214438C60C8
:1031F000F0E611F4800F7FF4EDAE19680A4A9142AF
:103200003FF4E8AE44F4800404498A6822F0E07296
:1032100014438C60DEE60220DFE600BF00030050AE
:1032200000000020632D3E050001005090F858205A
:10323000012A7FD010B49DB00346012280F85820A7
:103240000022189219920068B0F1A04F39D00022E4
:103250000192019A002A37D0926812F0040200D03D
:103260000122806810F0040F54D1002A52D10A685C
:10327000002A32D0304CA26822F46042486893F8A9
:1032800038C040EA4C300243A2604FF0A04292683E
:1032900012F0010200D001222848806810F00100DD
:1032A00000D00120024341D1234CA26822F4716274
:1032B00022F00F020868896801430A43A2600020D7
:1032C0002DE01E4A0192C4E7DA6D42F02002DA6571
:1032D000002283F85820012024E017498A6822F44C
:1032E00060428A604FF0A042926812F0010200D062
:1032F00001221249896811F0010100D001210A431D
:1033000016D10D498A6822F4716222F00F028A6098
:10331000002004E0DA6D42F02002DA65012000228C
:1033200083F858201DB05DF8044B70470020F6E785
:103330000020F4E702207047000300500001005015
:1033400030B583B000230193002800F09A80044632
:1033500003681B68002BC0F29780437F23B321686A
:10336000086800F40000A3686268134362691343AD
:10337000E2681343226913430D68454A2A40134308
:103380000B602268136813F4000F18D0B8B9414BD2
:103390001B689B094049A1FB03139B09013303EB05
:1033A00083039B00019307E003770362FEF704F8B1
:1033B000D5E7019B013B0193019B002BF9D1374BD2
:1033C0009A4230D004339A4230D004339A4227D004
:1033D0004FF08043A26912F0030F42D012F0100F99
:1033E00027D02F498A681A438A60A26912F0200FF9
:1033F00025D02B49CA681A43CA60294A5361A26979
:1034000012F0020F21D026494A681A434A60A26985
:1034100012F0010F1FD022490A6813430B6029E004
:103420004FF00053D6E74FF40013D3E74FF4800377
:10343000D0E71B498A6822EA03028A60D5E7184967
:10344000CA6822EA0302CA60D7E715494A6822EA35
:1034500003024A60DBE712490A6822EA03030B60B1
:1034600008E00F4A516821EA03015160116821EA1E
:1034700003031360637F03F0FF003BB9012363770D
:1034800000E0012003B030BD0120FBE70020F9E798
:103490000F7E00FF00000020632D3E05000201406A
:1034A000000401407047000008B503680F4A9342CA
:1034B00010D00432934210D00432934207D04FF020
:1034C00080430B4A526933EA020209D008BD4FF02B
:1034D0000053F6E74FF40013F3E74FF48003F0E7EF
:1034E000034A5361FFF7DEFFF0E700BF000201402F
:1034F00000040140074AD36823F4E0631B041B0C5B
:10350000000200F4E060034343F0BF6343F4003380
:10351000D360704700ED00E000B5194BDB68C3F3E2
:103520000223C3F1070CBCF1040F28BF4FF0040CB9
:1035300003F1040EBEF1060F18D9033B4FF0FF3E16
:103540000EFA0CFC21EA0C0199400EFA03F322EA70
:103550000303194300280BDB0901C9B200F16040E5
:1035600000F5614080F800135DF804FB0023E5E7F7
:1035700000F00F000901C9B2024B1954F4E700BF73
:1035800000ED00E014ED00E0002807DB00F01F0272
:10359000400901239340024A42F82030704700BF9F
:1035A00000E100E00138B0F1807F0BD24FF0E02362
:1035B0005861054AF02182F8231000209861072203
:1035C0001A6170470120704700ED00E070B110B53E
:1035D0000446037933B102232371002020610123C3
:1035E000237110BD4371FDF771FFF4E701207047AF
:1035F000002800F0FC802DE9F0410C4615460646F7
:10360000002900F0F6804379012B00F0F4800123BB
:103610004371022303718B68042B17D0E369012BDC
:103620005FD03368DF6B05F010050723AB4027EA56
:103630000307A369012B61D0022B00F0BE806369F0
:10364000002B40F0BD804FF0010859E0FEF752FB1F
:1036500007469DB133685A6B002A3FDAFEF74AFBF2
:10366000C01B0128F6D933685B6B002BF2DA336993
:1036700043F008033361032030719CE033685A6BD8
:1036800012F4004F10D0FEF735FBC01B0128F5D90E
:1036900033685B6B13F4004FF0D0336943F00803D9
:1036A00033610320307186E0626A1A643068826C8C
:1036B00005F0100140F2FF338B4022EA0302A36AB7
:1036C0008B401A4382643068C36CFF228A4023EA2D
:1036D0000203E26A8A401343C3649FE7626A5A6442
:1036E000E4E731688A6B05F010001F23834022EA6B
:1036F0000302236A834013438B6392E74FF0000871
:10370000A3686269134343EA08034FF48072AA4036
:1037100027EA02072279012A55D04FF0000848EA2B
:1037200003034FF40072AA4027EA02076279012AD4
:103730004CD04FF0000848EA030827F440472368BC
:10374000022B46D01F4308FA05F848EA07073368FA
:10375000DF6331680B684FF48042AA4023EA02031A
:103760000B6031680B6840F6FE72AA4023EA020241
:10377000E368AB4013430B6031680B68C022AA407A
:1037800023EA02030B60E268C2F383032269920812
:10379000120202F470621A433068036E40F60F7131
:1037A000A94023EA010302FA05F51D43056601233A
:1037B000337100207071BDE8F0814FF001089FE780
:1037C0004FF000089CE74FF48078A8E74FF40078AA
:1037D000B1E700F031FE094B984202D947F40047A7
:1037E000B1E7074B9842AED947F48047ABE70120D9
:1037F00070470120DFE70220DDE700BF006889098C
:1038000000B4C404F0B583B0002362E085685E00B4
:103810000324B44025EA0405CC68B4402C438460FA
:10382000446824EA0C0C4C68C4F300149C4044EA3D
:103830000C0444605EE0DD08083550F8256003F0B4
:1038400007044FEA840C0F2404FA0CF426EA040E51
:103850000C6904FA0CF444EA0E0440F8254060E0D8
:10386000052400E0002404FA0EF42C430CF1020CB1
:10387000554D45F82C40554CA568D44325EA020621
:103880004F6817F4801F01D042EA05064F4DAE6025
:10389000ED6804EA05064F6817F4001F01D042EAFC
:1038A00005064A4DEE606D6804EA05064F6817F498
:1038B000003F01D042EA0506444D6E602D682C4061
:1038C0004E6816F4803F01D042EA05043F4A146076
:1038D00001330A6832FA03F474D04FF0010C0CFA89
:1038E00003FC1CEA0202F3D04C6804F00304013C20
:1038F000012C8BD94C6804F00304032C0CD0C46851
:103900005D004FF0030C0CFA05FC24EA0C0C8C68EB
:10391000AC4044EA0C04C4604C6804F00304022C7C
:1039200089D004684FEA430E4FF0030C0CFA0EFCEA
:1039300024EA0C0C4C6804F0030404FA0EF444EA84
:103940000C0404604C6814F4403FC1D0204C256E38
:1039500045F001052566246E04F001040194019CE4
:103960004FEA930C0CF10205174C54F8255003F064
:1039700003044FEA840E0F2404FA0EF425EA04052A
:10398000B0F1904F3FF46EAF124CA04212D004F54C
:103990008064A04210D004F58064A0420ED004F5EB
:1039A0008064A0420CD004F58064A0423FF458AF7C
:1039B000062458E7012456E7022454E7032452E77B
:1039C000042450E703B0F0BD0000014000040140B2
:1039D00000100240000400480AB181617047816212
:1039E0007047000008B5054B5B69034200D108BD74
:1039F000024B586103F01EF8F9E700BF00040140D4
:103A0000002800F0868010B582B0044690F83A3065
:103A1000DBB2052B7FD090F83A30DBB2022B7CD0A2
:103A20003F4B1A6E42F001021A661B6E03F001034F
:103A30000193019B90F83A300BB980F83930204659
:103A4000FDF77AFEA368402B25D0602B23D0226897
:103A5000136823F01003E16A0B43136021680B68BD
:103A6000304A1A406368A0680343E0680343206952
:103A70000343207D012849D000200343606A0343AB
:103A8000A06A0343206B43EAC043606B43EA0063D0
:103A900013430B6020E02268136823F01003E16AEF
:103AA0000B43136021680B681E4A1A406368A068C4
:103AB000034320690343207D012824D000200343D1
:103AC000606A0343A06A0343206B43EAC043606B10
:103AD00043EA006313430B6021688B69002B09DB09
:103AE0008B6923F03F03A269E0690243206A024325
:103AF00013438B6194F83A3013B9012384F83A30B8
:103B0000002002B010BD4FF48070D8E74FF48070F1
:103B1000B3E7012070470120F3E70120F1E700BF80
:103B200000100240113E00E0A8B190F83A30DBB23C
:103B3000052B12D090F83A30DBB2012B01D00120D6
:103B4000704701680B6843F001030B60042380F8A1
:103B50003A30002070470120704701207047000074
:103B6000002836D13E4B1B6803F4C063B3F5806F69
:103B700008D03B4AD2F8803023F48073C2F88030FA
:103B800000207047364AD2F8803023F48073C2F8A0
:103B90008030136823F4C06343F400731360314B27
:103BA0001B68322202FB03F32F4AA2FB03239B0C68
:103BB000013300E0013B2A4A526912F4806F01D0C0
:103BC000002BF7D1264B5B6913F4806F44D10020A2
:103BD0007047B0F5007F08D0214A136823F4C06312
:103BE00043F480631360002070471D4B1B6803F48F
:103BF000C063B3F5806F08D0194AD2F8803043F41F
:103C00008073C2F8803000207047154AD2F88030A7
:103C100043F48073C2F88030136823F4C06343F424
:103C2000007313600F4B1B68322202FB03F30E4A32
:103C3000A2FB03239B0C013300E0013B084A5269BD
:103C400012F4806F01D0002BF7D1054B5B6913F4A0
:103C5000806F03D100207047032070470320704716
:103C6000007000400000002083DE1B43024A93687E
:103C700043F480439360704700700040124BDA6851
:103C800002F00302D868C0F30310431C032A11D0CA
:103C90000E48B0FBF3F00C4BDB68C3F3062303FBC9
:103CA00000F0094BDB68C3F3416301335B00B0FBF9
:103CB000F3F070470648B0FBF3F0034BDB68C3F347
:103CC000062303FB00F0ECE7001002400024F400A0
:103CD00000366E01002800F04F8270B582B00446B5
:103CE000036813F0010F37D0A44A936803F00C0364
:103CF000D26802F003020C2B23D0082B23D0636878
:103D0000B3F5803F4ED0B3F5A02F51D09B4B1A682E
:103D100022F480321A601A6822F480221A606368E2
:103D2000002B52D0FDF7E6FF0546944B1B6813F4B9
:103D3000003F11D1FDF7DEFF401B6428F5D90320B9
:103D400023E2032AD9D18D4B1B6813F4003F03D023
:103D50006368002B00F01282236813F0020F5DD01D
:103D6000864A936803F00C03D26802F003020C2B1E
:103D70003AD0042B3AD0E368002B75D07F4A136801
:103D800043F480731360FDF7B5FF05467B4B1B685A
:103D900013F4806F5FD1FDF7ADFF401B0228F5D90A
:103DA0000320F2E1754A136843F480331360B6E7E9
:103DB00003F18043A3F53C331A6842F480221A6071
:103DC0001A6842F480321A60A9E7FDF793FF0546AE
:103DD0006A4B1B6813F4003FBED0FDF78BFF401BFE
:103DE0006428F5D90320D0E1022AC2D1634B1B68B5
:103DF00013F4806F03D0E368002B00F0C1815F4AA9
:103E0000536823F0FE43216943EA016353605C4B2E
:103E10001868FDF72BFF002840F0B481236813F0E9
:103E2000080F4CD063699BB3544AD2F8943043F0E6
:103E30000103C2F89430FDF75DFF05464F4BD3F800
:103E4000943013F0020F3AD1FDF754FF401B0228C3
:103E5000F4D9032099E1494A536823F0FE432169CC
:103E600043EA01635360D9E7444A136823F480733B
:103E70001360FDF73FFF0546404B1B6813F4806F4E
:103E8000CCD0FDF737FF401B0228F5D903207CE199
:103E90003A4AD2F8943023F00103C2F89430FDF787
:103EA00029FF0546354BD3F8943013F0020F06D0A6
:103EB000FDF720FF401B0228F4D9032065E12368A9
:103EC00013F0040F00F081802C4B9B6D13F0805F8A
:103ED00036D12A4B9A6D42F080529A659B6D03F061
:103EE00080530193019B0125264B1B6813F4807FAF
:103EF00028D0A368012B39D0052B45D01F4BD3F810
:103F0000902022F00102C3F89020D3F8902022F0F4
:103F10000402C3F89020A368002B43D0FDF7EAFE0B
:103F20000646164BD3F8903013F0020F4CD1FDF734
:103F3000E1FE801B41F288339842F2D9032024E14C
:103F40000025D1E70F4A136843F480731360FDF72F
:103F5000D1FE06460B4B1B6813F4807FC9D1FDF7D9
:103F6000C9FE801B0228F5D903200EE1034AD2F8CE
:103F7000903043F00103C2F89030CCE700100240CB
:103F80000800002000700040884BD3F8902042F0D9
:103F90000402C3F89020D3F8902042F00102C3F845
:103FA0009020B8E7FDF7A6FE0646804BD3F8903088
:103FB00013F0020F08D0FDF79DFE801B41F28833FD
:103FC0009842F2D90320E0E0E5B9236813F0200F0E
:103FD00035D0A369E3B1754AD2F8983043F00103B4
:103FE000C2F89830FDF786FE0546704BD3F898303E
:103FF00013F0020F23D1FDF77DFE401B0228F4D9F8
:104000000320C2E0694A936D23F080539365DCE797
:10401000664AD2F8983023F00103C2F89830FDF7D1
:1040200069FE0546614BD3F8983013F0020F06D0B5
:10403000FDF760FE401B0228F4D90320A5E0E369E8
:10404000002B00F0A180594A926802F00C020C2A61
:1040500064D0022B13D0554A136823F08073136089
:10406000FDF748FE0446514B1B6813F0007F4ED00D
:10407000FDF740FE001B0228F5D9032085E04B4ADE
:10408000136823F080731360FDF734FE0546474B39
:104090001B6813F0007F06D0FDF72CFE401B0228A2
:1040A000F5D9032071E0414AD36841491940236A98
:1040B000606A013843EA0013A06A43EA0023206BD8
:1040C0004008013843EA4053606B4008013843EA36
:1040D0004063E06A43EAC0630B43D360136843F074
:1040E00080731360D36843F08073D360FDF702FEE2
:1040F00004462E4B1B6813F0007F06D1FDF7FAFD36
:10410000001B0228F5D903203FE000203DE0274AAC
:10411000D168284B0B40D360002036E0012B36D00D
:10412000224BDB6803F00301226A914231D103F094
:10413000F002616A0139B2EB011F2CD103F4FE4297
:10414000A16AB2EB012F28D103F07842E16AB2EB09
:10415000C16F24D103F4C001226B5208013AB1EBC4
:10416000425F1ED103F0C063626B5208013AB3EBA9
:10417000426F18D1002008E001207047012004E0C0
:10418000012002E0012000E0002002B070BD01200B
:10419000FBE70120F9E70120F7E70120F5E701201F
:1041A000F3E70120F1E70120EFE700BF0010024034
:1041B0000C809F01FCFFEEFE1E4B9B6803F00C037E
:1041C000042B33D01B4B9B6803F00C03082B2FD020
:1041D000184B9B6803F00C030C2B01D00020704798
:1041E000144BDA6802F00302D868C0F30310431CD2
:1041F000032A11D01048B0FBF3F00E4BDB68C3F379
:10420000062303FB00F00B4BDB68C3F34163013370
:104210005B00B0FBF3F070470848B0FBF3F0054BD0
:10422000DB68C3F3062303FB00F0ECE702487047AA
:1042300002487047001002400024F40000366E016E
:10424000002800F0E680F8B50C460546744B1B6864
:1042500003F00F038B420BD2714A136823F00F0354
:104260000B431360136803F00F038B4240F0D380BD
:104270002E6816F001065FD06B68032B2FD0022B3F
:104280004DD0684B1B6813F4806F00F0C680FFF7B9
:1042900093FF654B98424DD9624A936823F0F0032F
:1042A00043F08003936080265E4A936823F0030303
:1042B00069680B439360FDF71DFD0746594B9B68EA
:1042C00003F00C036A68B3EB820F35D0FDF712FDE3
:1042D000C01B41F288339842F0D9032078E0514B5B
:1042E0001B6813F0007F01D1012071E0FFF7C6FCCD
:1042F0004D4B98421AD94B4B9B6813F0F00F05D0E9
:104300002E6816F00206CFD0AB688BB9454A936889
:1043100023F0F00343F0800393608026C4E7414B11
:104320001B6813F4003FB2D1012051E00026BBE727
:104330000026B9E70026B7E72B6813F0020F48D034
:1043400013F0040F04D0374A936843F4E06393609A
:104350002B6813F0080F06D0324A936823F47C537D
:1043600043F4E06393602F4A936823F0F003A96855
:104370000B4393602A4B1B6803F00F03A34230D812
:104380002B6813F0040F06D0264A936823F4E063E9
:10439000E9680B4393602B6813F0080F07D0214A9C
:1043A000936823F46053296943EAC1039360FFF7DC
:1043B00003FF1C4B9B68C3F303131C4AD35C03F03D
:1043C0001F03D8401A4B18601A4B1868FDF74EFCB3
:1043D000F8BD802ECED1134A936823F0F00393608A
:1043E000C8E70F4A136823F00F0323431360FDF758
:1043F00081FC06460A4B1B6803F00F03A342BFD0A3
:10440000FDF778FC801B41F288339842F2D90320F3
:10441000DEE7012070470120DAE70120D8E700BF7E
:10442000002002400010024000B4C40460C4000830
:104430000000002008000020014B1868704700BFF2
:104440000000002008B5FFF7F7FF054B9B68C3F39A
:104450000223044AD35C03F01F03D84008BD00BF09
:104460000010024070C4000808B5FFF7E5FF054BD7
:104470009B68C3F3C223044AD35C03F01F03D840F4
:1044800008BD00BF0010024070C40008F0B583B042
:104490000446036813F4002F69D0AE4B9B6D13F0F4
:1044A000805F1ED1AB4B9A6D42F080529A659B6D36
:1044B00003F080530193019B0126A74A136843F43C
:1044C00080731360FDF716FC0546A34B1B6813F4BD
:1044D000807F08D1FDF70EFC401B0228F5D903258B
:1044E00002E00026E9E7002545BB9A4BD3F890305F
:1044F00013F4407315D0226C9A4212D0954AD2F828
:10450000903023F44073D2F8901041F48031C2F817
:104510009010D2F8901021F48031C2F89010C2F8B7
:10452000903013F0010F10D145B98A4AD2F890307B
:1045300023F44073216C0B43C2F89030C6B1854A16
:10454000936D23F08053936512E0FDF7D3FB07468C
:10455000804BD3F8903013F0020FE5D1FDF7CAFB82
:10456000C01B41F288339842F2D90325DCE70025CD
:10457000236813F0010F08D0764AD2F8883023F070
:10458000030361680B43C2F88830236813F0020FFD
:1045900008D0704AD2F8883023F00C03A1680B438E
:1045A000C2F88830236813F0040F08D0694AD2F8A3
:1045B000883023F03003E1680B43C2F88830236869
:1045C00013F0080F08D0634AD2F8883023F0C003F4
:1045D00021690B43C2F88830236813F0200F08D0FC
:1045E0005C4AD2F8883023F4406361690B43C2F817
:1045F0008830236813F0400F08D0564AD2F888302C
:1046000023F44053A1690B43C2F88830236813F0A8
:10461000800F08D04F4AD2F8883023F44043E16934
:104620000B43C2F88830236813F4807F08D0494ACE
:10463000D2F8883023F44033216A0B43C2F8883023
:10464000236813F4007F08D0424AD2F8883023F45C
:104650004023616A0B43C2F88830236813F4806FEB
:104660000CD03C4AD2F8883023F44013A16A0B43A3
:10467000C2F88830A36AB3F5801F57D0236813F4BB
:10468000006F0CD0334AD2F8883023F44003E16A3B
:104690000B43C2F88830E36AB3F5800F4BD0236830
:1046A00013F4805F0CD02B4AD2F8883023F040738B
:1046B000216B0B43C2F88830236BB3F1807F3FD06E
:1046C000236813F4005F0CD0224AD2F8883023F01C
:1046D0004063616B0B43C2F88830636BB3F1006FCA
:1046E00033D0236813F4804F0CD01A4AD2F88830A4
:1046F00023F04063A16B0B43C2F88830A36BB3F186
:10470000006F2BD0236813F4004F0CD0114AD2F85D
:10471000883023F04053E16B0B43C2F88830E36BE1
:10472000B3F1805F1FD0284603B0F0BDD36843F4D7
:104730008013D360A2E7D36843F48013D360AEE75D
:10474000D36843F48013D360BAE7D36843F480138B
:10475000D360C6E70010024000700040D36843F405
:104760008013D360CEE7D36843F48033D360DAE7B5
:1047700030B4036A026A22F001020262456882696B
:1047800022F4803222F073020C68224323F00203E9
:104790008C6823431D4CA0420FD004F50064A04256
:1047A0000BD004F54064A04207D004F58064A04219
:1047B00003D004F58064A04205D123F00803CC683F
:1047C000234323F00403114CA0420FD004F50064EE
:1047D000A0420BD004F54064A04207D004F58064E9
:1047E000A04203D004F58064A04207D125F4407CA8
:1047F0004C6944EA0C0C8D6945EA0C054560826100
:104800004A684263036230BC704700BF002C01401D
:1048100030B4036A026A22F4807202624468C26998
:1048200022F4803222F073020D682A4323F40073CD
:104830008D6843EA0523184DA84203D005F50065AD
:10484000A84206D123F40063CD6843EA052323F48C
:104850008063114DA8420FD005F50065A8420BD02A
:1048600005F54065A84207D005F58065A84203D04C
:1048700005F58065A84207D124F4405C4C694CEAF8
:10488000041C8C694CEA04144460C2614A68C26327
:10489000036230BC704700BF002C014030B4036A93
:1048A000026A22F4805202624468C26922F0807275
:1048B00022F4E6420D6842EA052223F400538D6893
:1048C00043EA0533174DA84203D005F50065A84219
:1048D00006D123F40043CD6843EA053323F4804333
:1048E000104DA8420FD005F50065A8420BD005F584
:1048F0004065A84207D005F58065A84203D005F5BC
:104900008065A84207D124F4404C4C694CEA841CD1
:104910008C694CEA84144460C2614A680264036290
:1049200030BC7047002C014030B4036A026A22F4A4
:10493000803202624468026D22F4803222F07002FA
:104940000D682A4323F400338D6843EA05430F4D75
:10495000A8420FD005F50065A8420BD005F54065CB
:10496000A84207D005F58065A84203D005F580650B
:10497000A84204D124F480344D6944EA05244460FB
:1049800002654A688264036230BC7047002C0140B3
:1049900030B4036A026A22F4801202624468026D33
:1049A00022F0807222F4E0420D6842EA052223F4EC
:1049B00000138D6843EA05530F4DA8420FD005F54B
:1049C0000065A8420BD005F54065A84207D005F563
:1049D0008065A84203D005F58065A84204D124F47F
:1049E00080244D6944EA8524446002654A68C264B3
:1049F000036230BC704700BF002C014010B4036A52
:104A0000046A24F001040462846924F0F00C4CEA86
:104A1000021223F00A030B43826103625DF8044B28
:104A2000704710B4036A046A24F0100404628469B5
:104A300024F4704C4CEA023223F0A00343EA011341
:104A4000826103625DF8044B7047836823F440136E
:104A500023F070030B4343F00703836070470000AB
:104A600090F83D30DBB2012B2DD1022380F83D3090
:104A70000368184A934218D0B3F1804F15D0A2F5BD
:104A80009432934211D002F5806293420DD002F528
:104A90009632934209D002F54062934205D01A68DB
:104AA00042F001021A600020704799680A4A0A40E1
:104AB000062A0AD0B2F5803F09D01A6842F00102F6
:104AC0001A600020704701207047002070470020C6
:104AD000704700BF002C014007000100704770477D
:104AE000704770477047704770B505460368DE68C9
:104AF0001C6914F0020F10D016F0020F0DD06FF0E9
:104B000002021A610123037703689B6913F0030F04
:104B10007CD0FFF7E6FF00232B7714F0040F12D0B0
:104B200016F0040F0FD02B686FF004021A610223F5
:104B30002B772B689B6913F4407F6DD02846FFF7D5
:104B4000D0FF00232B7714F0080F12D016F0080FB7
:104B50000FD02B686FF008021A6104232B772B68A3
:104B6000DB6913F0030F5ED02846FFF7BAFF00237E
:104B70002B7714F0100F12D016F0100F0FD02B68F7
:104B80006FF010021A6108232B772B68DB6913F48E
:104B9000407F4FD02846FFF7A4FF00232B7714F067
:104BA000010F02D016F0010F4BD114F4025F02D0B6
:104BB00016F0800F4DD114F4807F02D016F0800FD4
:104BC0004FD114F0400F02D016F0400F51D114F025
:104BD000200F02D016F0200F53D114F4801F02D002
:104BE00016F4801F55D114F4001F02D016F4001FD4
:104BF00057D114F4800F02D016F4800F59D114F459
:104C0000000F02D016F4000F5BD170BDFFF768FFF4
:104C10002846FFF767FF7EE72846FFF761FF284633
:104C2000FFF760FF8DE72846FFF75AFF2846FFF79A
:104C300059FF9CE72846FFF753FF2846FFF752FF2E
:104C4000ABE72B686FF001021A612846FFF747FFB8
:104C5000ABE72B686FF402521A61284600F06FFD33
:104C6000A9E72B686FF480721A61284600F068FD8E
:104C7000A7E72B686FF040021A612846FFF733FF61
:104C8000A5E72B686FF020021A61284600F056FD58
:104C9000A3E72B686FF480121A61284600F051FDDB
:104CA000A1E72B686FF400121A61284600F04AFD54
:104CB0009FE72B686FF480021A61284600F043FDDD
:104CC0009DE72B686FF400021A61284600F03CFD56
:104CD0009BE700000368304A90420ED0B0F1804F4D
:104CE0000BD0A2F59432904207D002F58062904238
:104CF00003D002F59632904203D123F070034A6844
:104D00001343254A90421AD0B0F1804F17D0A2F534
:104D10009432904213D002F5806290420FD002F597
:104D2000963290420BD002F54062904207D002F5D5
:104D30008062904203D002F58062904203D123F456
:104D40004073CA68134323F080034A691343036026
:104D50008B68C3620B6883620F4B98420FD003F5D8
:104D6000006398420BD003F54063984207D003F5E7
:104D70008063984203D003F58063984201D10B69A8
:104D8000036301234361036913F0010F03D0036937
:104D900023F0010303617047002C014060B310B59C
:104DA000044690F83D3013B3022384F83D30214689
:104DB00051F8040BFFF78EFF012384F8483084F884
:104DC0003E3084F83F3084F8403084F8413084F835
:104DD000423084F8433084F8443084F8453084F815
:104DE000463084F8473084F83D30002010BD80F80C
:104DF0003C30FCF793FDD7E70120704760B310B556
:104E0000044690F83D3013B3022384F83D30214628
:104E100051F8040BFFF75EFF012384F8483084F853
:104E20003E3084F83F3084F8403084F8413084F8D4
:104E3000423084F8433084F8443084F8453084F8B4
:104E4000463084F8473084F83D30002010BD80F8AB
:104E50003C30FFF743FED7E70120704730B4036AC8
:104E6000026A22F0100202624468826922F08072B3
:104E700022F4E6420D6842EA052223F020038D6801
:104E800043EA0513174DA84203D005F50065A84273
:104E900006D123F08003CD6843EA051323F04003D5
:104EA000104DA8420FD005F50065A8420BD005F5BE
:104EB0004065A84207D005F58065A84203D005F5F6
:104EC0008065A84207D124F4406C4C694CEA840CFC
:104ED0008C694CEA8404446082614A68826303629C
:104EE00030BC7047002C014038B590F83C30012BA5
:104EF00000F0958004460D46012380F83C30142ACA
:104F000000F28880DFE802F00B8686861F868686A0
:104F100034868686488686865D8686867100006829
:104F2000FFF726FC2268936943F008039361226827
:104F3000936923F0040393612268936929690B4301
:104F40009361002067E00068FFF788FF226893699B
:104F500043F4006393612268936923F4806393614F
:104F600022689369296943EA01239361002052E092
:104F70000068FFF74DFC2268D36943F00803D36152
:104F80002268D36923F00403D3612268D3692969B5
:104F90000B43D36100203EE00068FFF77FFC2268EE
:104FA000D36943F40063D3612268D36923F4806337
:104FB000D3612268D369296943EA0123D3610020C0
:104FC00029E00068FFF7B0FC2268136D43F0080386
:104FD00013652268136D23F0040313652268136DB3
:104FE00029690B431365002015E00068FFF7D0FC2A
:104FF0002268136D43F4006313652268136D23F474
:10500000806313652268136D296943EA01231365E0
:10501000002000E00120002384F83C3038BD02204D
:10502000FCE710B4846824F47F4C42EA03220A436C
:1050300042EA0C0282605DF8044B704790F83C3005
:10504000012B00F08F8010B50446012380F83C301E
:10505000022380F83D3002689068434B0340936020
:105060000B68702B55D031D8502B6CD00CD9602BDD
:105070002AD1CA6849682068FFF7D3FC60212068FC
:10508000FFF7E3FC002035E0402B0AD1CA684968ED
:105090002068FFF7B3FC40212068FFF7D6FC002012
:1050A00028E05BD8202B07D003D9302B04D0012077
:1050B00020E00BB1102B05D119462068FFF7C5FC85
:1050C000002017E0012015E0012013E0B3F5005F98
:1050D0002CD00BD9254A9342EED012D9244A9342C0
:1050E000EAD030329342E7D0012003E0B3F5805F8D
:1050F00036D10020012384F83D30002384F83C3071
:1051000010BDB3F1101FD7D0103A9342D4D0012074
:10511000F0E7CB684A6889682068FFF782FF226859
:10512000936843F0770393600020E3E7CB684A6815
:1051300089682068FFF775FF2268936843F480430D
:1051400093600020D6E7CA6849682068FFF756FCDC
:1051500050212068FFF779FC0020CBE70120C9E748
:105160000120C7E7022070478800CEFF3000100002
:105170004000100001F01F01012303FA01FC036A43
:1051800023EA0C030362036A02FA01F10B43036290
:105190007047000010B504460846002947D194F82E
:1051A0003E30DBB2013B18BF0123002B40F094805E
:1051B000002867D1022384F83E300122014620688E
:1051C000FFF7D8FF2368474A93420FD002F50062E9
:1051D00093420BD002F54062934207D002F5806201
:1051E000934203D002F58062934203D15A6C42F499
:1051F00000425A6423683B4A93425FD0B3F1804F28
:105200005CD0A2F59432934258D002F5806293426A
:1052100054D002F59632934250D002F54062934248
:105220004CD01A6842F001021A60002055E00429AF
:105230000CD0082911D00C2916D010291BD094F8B5
:105240004330DBB2013B18BF0123AEE794F83F3097
:10525000DBB2013B18BF0123A7E794F84030DBB273
:10526000013B18BF0123A0E794F84130DBB2013BBA
:1052700018BF012399E794F84230DBB2013B18BF15
:10528000012392E7042809D008280BD00C280DD060
:1052900010280FD0022384F843308EE7022384F8CD
:1052A0003F308AE7022384F8403086E7022384F8FF
:1052B000413082E7022384F842307EE799680A4A47
:1052C0000A40062A0AD0B2F5803F09D01A6842F097
:1052D00001021A60002000E0012010BD0020FCE760
:1052E0000020FAE7002C01400700010038B5044611
:1052F0000D4600220068FFF73DFF2368284A9342CD
:105300000FD002F5006293420BD002F54062934247
:1053100007D002F58062934203D002F58062934287
:105320000DD1196A41F21112114208D1196A44F2E1
:105330004442114203D15A6C22F400425A64236859
:10534000196A41F21112114208D1196A44F2444219
:10535000114203D11A6822F001021A6025B9012313
:1053600084F83E30002038BD042D09D0082D0BD024
:105370000C2D0DD0102D0FD0012384F84330F1E710
:10538000012384F83F30EDE7012384F84030E9E75A
:10539000012384F84130E5E7012384F84230E1E756
:1053A000002C014001F00F01042303FA01FC036A01
:1053B00023EA0C030362036A02FA01F10B4303625E
:1053C0007047000010B504460846002933D194F810
:1053D0004430DBB2013B18BF0123002B62D100280F
:1053E00042D1022384F84430042201462068FFF7AA
:1053F000D9FF2268536C43F40043536423682C4A5A
:10540000934241D0B3F1804F3ED0A2F59432934203
:105410003AD002F58062934236D002F5963293423A
:1054200032D002F5406293422ED01A6842F0010257
:105430001A60002037E0042908D008290DD094F81C
:105440004730DBB2013B18BF0123C6E794F8453073
:10545000DBB2013B18BF0123BFE794F84630DBB253
:10546000013B18BF0123B8E7042805D0082807D05E
:10547000022384F84730B7E7022384F84530B3E7C6
:10548000022384F84630AFE799680A4A0A40062AA0
:105490000AD0B2F5803F09D01A6842F001021A60C2
:1054A000002000E0012010BD0020FCE70020FAE70A
:1054B000002C01400700010038B504460D460022CB
:1054C0000068FFF76FFF2368196A41F21112114259
:1054D00008D1196A44F24442114203D15A6C22F4B1
:1054E00000425A642368196A41F21112114208D12C
:1054F000196A44F24442114203D11A6822F00102AF
:105500001A6025B9012384F84430002038BD042DE9
:1055100005D0082D07D0012384F84730F5E7012393
:1055200084F84530F1E7012384F84630EDE70000C8
:1055300090F83C30012B40D030B4012380F83C304F
:10554000022380F83D300268536894681C4DAA42DB
:1055500003D005F50065AA4203D123F470034D681A
:105560002B4323F0007323F070030D682B4353602B
:105570000368134A934212D0B3F1804F0FD0A2F5C3
:10558000943293420BD002F58062934207D002F529
:105590009632934203D002F54062934204D124F044
:1055A00080048A6814439C60012380F83D30002306
:1055B00080F83C30184630BC70470220704700BF6E
:1055C000002C014090F83C30012B46D010B4012350
:1055D00080F83C30CB6823F440738A68134323F48B
:1055E00080634A68134323F400630A68134323F477
:1055F00080530A69134323F400534A69134323F485
:1056000080430A6B134323F470238A6943EA0243FD
:1056100023F08053CA6913430268114CA24203D09D
:1056200004F50064A24210D123F470038C6A43EAAB
:10563000045323F080730C6A234323F000734C6AF5
:10564000234323F00053C96A0B435364002380F8BB
:105650003C3018465DF8044B70470220704700BF8D
:10566000002C0140034690F83C00012864D0F0B5BE
:10567000012083F83C001568681E0F2829D8DFE850
:1056800000F0082E280E2828281C2828282828283A
:1056900028224FF0090C00264FF4007E04E04FF062
:1056A0000B0C02264FF4006E01291ED002292FD0C8
:1056B0000120002283F83C20F0BD4FF00C0C0326A3
:1056C0004FF4805EF0E74FF00D0C04264FF4005EBF
:1056D000EAE74FF0000C6646E6466546E4E74FF021
:1056E0000A0C01264FF4806EDEE71C68206E5168BC
:1056F000B140414029404140926802FA0CFC8CEADA
:10570000010C0CEA0E0E8EEA010121660020D0E7A2
:105710001C68676E506800FA06F1794029407940AC
:10572000926802FA0CFC8CEA010C0CEA0E0E8EEA6E
:10573000010161660020BCE7022070477047704796
:1057400070477047704770477047026852E8003FE3
:1057500023F4907342E800310029F6D1026802F187
:10576000080353E8003F23F0805323F0010308327D
:1057700042E800310029F1D1C36E012B06D020236D
:10578000C0F88C300023C36643677047026852E854
:10579000003F23F0100342E800310029F6D1EEE784
:1057A00070B5044601688368026913434269134374
:1057B000C269134308688B4A024013430B60226896
:1057C000536823F44053E1680B435360A169226896
:1057D000854B9A4201D0236A1943936823F06E43A4
:1057E00023F430630B4393602268D36A23F00F03E2
:1057F000616A0B43D36223687C4A934223D07C4A7C
:10580000934234D07B4A93424AD07B4A934259D048
:10581000754A934268D0102273498B4200F09580FC
:10582000E069B0F5004F00F0D280082A00F24F8105
:10583000DFE812F01201340110014D0137014D0172
:105840004D014D013A0102F55842D2F8882002F08C
:105850000302032A09D8DFE802F002045C060122F1
:10586000DAE70422D8E70822D6E71022D4E702F5C7
:10587000E632D2F8882002F00C020C2A0ED8DFE8BB
:1058800002F0070D0D0D090D0D0D4A0D0D0D0B004C
:105890000022C1E70422BFE70822BDE71022BBE7D0
:1058A00002F5E432D2F8882002F03002202A34D007
:1058B00004D8A2B3102A34D10422ADE7302A32D161
:1058C0000822A9E702F5E232D2F8882002F0C002ED
:1058D000802A2AD004D852B3402A2AD104229BE736
:1058E000C02A28D1082297E702F5C832D2F88820CA
:1058F00002F44062B2F5006F1FD005D8FAB1B2F5DC
:10590000806F1ED1042287E7B2F5406F1BD10822B9
:1059100082E7022280E702227EE702227CE7002261
:105920007AE7102278E7102276E7022274E7002255
:1059300072E7102270E710226EE702226CE7002265
:105940006AE7102268E7102266E7082A00F2AF80B3
:10595000DFE802F008AD3BAD38ADADAD05004FF46A
:10596000004004E0FEF76EFD002800F0A280626AAD
:10597000224B33F81220B0FBF2F3656805EB4501CA
:10598000994200F29880B3EB053F00F29680002622
:1059900033463146FBF70AF9090241EA1061000279
:1059A0006B08C0182A46334641F10001FBF7FEF8A8
:1059B000A0F54072124B9A4200F281802368D860B1
:1059C000304662E0FEF7F8FBCEE70E48CFE7082A44
:1059D00077D8DFE802F0193905763C7676761D0037
:1059E000084815E0F369FFCF00800040003801400F
:1059F0000044004000480040004C004078C40008CB
:105A0000FFFC0F000024F400FEF71CFD00285AD014
:105A1000626A324B33F81230B0FBF3F0626853081D
:105A200003EB4000B0FBF2F0A0F110024FF6EF7371
:105A30009A424AD883B223F00F03C0F342001843BE
:105A40002368D860002020E0FEF70EFDDEE7FEF7B9
:105A5000B3FBDBE7224803E0FEF7F4FC002838D074
:105A6000626A1E4B33F81230B0FBF3F0636800EB50
:105A70005300B0FBF3F0A0F110024FF6EF739A421F
:105A800029D8236880B2D86000200123A4F86A30A6
:105A9000A4F8683000236367A36770BDFEF7E4FCD9
:105AA000DCE7FEF789FBD9E74FF40040D8E7012097
:105AB000EBE70020E9E70120E7E70120E5E7012027
:105AC000E3E70120E1E70020DFE70120DDE7012037
:105AD000DBE70020D9E70120D7E700BF78C4000842
:105AE0000024F400836A13F0080F06D0026853689C
:105AF00023F40043816B0B435360836A13F0010F5F
:105B000006D00268536823F40033C16A0B43536024
:105B1000836A13F0020F06D00268536823F48033BF
:105B2000016B0B435360836A13F0040F06D00268C5
:105B3000536823F48023416B0B435360836A13F053
:105B4000100F06D00268936823F48053C16B0B4397
:105B50009360836A13F0200F06D00268936823F4E1
:105B60000053016C0B439360836A13F0400F0AD01B
:105B70000268536823F48013416C0B435360436CF9
:105B8000B3F5801F0BD0836A13F0800F06D0026834
:105B9000536823F40023C16C0B43536070470268C1
:105BA000536823F4C003816C0B435360EBE72DE98A
:105BB000F84305460E4617469946DDF820802C68C6
:105BC000E46936EA04030CBF4FF0010C4FF0000CFF
:105BD000BC4536D1B8F1FF3FF1D0FCF78BF8A0EB14
:105BE0000900404530D8B8F1000F2FD02B681A6853
:105BF00012F0040FE3D0802EE1D0402EDFD0DA691E
:105C000012F0080F11D1DA6912F4006FD7D04FF4F7
:105C100000621A622846FFF798FD2023C5F89030ED
:105C2000002385F8843003200CE008241C622846F9
:105C3000FFF78BFDC5F89040002385F884300120E4
:105C400000E00020BDE8F8830320FBE70320F9E72C
:105C50002DE9F04182B01E46D0F88830202B5AD171
:105C600004460D469046002959D00AB9012053E058
:105C70000023C0F890302123C0F88830FCF73AF8B0
:105C80000746A4F85480A4F85680A368B3F5805F53
:105C900002D04FF0000816E0236943B34FF000082C
:105CA00011E02023C4F88830032035E038F8023BA7
:105CB0002268C3F308039362B4F8562092B2013A03
:105CC00092B2A4F85620B4F856309BB293B1009625
:105CD0003B46002280212046FFF769FF0028E0D1E3
:105CE000002DE3D015F8012B23689A62E4E7A8465B
:105CF0000025E8E700963B46002240212046FFF7BA
:105D000056FF18B92023C4F8883005E02023C4F8D2
:105D10008830032000E0022002B0BDE8F0810120BD
:105D2000FAE72DE9F04383B01E46D0F88C30202BE3
:105D30007DD104460D46904600297CD00AB9012049
:105D400076E00023C0F890302222C0F88C20C36691
:105D5000FBF7D0FF0746A4F85C80A4F85E80A36838
:105D6000B3F5805F06D0A3B9226972B9FF22A4F807
:105D7000602014E0226922B940F2FF12A4F86020EA
:105D80000DE0FF22A4F8602009E07F22A4F8602043
:105D900005E0B3F1805F0AD00022A4F86020B4F8D7
:105DA0006080B3F5805F0CD04FF0000923E02269DA
:105DB0001AB97F22A4F86020F1E73F22A4F86020FE
:105DC000EDE7236913B14FF0000914E0A94600255F
:105DD00011E02023C4F88C30032029E023685B6A9B
:105DE00008EA030329F8023BB4F85E2092B2013AB4
:105DF00092B2A4F85E20B4F85E309BB293B10096E4
:105E00003B46002220212046FFF7D1FE0028E0D1AA
:105E1000002DE3D023685A6A5FFA88F3134005F82F
:105E2000013BE1E72023C4F88C30002000E0022091
:105E300003B0BDE8F0830120FAE730B583B0044633
:105E40000023C0F89030FBF755FF05462268126822
:105E500012F0080F10D123681B6813F0040F28D12B
:105E60002023C4F88830C4F88C300020E066206716
:105E700084F8840003B030BD6FF07E430093034686
:105E800000224FF400112046FFF791FE0028E2D0D7
:105E9000226852E8003F23F0800342E800310029E5
:105EA000F6D12023C4F88830002384F884300320FE
:105EB000E0E76FF07E4300932B4600224FF4800111
:105EC0002046FFF774FE0028CAD0226852E8003F3F
:105ED00023F4907342E800310029F6D1226802F1E0
:105EE000080353E8003F23F00103083242E8003181
:105EF0000029F3D12023C4F88C30002384F88430A7
:105F00000320B7E778B310B50446D0F888300BB358
:105F10002423C4F888302268136823F00103136037
:105F2000A36AE3B92046FFF73BFC012811D02268A1
:105F3000536823F4904353602268936823F02A0344
:105F400093602268136843F0010313602046FFF753
:105F500074FF10BD80F88430FBF744FED8E720467C
:105F6000FFF7C0FDDEE7012070470000436E2BB94C
:105F70000123A0F86A30A0F86830704730B4036895
:105F80009A68C2F342629968490F094D6B5CDB0065
:105F9000084C615C93FBF1F3A0F86A30AB5CDB006A
:105FA000A25C93FBF2F3A0F8683030BC704700BFEE
:105FB00098C4000890C4000890F88430012B18D0D1
:105FC000012380F884302423C0F8883003681A68DD
:105FD000196821F00101196022F000520023436684
:105FE00001680A602022C0F8882080F884301846B2
:105FF00070470220704738B590F88430012B1DD0CF
:106000000446012380F884302423C0F888300368D4
:106010001D681A6822F001021A600268936823F072
:10602000604319439160FFF7A1FF23681D6020239F
:10603000C4F88830002084F8840038BD0220FCE7D2
:1060400038B590F88430012B1DD00446012380F828
:1060500084302423C0F8883003681D681A6822F051
:1060600001021A600268936823F06063194391602B
:10607000FFF77CFF23681D602023C4F888300020D0
:1060800084F8840038BD0220FCE7000010B52DED37
:10609000048BF0EE408AB0EE608AF5EE400AF1EE35
:1060A00010FA07D1B5EE400AF1EE10FA52D0B0EE78
:1060B000409A08E0B5EE400AF1EE10FA08D1DFEDA3
:1060C000287A87EEA09AB0EE490ABDEC048B10BD89
:1060D00000F0D6FDB0EE409AB5EE400AF1EE10FAAF
:1060E0000CBF0124002421D0B0EE480A00F048FD86
:1060F000B4EEC80AF1EE10FA18D5C8EE889AF0EEA0
:10610000E99AB6EE000A39EE800A00F039FD79EE20
:10611000C07AF0EEE77A9FED137A69EE879AF4EE93
:10612000E97AF1EE10FA94BF01240024ACB9F5EE3F
:10613000C08AF1EE10FA4CBF01220022B5EEC08AEF
:10614000F1EE10FA4CBF012300239A42BBD039EE86
:10615000089AB8E7B0EE609AB5E79FED019AB2E70A
:1061600000000000000000342DE9F04F2DED068BFB
:1061700089B0BFA3D3E90023B749D1E90601FAF7F3
:106180000BFAFAF7C3FC08EE100AB44BD3ED007A11
:1061900038EE278ADFEDB27AB4EEE78AF1EE10FA34
:1061A00040F3AB8038EE678ADFEDAD0AB0EE480A07
:1061B000FFF76CFFF0EE408AAA4B83ED000A00F077
:1061C00025FD10EE104AB0EE680A00F0A1FC10EEBA
:1061D000108ADFF88492D9E900672046FAF784F93B
:1061E00004460D4602460B4630463946FAF7D4F9C6
:1061F000CDE90001D9E902AB4046FAF775F98046CE
:10620000894602460B4650465946FAF7C5F90246FA
:106210000B46DDE90001FAF709F8CDE90201424633
:106220004B4630463946FAF7B7F98046894652461A
:106230005B4620462946FAF7AFF902460B46404630
:106240004946F9F7F1FF80A3D3E90023FAF7A4F94F
:1062500006460F460022844BDDE90201FAF79CF95D
:106260008046894602460B4630463946F9F7DCFF40
:1062700000220023FAF720FC002849D0022501243F
:1062800000220023DDE90201FAF716FC00B9002420
:106290002C4432463B4600200021F9F7C5FF424618
:1062A0004B46F9F7C1FF00220023FAF705FC88B33B
:1062B00004231C44684DD5E904AB00226B4B5046C7
:1062C0005946FAF769F9CDE9040161A3D3E900233E
:1062D00050465946FAF760F9D5E90823FAF786FAE5
:1062E000CDE90601631E042B00F21881DFE813F0EC
:1062F00014009300C800E5000001B5EEC08AF1EE7D
:1063000010FA7FF551AFDFED567A38EE278A4BE76A
:106310000025B4E70023CCE732463B4640464946D9
:10632000F9F782FFDDE90623FAF736F9CDE9000136
:1063300042464B4630463946F9F778FFDDE90623F9
:10634000FAF72AF906460F46DDE9002330463946BA
:10635000F9F76CFF8046894602460B46504659467F
:10636000FAF744FACDE9020152465B4640464946F7
:10637000F9F75AFF00220023FAF79EFB88B1DDE906
:10638000028942464B46DDE90001FAF705F9CDE9FD
:10639000000142464B4630463946FAF7FDF80646BC
:1063A0000F460022314BDDE90001FAF7F5F880468F
:1063B000894600222D4B30463946FAF7EDF806465D
:1063C0000F4642464B46DDE90401F9F72DFF324600
:1063D0003B46F9F729FFCDE9000142464B46DDE98E
:1063E0000401F9F723FF8046894632463B46F9F718
:1063F0001BFF41EC1A0B42464B4630463946F9F733
:1064000015FF41EC190BA31E032B00F2A780DFE858
:1064100003F0A8A8AAAA42464B4630463946F9F7E7
:1064200005FFDDE906562A463346FAF7B5F8CDE909
:1064300000012A463346DDE90201FAF7ADF80646C7
:1064400001F1004780E700BFAA4C58E87AB6EB3F5D
:10645000AA4C58E87AB6FB3FC8040020C4040020C8
:10646000DB0FC940C00400200000E03F0000D03F27
:10647000025B3CC5B796443F0000000000000000EE
:1064800032463B4640464946F9F7CEFEDDE9065620
:106490002A463346FAF780F81FED097B8DED007B25
:1064A000009001F1004301932A463346DDE90201E1
:1064B000FAF772F806460F4646E7DDE90623DDE9FE
:1064C0000201FAF769F81FED147B8DED007B009057
:1064D00001F10043019332463B4640464946F9F7F5
:1064E000A3FEDDE90623FAF757F806460F462BE729
:1064F000DDE90623DDE90201FAF74EF8CDE90001F6
:1065000042464B4630463946F9F790FEDDE9062310
:10651000FAF742F8064601F1004715E742464B46B6
:1065200030463946F9F782FEDDE90623FAF734F8FA
:106530001FED2F7B8DED007B009001F10043019357
:1065400032463B4640464946F9F76EFEDDE90623F2
:10655000FAF722F8064601F10047F5E651EC1A0B6E
:1065600001E0DDE9000152465B46FAF73FF980465B
:106570008946631E042B0AD8DFE803F0030C0306E8
:106580000C0051EC190B07E0DDE9000104E0DDE946
:10659000000101E051EC1A0B52465B46FAF726F96E
:1065A00006460F46013C042C04D8DFE804F005033E
:1065B0003C3F05008DED009B1E4B83ED008A42465B
:1065C0004B4640464946F9F731FE02460B4600204D
:1065D0001949F9F729FE194CC4E9000152465B46F6
:1065E000DDE90001FAF702F902460B46F9F71EFE53
:1065F00002460B4600201049F9F716FEC4E90201D5
:1066000032463B4630463946F9F710FE02460B4605
:1066100000200949F9F708FEC4E9040109B0BDECFE
:10662000068BBDE8F08F8DED00ABC5E78DED00ABBF
:10663000C2E700BFC40400200000F03FF0040020C7
:1066400008B5054B1860054B18680023022219464F
:10665000806802F03DF808BD080500200C0000200D
:10666000022801D80120704708B501F06DF909230F
:106670000360002008BD000010B5013801280AD8C9
:1066800014464FF0FF3392B207480068FFF7E0FA74
:1066900040B9204610BD01F057F9092303604FF0BF
:1066A000FF30F7E70520F5E708050020022801D8AC
:1066B0000020704708B501F047F9092303604FF047
:1066C000FF3008BD08B501F03FF9092303604FF022
:1066D000FF3008BD08B548B94FF0FF330122084824
:1066E0000068FFF71EFB40B9012008BD01F02CF93E
:1066F000092303604FF0FF30F7E70520F5E700BFFF
:106700000805002008B5022804D84FF400534B6058
:10671000002008BD01F018F909230360F8E7000024
:1067200000B587B04C48FFF78BFF4C48FDF7FCF9EC
:106730004B48FDF7F9F94B48FDF7F6F94A4C7F2134
:106740002046FCF7FFF8494D7F212846FCF7FAF870
:106750002268202313602268042111602A681360D4
:10676000434E3046FEF77CF90C213046FEF712FD11
:10677000404B41F63F72DA6241F63E721A6420469F
:10678000FCF7A6F92846FCF72BF93B4B002000212B
:10679000C3E9000100203949C3E90201002038495A
:1067A000C3E9060100203749C3E904012E4C204605
:1067B000FCF704F82D4D2846FCF700F82046FBF7BF
:1067C000CDFB07EE900AF8EE677A2F4CC4ED007A05
:1067D000DFED2E8A67EEA87A9FED2D8A67EE887A24
:1067E000C4ED007A2846FBF7B9FB80B2294B18802C
:1067F00007EE900AF8EEE77A67EEA87A67EE887AF5
:10680000B3EE0A7A67EE877A17EE900AF9F76CFE14
:10681000194BC3E908012068F9F766FE04460D46E6
:106820001D4B1868F9F760FECDE904011B4B186891
:10683000F9F75AFECDE90201194B1868F9F754FE31
:10684000CDE9000122462B46164801F029FF012020
:10685000FBF756FAAAE700BF280400202403002013
:10686000600300209C030020000200206C02002036
:10687000DC030020002C0140C80400200000284058
:10688000000010400000F03F2C050020333353403F
:1068900000008039280500201C0500201805002074
:1068A00014050020A0C4000838B5504B834200D026
:1068B00038BD4F4B1B78002B3FD14E4B1878013021
:1068C000C0B21870494B1B68D3F8801089B24A4A8D
:1068D00011804A4A1268D2F8802092B2484C228035
:1068E000D3F884309BB2474C2380474CB4F800C0A7
:1068F000614489B22180454CB4F800C0624492B230
:106900002280434CB4F800C063449BB22380092822
:10691000CED93748012404703E48A0FB0141C90884
:10692000394C2180A0FB0212D20838490A80A0FB12
:106930000323DB08364A1380BAE72C4B1B68D3F8D5
:10694000801089B22C4A1180D3F884309BB22D4A32
:1069500013802A4A1268D2F8802092B22848028016
:1069600029480088091A07EE901AF8EEE77A9FED99
:106970002A7A67EE877A2949C1ED007A2349098886
:10698000521A07EE902AF8EEE77A67EE877A244AE1
:10699000C2ED007A1E4A12889B1A07EE903AF8EE72
:1069A000E77A67EE877A1F4BC3ED007AFFF7DCFBCF
:1069B0001D4D00221D4BD5E90001F9F7EDFDFAF759
:1069C00085F81B4C60630022184BD5E90201F9F7EA
:1069D000E3FDFAF77BF8A0630022144BD5E904012C
:1069E000F9F7DAFDFAF772F8E06361E700020020D8
:1069F0000C0500202A050020220500206C02002042
:106A000024050020260500200E050020100500208A
:106A100012050020CDCCCCCC6EFAB33C140500207E
:106A2000180500201C050020F00400200040BF4095
:106A3000002C0140B0F5005F00D0704710B51D4A32
:106A40001378DB43DBB21370CBB91B4C002120461B
:106A5000FEF74CFC04212046FEF748FC08212046A6
:106A6000FEF744FC00212046FEF726FD04212046C7
:106A7000FEF722FD08212046FEF71EFD10BD0E4C3C
:106A800000212046FEF786FB04212046FEF782FB0C
:106A900008212046FEF77EFB00212046FEF792FCEF
:106AA00004212046FEF78EFC08212046FEF78AFCD2
:106AB000E4E700BF20050020DC0300200D488546E8
:106AC000FAF722FF0C480D490D4A002302E0D45882
:106AD000C4500433C4188C42F9D30A4A0A4C002328
:106AE00001E013600432A242FBD300F033FFFAF757
:106AF000BCFDFEE70080002000000020E001002037
:106B0000ACCD0008E001002040050020FEE70000B9
:106B100010EE103A184A23F0004393421BDDB3F104
:106B2000FF4F02DB30EE400A704700B583B0684685
:106B300000F05AF900F003000128DDED010A9DED97
:106B4000000A0CD0022812D070B1012000F03AFEE9
:106B500003B05DF804FBDFED090A00F077BA00F03E
:106B600031FEB1EE400AF3E700F070FAF0E700F012
:106B70006DFAB1EE400AEBE7D80F493F0000000084
:106B800010EE102AC2F3C7537F3B162B22F00041B0
:106B900028DC002B18DB1A4919410A4221D0DFED0D
:106BA000197A70EE277AF5EEC07AF1EE10FA18DD58
:106BB000002A04DA4FF4000040FA03F31A4422EAF0
:106BC000010300EE103A7047DFED0E7A70EE277A7F
:106BD000F5EEC07AF1EE10FA03DD002A08DB9FED36
:106BE0000A0A7047B1F1FF4FFBD330EE000A70473D
:106BF000FFEE007A002918BFB0EE670A704700BFA9
:106C0000FFFF7F00CAF249710000000010EE103A49
:106C1000194A23F0004393421CDDB3F1FF4F02DB1E
:106C200030EE400A704700B583B0684600F0DCF8EB
:106C300000F003000128DDED010A9DED000A0ED0F1
:106C4000022813D070B100F001FAB1EE400A03B08F
:106C50005DF804FBDFED090A002000F0B3BD00F091
:106C6000F5F9F4E7012000F0ADFDF0E7012000F0B8
:106C7000A9FDB1EE400AEAE7D80F493F0000000045
:106C800008B52DED028BF0EE408AB0EE608A00F080
:106C90001BF8F4EE488AF1EE10FA06D6DFED098A09
:106CA000B4EE688AF1EE10FA02D0BDEC028B08BD9A
:106CB00000F04AFE88EEA80ABDEC028B2123036097
:106CC00008BD00BF0000000030B583B0CDED010A63
:106CD000019D35F0004041D010EE10EA2EF0004347
:106CE000B3F1FF4F3ADAB0F1FF4F37DC83423BDBC1
:106CF0000EF000443AD01EF0FF4F56D11902002981
:106D00006FF07D0204DD4900002902F1FF32FADC58
:106D100015F0FF4F57D101026FF07D0C03D44900ED
:106D20000CF1FF3CFBD512F17E0F47DBCEF31603CF
:106D300043F400031CF17E0F3ADBC5F3160040F468
:106D40000000B2EB0C0204D117E00FD04B00013A67
:106D500013D0191A0029F8DA5B00F8E7DDED017AA3
:106D600060EE277A87EEA70A03B030BD1D4B03EB18
:106D7000547393ED000A03B030BD181A58BF034690
:106D80001BB9F3E75B000CF1FF3CB3F5000FF9DB37
:106D90001CF17E0F1CDBA3F500030CF17F0C2343D9
:106DA00043EACC5300EE103ADEE7DA157F3AAFE75C
:106DB0006FF07D01A1EB0C018840C2E76FF07D010F
:106DC000891A8B40B6E74FEAE05CACF17F0CAAE78A
:106DD0006FF07D02A2EB0C0C43FA0CF3234300EEA0
:106DE000103AC1E7B8C4000870B510EE103A894AED
:106DF00023F00044944286B0054670DD864A9442F2
:106E000010EE106A22DC002BDFED847A844A24F035
:106E10000F04B0EE407A40F3E480944270EE677A5B
:106E200009BFDFED806A9FED807A9FED807A77EE73
:106E3000E67A012077EEC76A77EEE67AC5ED006A5A
:106E400077EEC77AC5ED017A06B070BD784A9442F4
:106E500054DDB4F1FF4F49DAE215863AA4EBC25390
:106E600007EE903ABDEEE77ADFED726AB8EEC77AC8
:106E700077EEC77A8DED037A67EEA67ABDEEE77AF4
:106E8000B8EEC77A77EEC77A8DED047A67EEA67A08
:106E9000F5EE407AF1EE10FACDED057A40F09080F3
:106EA000B5EE407AF1EE10FA14BF022301236249D5
:106EB00001910221009103A8294600F049F9002E12
:106EC000C2DA95ED007AD5ED017AB1EE477AF1EEAE
:106ED000677A85ED007AC5ED017A4042B4E7002279
:106EE00085ED000A4260002006B070BD70EE407A69
:106EF0000020C5ED017AC5ED007AA5E700F0AAFCF7
:106F00009FED4E7A9FED456AF6EE007AE0EE077A45
:106F10009FED457AFDEEE77A17EE900AF8EEE76A04
:106F20001F28A6EEC60A66EE877AB1EE666A1EDCF8
:106F3000434A411E24F0FF0352F82120934216D009
:106F400030EE677A85ED007A30EE470A002E30EE9B
:106F5000670A85ED010ABFF677AFB1EE477AB1EE69
:106F6000400A85ED007A85ED010A40426CE730EE7B
:106F7000677AE21517EE103AC3F3C753C3EBD45444
:106F8000082CDFDDDFED277A9FED287AF0EE405AFE
:106F9000E6EE275A30EE650AA6EE270AF0EE407AB2
:106FA000D6EE877A35EEE77A17EE103AC3F3C75379
:106FB000D21A192A06DCB0EE650A85ED007AC3E71D
:106FC000032374E79FED1F7A9FED1F5AB0EE650A09
:106FD000A6EE070A75EEC07AE6EE077AD6EE857A57
:106FE000AEE7944270EE277A09BFDFED0E6A9FED9F
:106FF0000E7A9FED0E7A77EEA67A4FF0FF3077EE9D
:10700000876A77EEE67AC5ED006A77EE877AC5ED96
:10701000017A19E7D80F493FE3CB1640800FC93FEB
:10702000D00FC93F004435374344353708A3852E78
:10703000800F49430000804340C5000884F9223F87
:10704000C0C4000800A3852E32318D2410EE103A02
:1070500023F00043B3F1485F2CDAFDEEC07A17EE5F
:10706000903A002B60D020EE007ADFED317A9FED70
:10707000315ADFED315A9FED316ADFED316AA7EE0B
:10708000275ADFED307AE7EE055AA7EE256AE7EEDC
:10709000067AE7EE276A67EE266A60EEC00AF6EE29
:1070A000007AE7EE260AB7EE000AD7EE270A30EE9E
:1070B000600A704720EE007ADFED1D7A9FED1D5AC1
:1070C000DFED1D5A9FED1D6ADFED1D6A1E4AA7EE1A
:1070D000275A9342DFED1B7AE5EE075AA5EE876A41
:1070E000E6EE077AE7EE876A66EE876AD5DD174A2D
:1070F000934214DC03F17F4307EE903AB7EE006A47
:1071000036EE676A60EEC00AF6EE005AD7EE257AD0
:10711000E7EE260A77EEE00A36EE600A7047B6EE32
:10712000076AF5EE027AEDE7B7EE000A704700BF96
:107130004ED747ADF6740F317CF293B4010DD037C2
:10714000ABAA2A3D610BB6BA9999993E0000483F17
:107150002DE9F04F2DED048BDBB01C460393069117
:10716000A24B6899089253F82150111D824604F1F0
:10717000FF38C0F2A382D31E48BF131DDB10029359
:107180000133DB000793DDE907239B1A0593029B7C
:1071900015EB0801A3EB080316D401319FED947A97
:1071A000699819441EAA002BA4BF50F8234007EE8B
:1071B000904A03F10103ACBFF8EEE77AF0EE477AAC
:1071C0008B42E2EC017AEED1002DC0F2E782039B04
:1071D0001EAA02EB830446AE4FEA830C4046EF182A
:1071E0000AEB8301B8F1000FDFED817A09DB22465B
:1071F0005346F3EC016A32ED017A8B42E6EE877A70
:10720000F7D10130B842E6EC017A04F10404E9D187
:1072100009AB0AAF03EB850907EB8503083B9FED3C
:10722000769ADFED748A059804930AEB0C0446AE57
:1072300000955AAB03EB8503002D13ED140A4FEABA
:10724000850B16DD06EB85033A4660EE097AB0EE53
:10725000407AFDEEE77A73ED016AF8EEE77AB34221
:10726000A7EEE87A37EEA60ABDEEC77AA2EC017A5D
:10727000EBD1019000F0F6FAB0EE408AB4EE000ACD
:1072800028EE000AFFF77CFCF2EE007AA0EE678A97
:1072900001980028FDEEC89AF8EEE97A38EE678A80
:1072A00079DD05F1FF3EC0F1080357F82E1041FAD1
:1072B00003FC0CFA03F3CB1AC0F1070219EE901A83
:1072C00043FA02F26144002A47F82E3009EE901A80
:1072D00069DCB5EE408AF1EE10FA40F0C080009B08
:1072E00005F1FF3B5B4510DC05F18043013B07EBFB
:1072F00083030021944653F804294B4541EA0201D7
:10730000F9D16246002940F0F280009B013B57F81A
:107310002330002B40F0E780049B4FF0010C53F822
:1073200004290CF1010C002AF9D06B1CAC449E46D8
:10733000039A5119029A02EB030B0BF1804B699AE5
:107340000BF1FF3B06EB83051EAB02EB8B0B03EB54
:107350008101DBED017A9FED267AF8EEE77AB8F14C
:10736000000F0BF1040BC1ED007A0A4601F1040194
:1073700009DB534601E072ED017AF3EC016AA342A6
:10738000A6EEA77AF7D10EF1010EE645A5EC017A3B
:10739000DFDD65464DE740F09C806B1E57F82320EB
:1073A000D211002A95DD19EE903A002D03F1010368
:1073B00009EE903A40F39881396800297FD1012D78
:1073C00026D03B464FF0010C53F8041F00297AD019
:1073D0000CF10103C1F580719D4247F82C1016DDB8
:1073E00057F82310BB4407EB83030AE084C8000866
:1073F00000000000000080430000803B0000C93F07
:107400001968C1F1FF0143F8041B5B45F8D1012164
:1074100000280CDD012800F04881022807D105F181
:10742000FF3C57F82C3003F03F0347F82C30022A7A
:107430007FF44FAFB7EE000A30EE488A00293FF4E0
:1074400048AF0992019000F00DFA38EE408A099A8F
:107450000198B5EE408AF1EE10FA3FF440AF029287
:10746000DDE90732B0EE480A981A0195009D00F058
:10747000F9F91FED207AB4EEC70AF1EE10FADDE952
:107480000132C0F259815FED247A059960EE277AC6
:107490000831FDEEE77A0591F8EEE77A03F1010B8A
:1074A000A7EEC70AFDEEE77ABDEEC00A10EE101A8D
:1074B00047F8231017EE903A47F82B302EE00123BF
:1074C0004FF0000C86E70CF1010CAC457FF47CAF6B
:1074D0009EE7F6EE007AB4EEE78AF1EE10FA80F25B
:1074E000F2800022F5E66B1C9E469C4620E705993B
:1074F000A1F1080057F82B1005902B46009D69B9A3
:1075000003F18043023B07EB8303014653F8040970
:107510000BF1FF3B08390028F8D00591059800923F
:10752000B7EE000A00F09EF9BBF1000F009AC0F21E
:1075300028814FEA8B0E46AB03EB0E060EF1040CCE
:107540001FED537A07EB0C03311D73ED017AF8EE52
:10755000E77ABB4267EE807A20EE070A61ED017A96
:10756000F3D1002D1FED5B6A4FF0000420DB934840
:10757000DFED937AB0EE467A3146002303E09C4279
:1075800008DBB0EC017AF1EC016A01339D42E6EED2
:10759000877AF4DA5AAB03EB8403A34543ED287AE8
:1075A000A6F1040604F1010305D0002D1C46DEDA25
:1075B000DFED837AEEE7689902291CDC002900F3ED
:1075C00095800FD132ABDFED7E7A9C443CED017AA1
:1075D000634577EE877AF9D10AB1F1EE677A069BB7
:1075E000C3ED007A19EE903A03F007005BB0BDECF2
:1075F000048BBDE8F08F689B032BF3D1BBF1000F28
:1076000000F0D4800EF5B4736B4432A913ED287AE0
:1076100001EB8B0373ED017AF0EE476A37EE277AC0
:10762000994277EEC77A83ED007A77EEA67AC3EDBA
:10763000017AEFD1BBF1010F40F3B8800BF1804B21
:107640000EF5B4730BF1FF3B0DEB030E4FEA8B0B02
:107650000BF104031EED287A0B4433A873ED017A75
:10766000F0EE476A37EE277A984277EEC77A83EDD5
:10767000007A77EEA67AC3ED017AEFD10BF1080B11
:10768000DFED4F7A01EB0B03083133ED017A9942BC
:1076900077EE877AF9D1002A56D10699329A339B30
:1076A0000A604B60C1ED027A9CE705F1FF3C57F898
:1076B0002C3003F07F0347F82C30B8E608230793FB
:1076C000002302935FE519EE903A002D03F10103C8
:1076D00009EE903AC8BF02223FF76EAEF7EE007A8D
:1076E00037EEC88A0222F4E5002191E632A9DFEDE7
:1076F000347A01EB830333ED017A994277EE877A8E
:10770000F9D19DED327A8ABB069BBBF1000FC3ED28
:10771000007A77EE677A0BDD33A90123B1EC017AA9
:1077200001339B4577EE877AF8DA0AB1F1EE677A92
:10773000069BC3ED017A55E7BDEEC00A9B4610EEED
:10774000101A47F82310E9E6DDED326A9DED337A31
:10775000069BF1EE666AB1EE477AF1EE677AC3ED09
:10776000006A83ED017AC3ED027A3BE7069BF1EEF6
:10777000676ABBF1000F77EE677AC3ED006ACBDC76
:10778000D4E7689B022B0DDC002B14DC7FF42AAFBE
:10779000DFED0B7A002A3FF422AF1EE7039B4FEA8E
:1077A000830C35E5689B032B7FF41CAFDFED047A77
:1077B000002AC9D171E7DFED027AA2E75CC80008B0
:1077C0000000000010EE103A23F00043B3F1485FD0
:1077D00004DAFDEEC07A17EE903A5BB360EE007A01
:1077E0009FED157ADFED155A9FED156ADFED156AED
:1077F000E7EE875A9FED147AA5EEA76A20EE275A86
:10780000E6EE276AA6EEA77A30B9DFED106AE7EE5A
:10781000876AA6EE850A704727EE457AF6EE006A7B
:10782000A0EEA67ADFED0A6AD7EE270AE5EE260A71
:1078300030EE600A704700BFD3C92E2F342FD7B265
:107840001BEF3836010D50B98988083CABAA2ABE17
:10785000ABAA2A3E10EE103A23F0004300EE103A95
:10786000704700BF82B08DED010A019B33F00042EA
:107870002AD0B2F1FF4F23D213F0FF4F28D19DED54
:10788000017ADFED2A7A2A4B67EE277A9842CDED0E
:10789000017A37DB019BC3F3C752193A0244FE2A2F
:1078A0001ADD9FED240A9FED247A019B002BF0EE58
:1078B000407AB8BFB0EE470A20EE270A02B0704700
:1078C00030EE000A02B070479DED010A02B0704729
:1078D000D20D0244FE2AE4DC002A0BDC12F1160F62
:1078E00017DA4CF250339842DBDC9FED140A9FED1F
:1078F000147ADAE723F0FF4343EAC25300EE103A6A
:1079000002B070479FED0D0ADDED017A27EE800A87
:10791000D8E7193223F0FF4343EAC253DFED097A77
:1079200007EE103A27EE270ACCE700BF0000004C14
:10793000B03CFFFFCAF24971CAF249F16042A20DA0
:107940006042A28D00000033014B1868704700BFF1
:107950000C00002070B50D4D0D4C641BA4100026CA
:10796000A64209D10B4D0C4C04F06EFD641BA41013
:107970000026A64205D170BD55F8043B9847013654
:10798000EEE755F8043B98470136F2E7A4CD00082E
:10799000A4CD0008A4CD0008A8CD000802440346E9
:1079A000934200D1704703F8011BF9E72DE9FF4727
:1079B00055EC104B002D0E4619462B46BBBF05F16A
:1079C00000431D4600232D230B700D9BDDF830A0D6
:1079D000914623F02008BCBF22461446B8F1460F5A
:1079E00005D0B8F1450F00D10136022100E0032196
:1079F00003AB019302AB009345EC104B5346324668
:107A000001F08AFEB8F1470F074602D119F0010FC5
:107A100022D0B8F1460F07EB060910D13B78302B86
:107A20000AD10022002320462946F9F71DF818B98B
:107A3000C6F10106CAF80060DAF800309944002265
:107A4000002320462946F9F70FF808B1CDF80C902D
:107A50003022039B4B4507D3039B0E9ADB1B384612
:107A6000136004B0BDE8F087591C03911A70F0E769
:107A7000F7B503460029B8BF494203F8022BB4BF4B
:107A80002D222B22092942702ADD0DF10704A4467C
:107A90000A27A6460A4691FBF7F607FB161530356E
:107AA000632A04F1FF340EF8015C3146F1DC303119
:107AB000AEF1020504F8011C441C294661450AD3B5
:107AC0000DF10902A2EB0E02654588BF00221344A6
:107AD000181A03B0F0BD11F8012B04F8012FEDE7DF
:107AE000302330318370C170031DF1E72DE9F04F71
:107AF0002DED028B8DB00C46DDF8608016461F46DA
:107B0000054603F01DF9D0F800A05046F9F7D0F96A
:107B100000230A9323680593D8F8003094F818B02E
:107B2000073323F0070303F10802C8F80020D3E964
:107B30000023C4E91223D4E9128929F000430793F2
:107B4000CDF8188008EE100A9F4BDDE906014FF0D2
:107B5000FF32F9F705FA88BBDDE906019A4B4FF0D1
:107B6000FF32F8F795FF48BB002200234046494604
:107B7000F8F784FF10B12D2384F84330934B9448D9
:107B8000BBF1470F94BF9846804603232361059BB2
:107B900023F0040222604FF00009009733460BAA3D
:107BA0002146284600F0D8F9013040F090804FF08F
:107BB000FF300DB0BDEC028BBDE8F08F42464B4666
:107BC00040464946F9F7CCF940B14B46002BBCBFC3
:107BD0002D2384F843307F487F4BD1E763680BF057
:107BE000DF0206925A1C3FD106236360059B616841
:107BF00043F48062002303930AABCDE901B309ABE0
:107C000049EC108B009322600DF123032846FFF707
:107C1000CDFE069B0999472B804608D1C81C02DB84
:107C20006368994241DDABF1020B5FFA8BFBBBF15C
:107C3000650F20D801395A4604F150000991FFF729
:107C400017FF0A9A1318012A8146236102DC226871
:107C5000D20701D5013323619DF82330002B9CD03E
:107C60002D2384F8433098E7069A472ABED1002B8B
:107C7000BCD10123B9E7BBF1660F18D100296368B5
:107C80000BDD216113B92268D00702D501330B4403
:107C90002361A1654FF00009DEE713B92268D2071E
:107CA00001D50233F4E70123F2E74FF0670B0A9B9B
:107CB000994205DB23682161D807EAD54B1CE7E729
:107CC0000029D4BFC1F1020201221344E0E7236876
:107CD0005A0507D42369424631462846B847013041
:107CE0002CD164E7BBF1650F40F2E080D4E91201CA
:107CF00000220023F8F7B8FE002834D0374A0123C9
:107D000031462846B84701303FF451AFDDE9092339
:107D10009A4202DB2368D80710D518EE103A524673
:107D200031462846B84701303FF441AF4FF00008D4
:107D300004F11A090A9B013B434509DC23689B07B0
:107D400000F10581E0680B9B9842B8BF184630E708
:107D500001234A4631462846B84701303FF427AF51
:107D600008F10108E6E7099B002B39DC1B4A0123D7
:107D700031462846B84701303FF419AFDDE9092301
:107D8000134302D12368D907D8D518EE103A5246CA
:107D900031462846B84701303FF409AF4FF000099B
:107DA00004F11A0A099B5B424B4501DC0A9B92E7EE
:107DB0000123524631462846B84701303FF4F7AE1A
:107DC00009F10109EEE700BFFFFFEF7F94C800084B
:107DD00098C80008A0C800089CC80008A4C80008EB
:107DE0000A9AA36D9A42A8BF1A46002A914637DC28
:107DF0004FF0000B29EAE97904F11A02A36D05930B
:107E0000A3EB09035B4533DCDDE909239A423BDB45
:107E10002368DA0738D40A9B059A09999A1AA3EBC2
:107E200001099145A8BF9146B9F1000F35DC4FF02B
:107E3000000829EAE97904F11A0ADDE909239B1A05
:107E4000A3EB090343457FF779AF0123524631463F
:107E50002846B84701303FF4AAAE08F10108ECE724
:107E60001346314642462846B8470130C0D19EE607
:107E70000123314628460592B84701303FF497AEBA
:107E8000059A0BF1010BB9E718EE103A524631464C
:107E90002846B8470130BED189E6059A4B46424490
:107EA00031462846B8470130C1D180E60A9A012AF6
:107EB00001DCDB0738D50123424631462846B84766
:107EC00001303FF474AE18EE103A5246314628465F
:107ED000B84701303FF46BAED4E912010022002311
:107EE000F8F7C2FDD8B90A9B08F10102013B3146FF
:107EF0002846B84701300ED159E601235246314693
:107F00002846B84701303FF452AE08F101080A9BF9
:107F1000013B4345F1DC4B4604F15002DCE64FF0F7
:107F2000000804F11A0AF2E701234246DFE70123C1
:107F30004A4631462846B84701303FF438AE08F18A
:107F40000108E3680B995B1A4345F0DCFAE64FF051
:107F5000000804F11909F4E72DE9F047164699469F
:107F60008A680B69DDF820809342B8BF13463360FE
:107F700091F8432007460C460AB101333360236869
:107F8000990642BF336802333360256815F0060551
:107F900006D104F1190AE36832689B1AAB4226DC69
:107FA00094F84320131E226818BF012392062BD495
:107FB00004F1430249463846C04701301ED02368C9
:107FC000E568326803F00603042B08BFAD1AA36806
:107FD00022690CBF25EAE57500259342C4BF9B1AB0
:107FE000ED1800261A34B5421AD1002008E001230A
:107FF000524649463846C047013003D14FF0FF3062
:10800000BDE8F0870135C6E7E1185A1C302081F839
:108010004300224494F8451082F843100233C7E726
:108020000123224649463846C0470130E6D0013692
:10803000D9E700002DE9FF470F7E0C9D782F914670
:1080400080460C469A4601F1430207D8622F0AD8AF
:10805000002F00F0D880582F00F0A38004F14205D3
:1080600084F842703AE0A7F16303152BF6D801A11A
:1080700051F823F0CD800008E18000085D80000801
:108080005D8000085D8000085D800008E1800008D8
:108090005D8000085D8000085D8000085D8000084C
:1080A000ED81000811810008CF8100085D80000883
:1080B0005D8000080F8200085D80000811810008C3
:1080C0005D8000085D800008D78100082B681A1DBC
:1080D0001B682A6004F1420584F842300123A3E0C2
:1080E00020682968060601F104030AD50E682B6092
:1080F000002E03DA2D23764284F843305E480A23AB
:1081000019E00E682B6010F0400F18BF36B2EFE791
:108110002B682068191D2960010601D51E6802E040
:108120004606FBD51E8854486F2F0CBF08230A2330
:10813000002184F843106568A560002DA2BF216866
:1081400021F0040121600EB9002D4DD01546B6FB7B
:10815000F3F103FB1167C75D05F8017D3746BB42AC
:108160000E46F4D9082B0BD12368DE0708D5236906
:1081700061689942DEBF302305F8013C05F1FF3507
:10818000521B2261CDF800A04B4603AA214640466F
:10819000FFF7E2FE01304CD14FF0FF3004B0BDE8F4
:1081A000F087354881F845702968236851F8046BD9
:1081B00029601D0614D5DF0744BF43F02003236068
:1081C0001EB9236823F0200323601023B0E723683F
:1081D00043F0200323607823284884F84530E3E700
:1081E000590648BFB6B2E6E71546BBE72B682668D6
:1081F0006169181D286035061B6801D5196002E009
:108200007006FBD51980002323611546BAE72B6859
:108210001A1D2A601D68626800212846F8F750FE82
:1082200008B1401B606063682361002384F8433019
:10823000A8E723692A4649464046D0470130ABD0DB
:1082400023689B0713D4E068039B9842B8BF184685
:10825000A4E70123324649464046D04701309BD02F
:108260000135E36803995B1AAB42F2DCEBE70025CA
:1082700004F11906F5E700BFA6C80008B7C8000852
:108280002DE9F04F87B0174603938B685A1EB2F55D
:10829000AE7F83BF6FF4AE755B190293002386BF78
:1082A00040F25D138B6002930B688B46002543F40C
:1082B000F0634BF81C3BCDE9045580460C465E4606
:1082C000AA46A9460195A26852B13B681B784E2B7D
:1082D00064D8402B3CD8A3F12B01C8B20E283AD960
:1082E000B9F1000F03D0236823F4807323600AF1EF
:1082F000FF3ABAF1010F00F213815E4500F20581E9
:108300000125284607B0BDE8F08FA3F161020D2AD0
:10831000E6D801A151F822F057840008E182000854
:10832000E1820008E1820008B78400088F84000819
:10833000E1820008E182000865840008E18200080B
:10834000E1820008E1820008E18200081D84000843
:10835000A3F14102DBE70E29C2D801A050F821F0B9
:108360000F840008E18200080F840008A38400083D
:10837000E1820008BD830008F9830008F983000842
:10838000F9830008F9830008F9830008F9830008DD
:10839000F9830008F9830008F98300086E2B09D8D7
:1083A000602BB2D8542B77D0592B99D1072D97D168
:1083B000082529E0742B6FD0792BF6E72168C805D2
:1083C0001AD5029B21F08001216009F101091BB13E
:1083D000013B01320293A260A368013BA3602369C1
:1083E000013323617B68013B002B7B6040F3848079
:1083F0003B6801333B6066E71AEB050F7FF470AF13
:10840000226822F4C072226006F8013BE4E7226889
:1084100010067FF565AF22F08002F4E7BAF1000F95
:108420000ED1B9F1000F0ED1226802F4E061B1F56E
:10843000E06F08D122F4F06222604FF0010AE3E716
:10844000BAF1020F55D0012D02D0042D7FF448AFB0
:108450000135EDB2D8E7BAF1010F7FF441AF4FF02B
:10846000020AD1E77DB9B9F1000F7FF43CAF226871
:1084700002F4E061B1F5E06F7FF439AF22F4F0620D
:1084800022600125C0E7032DE2D0052DDEE7022D95
:108490007FF426AF0325B7E7062D7FF421AF07252C
:1084A000B2E7226891057FF51BAF22F420722260AB
:1084B000CDF80490A8E7226802F4A061B1F5806FBE
:1084C00006D050057FF50CAFB9F1000F3FF40FAFA8
:1084D000910558BF019922F4F06258BFA9EB010140
:1084E00042F4C07258BFCDE9041622604FF0000973
:1084F0008AE74FF0030A87E7D4F8803139464046CF
:10850000984700283FF4DFAEEAE6D4F87C3116F84D
:10851000011D3A46404698472369013B2361ECE63A
:108520006B1E062B25D8022D36D85E457FF6E8AEA9
:10853000D4F87C3116F8011D3A4640469847236925
:10854000013B2361F1E70298D4F87C3110F8011D5A
:1085500002903A46404698472369013B23610AF15D
:10856000FF3A5FFA8AFABAF1020FECD1033DEDB29D
:10857000761B2368DA052FD55B0510D55E457FF69F
:10858000BFAED4F87C3116F8011D3A4640469847F4
:108590002369013B2361F1E7AA460296DFE716F85B
:1085A000011C2369652903F1FF3306F1FF352361BF
:1085B0000CD045290AD0D4F87C313A464046984739
:1085C000236916F8021C013BB51E2361D4F87C31E7
:1085D0003A46404698472E46256815F0100559D171
:1085E0003570236803F4C063B3F5806F1BD1019B22
:1085F0004B45A3EB090223D100225946404600F027
:1086000075FF2268039B12F0020F57EC106B1B687A
:1086100021D003991A1D0A601B68C3E90067E3684B
:108620000133E3606DE6049B002BE5D005990A2336
:108630002A460131404600F0E1FF049B059EC21A24
:1086400004F26F139E4228BF04F5B77612493046F4
:1086500000F00AF9D0E7039912F0040F03F10402C5
:108660000A60D9D1D3F8008010EE102A10EE100A5B
:108670003B463946F8F774FC28B1084800F0EEF89C
:1086800088ED000ACBE730463946F8F73FFAC8F8DC
:108690000000C4E7002534E6C8C8000898CD0008EB
:1086A0000FB40A4B13B51C6824B1A36913B9204653
:1086B00001F03AFF05AB049AA1680193204603F04C
:1086C00011FB02B0BDE8104004B070470C00002060
:1086D0002DE9F7431D465D4B1F6804460E46904644
:1086E00027B1BB6913B9384601F01EFF584B9C42B5
:1086F00067D17C68B8F1020F06D0B8F1010F00F223
:108700009F80002DC0F29C80636EDB0705D4A38997
:10871000980502D4A06D02F018FB2146384601F0FE
:108720006FFE616B41B104F14403994202D03846B7
:1087300003F072F8002363630023A3616360A389DD
:10874000190603D52169384603F066F8A38923F496
:108750004A6323F00303B8F1020FA3816CD001AB8D
:108760006A462146384602F0F2FAA3891843A081EE
:10877000002D30D1009D284602F04EFB0646002811
:1087800055D1DDF80090A9454AD14FF0FF350022C0
:10879000A26004F14702226022610122B4F90C3088
:1087A0006261626E43F00203D207A38105D413F421
:1087B000007F02D1A06D02F0C9FA284603B0BDE8DF
:1087C000F083244B9C4201D1BC6893E7224B9C422E
:1087D00008BFFC688EE7002ECDD0BB6913B93846C0
:1087E00001F0A2FEB8F1010F08BFA389266004BF03
:1087F00043F00103A381A28912F00803C4E90465D0
:108800001CD0D30741BF00236D42A360A56158BFB0
:10881000A560656E15F0010515D112F4007FC8E75B
:10882000484602F0F9FA06460028AED04D46A38924
:1088300043F08003A381D0E70025A8E7A360E8E721
:108840004FF0FF35B9E70025B7E700BF0C00002067
:10885000F4CA000814CB0008D4CA00089FED010A2E
:10886000704700BF0000C07F0EB400B59CB01DABC8
:10887000029006906FF00041094807910491094960
:1088800053F8042B05910068019302A903F000F945
:10889000029B00221A701CB05DF804EB03B0704715
:1088A0000C0000200802FFFF70B504460D4645ECA1
:1088B000104B164602F04AFE51EC100B7EB1C5F388
:1088C0000A53C3F16B03002B09DD1B0503F17F5530
:1088D000002405F5401522462B46F7F75DFE70BDD6
:1088E0002DE9F04F2DED028B9DB01F46002318930C
:1088F000A24B13921B680593044618468846F8F766
:10890000D7FA4FF0000A05464FF0000BCDF85C8017
:10891000179B1A782B2A4ED03BD80D2A34D8082A18
:1089200034D8002A3ED000230A93179E3378302B88
:1089300040F0B080737803F0DF03582B68D10A9BB6
:10894000019318AB029700938D4A19AB17A92046E3
:1089500001F0EEFE10F00707054605D0062F2CD1DA
:108960000136002317960A93139B002B40F0908545
:108970000A9BEBB152460BF1004343EC102B1DB0A8
:10898000BDEC028BBDE8F08F202ACCD101331793C8
:10899000BEE72D2AC7D101220A925A1C17925B7892
:1089A000002BC2D1139BCDF85C80002B40F06E856C
:1089B00052465B46E1E70022EEE7189A3AB13521CC
:1089C0001AA802F0CEFE1899204602F08DFA013F57
:1089D000042F06D8DFE807F00A0314170A00DDE9C0
:1089E0001AAB2807C0D54BF0004BBDE7DDE91AA351
:1089F000199A23F4801302F2334243EA025BF0E750
:108A0000DFF880B1EDE76FF0004B4FF0FF3AE8E799
:108A1000179B5A1C17925B78302BF9D0002BA3D0F0
:108A200001234FF000090493179B0893CDF81C9085
:108A30004F460A2217980678A6F13003D9B20929C1
:108A40002AD905992A4603F0DAFA98B3002032466B
:108A50003D4605900346652A01D0452A18D11DB927
:108A6000049A02439ED00025DDF85C8008F10102E3
:108A7000179298F801202B2A75D02D2A7BD04FF021
:108A8000000CA2F13001092940F28280CDF85C800F
:108A900000269DE00023C4E7082FD8BF079900F106
:108AA0000100DABF02FB0133079302FB09390137EA
:108AB0001790BFE7179B5A1917925A5D002F37D0AE
:108AC00005903D46A2F13003092B12D90123C2E7DC
:108AD000179B5A1C17925A780130302AF8D0A2F10D
:108AE0003103082B00F2D984179B059000200893CE
:108AF0000546303A00F1010314D005991944059157
:108B00002B4600EB050E0A21734513D12B18082BB9
:108B100005F1010505441CDC07990A2303FB012329
:108B200007930023179A511C179152781846C9E7EA
:108B30003846D2E7082B04DC079E4E4307960133E4
:108B4000E2E703F1010CBCF1100FD8BF01FB09F9FA
:108B5000F5E7102DDCBF0A2303FB0929E1E7002319
:108B6000059301237CE74FF0000C08F102021792F5
:108B700098F8022085E74FF0010CF6E7BCCB00081F
:108B8000D0C800080000F07F179A511C1791527846
:108B9000302AF9D0A2F1310108293FF679AFA2F1CC
:108BA000300E179A0692179A511C17915278A2F11B
:108BB0003006092E37D9069E891B082944F61F6600
:108BC00002DC7645A8BF7646BCF1000F00D07642A5
:108BD000002D4DD1049901437FF4C6AE002B7FF4E4
:108BE000E1AE692A27D024DC492A24D04E2A7FF41A
:108BF000D9AE9F4917A801F0F3FF00283FF4D2AE89
:108C0000179B1B78282B2DD19A491AAA17A801F077
:108C1000FBFF052826D11B9BDDF868A043F0FF4B26
:108C20004BF4E00BA0E60A2101FB0E2EAEF1300E54
:108C3000B9E76E2ADBE7904917A801F0D1FF0028B9
:108C40003FF4B0AE179B8D49013B17A8179301F075
:108C5000C7FF10B9179B01331793DFF830B24FF0FD
:108C6000000A81E6864803F06FF95BEC10AB7BE607
:108C7000059B0798F31A002F08BF2F46102D069367
:108C8000A846A8BF4FF01008F7F70CFC092D824644
:108C90008B4613DD7B4B03EBC80353E91223F7F735
:108CA0007BFC824648468B46F7F7FCFB02460B46A8
:108CB00050465946F7F7BAFA82468B460F2D38DCF4
:108CC000069B002B3FF450AE24DD162B0BDC6D49C8
:108CD00001EBC301D1E9000152465B46F7F75CFCAA
:108CE00082468B4640E6069AC5F12503934220DB77
:108CF000644CC5F10F0504EBC50152465B46D1E952
:108D00000001F7F749FC069B5D1B04EBC504D4E9A1
:108D10000023E3E7069B16330BDB059B9E1B594B99
:108D200003EBC606D6E9002350465946F7F75EFD29
:108D3000D6E7069BA5EB08089844B8F1000F74DD50
:108D400018F00F030AD04F4901EBC30152465B46AE
:108D5000D1E90001F7F720FC82468B4638F00F0876
:108D60004FD0B8F59A7F22DD00252E460795059550
:108D70002223DFF818B123604FF0000A079B002B75
:108D80003FF4F2AD1899204602F0AEF8059920465E
:108D900002F0AAF83146204602F0A6F807992046CC
:108DA00002F0A2F82946204602F09EF8DCE5364B98
:108DB000049300234FEA2818504659469946B8F1C3
:108DC000010F21DC0BB182468B462F4BABF1547B5C
:108DD00003EBC90952465B46D9E90001F7F7DCFB12
:108DE0002A4B0A460B402A498B428246BCD8A1F541
:108DF00080118B4286BFDFF89CB04FF0FF3A02F142
:108E0000547B0023049384E018F0010F05D0049BE9
:108E1000D3E90023F7F7C0FB0123049A083209F1D4
:108E200001094FEA68080492C9E7EAD0C8F10008CE
:108E300018F00F020AD0134B03EBC20350465946F9
:108E4000D3E90023F7F7D2FC82468B465FEA281865
:108E5000D7D0B8F11F0F1FDD00252E4607950595C9
:108E600022234FF0000A4FF0000B236086E700BF7B
:108E7000A1C80008E4C8000899C8000824CA00086E
:108E800098CD000878CC000850CC00080000F07F96
:108E90000000A07CFFFFEF7F18F0100318BF6A23CB
:108EA000DFF8AC93049350465946002318F0010FA5
:108EB00004D0D9E90023F7F76FFB01235FEA6808C4
:108EC00009F10809F2D10BB182468B46049BC3B16C
:108ED000CBF30A52C2F16B03002B594611DD1F2B55
:108EE00040F32481342BDEBFC2F14B024FF0FF333D
:108EF00003FA02F24FF0000ACCBF4FF05C7B02EAAB
:108F0000010B0022002350465946F7F7ADFD00281B
:108F1000A2D1079B009308992B463A46204602F0BF
:108F20004BF8079000283FF41FAF059B9E1B069B44
:108F3000002BB4BF334600230C93069B002523EA85
:108F4000E37312932E46079B2046596801F08CFF6D
:108F5000059000283FF40CAF079B1A69023203F119
:108F60000C0192000C3001F071FF4BEC10AB1AAA0F
:108F700019A9204602F066FB4BEC18AB18900028AC
:108F80003FF4F6AE0121204602F0B0F80646002874
:108F90003FF4EEAE199B0499002BABBF0C9A129ACA
:108FA000129FDDF83090ACBF03EB0209D71A1A9A72
:108FB000A3EB01089044A14B08F1FF389845C2F19A
:108FC000360280F2C780A3EB08031F2BA2EB03023B
:108FD0004FF0010100F3B18001FA03F30D93002378
:108FE000089309EB0208049BC14517441F444B46F4
:108FF000A8BF4346BB42A8BF3B46002BC2BFA8EB5D
:109000000308FF1AA9EB03090C9B002B17DD31465F
:109010001A46204602F02AF9064600283FF4A8AE78
:109020000146189A204602F077F80B9000283FF48A
:109030009FAE1899204601F057FF0B9B1893B8F18B
:10904000000F00F38C80069B002B08DD129A059917
:10905000204602F00BF9059000283FF489AE002F5E
:1090600008DD05993A46204602F05AF90590002895
:109070003FF47EAEB9F1000F08DD31464A46204686
:1090800002F04EF9064600283FF472AE059A189990
:10909000204602F0D1F9054600283FF469AEC368C6
:1090A0000B930023C360314602F0AAF9002860DA6E
:1090B0000B9B53EA0A0340F08280CBF31303002B8F
:1090C0007DD12BF000431B0D1B05B3F1D66F76D974
:1090D0006B6913B92B69012B71DD294601222046EA
:1090E00002F01EF93146054602F08AF9002866DDD5
:1090F0000499534A5B46002900F0818002EA0B0183
:10910000B1F1D66F7BDCB1F15C7F7FF7A9AE4D4B3F
:10911000504659460022F7F73FFA0B46034308BF73
:10912000222382468B4608BF23602BE64FF0FF3296
:1091300002FA03F303EA0A0AE3E6C8F17F4808F5F6
:109140007F0808F57B4808F1E20801FA08F3089364
:109150000D9146E70023089301230D9341E71899E9
:109160004246204602F0DCF8189000287FF46BAFEE
:10917000FEE55F466ED10B9ACBF3130342B3324A3E
:10918000934228D1049B5146EBB12D4B3B40B3F1A8
:10919000D46F4FF0FF3219D81B0DC3F16B0302FAE5
:1091A00003F3994217D1294B9F4202D101313FF479
:1091B000DFAD234B3B4003F5801B4FF0000A049BBF
:1091C000002BA4D1DEE54FF0FF33EAE71346E8E7D2
:1091D00053EA0A038CD0089BDBB13B42EFD00B9BD8
:1091E000049A50465946C3B1FFF75EFB02460B4650
:1091F00051EC180BF7F71AF882468B46DFE713405D
:10920000A3F580136FEA135B6FEA0B5B4FF0FF3A35
:10921000D5E70D9B13EA0A0FE0E7FFF745FB02468F
:109220000B4651EC180BF6F7FFFF00220023824695
:109230008B46F7F719FC0028C1D011E602FCFFFFAE
:109240000000F07F00005039FFFF0F00FFFFEF7FAD
:10925000F8C800083146284602F050FA59EC108B45
:1092600010EE100A00224FF080434946F7F710FC39
:1092700000287AD00B9B002B4AD0954B0022CDE9D9
:109280000823DFF84C924FF00008924B3B400D93BF
:109290000D9A914B9A4240F0B080DDE90801A7F1A8
:1092A000547B4BEC10ABCDE9080102F04FF9DDE93E
:1092B000080153EC102BF7F76FF952465B46F6F7AF
:1092C000B5FF0B468349854A19409142824660D9D1
:1092D00018EE903A02F15472934204D118EE103A0B
:1092E00001333FF445ADDFF800B24FF0FF3A189973
:1092F000204601F0F9FD0599204601F0F5FD3146C3
:10930000204601F0F1FD2946204601F0EDFD1AE668
:10931000BAF1000F1BD1CBF31303F3B96C4B00224E
:1093200040464946F7F7AAFBD0B9404649466C4B40
:109330000022F7F731F98046894609F10043CDF85C
:1093400050801593DDE91423CDE908239DE7BAF198
:10935000010F02D1002F3FF483AD624B00228EE754
:10936000DFF87C914FF00008E7E75D4B4046494647
:109370000022F7F711F90B9B8046894633B901F1BA
:1093800000430E900F93DDE90E23DDE7CDE90E8952
:10939000F9E703F1547B049B002BA8D12BF0004389
:1093A0000D9A1B0D1B059A42A1D140464946F7F77D
:1093B00015FEF7F7C3F802460B4640464946F6F756
:1093C00033FF0B9ACBF3130343EA0A03134380469C
:1093D000894655D036A3D3E90023F7F74FFB002881
:1093E0007FF4D0AC34A3D3E9002340464946F7F7D5
:1093F00063FB00283FF47BAFC4E4049B33B30D9BB5
:10940000B3F1D46F22D82EA3D3E9002340464946B6
:10941000F7F73EFBA0B149464046F7F757FB012856
:1094200038BF0120F7F73EF80B9B8046894623BBE7
:1094300001F1004310901193DDE91023CDE90823D9
:10944000099B0D9A03F1D6639B1A0993DDE9080184
:10945000B0EE480AF0EE680ACDE9080102F076F8AD
:10946000DDE9080153EC102BF7F796F853EC182BB5
:10947000F6F7DCFE82468B468DE7CDE91089DBE707
:1094800011A3D3E90023F7F7F9FAB2E700230A930F
:10949000139A179B1360FFF76BBA652A3FF45FAB13
:1094A000452A3FF45CAB0123FFF794BBAFF3008088
:1094B0009535A094FFFFDF3F35E5AF350000E03F75
:1094C0000000C0FFFFFFDF419535A094FFFFCF3FB5
:1094D0000000F03F0000F07F0000E07FFFFF9F7C76
:1094E0000000E03F0000F0BFFFFFEF7F014BFFF700
:1094F000F7B900BF74000020012B2DE9F04701D01F
:10950000242B06D9FEF720FA162303600020BDE8BD
:10951000F087DFF8E4C00D462E4615F8014B14F82D
:109520000C7017F00807F7D12D2C32D12C780127B9
:10953000B51C002B5BD0102B09D1302C07D12C7817
:1095400004F0DF04582C4DD16C781023023507F15C
:10955000004808F1FF384FF0000CB8FBF3F96646FD
:1095600003FB198AA4F1300EBEF1090F16D8744618
:10957000A34224DDBCF1000F1EDBB1451CD301D199
:10958000A24519DB06FB03464FF0010C15F8014B11
:10959000E8E72B2C04BF2C78B51CCAE7A4F1410ED8
:1095A000BEF1190F01D8373CE2E7A4F1610EBEF11C
:1095B000190F04D8573CDBE74FF0FF3CE6E7BCF15E
:1095C000000F05DA22230360464642B930469EE783
:1095D00007B17642002AF9D0BCF1000F00D0691E15
:1095E0001160F3E73024002BB1D10823AFE7302C12
:1095F000A5D00A23ABE700BF21C90008FFF77CBF55
:109600002DE9F74F03690C69A3420746C0F2818038
:10961000013C01F1140800F1140505EB84030193EA
:1096200058F8243055F8242001339A424FEA840B2D
:1096300008EB8409B2FBF3F631D34FF0000E40463D
:10964000AC46F24650F8042B93B206FB03E34FEA14
:10965000134E9BB2AAEB0303DCF800A0120C13FA22
:109660008AF306FB02E20093009B4FEA124E92B28D
:10967000C2EB1A4202EB2342BDF80030814543EAB7
:1096800002434CF8043B4FEA224ADBD255F80B3038
:109690002BB9019B043B9D421A462ED33C613846B0
:1096A00001F0AEFE002824DB013628464FF0000C06
:1096B00058F8042BD0F800E093B2ACEB0303120C83
:1096C00013FA8EF3C2EB1E4202EB23429BB243EA33
:1096D0000243C14540F8043B4FEA224CE8D255F81A
:1096E000242005EB840322B9043B9D421A460AD389
:1096F0003C61304603B0BDE8F08F1268043B002A9D
:10970000CCD1013CC7E71268043B002AF0D1013CF0
:10971000EBE70020EEE700002DE9F04F2DED048B84
:1097200057EC106B93B0456ADDF88080069110EE1F
:1097300010AA044609920C93BB4675B9102001F09B
:109740006BFB0246606220B9A74BEA21A74802F0F2
:109750004BFDC0E901550560C560636A196851B1E8
:109760005A684A60012393408B60204601F0BCFB9D
:10977000636A00221A603B1EAABF002323F0004B3D
:10978000C8F800309A4BBCBF0122C8F8002033EA69
:109790000B031BD10C9A42F20F731360CBF313032C
:1097A000334300F09285219B63B9924B22E0924BA8
:1097B00001930833219A1360019813B0BDEC048B18
:1097C000BDE8F08F8B4B01930333F3E700220023B6
:1097D00050465946F7F748F94BEC19AB804658B15B
:1097E0000C9A01231360219B002B00F06B858348AA
:1097F0001860431E0193DFE74BEC10AB10AA11A9D0
:10980000204601F01FFFCBF30A5508EE100A002D89
:1098100000F0848019EE903AC3F3130343F07F57AE
:10982000564647F44017A5F2FF35CDF83880744B03
:10983000002230463946F6F7F7FC65A3D3E900234A
:10984000F6F7AAFE64A3D3E90023F6F7EFFC064679
:1098500028460F46F6F736FE61A3D3E90023F6F754
:109860009BFE02460B4630463946F6F7DFFC0646BD
:109870000F46F7F78BFB0022009000233046394655
:10988000F7F7FCF850B10098F6F71CFE32463B465D
:10989000F7F7EAF810B9009B013B0093009B162BE9
:1098A0005AD8009A574B03EBC203D3E9002351EC7B
:1098B000190BF7F7E3F8002850D0009B013B009309
:1098C00000230B93109B5D1B6B1E059345BFC5F1D9
:1098D00001030493002300234CBF05930493009BD2
:1098E000002B3DDB059B009A0A921344059300234D
:1098F0000793069B092B00F28980052BC4BF043B0C
:109900000693069BA3F10203CCBF00250125032B80
:1099100000F28780DFE803F02D3A3859DDE9105373
:109920001D4405F23243202BC1BFC3F1400305F2B1
:1099300012400BFA03F326FA00F0DABFC3F120035A
:1099400006FA03F01843F6F7ADFD01230646A1F130
:10995000F877013D0E936AE70123B2E70B90B1E778
:10996000049B009A9B1A04935342079300230A9383
:10997000BFE700230893099B002B55DC0123CDE9A9
:1099800002331A4609920CE00123F3E70023099AF7
:109990000893009B134402930133012B0393B8BF38
:1099A0000123606A00224260042202F114069E42F2
:1099B00041683DD9204601F057FA019000283BD17B
:1099C000114B02464FF4D571C0E60123DFE700BF1B
:1099D00061436F63A787D23FB3C8608B288AC63FB5
:1099E000FB799F501344D33F2ECA000845CA000894
:1099F0000000F07F2ACA000821CA0008A5C8000894
:109A00000000F83F78CC0008C3CA000801250023F5
:109A1000069308954FF0FF33CDE90233002212235D
:109A2000B0E701230893F5E7099BCDE90233B8E7D6
:109A3000013141605200B8E7636A019A1A60039BE2
:109A40000E2B00F29D80002D00F09A80009B002BD1
:109A500032DDB74A03F00F0302EBC303D3E90089F9
:109A6000009BD8054FEA231716D5B24B51EC190BC2
:109A7000D3E90823F6F7BAFE07F00F0782468B46B4
:109A80000325AC4E57B942464B4650465946F6F769
:109A9000ADFE82468B4628E00225F2E7F90708D59D
:109AA00040464946D6E90023F6F776FD0135804663
:109AB00089467F100836E5E700F09B80009B9D4FAC
:109AC0005E429B4B06F00F0203EBC203D3E9002377
:109AD00051EC190BF6F760FD361182468B460023D8
:109AE0000225002E7AD1002BD3D10B9B002B00F046
:109AF0008280914B002250465946F6F7BFFF00285E
:109B000079D0039B002B76D0029B002B36DD009B87
:109B1000504659465F1E0022884BF6F73DFD029ED7
:109B200082468B4601352846F6F7CCFC52465B460A
:109B3000F6F732FD824B0022F6F778FBD046D94685
:109B40008246A1F1507B002E58D17E4B0022404628
:109B50004946F6F769FB52465B4680468946F6F76A
:109B6000ABFF002840F0958252460BF1004340467F
:109B70004946F6F783FF002840F089825BEC19AB79
:109B8000119B002BC0F24881009A0E2A00F34481F9
:109B9000674B03EBC203D3E90089099B002B80F2DA
:109BA000D580039B002B00F3D18040F06F82654B82
:109BB000002240464946F6F7EFFC52465B46F6F770
:109BC00071FF039E3746002840F04582019D3123F6
:109BD00005F8013B009B0133009340E2F20705D5F5
:109BE000D7E90023F6F7D8FC0135012376100837B2
:109BF00077E7022579E7009F039E94E701994C4B94
:109C000031440D91089903EBC60353E9022300295F
:109C100043D04D490020F6F7E9FD52465B46F6F782
:109C200003FB019D82468B4649464046F7F7AEF955
:109C30000646F6F747FC02460B4640464946F6F70D
:109C4000F3FA303605F8016B52465B46804689468A
:109C5000F6F714FF002863D142464B4636490020F0
:109C6000F6F7E2FA52465B46F6F708FF002840F0A6
:109C7000B5800D9B9D4281D0304B00225046594605
:109C8000F6F78AFC2D4B82468B4640464946002219
:109C9000F6F782FC80468946C6E750465946F6F7F5
:109CA0007BFC0D9B019D0F9382468B4649464046A7
:109CB000F7F76CF90646F6F705FC303602460B4618
:109CC00040464946F6F7B0FA05F8016B0D9B9D42F8
:109CD000804689464FF0000224D11B4B504659461E
:109CE000F6F7A4FA02460B4640464946F6F7E4FE6C
:109CF000002873D152465B4613490020F6F794FAC8
:109D000002460B4640464946F6F7B8FE00283FF4A7
:109D100035AF0F9D6B1E0F9315F8013C302BF8D01B
:109D2000009749E0054BF6F737FC80468946BDE7CA
:109D300078CC000850CC00080000F03F0000244020
:109D400000001C40000014400000E03F019D56460A
:109D50005F4642464B4630463946F6F747FDF7F731
:109D600015F98246F6F7AEFB42464B46F6F714FC71
:109D700002460B46304639460AF13006F6F754FAE9
:109D800005F8016B019E039FAE1BB74202460B46CE
:109D900035D1F6F74BFA42464B4606460F46F6F7E4
:109DA0008BFED0B942464B4630463946F6F75CFE4C
:109DB00010B11AF0010F10D1204618EE101A01F060
:109DC00093F8002300982B700C9B01301860219BA6
:109DD000002B3FF4F1AC1D60EEE4009F2B461D46C6
:109DE00013F8012D392A06D1019A9A42F7D1019927
:109DF000302201370A701A7801321A7090E7A64BA8
:109E00000022F6F7C9FB0022002306460F46F6F7AC
:109E10002BFE00289DD0CFE7089A002A00F0D780BB
:109E2000069A012A00F3BA800E9A002A00F0B28046
:109E300003F23343079E049D049A1A440492059A40
:109E400001211A442046059201F050F90746002DE1
:109E50000CDD059B002B09DDAB42049AA8BF2B4605
:109E6000D21A0492059AED1AD31A0593079B1BB3D5
:109E7000089B002B00F0AF80002E13DD39463246E0
:109E8000204601F0F3F918EE102A01460746204655
:109E900001F042F918EE101A8046204601F024F82D
:109EA00008EE108A079B9A1B06D018EE101A20465F
:109EB00001F0DCF908EE100A0121204601F016F944
:109EC0000A9B002B064640F388801A46014620462E
:109ED00001F0CCF9069B012B064640F381804FF040
:109EE0000008336906EB8303186901F0AFF8C0F18D
:109EF0002000059B184410F01F0000F09280C0F174
:109F00002003042B40F38A80C0F11C00049B03440F
:109F10000493059B034405440593049B002B07DD34
:109F200018EE101A1A46204601F0FAF908EE100A47
:109F3000059B002B05DD31461A46204601F0F0F95D
:109F400006460B9B002B6ED018EE100A314601F02E
:109F500057FA002867DA009B013B18EE101A0093AD
:109F60000A220023204600F0E1FF089B08EE100AB9
:109F7000002B00F0B181002339460A22204600F070
:109F8000D5FF029B002B074600F38E80069B022B19
:109F900051DC89E0109BC3F136034BE7039B5E1E47
:109FA000079BB342BFBF079B0796F21A0A9BB6BF37
:109FB0009B189E1B0A93039BB8BF0026002BB7BFBC
:109FC000DDE90323DDE903359D1A002334E7079E0D
:109FD000049D089F3BE7079A67E7069B012B18DC67
:109FE000BAF1000F15D1CBF3130393B92BF0004353
:109FF0001B0D1B0583B1049B01330493059B0133A7
:10A0000005934FF001080A9B002B7FF46AAF0120F3
:10A010006FE74FF00008F6E79846F4E73FF47DAFAE
:10A0200018461C3072E7039B002B37DC069B022B83
:10A0300034DD039B0293029B6BB931460522204617
:10A0400000F074FF0146064618EE100A01F0D8F938
:10A0500000283FF7BBAD099B019DDB4300934FF008
:10A0600000083146204600F03FFF002F3FF4A4AE29
:10A07000B8F1000F05D0B84503D04146204600F0A6
:10A0800033FF3946204600F02FFF95E6002637467D
:10A09000E1E70097374699E500002440089B002B34
:10A0A00000F0CA80039B0293002D05DD39462A4645
:10A0B000204601F035F90746B8F1000F5BD079680A
:10A0C000204600F0D1FE054628B9874B024640F2F3
:10A0D000EA21FFF73BBB3A690232920007F10C011B
:10A0E0000C3000F0B3FE01222946204601F018F999
:10A0F000019B03F10109DDE90123134405930AF0F3
:10A100000103B84604930746314618EE100AFFF7DC
:10A1100077FA4146029000F1300A18EE100A01F079
:10A120006FF93A4603903146204601F085F9C2683E
:10A1300009F1FF3B054602BB014618EE100A01F08B
:10A140005FF9024629462046079200F0CDFEDDE980
:10A15000063243EA0201049B0B434D460FD1BAF18C
:10A16000390F2AD0039B002B02DD029B03F1310A39
:10A170008BF800A075E73846BAE70122E2E7039BB7
:10A18000002B04DB06990B4304990B4322D1002AD0
:10A19000EEDD18EE101A0122204601F0C1F831461A
:10A1A00008EE100A01F02CF9002803DCE0D11AF0C7
:10A1B000010FDDD0BAF1390FD7D139238BF8003038
:10A1C0002B461D46013B15F8012C392A71D001326E
:10A1D0001A7046E7002A07DDBAF1390FEDD00AF10F
:10A1E00001038BF800303CE7059B09F801AC994569
:10A1F00047D018EE101A00230A22204600F096FEDF
:10A20000B84508EE100A4FF000034FF00A0241462D
:10A21000204606D100F08AFE8046074609F1010972
:10A2200072E700F083FE3946804600230A2220466A
:10A2300000F07CFE0746F1E7039B0293019D18EEB8
:10A24000100A3146FFF7DCF900F1300A019B05F8EE
:10A2500001ABEA1A029B934209DD18EE101A0023A3
:10A260000A22204600F062FE08EE100AE7E7029B91
:10A27000002BC8BF1D46019BD8BF01251D444FF0D0
:10A28000000818EE101A0122204601F049F8314664
:10A2900008EE100A01F0B4F8002891DC02D11AF09F
:10A2A000010F8DD12B461D4613F8012D302AFAD00F
:10A2B000D7E6019A9A4284D1009B0133009331235F
:10A2C0001370CEE6094BFFF795BA219B002B7FF464
:10A2D0006EAA074BFFF78EBA029B002BAEDC069BE3
:10A2E000022B3FF7A8AEA9E7C3CA0008A4C800081C
:10A2F00021CA00088A892DE9F041054610070C465D
:10A3000058D44B68002B05DC0B6C002B02DC0020C2
:10A31000BDE8F081E66A002EF9D0002312F48052E5
:10A320002F682B6032D0606DA3895A0705D563680A
:10A33000C01A636B0BB1236CC01A00230246E66A95
:10A34000216A2846B047431CA38906D129681D29E4
:10A350002CD82A4ACA40D60728D500226260D904E0
:10A360002269226004D5421C01D12B6803B96065C3
:10A37000616B2F600029CAD004F14403994202D0D6
:10A38000284601F049FA00206063C1E7216A0123F1
:10A390002846B047411CC7D12B68002BC4D01D2BC9
:10A3A00001D0162B01D12F60B1E7A38943F0400300
:10A3B000A381ADE70F69002FA9D093070E6808BFEE
:10A3C0004B690F6018BF0023A6EB07088B60B8F13C
:10A3D000000F9CDD216AA66A43463A462846B047EC
:10A3E000002806DCA38943F04003A3814FF0FF302F
:10A3F0008EE70744A8EB0008E9E700BF0100402012
:10A4000038B50B6905460C4613B90025284638BDFA
:10A4100018B183690BB900F087F8144B9C421BD12B
:10A420006C68B4F90C30002BEFD0626ED00704D406
:10A43000990502D4A06D00F088FC28462146FFF75C
:10A4400059FF636EDA070546E0D4A3899B05DDD486
:10A45000A06D00F07BFCD9E7054B9C4201D1AC68B4
:10A46000DFE7044B9C4208BFEC68DAE7F4CA000857
:10A4700014CB0008D4CA0008002310B50446C0E974
:10A480000033C0E90433836081814366C281836104
:10A49000194608225C30FDF781FA054B6362054BD3
:10A4A000A362054BE362054B2462236310BD00BF2A
:10A4B00079BF00089BBF0008D3BF0008F7BF0008A2
:10A4C000014900F0AFB800BF01A4000870B56822D0
:10A4D0004D1E55430E4605F1740101F009FA04467C
:10A4E00040B10021C0E900160C30A06005F16802FF
:10A4F000FDF754FA204670BD014800F026BC00BFAD
:10A5000031050020014800F021BC00BF31050020CA
:10A51000014800F01ABC00BF32050020014800F0DD
:10A5200015BC00BF3205002010B50446FFF7F0FF50
:10A53000A3691BB1BDE81040FFF7F0BFC4E91233B7
:10A540002365134B134A1B68A262A34204BF012375
:10A55000A361204600F020F86060204600F01CF85F
:10A56000A060204600F018F80022E0600421606836
:10A57000FFF782FFA06801220921FFF77DFFE06855
:10A5800002221221FFF778FF0123A361D2E700BF67
:10A5900090C80008C1A40008F8B50746FFF7ACFF53
:10A5A0001E4B1E68B36913B93046FFF7BDFF48362E
:10A5B000D6E90134013B03D533680BB33668F7E7BE
:10A5C000B4F90C50D5B9164BE36004F15800656638
:10A5D00000F0BAFBFFF796FFC4E90155C4E9045542
:10A5E0002560A5610822294604F15C00FDF7D6F933
:10A5F000C4E90D55C4E912552046F8BD6834D9E7C1
:10A6000004213846FFF762FF044630600028D5D1A8
:10A61000FFF778FF0C233B60EEE700BF90C800080F
:10A620000100FFFF2DE9F8430646884600F1480483
:10A630000027D4E90195B9F1010905D52468002C5A
:10A64000F7D13846BDE8F883AB89012B07D9B5F9B6
:10A650000E30013303D029463046C04707436835E2
:10A66000E9E70369B3EB611F2DE9F0434FEA61129B
:10A6700000F1140445DD11F01F0104EB830604EB27
:10A6800082050CD100F110072946B14234D39B1A40
:10A690009B00EA1E964238BF0023234415E054F87D
:10A6A0002270C1F12008CF4005F1040EA146764585
:10A6B000F44615D89A1A9200043A0135AE4238BFD2
:10A6C0000022A318A75007B104331A1BA3424FEA74
:10A6D000A20208BF0023026108BF4361BDE8F08306
:10A6E000DCF800C00CFA08FC4CEA070749F8047BC8
:10A6F0005EF8047BCF40DAE751F804CB47F804CF8B
:10A70000C3E72346E1E7A0F13003092B02D8203844
:10A71000C0B27047A0F16103052B01D84738F7E7B5
:10A72000A0F14103052B01D82738F1E7002070473D
:10A730002DE9F04F2DED028B89B008EE100A04933D
:10A74000B44B1B68019318468B469046F6F7B0FB56
:10A75000019BDBF800200344824613F8013C05937B
:10A76000931CC2F1FF2202F57F02FE32D1181F4670
:10A7700013F8010B00913028F8D0FFF7C4FF04460E
:10A7800000283AD101995246384601F038FC054676
:10A79000002868D117F80A0007EB0A06FFF7B3FF95
:10A7A000002862D03346187830281F4603F1010391
:10A7B000F9D0FFF7A8FF0123B0FA80F46409354609
:10A7C00000933A46164601323078FFF79CFF002886
:10A7D000F8D101995246304601F011FC80B94DB9CB
:10A7E00006EB0A052A46164601323078FFF78BFF42
:10A7F0000028F8D1AD1BAD0004E000242546E0E7B9
:10A80000002DF7D1337803F0DF03502B3BD1737861
:10A810002B2B2CD02D2B2ED0711C4FF0000908783B
:10A82000FFF771FF431EDBB2182B2CD8A0F11002EA
:10A8300011F8010FFFF767FF431EDBB2182B1DD97C
:10A84000B9F1000F00D052421544CBF80010E4B12A
:10A85000009B002B14BF00270627384609B0BDEC2B
:10A86000028BBDE8F08F3E4625460124CAE74FF033
:10A870000009B11CD3E74FF00109FAE70A2303FBF3
:10A880000202103AD4E73146DFE7F31B013B2146D1
:10A89000072B0BDC18EE100A00F0E6FA044640B96C
:10A8A0005D4B0246DE215D4801F09EFC01315B10EC
:10A8B000EEE700F114094FF0000BCAF10103CDF8E7
:10A8C0000890CDF800B00693B74240D30298009BA1
:10A8D00040F8043BA0EB09008010460120611846B7
:10A8E00000F0B4FB301AD8F80060B04263DD871B7B
:10A8F0003946204600F058FF8246A8B17B1E591108
:10A9000003F01F0259F821104FF0010A0AFA02F26F
:10A910000A4209D0534505DDB91E204600F044FF28
:10A92000002845D14FF0020A39462046FFF799FE2C
:10A930003D44D8F80830AB424CDA18EE100A2146F4
:10A9400000F0D2FA149A00231360A32785E7731E40
:10A95000059A039316F8013C934219D0BBF1200FDE
:10A9600007D1029B009A43F8042B02930023009323
:10A970009B4616F8010CFFF7C6FE009B00F00F0087
:10A9800000FA0BF0034300930BF1040B039B0DE063
:10A99000039B069A1344BB42E0D3184601990793E0
:10A9A000524601F02CFB079B0028D7D11E468BE7AF
:10A9B0004FF0030AB8E70ADA371A214618EE100AF0
:10A9C0003A4600F0ADFCED1B044600F114094FF0CF
:10A9D000000AAEE7D8F80400A84272DD451BAE427B
:10A9E00036DCD8F80C30022B2AD0032B2CD0012BCC
:10A9F0001CD1AE421AD1012E12D1049AD8F80430DB
:10AA0000136001232361C9F80030149B62271C6086
:10AA100023E700BFBCCB0008C3CA000834CB000842
:10AA2000711E204600F0C0FE0028E6D118EE100A84
:10AA3000214600F059FA149A0023136050270CE7BE
:10AA4000159B002BF2D1D8E7159B002BD5D1EDE754
:10AA50006F1EBAF1000F31D127B13946204600F000
:10AA6000A3FE82467B11012159F8233007F01F070E
:10AA700001FA07F71F422946204618BF4AF0020A8A
:10AA8000761BFFF7EEFDD8F804500227BAF1000F4D
:10AA900048D0D8F80C30022B15D0032B17D0012B3F
:10AAA00009D11AF0020F06D0D9F800004AEA000ACC
:10AAB0001AF0010F0ED147F0100733E04FF0010AF2
:10AAC000D0E70127E2E7159BC3F101031593159B1E
:10AAD000002BF0D0D4F810B004F114034FEA8B0A25
:10AAE00003EB8B014FF0000C184653F8042BB2F126
:10AAF000FF3F1CD001320260022F04F114033FD14A
:10AB0000D8F80020013AB2420AD17111012253F85B
:10AB1000213006F01F0602FA06F61E4218BF17463D
:10AB200047F02007149B1C60049B1D6095E699422A
:10AB300043F804CCD8D8A3689B4519DB616818EEAC
:10AB4000100A013100F090F9814618B91A4B0246FB
:10AB50008421A8E62269023204F10C0192000C3033
:10AB600000F074F9214618EE100A00F0BDF94C46C9
:10AB700023695A1C04EB8303226101225A61BBE75B
:10AB800022695A450BDD01212046FFF76AFDD8F8FE
:10AB900008300135AB42FFF6D0AE0127C0E716F012
:10ABA0001F06FAD05344C6F1200653F8040C00F0F7
:10ABB0004DFAB042E7DBF0E7C3CA0008C2F1080271
:10ABC000920070B5C2F120064368046803FA06F5E6
:10ABD0002C43D340046040F8043F8842F4D370BD56
:10ABE00030B50368013311F8014B14B9036001203B
:10ABF00030BD13F8012BA2F14105192D98BF203269
:10AC0000A242F0D00020F3E72DE9F04F0B685E116F
:10AC100002EB860613F01F0387B018BF0436002529
:10AC2000371F904602680193824646F8045CB94695
:10AC30003C460295AB465178531C039341B30846FA
:10AC400005920491FFF75FFD00284FD10499059A02
:10AC5000202918D8029B9B4513DD4C4506D2072DB1
:10AC600004DC2A4649462046FFF7A8FF444550D950
:10AC70000023A4F1040944F8043CCDF808B04C4684
:10AC80001D46039AD7E7292956D10232CAF8002077
:10AC9000BBF1000F50D04C4506D2072D04DC2A46EC
:10ACA00049462046FFF78AFF444534D9A8F10402FB
:10ACB000234653F8041B42F8041F9F42F9D23B1B62
:10ACC00023F0030304330134033EB44288BF04235A
:10ACD0004344002243F8042B9F42FBD23B681BB93C
:10ACE000474527D101233B60052026E00135082D8B
:10ACF0000BF1010B06DD4445C3D9002344F8043CA5
:10AD00000125043C226800F00F0040EA0212226094
:10AD1000B7E70825B5E7019B002BDFD04FF0FF32E6
:10AD2000C3F1200322FA03F356F8042C1A4046F824
:10AD3000042CD3E7043FD1E7042007B0BDE8F08F2F
:10AD4000004870476401002070477047704770B535
:10AD50000E46B1F90E10002996B014461D4608DAC9
:10AD6000B6F90C3000222A601A0610D44FF4806322
:10AD70000EE06A4601F078FA0028F1DB019A02F44D
:10AD80007042A2F500535A425A412A60EEE740232E
:10AD90000020236016B070BD8B8973B59D070646F1
:10ADA0000C4607D504F14703236023610123636147
:10ADB00002B070BD01AB6A46FFF7C9FF00990546B6
:10ADC000304600F095FD48B9B4F90C309A05EFD43F
:10ADD00023F0030343F00203A381E3E70D4BB362C7
:10ADE000A389206043F08003A381009B6361019BE2
:10ADF00020615BB1B4F90E10304601F047FA28B17A
:10AE0000A38923F0030343F00103A381A089054331
:10AE1000A581CDE7C1A40008024B0146186800F0E7
:10AE200067BD00BF0C00002082B001B901A942B18A
:10AE30004BB113780B601278101E18BF012002B0BE
:10AE400070471046FBE76FF00100F8E70A449142B3
:10AE500000F1FF3300D1704710B511F8014B03F832
:10AE6000014F9142F9D110BD70B5466A04460D46B6
:10AE700076B91020FFF7D0FF0246606220B9184B68
:10AE80001848662101F0B0F9C0E901660660C660A5
:10AE9000666AF36883B1636ADB6853F82500B8B962
:10AEA000012101FA05F6721D9200204600F09DFC7A
:10AEB00060B1C0E901560EE021220421204600F0D5
:10AEC00094FC636AF060DB68002BE4D1002070BD65
:10AED000026843F825200023C0E90333F7E700BFE9
:10AEE0002ECA0008D0CB000870B5466A05460C464D
:10AEF00076B91020FFF790FF0246686220B9094B2F
:10AF000009488A2101F070F9C0E901660660C6604F
:10AF10003CB16B6A6268DB6853F82210216043F829
:10AF2000224070BD2ECA0008D0CB00082DE9F041A8
:10AF30000D6907460C461E4601F1140C0020DCF892
:10AF4000003099B202FB01611E0C0B0C02FB0633B0
:10AF500089B2013001EB034185424CF8041B4FEAF2
:10AF60001346ECDC0EB3A368AB4219DC61683846CB
:10AF70000131FFF779FF804628B902460C4B0D4896
:10AF8000B52101F031F92269023204F10C0192007D
:10AF90000C30FFF75BFF21463846FFF7A5FF44461C
:10AFA00004EB850301355E6125612046BDE8F08133
:10AFB000C3CA0008D0CB00082DE9F8430C4615465B
:10AFC0001F4609220833064693FBF2F300210122B3
:10AFD0009A4209DB3046FFF747FF40B90246194B5A
:10AFE0001948CE2101F000F952000131F0E7089B29
:10AFF0004361092D4FF00103036116DD04F10909D6
:10B00000C8462C4418F8013B0146303B0A22304622
:10B01000FFF78CFFA045F5D1A5F108044C442D1B8A
:10B020006319BB4204DBBDE8F8830A340925F6E75F
:10B0300014F8013B0146303B0A223046FFF776FF09
:10B04000EEE700BFC3CA0008D0CB0008030C1B0406
:10B05000D3B90004102310F07F4F04BF000208335F
:10B0600010F0704F04BF0001043310F0404F04BFD4
:10B0700080000233002805DB10F0804F03F101034C
:10B0800008BF2023184670470023E4E7036813F045
:10B09000070201460BD0DA0723D4980749BF5B08A3
:10B0A0009B0801200B605CBF0B600220704798B2C8
:10B0B000A8B91B0C1020DAB20AB908301B0A1A070B
:10B0C00004BF1B0904309A0704BF9B080230DA074B
:10B0D00003D45B0800F1010005D00B6070471046F7
:10B0E000E9E70020704720207047000010B50C46AB
:10B0F0000121FFF7B9FE024628B9054B05484FF478
:10B10000A07101F071F801234461036110BD00BF1B
:10B11000C3CA0008D0CB00082DE9F04F91460A6958
:10B12000D9F810309A42B8BF0B460C46BCBF4C460B
:10B1300099462769D9F810A0A368616807EB0A0649
:10B14000B34285B0B8BF0131FFF78EFE30B9024679
:10B15000444B454840F25D1101F046F800F11405FA
:10B1600005EB86082B460022434521D304F1140346
:10B1700003EB870709F1140303EB8A0202923A1BDF
:10B18000153A22F00302043204F115018F4238BF50
:10B1900004220192029A03939A420CD8002E03DDF6
:10B1A00058F8043D002B5AD0066105B0BDE8F08F79
:10B1B00043F8042BD8E7B3F800A0BAF1000F24D06D
:10B1C00004F1140EA9464FF0000C5EF8042BD9F8D8
:10B1D00000101FFA82FB89B20AFB0B114FEA124BD7
:10B1E000D9F8002061444FEA124C0AFB0BC202EB73
:10B1F000114289B241EA0241774549F8041B4FEAFE
:10B20000124CE2D8019A45F802C0039AB2F80290B3
:10B210000433B9F1000F20D0296804F1140CAE46B4
:10B220004FF0000ABCF800B0BEF8022009FB0B2268
:10B23000924489B241EA0A414EF8041B5CF8042B9F
:10B24000BEF80010120C09FB021101EB1A41674510
:10B250004FEA114AE6D8019AA95004359AE7013E0F
:10B260009CE700BFC3CA0008D0CB00082DE9F84313
:10B27000154612F0030206460F4607D0254C013A48
:10B28000002354F82220FFF751FE0746AD103DD0B1
:10B29000746A7CB91020FFF7BFFD0246706228B9BE
:10B2A0001D4B1E484FF4D77100F09EFFC0E90144CA
:10B2B0000460C460D6F82480D8F808404CB940F245
:10B2C00071213046FFF712FF0023C8F8080004463A
:10B2D00003604FF00009EB070AD539462246304695
:10B2E000FFF71AFF394680463046FFF7FDFD474617
:10B2F0006D100BD0206838B9224621463046FFF742
:10B300000BFF2060C0F800900446E4E73846BDE833
:10B31000F88300BF40CD00082ECA0008D0CB00083B
:10B320002DE9F0470C464968236903EB6218A368CE
:10B33000074691464FEA621A08F10106B3420BDB59
:10B340003846FFF791FD054648B902462A4B2B487F
:10B3500040F2D91100F048FF01315B00EEE7002315
:10B3600000F1140100F110021846534537DB206943
:10B370002AEAEA7A04F1140319F01F0901EB8A01A1
:10B3800003EB80002FD0C9F1200E8A464FF0000C4D
:10B390001A6802FA09F242EA0C024AF8042B53F83E
:10B3A000042B984222FA0EFCF2D8031B153B23F023
:10B3B0000303043304F11502904238BF042341F81B
:10B3C00003C0BCF1000F01D008F10206013E38466F
:10B3D0002E612146FFF788FD2846BDE8F08742F838
:10B3E000040F0133C1E7043953F8042B41F8042F4B
:10B3F0009842F9D8EAE700BFC3CA0008D0CB0008DA
:10B4000030B502690C69121B0ED100F1140314311E
:10B4100003EB840001EB840150F8045D51F8044D06
:10B42000A54203D005D30122104630BD8342F3D399
:10B43000FAE74FF0FF32F7E72DE9F84F0C460646E2
:10B44000114620469046FFF7DBFF051E10D1294626
:10B450003046FFF709FD30B93A4B024640F232213F
:10B46000394800F0C1FE0123C0E90435BDE8F88F7A
:10B47000A4BF4346A0463046D8F80410A6BF1C46D9
:10B4800000250125FFF7F0FC20B92E4B02464FF4B2
:10B490001071E5E7D8F810702669C56004F1140949
:10B4A00008F1140500F1140E05EB870C09EB860674
:10B4B00008F11002F246002159F8043B52F804BF8B
:10B4C0001FFA83F811FA8BF11B0CA1EB0808C3EBF0
:10B4D0001B4303EB28431FFA88F819144E4548EA2A
:10B4E00003434AF8043BE7D8331B153B23F003031F
:10B4F00004331534A64238BF04231D4473449E46CA
:10B500002E4666450ED30CF10302521B22F00302B5
:10B51000033DAC4538BF00221A4452F8043D7BB1CC
:10B520000761A3E756F8048B11FA88F2141404EBB0
:10B53000184492B242EA04424EF8042B2114E0E788
:10B54000013FEAE7C3CA0008D0CB000882B08DED06
:10B55000000B019B12491940A1F15071002905DD32
:10B5600000220B4643EC102B02B070474942B1F168
:10B57000A07F4FEA21504FF000024FF0000304DAA1
:10B580004FF4002141FA00F3ECE7A0F114011E2969
:10B59000DABF4FF0004020FA01F101210A46E1E74D
:10B5A0000000F07FF8B5056900F1140707EB850589
:10B5B0002E1F55F8044C2046FFF748FDC0F120032C
:10B5C0000A28DFF87CC00B6014DCC0F10B0E24FAF3
:10B5D0000EF1B74241EA0C0334BF55F8081C0021B4
:10B5E000153004FA00F021FA0EF140EA010243ECB2
:10B5F000102BF8BDB7423ABF55F8081CA5F1080654
:10B6000000210B3817D0C0F1200C04FA00F5BE421F
:10B6100021FA0CF445EA04058CBF56F8044C0024CA
:10B6200045F07F5301FA00F024FA0CF443F4401380
:10B6300040EA0402DBE744EA0C030A46D7E700BF0E
:10B640000000F03F2DE9F7438946012157EC106BCC
:10B650009046FFF709FC044630B90246254B2648C0
:10B6600040F20A3100F0C0FDC7F30A55C7F31303D7
:10B6700035BB002E019328D068460096FFF706FDE3
:10B68000009900B3019AC0F1200302FA03F30B43BF
:10B69000C24063610192019BA361002B14BF02228F
:10B6A00001222261D5B1A5F233450544C9F8005005
:10B6B000C0F13500C8F80000204603B0BDE8F083B3
:10B6C00043F48013D5E76161E5E701A8FFF7DEFCED
:10B6D000019B6361012222612030E3E704EB8203D6
:10B6E000A0F23240C9F800001869FFF7AFFCC0EBC8
:10B6F0004210DFE7C3CA0008D0CB00082DE9F74F9E
:10B70000884669468146FFF74DFF01A9404655EC42
:10B71000104BFFF747FFD9F81030D8F81020A3EBF3
:10B72000020CDDE900329B1A03EB4C1351EC100BB9
:10B73000002BD6BF0A462A46C3EB03338B462F465F
:10B74000D4BF02EB035B02EB0357204610EE102A36
:10B750005B463946F5F74AF841EC100B03B0BDE8FB
:10B76000F08F013970B549111469013102F11403E8
:10B7700000EB810103EB8404051FA3420CD3A31A41
:10B78000113B23F003031132A24288BF0023184467
:10B790000023884205D370BD53F8046B45F8046F4D
:10B7A000EBE740F8043BF4E700F1140200694B11A9
:10B7B000984210B511DB0ADD11F01F0107D052F8D5
:10B7C000234024FA01F000FA01F18C420BD102EB84
:10B7D0008303934203D8002010BD0346F7E753F8D4
:10B7E000041D0029F5D00120F6E737B5A1FB02249E
:10B7F0004CB91146019200F07BF8019A054630B928
:10B80000284603B030BD0C2202600025F8E721462F
:10B81000FCF7C4F8F4E7000037B5002944D051F82C
:10B82000043C0190002BA1F10404B8BFE41800F01F
:10B8300069FD1E4A0198136833B96360146003B050
:10B84000BDE8304000F064BDA34208D92568611905
:10B850008B4201BF19685B6849192160EDE71A4600
:10B860005B680BB1A342FAD911685518A5420BD1F8
:10B87000246821445418A3421160E0D11C685B681D
:10B88000536021441160DAE702D90C230360D6E744
:10B89000256861198B4204BF19685B68636004BF47
:10B8A000491921605460CAE703B030BD3405002057
:10B8B00070B50E4E0C463168054611B900F04CFBD0
:10B8C00030602146284600F047FB431C0AD0C41CC8
:10B8D00024F00304A04207D0211A284600F03CFBC4
:10B8E000013001D14FF0FF34204670BD38050020F3
:10B8F0002DE9F041CD1C25F0030508350C2D38BF8E
:10B900000C25002D074601DBA94205D90C233B601D
:10B9100000263046BDE8F0812E4E00F0F3FC33687F
:10B920001C4634BB29463846FFF7C2FF431C044679
:10B930004DD134682646002E40D123683146384622
:10B9400004EB030800F008FB80453AD12168033579
:10B950006D1A25F0030508350C2D38BF0C25294636
:10B960003846FFF7A5FF01302BD023682B44236016
:10B970000EE02268521B1ED40B2A16D96119A3426D
:10B98000256018BF5960636808BF316062514B6021
:10B99000384604F10B0600F0BBFC26F00706231D19
:10B9A000F21AB6D09B1BA350B3E76268A3420CBF48
:10B9B00032605A60ECE723466468B2E73446766842
:10B9C000B9E70C233B60384600F0A2FCA1E72560F4
:10B9D000DEE700BF340500202DE9F0478E689E4267
:10B9E00082460C4690461F4638D88A8912F4906FDA
:10B9F00032D025680969A5EB0109656905EB4505A4
:10BA000005EBD57501334B446D109D4238BF1D4683
:10BA1000530531D52946FFF76BFF064650B90C2375
:10BA2000CAF80030A38943F04003A3814FF0FF30F0
:10BA3000BDE8F08721694A46FFF708FAA38923F495
:10BA4000906343F08003A381266165614E44A5EBBA
:10BA500009052660A5603E46BE4200D93E462068E4
:10BA60003246414600F034FCA3689B1BA360236868
:10BA7000334423600020DBE72A4600F04FFC0646F3
:10BA80000028E1D121695046FFF7C6FEC7E7000054
:10BA90002DE9F04F98468B891B069DB007460D4651
:10BAA00014460ED50B6963B94021FFF721FF2860CA
:10BAB000286120B90C233B604FF0FF30D1E04023D8
:10BAC0006B610023099320238DF82930CDF80C8079
:10BAD0003023DFF8A8818DF82A304FF00109234682
:10BAE0009A4613F8012B0AB1252AF9D1BAEB040BB7
:10BAF0000BD05B46224629463846FFF76DFF0130E2
:10BB000000F0AA80099A5A4409929AF80030002B52
:10BB100000F0A28000234FF0FF32CDE905230AF1A7
:10BB2000010A049307938DF853301A935446052263
:10BB300014F8011B5148F5F7C3F9049AD8B9D00697
:10BB400044BF20238DF85330110744BF2B238DF8B9
:10BB500053309AF800302A2B15D0079A544600200B
:10BB60004FF00A0C214611F8013B303B092B4ED90E
:10BB7000B0B1079214E0A0EB080309FA03F31343F2
:10BB80000493A246D2E7039B191D1B680391002B67
:10BB9000BBBF5B4242F0020207930793B8BF049217
:10BBA00023782E2B0CD163782A2B35D1039B1A1DB9
:10BBB0001B680392002BB8BF4FF0FF33023405938C
:10BBC000DFF8C8A0217803225046F5F779F940B193
:10BBD0004023A0EB0A0003FA00F0049B0343013466
:10BBE000049314F8011B26488DF828100622F5F757
:10BBF00067F9002838D0234B1BBB039B073323F086
:10BC0000070308330393099B3344099367E70CFB4D
:10BC100002320C460120A5E70023013405931946A2
:10BC20004FF00A0C204610F8012B303A092A03D9AC
:10BC3000002BC5D00591C3E70CFB0121044601236D
:10BC4000F0E703AB00932A460F4B04A93846FBF7F5
:10BC50004DFF421C0646D6D1AB895B063FF52CAFA3
:10BC600009981DB0BDE8F08F03AB00932A46064B40
:10BC700004A93846FCF7DEF9EBE700BF4CCD00081D
:10BC800056CD0008ED7A0008D9B9000852CD000859
:10BC90009368013B002B10B4936008DA9469A342C7
:10BCA00001DB0A2903D15DF8044B00F0BDB913682C
:10BCB000581C1060197008465DF8044B7047F8B5C1
:10BCC00006460F461446D518AC4201D1002007E0C5
:10BCD00014F8011B3A463046FFF7DAFF431CF3D154
:10BCE000F8BD00002DE9F04F0D469DB01446984672
:10BCF000064618B183690BB9FEF716FC894B9D42C5
:10BD00001BD175686B6ED90705D4AB899A0502D42F
:10BD1000A86DFFF71AF8AB891B0701D52B69EBB9A2
:10BD20002946304600F0F2F9C0B16B6EDC070ED543
:10BD30004FF0FF301DB0BDE8F08F7B4B9D4201D12D
:10BD4000B568DFE7794B9D4208BFF568DAE7AB8954
:10BD50009805EDD4A86DFEF7F9FFE9E700230993F4
:10BD600020238DF82930CDF80C803023DFF8C081F6
:10BD70008DF82A304FF0010923469A4613F8012B1B
:10BD80000AB1252AF9D1BAEB040B0BD05B46224647
:10BD900029463046FFF793FF013000F0AA80099A48
:10BDA0005A4409929AF80030002B00F0A280002338
:10BDB0004FF0FF32CDE905230AF1010A04930793FE
:10BDC0008DF853301A935446052214F8011B584835
:10BDD000F5F776F8049AD8B9D10644BF20238DF838
:10BDE0005330130744BF2B238DF853309AF800309B
:10BDF0002A2B15D0079A544600204FF00A0C2146F2
:10BE000011F8013B303B092B4ED9B0B1079214E039
:10BE1000A0EB080309FA03F313430493A246D2E705
:10BE2000039B191D1B680391002BBBBF5B4242F0B3
:10BE3000020207930793B8BF049223782E2B0CD1EC
:10BE400063782A2B35D1039B1A1D1B680392002BA4
:10BE5000B8BF4FF0FF3302340593DFF8E4A0217838
:10BE600003225046F5F72CF840B14023A0EB0A001E
:10BE700003FA00F0049B03430134049314F8011BFC
:10BE80002C488DF828100622F5F71AF800283FD024
:10BE9000294B1BBB039B073323F007030833039392
:10BEA000099B3B44099367E70CFB02320C460120D7
:10BEB000A5E700230134059319464FF00A0C2046EC
:10BEC00010F8012B303A092A03D9002BC5D005916F
:10BED000C3E70CFB012104460123F0E703AB009309
:10BEE0002A46164B04A93046FBF700FE0746781C8D
:10BEF000D6D16B6ED90705D4AB899A0502D4A86D4B
:10BF0000FEF724FFAB895B063FF512AF099811E7F6
:10BF100003AB00932A46094B04A93046FCF78AF884
:10BF2000E4E700BFF4CA000814CB0008D4CA000834
:10BF30004CCD000856CD0008ED7A0008BFBC0008C3
:10BF400052CD0008000000009FED010B704700BFBC
:10BF5000000000000000F87F38B5064D00230446BD
:10BF600008462B60F5F7ACFC431C02D12B6803B1EB
:10BF7000236038BD3C05002010B50C46B1F90E1009
:10BF800000F0FCF90028ABBF636DA3891B1823F4F4
:10BF90008053ACBF6365A38110BD2DE9F0411F46FE
:10BFA0008B89DB0505460C46164605D5B1F90E1002
:10BFB0000223002200F07AF9A389B4F90E1023F4C9
:10BFC0008053A38132463B462846BDE8F04100F04D
:10BFD0008BB810B50C46B1F90E1000F067F9431C90
:10BFE000A38915BF606523F4805343F48053A38174
:10BFF00018BFA38110BDB1F90E1000F013B910B530
:10C000007AB103460139841813F8010B11F8012F96
:10C01000904201D1A34201D1801A10BD0028F3D172
:10C02000FAE71046F9E70000F8B50E461446054653
:10C0300018B183690BB9FEF777FA214B9C422BD1DB
:10C040006C68A369A360A3891A072FD523696BB312
:10C0500023692068C01A6369F6B28342374604DC5C
:10C0600021462846FEF7CCF930BBA368013BA3600C
:10C0700023685A1C22601E7063690130834204D019
:10C08000A389DB0706D50A2E04D121462846FEF7F0
:10C09000B7F988B93846F8BD0A4B9C4201D1AC6863
:10C0A000CFE7094B9C4208BFEC68CAE72146284607
:10C0B00000F02CF80028CBD04FF0FF37EAE700BFA4
:10C0C000F4CA000814CB0008D4CA000849B1FF2AFA
:10C0D00085BF8A2303600A704FF0FF3098BF0120AC
:10C0E000704708467047000038B5074D04460846BB
:10C0F000114600222A601A46FAF7BEFA431C02D102
:10C100002B6803B1236038BD3C050020324B70B56D
:10C110001D6806460C4625B1AB6913B92846FEF7E3
:10C1200003FA2E4B9C420FD16C68A389B4F90C2002
:10C1300019072CD4DD0611D40923336042F04003E3
:10C14000A3814FF0FF303EE0254B9C4201D1AC680B
:10C15000EBE7244B9C4208BFEC68E6E7580712D592
:10C16000616B41B104F14403994202D03046FFF7BC
:10C1700053FB00236363A38923F02403A3810023DB
:10C18000636023692360A38943F00803A3812369C3
:10C190004BB9A38903F42073B3F5007F03D0214684
:10C1A0003046FEF7F9FDA089B4F90C2010F0010328
:10C1B0000AD00023A36063695B42A361236943B98A
:10C1C00010F08000BAD170BD810758BF6369A360C9
:10C1D000F4E70020F7E700BF0C000020F4CA0008D5
:10C1E00014CB0008D4CA00081FB514461A46094BE0
:10C1F0001B680546D8684CB1074B0091CDE9013466
:10C2000006492B4600F01EF800F0CAF8044B1C4605
:10C21000F3E700BF0C0000205DCD00086ACD0008E8
:10C2200098CD000838B5064D0023044608462B601B
:10C23000FAF73CFA431C02D12B6803B1236038BDE6
:10C240003C0500200EB403B5014603AB054853F886
:10C25000042B00680193FFF745FD02B05DF804EB85
:10C2600003B070470C00002038B5074D002304468A
:10C27000084611462B60FAF745FA431C02D12B6899
:10C2800003B1236038BD00BF3C05002038B5064D22
:10C290000023044608462B60FAF7E2F9431C02D15A
:10C2A0002B6803B1236038BD3C05002038B5074D2D
:10C2B00004460846114600222A601A46FAF702FA96
:10C2C000431C02D12B6803B1236038BD3C0500201C
:10C2D000884210B501EB020402D98442234607D8F4
:10C2E000431EA14208D011F8012B03F8012FF8E7F3
:10C2F000024401468A4200D110BD13F8014D02F8F4
:10C30000014DF7E70148FEF720BD00BF30050020D2
:10C310000148FEF71BBD00BF300500202DE9F041AC
:10C32000804614460E4621B9BDE8F0411146FFF79C
:10C33000DFBA2AB9FFF770FA25462846BDE8F08132
:10C3400000F035F88442074602D8B4EB500F12D8FB
:10C3500021464046FFF7CCFA05460028EDD0BC4206
:10C360002246314628BF3A46FEF770FD3146404628
:10C37000FFF752FAE1E73546DFE7000038B5074D31
:10C3800004460846114600222A601A46FAF7A2F926
:10C39000431C02D12B6803B1236038BD3C0500204B
:10C3A00008B5062000F034F80120F5F783FA51F8BB
:10C3B000043C181F002BBCBF0B58C01870471F2926
:10C3C00038B504460D4604D9162303604FF0FF30FC
:10C3D00038BD426C12B152F821304BB9204600F002
:10C3E00031F82A4601462046BDE8384000F018B82A
:10C3F000012B0AD0591C03D1162303600120E7E763
:10C40000002442F82540284698470020E0E7000035
:10C41000024B01461868FFF7D2BF00BF0C00002096
:10C4200038B5074D00230446084611462B60F5F742
:10C4300039FA431C02D12B6803B1236038BD00BF19
:10C440003C050020F5F72CBAF8B500BFF8BC08BCD5
:10C450009E467047F8B500BFF8BC08BC9E467047C2
:10C4600000000000000000000102030406070809A4
:10C4700000000000010203040100020004000600A5
:10C4800008000A000C00100020004000800000019D
:10C490000804020408010101010101030701000071
:10C4A000252E32662C252E32662C252E32662C2522
:10C4B0002E32660D0A00000000000000000000801F
:10C4C000000FC93F000F494000CB9640000FC94004
:10C4D0000053FB4000CB164100ED2F41000F4941B6
:10C4E0000031624100537B41003A8A4100CB9641C2
:10C4F000005CA34100EDAF41007EBC41000FC9418B
:10C5000000A0D5410031E24100C2EE410053FB41A1
:10C5100000F20342003A0A420083104200CB164266
:10C5200000141D42005C234200A5294200ED2F4269
:10C5300000363642007E3C4200C74242000F49426C
:10C54000A2000000F9000000830000006E0000005F
:10C550004E0000004400000015000000290000000B
:10C56000FC0000002700000057000000D100000080
:10C57000F500000034000000DD000000C0000000F5
:10C58000DB00000062000000950000009900000040
:10C590003C0000004300000090000000410000004B
:10C5A000FE0000005100000063000000AB0000002E
:10C5B000DE000000BB000000C500000061000000BC
:10C5C000B7000000240000006E0000003A000000E8
:10C5D000420000004D000000D2000000E00000001A
:10C5E00006000000490000002E000000EA000000E4
:10C5F00009000000D1000000920000001C000000B3
:10C60000FE0000001D000000EB0000001C00000008
:10C61000B100000029000000A70000003E0000005B
:10C62000E80000008200000035000000F500000076
:10C630002E000000BB000000440000008400000049
:10C64000E90000009C0000007000000026000000CF
:10C65000B40000005F0000007E0000004100000008
:10C660003900000091000000D600000039000000F1
:10C67000830000005300000039000000F4000000B7
:10C680009C000000840000005F0000008B000000A0
:10C69000BD000000F9000000280000003B00000081
:10C6A0001F000000F800000097000000FF000000DD
:10C6B000DE00000005000000980000000F000000F0
:10C6C000EF0000002F000000110000008B000000B0
:10C6D0005A0000000A0000006D0000001F0000006A
:10C6E0006D000000360000007E000000CF0000005A
:10C6F00027000000CB00000009000000B700000088
:10C700004F000000460000003F00000066000000EF
:10C710009E0000005F000000EA0000002D00000005
:10C720007500000027000000BA000000C7000000EC
:10C73000EB000000E5000000F10000007B000000BD
:10C740003D0000000700000039000000F700000075
:10C750008A0000005200000092000000EA00000081
:10C760006B000000FB0000005F000000B100000053
:10C770001F0000008D0000005D00000008000000A8
:10C7800056000000030000003000000046000000DA
:10C79000FC0000007B0000006B000000AB0000000C
:10C7A000F0000000CF000000BC00000020000000EE
:10C7B0009A000000F4000000360000001D00000098
:10C7C000A9000000E30000009100000061000000EB
:10C7D0005E000000E60000001B00000008000000F2
:10C7E0006500000099000000850000005F00000067
:10C7F00014000000A00000006800000040000000DD
:10C800008D000000FF000000D80000008000000044
:10C810004D00000073000000270000003100000000
:10C820000600000006000000150000005600000091
:10C83000CA00000073000000A8000000C90000004A
:10C8400060000000E20000007B000000C00000006B
:10C850008C0000006B0000000000C93F0000F039B0
:10C860000000DA370000A2330000842E0000502BB5
:10C870000000C2270000D0220000C41F0000C61B19
:10C880000000441704000000070000000900000039
:10C8900010000020494E4600696E66004E414E0071
:10C8A0006E616E003000303132333435363738390E
:10C8B000414243444546003031323334353637380F
:10C8C000396162636465660065256C640000000080
:10C8D00035000000CEFBFFFFCB030000010000008D
:10C8E0000000000034000000CEFBFFFFCB0300007F
:10C8F0000100000000000000BC89D897B2D29C3C27
:10C9000033A7A8D523F649393DA7F444FD0FA53236
:10C910009D978CCF08BA5B25436FAC6428066811DD
:10C9200000202020202020202020282828282820FF
:10C9300020202020202020202020202020202020F7
:10C94000208810101010101010101010101010105F
:10C95000100404040404040404040410101010104F
:10C960001010414141414141010101010101010119
:10C97000010101010101010101010101101010106B
:10C9800010104242424242420202020202020202EB
:10C99000020202020202020202020202101010103F
:10C9A0002000000000000000000000000000000067
:10C9B0000000000000000000000000000000000077
:10C9C0000000000000000000000000000000000067
:10C9D0000000000000000000000000000000000057
:10C9E0000000000000000000000000000000000047
:10C9F0000000000000000000000000000000000037
:10CA00000000000000000000000000000000000026
:10CA10000000000000000000000000000000000016
:10CA200000496E66696E697479004E614E00524528
:10CA3000454E54206D616C6C6F6320737563636544
:10CA400065646564002F6D6E742F776F726B737001
:10CA50006163652F776F726B73706163652F4743F6
:10CA6000432D31302D706970656C696E652F6A6574
:10CA70006E6B696E732D4743432D31302D70697095
:10CA8000656C696E652D3333385F32303231313049
:10CA900031385F313633343531363230332F7372BB
:10CAA000632F6E65776C69622F6E65776C69622F94
:10CAB0006C6962632F7374646C69622F64746F6154
:10CAC0002E630042616C6C6F6320737563636565F0
:10CAD0006465640000000000000000000000000029
:10CAE0000000000000000000000000000000000046
:10CAF0000000000000000000000000000000000036
:10CB00000000000000000000000000000000000025
:10CB10000000000000000000000000000000000015
:10CB20000000000000000000000000000000000005
:10CB3000000000002F6D6E742F776F726B73706141
:10CB400063652F776F726B73706163652F47434323
:10CB50002D31302D706970656C696E652F6A656E58
:10CB60006B696E732D4743432D31302D70697065AD
:10CB70006C696E652D3333385F323032313130318C
:10CB8000385F313633343531363230332F73726398
:10CB90002F6E65776C69622F6E65776C69622F6C9A
:10CBA0006962632F7374646C69622F6764746F6168
:10CBB0002D6765746865782E63002E00BACB000877
:10CBC00098CD0008700000204300504F5349580092
:10CBD0002F6D6E742F776F726B73706163652F7733
:10CBE0006F726B73706163652F4743432D31302D36
:10CBF000706970656C696E652F6A656E6B696E73BE
:10CC00002D4743432D31302D706970656C696E6519
:10CC10002D3333385F32303231313031385F313695
:10CC200033343531363230332F7372632F6E65777C
:10CC30006C69622F6E65776C69622F6C6962632F15
:10CC40007374646C69622F6D707265632E6300008B
:10CC50000080E03779C34143176E05B5B5B89346F8
:10CC6000F5F93FE9034F384D321D30F94877825AC4
:10CC70003CBF737FDD4F1575000000000000F03FE2
:10CC800000000000000024400000000000005940A7
:10CC90000000000000408F40000000000088C340FA
:10CCA00000000000006AF8400000000080842E416F
:10CCB00000000000D01263410000000084D79741BB
:10CCC0000000000065CDCD41000000205FA00242C1
:10CCD000000000E876483742000000A2941A6D4236
:10CCE000000040E59C30A2420000901EC4BCD64229
:10CCF00000003426F56B0C430080E03779C34143D4
:10CD000000A0D8855734764300C84E676DC1AB4349
:10CD1000003D9160E458E143408CB5781DAF154467
:10CD200050EFE2D6E41A4B4492D54D06CFF0804442
:10CD3000F64AE1C7022DB544B49DD9794378EA4457
:10CD400005000000190000007D000000232D302B9D
:10CD50002000686C4C00656667454647002C2066DD
:10CD6000756E6374696F6E3A2000617373657274D7
:10CD7000696F6E2022257322206661696C65643AB2
:10CD80002066696C6520222573222C206C696E65F3
:0CCD9000202564257325730A00000000B4
:08CD9C00403EFF7F0100000092
:04CDA400050200087C
:04CDA800E10100089D
:10CDAC000024F4000100000010000000100000201E
:10CDBC0000000000F4CA000814CB0008D4CA000814
:10CDCC000000000000000000000000000000000057
:10CDDC000000000000000000000000000000000047
:10CDEC000000000000000000000000000000000037
:10CDFC000000000000000000000000000000000027
:10CE0C000000000000000000000000000000000016
:10CE1C00FF000000430000000000000000000000C4
:10CE2C0000000000000000000000000000000000F6
:10CE3C0000000000430000000000000000000000A3
:10CE4C0000000000000000000000000000000000D6
:10CE5C000000000043000000000000000000000083
:10CE6C0000000000000000000000000000000000B6
:10CE7C000000000043000000000000000000000063
:10CE8C000000000000000000000000000000000096
:10CE9C000000000043000000000000000000000043
:10CEAC000000000000000000000000000000000076
:10CEBC000000000043000000000000000000000023
:10CECC000000000000000000000000000000000056
:10CEDC000000000043000000000000000000000003
:10CEEC000000000000000000000000000000000036
:10CEFC0000000000CDC0000829AE000800000000B2
:10CF0C0020C90008BACB000898CD000898CD0008BD
:10CF1C0098CD000898CD000898CD000898CD000851
:10CF2C0098CD000898CD000898CD0008FFFFFFFFB2
:10CF3C00FFFFFFFFFFFFFFFFFFFF0000010041535A
:10CF4C004349490000000000000000000000000000
:10CF5C000000000000000000000000000000415331
:10CF6C0043494900000000000000000000000000E0
:10CF7C0000000000000000000000000000000000A5
:0400000508006ABDC8
:00000001FF
