:020000040800F2
:10000000B81200203503000885850008A97A000889
:1000100081850008F51E000835A3000800000000D7
:10002000000000000000000000000000358D000806
:10003000C91F000800000000958C00088D8D000885
:100040004F0300084F0300084F0300084F03000848
:100050004F0300084F0300084F0300084F03000838
:100060004F0300084F0300084F0300084F03000828
:100070004F030008F91E0008091F00084F0300087D
:100080004F03000800000000D51D00084F030008C2
:100090004F030008F92000084F0300084F03000831
:1000A0004F0300084F0300084F0300084F030008E8
:1000B000218E00084F0300084F0300084F0300087B
:1000C0004F0300084F0300084F0300084F030008C8
:1000D0004F0300084F0300084F03000825A3000842
:1000E0004F0300084F0300084F0300084F030008A8
:1000F0004F0300084F0300084F03000800000000F2
:10010000000000004F030008000000004F0300083B
:100110004F030008000000004F0300084F030008D1
:100120004F0300084F0300084F0300084F03000867
:100130004F03000800000000000000004F0300080B
:100140004F0300084F0300080000000000000000FB
:10015000000000000000000000000000000000009F
:100160000000000000000000000000004F03000835
:100170004F03000800000000000000000000000025
:10018000000000004F030008000000000000000015
:10019000000000000000000000000000000000005F
:1001A00000000000000000004F0300084F0300089B
:1001B0004F0300084F0300084F0300080000000031
:1001C000000000004F0300080000000000000000D5
:1001D0004F0300084F03000800F002F800F09AF8FF
:1001E0000AA090E8000C82448344AAF10107DA4592
:1001F00001D100F08FF8AFF2090EBAE80F0013F04A
:10020000010F18BFFB1A43F0010318476CC600002A
:100210008CC60000103A24BF78C878C1FAD85207BB
:1002200024BF30C830C144BF04680C607047000070
:100230000023002400250026103A28BF78C1FBD8EF
:10024000520728BF30C148BF0B6070476E2900F0CD
:10025000E981702900F01F8366290CF02882652946
:100260000CF0258267290CF0228261290CF0218292
:1002700003681B0A28BF41F08001692900F09681BC
:10028000642900F09381752900F090816F2900F0B6
:10029000AD82782900F0EB82E92900F04782E42959
:1002A00000F04482F52900F04182EF2900F0AA8293
:1002B000F82900F0EA820368DB0928BF41F08001D9
:1002C000632901F00780732901F00C80E32901F014
:1002D0001780F32901F01C80002070471FB50CF037
:1002E000D4F99DE8030001F00DFB01F00BF90400C7
:1002F000002000210BF022FD401C60600020002146
:100300000BF006FDE06001F00BF81FBD10B501F029
:1003100070F810BD01F0C8F81146FFF7DFFF0AF0D2
:1003200069FC01F08FFA03B4FFF7F0FF03BC01F0A2
:1003300099FC00000948804709480047FEE7FEE7AE
:10034000FEE7FEE7FEE7FEE7FEE7FEE7FEE7FEE785
:1003500004480549054A064B704700000D8E000809
:10036000D9010008B8060020B8120020B80A002001
:10037000B80A002053EA020C00F069802DE9F04B26
:100380004FF00006002B1FBFB3FA83F503FA05F404
:1003900024FA05F65E4012BF1643B2FA82F502FA5D
:1003A00005F4C5F120051EBF22FA05FC44EA0C0441
:1003B000203556EA044C4FEA144418BF641C4FF031
:1003C00000084FF00009904271EB030C39D300296B
:1003D00019BFB1FA81F701FA07F6B0FA80F700FA0F
:1003E00007F6C7F120071EBF20FA07FC46EA0C06F5
:1003F0002037B6FBF4FCA7EB0507103F07F01F0BF7
:10040000CBF120062CFA06F60CFA0BFB44BFB346E0
:100410000026202FA4BF5E464FF0000B5BEA060CBF
:1004200008BF4FF0010B19EB0B0948EB0608ABFBBB
:10043000027C06FB02CC0BFB03CCC01B71EB0C0156
:10044000C1E70B46024641464846BDE8F08B13B56E
:10045000084318BF4FF0FF300146AFF30080BDE8FE
:100460001C4070470FB4044910B503AA029800F06D
:10047000EDF810BC5DF814FB6C0000204FF000029A
:1004800000B5134694469646203922BFA0E80C508A
:10049000A0E80C50B1F12001BFF4F7AF090728BF65
:1004A000A0E80C5048BF0CC05DF804EB890028BFE1
:1004B00040F8042B08BF704748BF20F8022B11F00A
:1004C000804F18BF00F8012B704770477047704786
:1004D00010B500F0AFFA006810BD10B5044600F08A
:1004E000A9FA046010BD70B5044685690068C106AC
:1004F00001D5302600E02026C00707D070BDD4E922
:10050000012130469047206A401C20626D1EF6D5BE
:1005100070BD70B5044685690078C00707D170BD0D
:10052000D4E9012120209047206A401C20626D1EE2
:10053000F6D570BD09684A0501D540B27047C905B6
:10054000FCD500B2704709684A0501D5C0B27047B2
:10055000C905FCD580B2704770B50C460546012A26
:1005600005D02878800600D5EA69002302E001233F
:1005700005E05B1C934202D2E05C0028F9D1A86937
:10058000E618C01AA861286A184428622846FFF7AE
:10059000AAFF04E0D5E9012114F8010B9047B44209
:1005A000F8D32846FFF7B5FF70BD00002DE9F041F4
:1005B0000646002410687529314616A510D0FFF7AD
:1005C000B9FF002802DA404213A507E031688A0724
:1005D00001D512A502E0490704D511A5012401E0C7
:1005E000FFF7B1FF00210A2206F1240709E0B0FB62
:1005F000F2FCB0FBF2F302FB1C00303078541846DA
:10060000491C0028F3D123462A463046BDE8F04174
:1006100000F059BA000000002D0000002B0000007F
:100620002000000011680268006A530501D50870B7
:100630000AE0D30501D5088006E0130603D5C217EA
:10064000C1E9000200E0086001207047074B70B567
:100650000D467B4400F021FE0446284600F05CFE77
:1006600010B14FF0FF3070BD204670BD0BA40000EC
:100670002DE9FF5F15468A460446DFF8AC80F84452
:100680000027D8E900103E46CDE9001010E03AF806
:1006900016106A4602A800F0DFFE411C07D0217840
:1006A000890603D5E269391891420DD80744761CB2
:1006B0002078800602D5E069B84205DDAE42E6DB6F
:1006C0003AF816000028E2D1A069C01BA0612046BC
:1006D000FFF709FFD8E90010CDE90010002017E06E
:1006E0003AF818106A4602A800F0B6FEB0F1FF3FD3
:1006F00081460BD000250DF1080B05E0D4E901215E
:100700001BF8050090476D1C4D45F7D308F101001B
:10071000B0428046E4DB206A384420622046FFF77E
:10072000F8FEBDE8FF9F000036C000002DE9F04153
:100730008046D21D22F007020025D2E90002F529E9
:1007400015A614D0011E72F1000106DA0023D0EBC9
:10075000030063EB020211A608E0D8F800108B0733
:1007600001D50FA602E0490701D50EA601251146C5
:10077000002408F1240704E000F060F930323A5513
:10078000641C50EA0102F7D12B463246214640460E
:10079000BDE8F04100F097B9000000002D00000016
:1007A0002B0000002000000030B4002100F12404E0
:1007B00008E002F00705D208303542EA4372DB0850
:1007C0006554491C52EA0305F3D10468002310A2C2
:1007D000250708D504F020040C4304D0C469012384
:1007E0000CA2641EC46130BC00F06DB910B50446A3
:1007F00021461068FFF7A7FE02462046BDE81040DC
:100800000023D1E7D21D22F00701D1E90023CBE775
:100810000000000030000000F0B40D46018809051A
:1008200002D5214C7C4402E01F4C7C440E34002154
:1008300000F1240608E002F00F071209E75D42EA22
:1008400003721B097754491C52EA0307F3D102785B
:100850000023120704D5702D06D009B102231134EC
:100860002246F0BC00F02FB901231034F8E770B530
:1008700004460D4621461068FFF765FE02462946EC
:100880002046BDE870400023C6E7D21D22F00703D2
:10089000D3E90023C0E70368126843F02003036034
:1008A0000823C3610023B7E798BE00002DE9F05F7D
:1008B000894604464FF0000ADFF874B1FB44C0F8E3
:1008C00020A02046E1688847002874D0252806D05B
:1008D000D4E901219047206A401C2062F1E70026FC
:1008E0005F462046E16888472028054607DB312D12
:1008F00005D2781910F8200C08B10643F1E7B007CB
:1009000001D526F00406C4F81CA00027C4F818A0DE
:100910002A2D09D028460BF0F3F938B304EB8708E9
:10092000303DC8F8185019E059F8041B204604EB74
:1009300087029161E1688847012F054618D1E06977
:10094000002820DA26F020061DE0D8F8180000EB79
:10095000800005EB40003038C8F818002046E168F8
:10096000884705460BF0CCF90028EED1012F0AD0BC
:100970002E2D08D12046E16888477F1C0546022FAE
:1009800046F02006C4DBA069002803DA404246F0A6
:100990000106A061F00701D026F010066C2D0BD0E7
:1009A000682D09D04C2D39D06A2D35D0742D35D015
:1009B0007A2D33D016E038E0E1682F46204688478C
:1009C000B842054609D16C2F26D04FF48060E1680B
:1009D000064320468847054604E06C2F1AD04FF4A2
:1009E000807006430DB3A5F14100192802D82035C7
:1009F00046F400664A462946204626604E46FFF7E2
:100A000025FC80B101280BD0F61D26F0070000F16F
:100A1000080956E74020E4E78020D8E70020D6E721
:100A200006F104094DE7284652E7206ABDE8F09F29
:100A300028BE0000004870471401002030B5B0F116
:100A40000A0271F100034FEA900E4EEA817EB0EB8C
:100A50000E0061EB91014FEA101E4EEA017E10EB91
:100A60000E0041EB11114FEA102E4EEA016E10EB11
:100A70000E0041EB11214FEA104E4EEA014E10EBF1
:100A80000E0041EB1141401841F100014FEAD00046
:100A900040EA41704FEAD1014FEA810444EA907480
:100AA00010EB800544EB01046D1944EB0404521B68
:100AB000A3414FF0000348BF0A3200D530BD401CAF
:100AC00041F1000130BD2DE9F0470D4699469246AF
:100AD000044600F124080168880604D5E06921F085
:100AE0001001216000E00120A84201DD471B00E069
:100AF0000027A1697A1902EB0900081AA061207881
:100B0000C00602D42046FFF7EEFC002608E0D4E938
:100B100001211AF806009047206A401C761C2062CA
:100B20004E45F4DB2078C0060AD52046FFF7DBFCF3
:100B300006E0D4E9012130209047206A401C206261
:100B4000381EA7F10107F4DC07E0D4E9012118F809
:100B500005009047206A401C2062281EA5F101056F
:100B6000F3DC2046FFF7D5FC2078000602D50220F2
:100B7000BDE8F0870120FBE72DE9FF4F0C461E463C
:100B80004FF0FF378BB0D2E90001DDF860800A90AA
:100B90008A46C1F30A5505B93D46002108464FF083
:100BA0000000BAF1000F00F4400005DA00EB80000D
:100BB0004FF4400101EA50004FEA9059B9F1010F9A
:100BC00000DDB9460A9850EA4A000ED044F61050AB
:100BD000A5F2FF3545432F14B8F1000F1ED0754222
:100BE000291E1EDDC9F100021CE0B8F1010F4FF013
:100BF000000001D0302103E0F24305E02154401C05
:100C0000B042FBDB30460022002121540B99C1F891
:100C10000880C1E900200FB0BDE8F08FBD1B6D1C3E
:100C2000DEE74A4600DA694206A800F0D7FC06ABC8
:100C300093E8070003AB83E8070050460A990AF0DF
:100C400021FA8DE80700A0F500501F3800900398A6
:100C5000002D0ADD42F21F014A460844002303A981
:100C6000039068460AF08AFC09E0A0F500504A4665
:100C70001F38002303A9039068460AF094FC8DE80E
:100C800007000004000C03D04FF0FF30410800E0E3
:100C90001046B8F1000F03D00022009215461EE066
:100CA000751E05D4FFF7CAFE303262556D1EF9D5A8
:100CB000B3460122084302D000227F1C04E02078C2
:100CC000302801D100227F1E002A099784D01DE020
:100CD000112D07DAFFF7B2FE303262556D1C50EA73
:100CE0000102F5D1084302D00098C8B10EE00021FE
:100CF000681E05E0235C625C63542254401E491C5C
:100D00008142F7DBAB46A81B401E0990002004F887
:100D10000B000B98099AC0F80880C0E9002B7AE70D
:100D200011264FF0000857E72DE9F04F884604469A
:100D3000D21D22F0070191B0D1E90001CDE90A01ED
:100D40000AF068FD02460B98C00F01D02D2007E085
:100D50002068810701D52B2002E0202101EAC00094
:100D6000032A099001D0072A05DB034641462046A5
:100D700000F0F4FB0BE12078800601D5E06900E08B
:100D80000620B8F1650F814606D0B8F1660F18D07D
:100D9000B8F1670F70D131E00020B9F1110F009068
:100DA00001DB112301E009F101030AAA01A90CA842
:100DB000FFF7E2FEDDE90C70002609F1010583462C
:100DC00047E001204B4600904FF000470AAA01A9D6
:100DD0000CA8FFF7D1FEDDE90DB00C995D460026A9
:100DE00010B909F101000D18B9EB050003D4C0F1E9
:100DF000FF3609F10105A5EB09002BE0B9F1010F60
:100E000001DA4FF001090020B9F1110F00904846B6
:100E100001DD112300E003460AAA01A90CA8FFF78F
:100E2000ABFEDDE90C704D460026834620780007B6
:100E30000AD4AB4500DA5D4601A8012D04DD411955
:100E400011F8011C302907D04F4502DA17F1040FC1
:100E500004DA012082460FE06D1EEEE7002F02DC6F
:100E6000ED1B3E4403E0781CA84200DD7D1CB81B4E
:100E700000F1010A4FF000472078000703D4AA458B
:100E800001DB4FF0FF3A0021B7F1004F0DF14308AD
:100E90008DF8431024D002202B23002F01DA7F424B
:100EA0002D230A21021EA0F1010000DC5FB197FB97
:100EB000F1FC97FBF1F201FB1C7C17460CF1300CA6
:100EC00008F801CDEEE7A8F10100037021880905BB
:100ED00001D5452100E06521A0F1010800F8011CC1
:100EE00009980FA9A1EB0807FF1D00B101204119C6
:100EF00001EBEA70A1693844081A401EA06120780D
:100F0000C00602D42046FFF7EEFA099828B1D4E9CA
:100F100001219047206A401C20622078C00622D51B
:100F20002046FFF7E0FA1EE0002E04DBB34502DDA9
:100F300001A8805D00E03020D4E901219047206ABB
:100F4000401C2062761CAAF101005FEA000A0AD167
:100F500000F0D8FAC0680168405CD4E901219047EC
:100F6000206A401C2062281EA5F10105DCDC07E098
:100F7000D4E9012118F8010B9047206A401C206237
:100F8000381EA7F10107F3DC2046FFF7C2FA032061
:100F900011B041E62DE9F04F04460D46D21D22F076
:100FA000070089B0D0E90097484639460AF032FC7C
:100FB0000246F80F01D02D2307E02068810701D5F4
:100FC0002B2302E0202101EAC0038DF820300BB171
:100FD000012000E00020032A824601D0072A04DB1A
:100FE0002946204600F0BAFA3FE12078800601D475
:100FF0000D2500E0E569C7F30A560D2D49DA0021F9
:101000004FEA175B08464FF00000002F00F4400045
:1010100007DA00EB80004FF4400100EBD07001EAEA
:1010200060008115012901DD4FF0FF3100224FEAF8
:10103000850CBCF1180F06D31346ACF118004FF025
:101040008052C24003E04FF4801323FA0CF30CF1FA
:101050000C0CBCF1200F04D3ACF1200C09FA0CF0FD
:1010600001E007FA0CF000294FF0004801DD18B943
:101070000FE00ED140450CD319EB02095F4121B9B5
:10108000404502D19F4329EA0209BBEB175F00D01C
:10109000761C2088000502D57B48784402E07A4817
:1010A0007844193808AA302302F80A30037C0AF180
:1010B0000101002E0AF1020A53546A4602DC4FF085
:1010C000300101E04FF031014FF001088DF80010C0
:1010D00002D0A6F2FF3603E059EA470100D06B4E7A
:1010E000002D02DC2178090704D54FF002082E21DB
:1010F0008DF80110C44600210BE0C7F303433F0104
:10110000C35C491C6D1E02F80830052908F101086E
:1011100001DA002DF1DC00210CE000EB1973491C11
:101120001B786D1E082902F808304FEA091908F1EA
:10113000010801DA002DF0DC21688B0602D516E0EB
:10114000A8F10108E04505DD02EB080313F8013CB6
:10115000302BF5D0B8F1000F09DD02EB080313F8CE
:10116000013C2E2B03D1090701D4A8F10108002D61
:1011700005DD3E2102F808106D1E08F10108407CD3
:10118000002E02F8080008F1010804DA2D2076424A
:1011900002F8080002E02B2002F808000A214FF4B0
:1011A0007A70864208F101080BDB96FBF0F33033CE
:1011B00002F8083096FBF0F308F1010800FB136613
:1011C00001E0642E0CDB642096FBF0F3303302F870
:1011D000083096FBF0F308F1010800FB136601E00C
:1011E0000A2E06DB96FBF1F0303002F8080008F119
:1011F000010896FBF1F001FB1060303002F80800A6
:10120000A16908F1010808EB050202EB0A00081ABF
:10121000A0612078C00602D42046FFF764F9216A55
:1012200008AE01EB0A00206204E0D4E9012116F8BF
:10123000010B9047BAF1010AF7D22078C00602D517
:101240002046FFF750F96E4609E016F8010B3E28DC
:101250000FD0D4E901219047206A401C2062B8F1E8
:101260000108F2D22046FFF754F909B00320BDE887
:10127000F08F206A2844206203E0D4E90121302065
:1012800090476D1EEBD3F8E791B6000002FCFFFF1C
:1012900001694A1C02610878704700B58FB0CDE93A
:1012A00001310021059105497944CDE9031011462A
:1012B0006846FFF7FBFA0FB000BD0000E5FFFFFF37
:1012C00010B5436913B1AFF3008001E0FFF744F9B3
:1012D000012010BD127800F124010A7000224A702A
:1012E0000122EDE711684FF0FF32E9E710B54369DD
:1012F00013B1AFF3008001E0FFF7BAF9012010BD90
:10130000128800F1240182840022C2840122EDE7C8
:1013100011684FF0FF32E9E7007B00F08000704772
:1013200010B542485421FFF7A9F841485421FFF76E
:10133000A5F840485421FFF7A1F83F493B483C4AF3
:101340003F4B08603D490A603A491960531C0365E8
:10135000481C1065012008653B48344A39A178448F
:1013600000F0D2F920B9384878440A3800F073FA0E
:1013700037482F4A35A1784400F0C6F920B93448DF
:1013800078440A3800F067FA32482A4A2FA1784494
:1013900000F0BAF920B92F4878440A3800F05BFA17
:1013A00040232248DC000021224600F089F920B1C8
:1013B00025487844543800F04EFA1D482246402310
:1013C000002100F07DF920B121487844543800F024
:1013D00042FA184822461023002100F071F9002833
:1013E00006D01C487844BDE81040563800F033BAA7
:1013F00010BD104870B5006D20F001040B4800F0DE
:10140000FBF90B4800F0F8F90A4800F0F5F909E09B
:10141000206D20F00105204600F0EEF9204600F096
:1014200075F82C46002CF3D170BD00001800002088
:101430006C000020C00000200000002004000020FC
:101440000800002072000000E0B3000077000000F8
:10145000CCB30000B8B300002DE9F04116460C46AD
:10146000054600F047F8036893F80101012807D00A
:10147000FF2C12D8185D80B101202C70BDE8F081DE
:10148000D3F807013246214603F20713C71828464E
:10149000BC46BDE8F041002360474FF0FF30EDE768
:1014A00000487047140100207546FFF7F9FFAE466B
:1014B00005006946534620F00700854618B020B560
:1014C000FEF746FFBDE820404FF000064FF0000752
:1014D0004FF000084FF0000BAC46ACE8C009ACE898
:1014E000C009ACE8C009ACE8C00921F007018D468D
:1014F0007047000010B500F005F8001D10BD00BFDA
:101500003DA80000004870473401002070B5044633
:10151000051F00F0DBF90068002C14BF446870BDA3
:10152000002C18BFAC423CBF20466468F8D3016869
:101530000A18AA4218BF456003D12A68054611441B
:10154000016028684119A1421CBF6C6070BD6168D0
:10155000696021680844286070BD00002DE9F041F1
:101560001F46044603260168072A01F4006004DBD5
:1015700008B116A505E016A503E008B115A500E021
:1015800015A521F010002060A069C01EA0610FB158
:10159000401EA0612046FEF7A6FF4FB1D4E901210D
:1015A00038469047206A401C2062C01C206206E03A
:1015B000206AFAE7D4E9012115F8010B9047761E5D
:1015C000F8D22046FEF7A5FFBDE8F0814E414E005F
:1015D0006E616E00494E4600696E66002DE9F04767
:1015E000814616468AB0354878440DC88DE80D000E
:1015F00032487844801C03AC0DC884E80D0041F6E5
:101600009B300844372190FBF1F290FBF1F5A5F1F6
:10161000800501FB12041B3C02D56442012000E05E
:101620000020DFF898A080460027FA44AAF1BE0AFD
:101630000EE0E0070AD03246684607EB4701012377
:101640000AEB810109F0AFFF8DE8070064107F1CF1
:10165000002CEED1194F7F44AE3F19E0E80715D0BA
:1016600007EB04100DF1180A90E80E008AE80E004E
:10167000C068F04201D1981908903246012306A9AA
:1016800003A809F090FF03AB83E807006D10641C0A
:10169000002DE3D14FF0010332466946B8F1000F47
:1016A00003A802D009F06AFF01E009F07CFFC9E954
:1016B0000001C9F808200AB0BDE8F087E0B10000D9
:1016C00070B5C468A50713D0650211D4B2F5807F48
:1016D00009D0B2F5007F06D0B2F5806F08D10123A2
:1016E00000F1240106E05D1E6FF07F46B54201D394
:1016F000012070BD0161C361416024F47061114338
:10170000C160002070BD00002DE9F0410C46164676
:10171000070047D0104600F06FF82078611C612860
:101720000AD0722802D077283CD102E0012500249B
:1017300005E00225042402E0082448F2020511F81D
:10174000010B2B2806D0622809D011F8010C74284F
:101750000AD00BE045F0030544F00204EFE745F042
:10176000040544F00104EAE744F010043846214639
:1017700000F078F8411C15D00021316171604FF400
:101780000071F560F1617061200704D530460222D6
:10179000002100F015F9306D40F001003065304651
:1017A000BDE8F0810020FBE72DE9F0410D4606463B
:1017B000104C206DC10704D0410804D020F0010472
:1017C000F7E722460EE0542000F0CBF807000ED0D9
:1017D000206D47F001010843542120653846FEF78B
:1017E0004DFE3A4629463046BDE8F0418CE70020E0
:1017F000D6E70000180000202DE9F04704464FF01E
:1018000000094FF0FF37C568D4E90486A80707D060
:10181000204600F085F9304600F02EF8002802DA64
:101820003846BDE8F087280502D54046FFF76EFE32
:101830004C212046FEF722FE206D20F0010020659D
:101840004846EEE710B50446AFF300802046BDE8F9
:101850001040FEF768BD10B500F0ACF9BDE81040CF
:1018600000F0A2B90EB5CDE9000100F064FA0290D3
:1018700069460120ABBE0EBD08B569460090022046
:10188000ABBE08BD1FB58DE8070069460520ABBE9D
:1018900004B010BD1FB58DE80F0069460620ABBE31
:1018A000F6E708B5694600900920ABBE08BD1CB537
:1018B000CDE9000169460A20ABBE1CBD704708B5E2
:1018C000694600900C20ABBE08BD00000048704780
:1018D0001C010020704770477047704738B50446B8
:1018E0000A4600206946AFF30080002808BF38BDD3
:1018F00002460099204600F0C3F9012038BD0120BE
:1019000000F012BAF8B5AFF30080054600200C468F
:10191000102000BF0646A819A0420DD932466946DC
:101920000020AFF30080070008BF00F0FDF9009829
:10193000A04218BF0546C419FFF7C8FF0560074657
:10194000F01D20F007004619284600F092F9B44235
:1019500008BFF8BDA21B31463868BDE8F84000F06A
:101960008FB970B50646FFF7B1FF056806F10B00A9
:1019700020F00704B4429CBF002070BD2B466A686B
:10198000BAB11068A04210D304F1080188423CBFEC
:101990005068586007D35168101941601168091BDD
:1019A000016058601460101D70BD13465268002A13
:1019B000E7D121462846FFF791FF0028DED170BD10
:1019C0002DE9F041044616460D464769007B800725
:1019D0002ED03846FFF765FF50BB3EB3012E02D034
:1019E000022E25D104E0204600F064F905441DE0F4
:1019F0003846FFF764FFE168002841F01001E1601C
:101A000005DA204600F058F80120BDE8F081C9034E
:101A10000BD56268E16A914200D81146A26911446F
:101A20002269891A814200DD08460544002D01DA49
:101A30000220EAE7E16A6068E268814206D2910327
:101A4000E06203D522F4003141F01002A6690027BC
:101A5000AE4213DCE16A814201D90B4600E0034645
:101A600003EB060C2369ACEB030CAC4506DD8142AD
:101A700001D98C4600E084469C4505D1A7602760CB
:101A800042F02000A5620DE0AD1BE669AE1B81426D
:101A9000A66000D90846C01A281A2060581960604C
:101AA00022F0200003490840E060002084F84870DC
:101AB000ABE70000BFCFD7FFC16821F4001141F0B0
:101AC0008001C16000218160016070472DE9F0470D
:101AD000814614460E464FF0FF383248D5685769A4
:101AE000054209D03846A169FFF7E1FE002811DB65
:101AF0002C48C0430540E5602B46324649463846EF
:101B0000FFF7C0FEA16920F00042B21A114400287C
:101B1000A16103D02046FFF7CFFF4046BDE8F08724
:101B200070B504460569C06A6168884200D80846F5
:101B3000E16821F42011E160C90312D5A84208D060
:101B40002246411B2846FFF7C1FF10B14FF0FF307E
:101B500070BD0020E562C4E90150E06820F48030E7
:101B6000E060002070BD10B50446C06820F0200081
:101B7000E060A16AA06988420DD02046FFF7D0FF3F
:101B8000E06820F4405040F01000E060A06AA061DE
:101B90002069E062606044F24001E0688843E060F0
:101BA00010BD000010000200002801D000F05AB85B
:101BB0007047000010B5014602A000F09CF801201B
:101BC00010BD000053494752545245443A205265D3
:101BD0006469726563743A2063616E2774206F7064
:101BE000656E3A200000000030B44FF0013C50F820
:101BF000042B51F8043BCCFA52F4D51A20D1FCB98D
:101C000050F8042B51F8043BCCFA52F4D51A17D1F2
:101C1000B4B950F8042B51F8043BCCFA52F4D51A5D
:101C20000ED16CB950F8042B51F8043BCCFA52F4A5
:101C3000D51A05D1002CDAD030BC4FF00000704727
:101C400029BAB1FA81F111F01801D1F120008440D4
:101C5000F2D1CA40CB4012F0FF0213F0FF0330BCB8
:101C6000D01A704701491820ABBEFEE726000200DB
:101C7000704700210160C0E90110704710207047D3
:101C8000034640688C46002818BF88423CBF034684
:101C90004068F8D318681844884207D00CF1030054
:101CA00020F00700001D411A521A0146081D0A6063
:101CB000FFF72CBC10B50146C268900703D0900610
:101CC00007D5886A0AE0FEF7B5FE01210160881E8B
:101CD00010BD8B69486818440B69C01A91F84830E8
:101CE0001BB191F84910401A10BD1103FCD5002812
:101CF000FADD401E10BD70B505460C460A2000E016
:101D00006D1C00F037F835B128780028F8D102E0D2
:101D1000641C00F02FF814B120780028F8D1BDE839
:101D200070400A2000F026B810B500F02BF8BDE88E
:101D30001040FFF739BF10B5431C02E010F8011B3B
:101D400071B18107FAD14FF0013202C88C1A8C436D
:101D500014EAC211F9D0C01A0A0603D0C01E10BD81
:101D6000C01A10BD0A0401D0801E10BD0902FCD0AB
:101D7000401E10BD08B569468DF800000320ABBEBB
:101D800008BD000010B5012805D0002103A0FFF711
:101D9000B2FF012010BD09A1F8E7000053494752E6
:101DA000544D454D3A204F7574206F66206865612B
:101DB00070206D656D6F7279000000003A204865F3
:101DC0006170206D656D6F727920636F72727570CE
:101DD0007465640080B540F2E810C2F2000001F0C2
:101DE000DFFA80BD80B584B0029000200090029898
:101DF000006805F0F7FE002874D1FFE7029800683C
:101E000080683F21C8F2000108420ED0FFE7029926
:101E1000C86D40F01000C8650299086E40F00100DE
:101E2000086601208DF80F0060E00298006805F058
:101E300049FE40F20030C5F2000005F061FE0002EC
:101E400000281CD5FFE740F20C00C2F20000006839
:101E5000800942F66351C0F23E51A0FB0110800997
:101E600000EB40010C2000EB81000090FFE70098A0
:101E700020B1FFE7009801380090F8E7FFE702F093
:101E800035FE0190FFE7029800680068C00740BB7C
:101E9000FFE70298006805F0A5FE28B9FFE7029861
:101EA000006805F00FFEFFE702F020FE0199401ADE
:101EB000032815D3FFE7029800680068C00770B9CF
:101EC000FFE70299C86D40F01000C8650299086EDE
:101ED00040F00100086601208DF80F0006E0FFE7E2
:101EE000D1E7FFE700208DF80F00FFE79DF80F0016
:101EF00004B080BDFFE7FEE780B540F25420C2F297
:101F0000000001F03DFF80BD80B540F2B420C2F278
:101F1000000001F035FF80BD84B003900398006895
:101F200040F20741C4F20201884206D8FFE740F6BA
:101F30000000C4F20200009005E040F62000C4F268
:101F400002000090FFE7009802900398007808389C
:101F50004CF6CD41CCF6CC41A0FB0110000901901C
:101F6000029803994A6C22F0030210448864039992
:101F700040F68000C4F20200C864019800F01F011E
:101F8000012088400399086504B0704782B0019031
:101F9000019800790090009940F6FC00C4F202001C
:101FA00000EB810001994865019940F64010C4F2A8
:101FB000020088650098013800F01F010120884068
:101FC0000199C86502B070477047000080B584B0C1
:101FD000039002A805F046FF02980399C860039990
:101FE00008798A685043D1ED000A91ED030A08F0A0
:101FF0001DFE039880ED060A039890ED030A90ED0C
:10200000041A30EE410A80ED050A039890ED050AA6
:102010009FED231AB4EE410AF1EE10FA0ADDFFE754
:10202000039890ED050A9FED211A30EE010A80ED2C
:10203000050A15E0039890ED050A9FED1A1AB4EE13
:10204000410AF1EE10FA0ADAFFE7039890ED050A6B
:102050009FED151A30EE010A80ED050AFFE7FFE754
:10206000039890ED050A9FED121A20EE010A8DEDFE
:10207000010A0399C86808619DED010A9FED0D1AD8
:1020800020EE010A039890ED071A9FED0B2A21EE2E
:10209000021A30EE010A80ED070A04B080BD00BFCD
:1020A000DB0F4940DB0F49C0DB0FC940DB0FC9C064
:1020B00000401C46CDCCCC3E9A99193F80B584B0E7
:1020C00003908DF80B1001928DED000A05F0F4FEDF
:1020D0009DF80B0003990871019803998860009896
:1020E0000399086004B080BD81B0EFF3108072B630
:1020F0000090FFE7FEE7000080B540F21430C2F226
:10210000000001F0C5FF80BD83B002904AF200409C
:10211000C4F20000009000980299086402980068D8
:10212000D0F8800020F4F810029A1168526B40EA4F
:102130000240C1F88000009870300299486402980B
:102140000068D0F8800020F07060029A1168926BED
:1021500040EA0260C1F880000098B03002998864BB
:10216000009800F5C4700299C864009800F51870D2
:1021700002990865009800F51E700299486500985C
:102180000190FFE70198009901F55471884208D247
:10219000FFE7019900200860FFE7019804300190F3
:1021A000F0E703B07047000081B0009001B07047C5
:1021B00080B5C2B02290219100208DF883001B9041
:1021C0001A902298406908B1FFE7FFE72198C0689C
:1021D0000021C4F27F01884201D0FFE700E0FFE761
:1021E000FFE7229890F85800012805D1FFE7022068
:1021F0008DF88F0000F0B7BC2299012081F85800BB
:10220000FFE7FFE72298406928B1FFE72198006ABD
:1022100001282FD1FFE721984068092829D1FFE73D
:102220002198806A68B1FFE721990A68886AC96ABB
:1022300002F0F84200F07C0040EA524008431A9055
:1022400006E02198006800F0F840400C1A90FFE783
:1022500022980068C06C44F20001C0F210410840AE
:102260001A99084322990968C8641A9822994866FD
:10227000FFE747E02298806EE0B9FFE72198006A07
:10228000229988662299002048662198806A58B170
:10229000FFE72199086A8A6AC96A013802F07C025C
:1022A000104308431A9004E02198006A01381A90FC
:1022B000FFE7FFE7219908684968C0F3846001F0EF
:1022C0001F0100FA01F11A9808431A902299886EAA
:1022D000013888661A9A2299486E104348662298F7
:1022E000806E70B9FFE722980068C06C44F200016C
:1022F000C0F210410840229A1168526E1043C8641F
:10230000FFE7FFE72298006805F042FC30BBFFE7DB
:10231000219890F8250090B9FFE722980068C068DE
:1023200020F44010219991F8242091F826104905B5
:1023300041EA0251084322990968C8600DE02298D9
:102340000068C06820F44010219991F8261040EAF6
:10235000415022990968C860FFE7FFE722980068AA
:1023600005F060FC1D902298006805F011FC1C909F
:102370001D98002840F00982FFE71C98002840F0D3
:102380000482FFE72198806A20B1FFE72198C06AA4
:10239000A8B9FFE7219890F82500012807D1FFE7A9
:1023A00022980168C86840F00070C86006E0229872
:1023B0000168C86820F00070C860FFE716E0219847
:1023C00090F82500012809D1FFE72299C86D40F057
:1023D0002000C86501208DF8830006E0229801687E
:1023E000C86820F00070C860FFE7FFE7219890F808
:1023F0003000012810D1FFE722980068006920F41E
:10240000FF71219A506B926B1043084340F0020019
:1024100022990968086106E022980168086920F09D
:1024200002000861FFE721988068B0F1004F0ED1EB
:10243000FFE72298006821990968002205F006FC50
:10244000229800684FF0004105F0ACFC0CE02298A7
:102450000068219A1168926805F0F8FB22980068DC
:10246000002105F09FFCFFE7219840692299096847
:10247000C96801F01801890888401F9021980069F7
:1024800004281CD0FFE72298006821990A6809698E
:102490001F9B05F02DFC22980068219A1169926912
:1024A00005F058FC22980068219A1169127F013AC0
:1024B000B2FA82F25209520605F038FC64E1229821
:1024C0000068002105F044FB400348B9FFE722986B
:1024D0000068002105F03CFBC0F38460199018E00F
:1024E00022980068002105F033FB90FAA0F02490B8
:1024F000249820B9FFE720208DF8970005E0249864
:10250000B0FA80F08DF89700FFE79DF897001990DA
:10251000FFE71998189021980068400330B9FFE749
:1025200021980068C0F38460179015E02198006836
:1025300090FAA0F02690269820B9FFE720208DF889
:102540009F0005E02698B0FA80F08DF89F00FFE725
:102550009DF89F001790FFE718981799884207D1B8
:10256000FFE7229800680022114605F007FCFFE70C
:1025700022980068012105F0EBFA400348B9FFE713
:1025800022980068012105F0E3FAC0F384601690F8
:1025900018E022980068012105F0DAFA90FAA0F01C
:1025A0002890289820B9FFE720208DF8A70005E0A3
:1025B0002898B0FA80F08DF8A700FFE79DF8A700F3
:1025C0001690FFE71698159021980068400330B9DF
:1025D000FFE721980068C0F38460149015E021980B
:1025E000006890FAA0F02A902A9820B9FFE72020EE
:1025F0008DF8AF0005E02A98B0FA80F08DF8AF00B2
:10260000FFE79DF8AF001490FFE7159814998842F2
:1026100007D1FFE7229800680121002205F0AEFBF8
:10262000FFE722980068022105F092FA400348B9BA
:10263000FFE722980068022105F08AFAC0F384605F
:10264000139018E022980068022105F081FA90FAB0
:10265000A0F02C902C9820B9FFE720208DF8B7002F
:1026600005E02C98B0FA80F08DF8B700FFE79DF8F0
:10267000B7001390FFE71398129021980068400369
:1026800030B9FFE721980068C0F38460119015E02D
:102690002198006890FAA0F02E902E9820B9FFE7BC
:1026A00020208DF8BF0005E02E98B0FA80F08DF85C
:1026B000BF00FFE79DF8BF001190FFE71298119946
:1026C000884207D1FFE7229800680221002205F026
:1026D00055FBFFE722980068032105F039FA400313
:1026E00048B9FFE722980068032105F031FAC0F3EA
:1026F0008460109018E022980068032105F028FA01
:1027000090FAA0F03E903E9820B9FFE720208DF887
:10271000FF0005E03E98B0FA80F08DF8FF00FFE77B
:102720009DF8FF001090FFE710980F902198006827
:10273000400330B9FFE721980068C0F384600E9031
:1027400015E02198006890FAA0F04090409820B9D8
:10275000FFE720208DF8070105E04098B0FA80F0EF
:102760008DF80701FFE79DF807010E90FFE70F982E
:102770000E99884207D1FFE72298006803210022C2
:1027800005F0FCFAFFE7FFE7FFE72298006805F095
:1027900031FA002840F04481FFE722980068219A2E
:1027A0001168D26805F06EFA2198C0680021C4F261
:1027B0007F01884240F03381FFE7229800680D9046
:1027C00021980068400330B9FFE721980068C0F302
:1027D00084600C9015E02198006890FAA0F03C907D
:1027E0003C9820B9FFE720208DF8F70005E03C98E1
:1027F000B0FA80F08DF8F700FFE79DF8F7000C9035
:10280000FFE70C98013000F01F0009287DD8FFE792
:1028100021980068400330B9FFE721980068C0F3B1
:1028200084600B9015E02198006890FAA0F03A902F
:102830003A9820B9FFE720208DF8EF0005E03A989C
:10284000B0FA80F08DF8EF00FFE79DF8EF000B90F5
:10285000FFE70B98013000F01F0080060A902198D6
:102860000068400330B9FFE721980068C0F3846036
:10287000099015E02198006890FAA0F038903898F7
:1028800020B9FFE720208DF8E70005E03898B0FA7E
:1028900080F08DF8E700FFE79DF8E7000990FFE77B
:1028A0000A980999013101F01F0201219140084362
:1028B000089021980068400330B9FFE7219800682C
:1028C000C0F38460079015E02198006890FAA0F0AA
:1028D0003690369820B9FFE720208DF8DF0005E01C
:1028E0003698B0FA80F08DF8DF00FFE79DF8DF0042
:1028F0000790FFE708980799013101F01F0101EBEC
:10290000410140EA0150069082E0219800684003AE
:1029100030B9FFE721980068C0F38460059015E0A6
:102920002198006890FAA0F03490349820B9FFE71D
:1029300020208DF8D70005E03498B0FA80F08DF8AB
:10294000D700FFE79DF8D7000590FFE70598013015
:1029500000F01F008006049021980068400330B901
:10296000FFE721980068C0F38460039015E0219888
:10297000006890FAA0F03290329820B9FFE720204A
:102980008DF8CF0005E03298B0FA80F08DF8CF00D6
:10299000FFE79DF8CF000390FFE70498039901310A
:1029A00001F01F0201219140084302902198006824
:1029B000400330B9FFE721980068C0F384600190BC
:1029C00015E02198006890FAA0F03090309820B976
:1029D000FFE720208DF8C70005E03098B0FA80F0BE
:1029E0008DF8C700FFE79DF8C7000190FFE7029947
:1029F0000198013000F01F0000EB40020020CFF6EC
:102A0000206000EB0250084340F000700690FFE7A2
:102A10000D980699219A926805F018F9FFE7FFE7EB
:102A20002198408848F20801084200F09180FFE7B1
:102A300040F20030C5F2000005F06AF81E902198BF
:102A400000680021CCF22131884208D0FFE72198AC
:102A500000681021C9F2C001884232D1FFE79DF819
:102A60007A00000600282CD4FFE722980068B0F115
:102A7000A04F25D1FFE71E9840F4000140F200303E
:102A8000C5F2000005F026F940F20C00C2F2000089
:102A90000068800942F66351C0F23E51A0FB01106C
:102AA000800900EB4001182000EB81001B90FFE73C
:102AB0001B9820B1FFE71B9801381B90F8E7FFE750
:102AC00045E0219800680021CCF25271884219D16A
:102AD000FFE79DF87B00C007A0B9FFE722980068D8
:102AE00040F20011C5F2000188420AD0FFE71E98AB
:102AF00040F0807140F20030C5F2000005F0EAF8C5
:102B0000FFE723E0219800680021CCF68431884259
:102B10001AD1FFE79DF87A004006002814D4FFE799
:102B20002298006840F20011C5F2000188420AD0E4
:102B3000FFE71E9840F4800140F20030C5F200002B
:102B400005F0C8F8FFE700E0FFE7FFE7FFE7FFE772
:102B5000FFE72299002081F85800FFE79DF88300E5
:102B60008DF88F00FFE79DF88F0042B080BD000018
:102B700080B58EB00D904FF090401021002201F0F2
:102B80009FFF0D980068B0F1A04F40F01A81FFE759
:102B900040F29260C2F20000007800287AD1FFE78C
:102BA00040F27410C2F20000016801310160006857
:102BB00018B3FFE740F2E810C2F200000168D1F854
:102BC000803040F28012C2F2000211681944116094
:102BD0000168D1F8843040F28C12C2F20002116810
:102BE000194411600068D0F8882040F29811C2F2B0
:102BF0000001086810440860FFE740F27410C2F258
:102C000000000068B0F57A7F43D1FFE740F28013FF
:102C1000C2F2000393ED000AB8EE400A9FEDF41AE9
:102C200080EE010A40F27C10C2F2000080ED000A42
:102C300040F28C12C2F2000292ED000AB8EE400A95
:102C400080EE010A40F28810C2F2000080ED000A16
:102C500040F29811C2F2000191ED000AB8EE400A6C
:102C600080EE010A40F29410C2F2000080ED000AEA
:102C700040F2926CC2F2000C01208CF8000000209F
:102C800018601060086040F27411C2F20001086020
:102C9000FFE795E040F2E811C2F200010868D0F8C1
:102CA000802040F27810C2F20000026090ED000A2D
:102CB000B8EE400A40F27C10C2F2000090ED001A1B
:102CC00030EE410A9FEDCB3A80EE030A9FEDCA2A0F
:102CD00020EE020AB3EE041A20EE010A40F2385048
:102CE000C2F2000080ED000A0A68D2F8843040F297
:102CF0008412C2F20002136092ED000AB8EE400A9C
:102D000040F28812C2F2000292ED004A30EE440A0C
:102D100080EE030A20EE020A20EE010A80ED010A8D
:102D20000968D1F8882040F29011C2F200010A60CF
:102D300091ED000AB8EE400A40F29411C2F200018F
:102D400091ED004A30EE440A80EE030A20EE020ABA
:102D500020EE010A80ED020A90ED000A20EE000A42
:102D60009FEDA61AB4EE410AF1EE10FA20DCFFE75F
:102D700040F23850C2F2000090ED010A20EE000A45
:102D80009FED9E1AB4EE410AF1EE10FA10DCFFE757
:102D900040F23850C2F2000090ED020A20EE000A24
:102DA0009FED961AB4EE410AF1EE10FA07DDFFE747
:102DB00040F29061C2F2000100200870FFE7FFE7D7
:102DC000FFE740F2C810C2F200000990FFF7FEF8DA
:102DD00040F24450C2F200000290016840F24C50B0
:102DE000C2F20000C1600121009104F0E9FF0099E6
:102DF0000298426840F26450C2F20000C26004F0DF
:102E0000DFFF40F29460C2F200000B9040F2A0613C
:102E1000C2F20001019107F069FC029940F23850BA
:102E2000C2F20000039007F061FC019A0299099B2D
:102E300093ED021A93ED070AB1EE0C2A20EE020A76
:102E4000B8EEC11A20EE010A40F2DC50C2F20000D6
:102E500080ED0C0A9B69C362136843625268826208
:102E60000A68C2614968016205F006FC099940F2EE
:102E70008C60C2F20000026840F26060C2F20000A2
:102E800005900261C969C16040F29061C2F200011F
:102E90000C9109789FED5A0A8DED070A05F062FE44
:102EA0000398099991ED060A40F27C51C2F20001A3
:102EB000069107F06DFC069A9DED070A0C9940F209
:102EC0008450C2F200000490002303611268C260C3
:102ED000097805F047FE049B0598069A9DED070AC0
:102EE0000C991B6A40F2A86CC2F2000CCDF828C005
:102EF000CCF80030036A40F2B050C2F200000890F3
:102F000003615268C260097805F02CFE089B099A9B
:102F10000A980B991B6A436092ED060A07F0BCFC05
:102F20000B9840F2BC11C2F20001B2EE080A07F0A1
:102F300027FD0C980078012839D1FFE740F2BC1139
:102F4000C2F2000191ED000A42F62C40C4F20100E9
:102F500090ED001AB8EE411A20EE010ABCEEC00A4C
:102F600042F63442C4F2010282ED000A91ED010AF8
:102F700090ED001AB8EE411A20EE010ABCEEC00A2C
:102F800042F63842C4F2010282ED000A91ED020AD3
:102F900090ED001AB8EE411A20EE010ABCEEC00A0C
:102FA00042F63C40C4F2010080ED000A17E042F610
:102FB0002C41C4F20101086842F63442C4F2010215
:102FC000002010600A6842F63842C4F20102106024
:102FD000096842F63C41C4F201010860FFE74FF086
:102FE00090401021012201F06BFD0EB080BD00BFAA
:102FF00000007A4400008045333353400000C8434A
:1030000017B7D13881B0009001B0704780B588B053
:10301000069040F20030C5F2000004F091FD0390EC
:103020000698006804F0B4FD20B1FFE702208DF897
:103030001F00E5E006980068C06800F000400490BA
:1030400006980068C06C10F4C07F0CD1FFE70498AC
:1030500048B9FFE70699C86D40F02000C865012017
:103060008DF81F00CCE0FFE7069890F85800012883
:1030700004D1FFE702208DF81F00C1E0069901206E
:1030800081F85800FFE7FFE70698FEF7ABFE8DF8E2
:1030900017009DF81700002840F0A680FFE706986B
:1030A000C06DC005002806D5FFE70699086E20F020
:1030B0000800086603E0069900200866FFE7069806
:1030C000C06D40F4805042F2010188430699C86502
:1030D0000698006840F20011C5F20001884204D150
:1030E000FFE74FF0A040029003E0069800680290CE
:1030F000FFE7029806990968884203D0FFE7039822
:1031000030B9FFE70699C86D20F48010C865FFE765
:103110000698016860200860FFE70699002081F8A2
:103120005800FFE706980068C0688002002807D5AD
:10313000FFE706980168486840F480604860FFE750
:103140000698806908280DD1FFE70698016848684D
:1031500020F02000486006980168486840F0400070
:1031600048600CE006980168486820F0400048601C
:1031700006980168486840F020004860FFE706981C
:10318000006840F20011C5F20001884204D1FFE757
:103190004FF0A040019003E0069800680190FFE71F
:1031A00001980699096888420BD0FFE7039840B15F
:1031B000FFE70398062804D0FFE7039807280CD1FF
:1031C000FFE70698006804F0D3FC28B9FFE70698EB
:1031D000006804F0F1FCFFE705E00699C86D40F4D3
:1031E0008010C865FFE706E0FFE70699002081F838
:1031F0005800FFE7FFE79DF817008DF81F00FFE775
:103200009DF81F0008B080BD81B0009001B07047EC
:1032100081B0009001B0704780B5A4B02290219198
:1032200000208DF883002198006808B1FFE7FFE7D0
:10323000FFE7229890F85800012804D1FFE7022008
:103240008DF88F009FE02299012081F85800FFE758
:10325000FFE700201B901C9022980068B0F1A04F5F
:1032600006D1FFE740F20010C5F20000049002E032
:1032700000200490FFE7049878B9FFE72299C86D11
:1032800040F02000C865FFE72299002081F858002F
:10329000FFE701208DF88F0075E0049804F0C2FC70
:1032A00003902298006804F0BDFC002857D1FFE786
:1032B0000398002853D1FFE740F20030C5F2000028
:1032C0001F902198006860B3FFE71F98806820F482
:1032D000604021994968229A92F8382041EA4231A7
:1032E00008431F9988604FF0A04004F083FC0290CF
:1032F00040F20010C5F2000004F07CFC0146029888
:10330000084368B9FFE71F98806840F61F7188433B
:10331000219A11689268114308431F998860FFE75A
:103320001CE01F99886820F4604088604FF0A0403E
:1033300004F060FC019040F20010C5F2000004F0BF
:1033400059FC01460198084338B9FFE71F9988687E
:1033500040F61F7290438860FFE7FFE708E022997C
:10336000C86D40F02000C86501208DF88300FFE79C
:10337000FFE72299002081F85800FFE79DF88300BD
:103380008DF88F00FFE79DF88F0024B080BD00000E
:1033900081B0009001B0704781B0009001B07047DB
:1033A00080B58EB00D9000200C900D9800680068DC
:1033B0000B900D98006840680A9040F20030C5F20A
:1033C000000004F0B5FB05909DF82C008007002854
:1033D0001AD5FFE79DF828008007002814D5FFE7DD
:1033E0000D98C06DC006002806D4FFE70D99C86D82
:1033F00040F40060C865FFE70D98FEF7D5FE0D9814
:10340000016802200860FFE79DF82C0040070028B3
:1034100006D5FFE70A9800F0040004280ED0FFE765
:103420009DF82C000007002840F19B80FFE79DF8E5
:1034300028000007002840F19480FFE70D98C06D38
:10344000C006002806D4FFE70D99C86D40F400704F
:10345000C865FFE70D98006804F0ECFB002878D001
:10346000FFE70D98006840F20011C5F200018842A4
:1034700004D1FFE74FF0A040049003E00D980068EE
:103480000490FFE704980D99096888420BD0FFE784
:10349000059840B1FFE70598052804D0FFE7059897
:1034A000092805D1FFE70D980068C068079016E06D
:1034B0000D98006840F20011C5F20001884204D165
:1034C000FFE74FF0A040039003E00D9800680390E1
:1034D000FFE7039806900698C0680790FFE70798F3
:1034E00000F40050B0F5005F32D0FFE70D9800689F
:1034F0000068000700282AD5FFE70D98006804F04F
:1035000089FBC0B9FFE70D980168486820F00C00FE
:1035100048600D99C86D20F48070C8650D98C06D25
:10352000C004002806D4FFE70D99C86D40F00100E3
:10353000C865FFE70AE00D99C86D40F01000C86546
:103540000D99086E40F001000866FFE7FFE7FFE70E
:10355000FFE70D98FFF71CFF0D9801680C2008602D
:10356000FFE79DF82C008006002806D5FFE70A98A3
:1035700000F0200020280ED0FFE79DF82C00400628
:10358000002840F1B280FFE79DF82800400600289F
:1035900040F1AB80FFE70D98C06DC006002806D44F
:1035A000FFE70D99C86D40F40050C865FFE70D981E
:1035B000006804F0F5FA09900D98006804F03AFBF1
:1035C00008900D98006840F20011C5F20001884291
:1035D00004D1FFE74FF0A040029003E00D9800688F
:1035E0000290FFE702980D99096888420BD0FFE727
:1035F000059840B1FFE70598062804D0FFE7059835
:10360000072805D1FFE70D980068C068079016E00D
:103610000D98006840F20011C5F20001884204D103
:10362000FFE74FF0A040019003E00D980068019083
:10363000FFE7019806900698C0680790FFE7099891
:1036400000284AD0FFE79DF81F00800700280AD510
:10365000FFE7089800283FD0FFE79DF81D0080068F
:10366000002839D4FFE70D9800680068400600285C
:1036700031D5FFE79DF81E00800600282AD4FFE719
:103680000D98006804F07CFAC0B9FFE70D98016856
:10369000486820F0600048600D99C86D20F48050A3
:1036A000C8650D98C06DC005002806D4FFE70D99C8
:1036B000C86D40F00100C865FFE70AE00D99C86DCC
:1036C00040F01000C8650D99086E40F001000866D2
:1036D000FFE7FFE7FFE7FFE7FFE70D98FFF748FA8F
:1036E0000D98016860200860FFE79DF82C00000637
:1036F000002813D5FFE79DF82800000600280DD507
:10370000FFE70D99C86D40F48030C8650D9800F052
:1037100029FA0D98016880200860FFE79DF82D00C8
:10372000C00798B1FFE79DF82900C00770B1FFE717
:103730000D99C86D40F40030C8650D98FFF764FD21
:103740000D9801684FF480700860FFE79DF82D0028
:103750008007002814D5FFE79DF82900800700287E
:103760000ED5FFE70D99C86D40F48020C8650D980F
:10377000FFF74EFD0D9801684FF400700860FFE7F9
:103780009DF82C00C00600283ED5FFE79DF82800D4
:10379000C006002838D5FFE70D98C06B18B9FFE7C1
:1037A00001200C9019E0059860B1FFE740F200306D
:1037B000C5F2000004F0B4F918B1FFE701200C9045
:1037C000FFE709E00D980068C068C00718B1FFE77F
:1037D00001200C90FFE7FFE7FFE70C9801280ED1CE
:1037E000FFE70D99C86D40F48060C8650D99086EBB
:1037F00040F0020008660D98FFF7CEFDFFE70D9838
:10380000016810200860FFE79DF82D0040070028A0
:1038100019D5FFE79DF829004007002813D5FFE7D9
:103820000D99C86D40F48040C8650D99086E40F050
:10383000080008660D9801684FF4806008600D98D4
:10384000FFF7E0FBFFE70EB080BD000080B588B059
:10385000069000208DF817000190069820B9FFE728
:1038600001208DF81F0079E10698406940B1FFE71B
:10387000069890F82400012801D1FFE7FFE7FFE751
:103880000698C06D50B9FFE7069800F06FF90699E9
:1038900000200866069981F85800FFE7069800683E
:1038A00004F098F928B1FFE70698006804F0FEF8E4
:1038B000FFE70698006804F0A5F9F0B9FFE706985D
:1038C000006804F00DF940F20C00C2F2000000683C
:1038D000800942F66351C0F23E51A0FB01108109FC
:1038E000022000EB41000190FFE7019820B1FFE7C3
:1038F000019801380190F8E7FFE70698006804F0A6
:1039000081F970B9FFE70699C86D40F01000C865ED
:103910000699086E40F00100086601208DF8170036
:10392000FFE70698006804F075F903900698C06DEB
:10393000C006002800F10481FFE70398002840F04A
:10394000FF80FFE70698C06D40F0020020F4807011
:103950000699C8650698006804F044F9D0B9FFE7F5
:103960004FF0A04004F03EF9009040F20010C5F284
:10397000000004F037F901460098084348B9FFE712
:103980000698416840F20030C5F2000004F094F956
:10399000FFE7FFE706994A7FC86B40EA42308A6832
:1039A000CB681843104391F8241040EA014004907A
:1039B000069890F8240001280BD1FFE70698816A49
:1039C0000020CFF6FE7000EB4141049808430490BC
:1039D000FFE70698C06A50B1FFE70699C86A096B0D
:1039E00000F478700143049808430490FFE70698B8
:1039F0000068C06844F20701CFF6F07108400499EE
:103A0000084306990968C86006980068006920F0B4
:103A10004060069A1168526B10430861069800686E
:103A200004F0AEF802900398002868D1FFE70298EE
:103A3000002864D1FFE70699087F91F838108003C9
:103A400040EA4100049006980068C06844F2020110
:103A500088430499084306990968C8600698006974
:103A6000A0B1FFE706980168086940F4803008615A
:103A700006980068D0F8C00043F6FF718843069AA4
:103A8000116812691043C1F8C00011E0069801687E
:103A9000086920F48030086106980068D0F8C000FA
:103AA00043F6FF71884306990968C1F8C000FFE733
:103AB000069890F84000012819D1FFE706980068A1
:103AC000006940F2FD7120EA0102069B1968586CFA
:103AD000D3F848E0D3F84CC040EA0E0040EA0C00AE
:103AE0001B6D1843104340F00100086106E0069882
:103AF0000168086920F001000861FFE7FFE7069808
:103B0000406901280CD1FFE706980068006B20F09F
:103B10000F00069A1168126A013A1043086306E022
:103B200006980168086B20F00F000863FFE706980D
:103B3000C06D40F0010020F002000699C86508E061
:103B40000699C86D40F01000C86501208DF8170077
:103B5000FFE79DF817008DF81F00FFE79DF81F0095
:103B600008B080BD81B0009001B0704780B59CB0B6
:103B70001B9000201A90199018901790169005A885
:103B80004421FCF77BFC1B980068B0F1A04F45D1A5
:103B9000FFE74FF4004005904FF00050149005A847
:103BA00001F046F918B1FFE7FEF79EFAFFE7FFE7DD
:103BB00041F24C00C4F20200016841F4005101607E
:103BC000006800F4005004900498FFE7FFE741F21A
:103BD0004C00C4F20200016841F00201016000687B
:103BE00000F0020003900398FFE741F603001690EF
:103BF0000320179000200190189040F20040C4F676
:103C0000000016A900F090FD019A122002901146C2
:103C100001F00AF8029800F0FDFFFFE71CB080BD3C
:103C200082B0019000208DF80300019890F82500E3
:103C3000022807D0FFE701990420C86301208DF80E
:103C400003002DE001980168086820F00E0008606C
:103C50000198816C086820F4807008600198016800
:103C6000086820F0010008600198016C406C00F0C9
:103C70001F020120904048600198C16C006D4860AF
:103C80000198406D58B1FFE70198416D086820F434
:103C9000807008600198816DC06D4860FFE7FFE7A4
:103CA0000199012081F82500FFE70199002081F8A2
:103CB0002400FFE79DF8030002B0704780B582B092
:103CC000019000208DF80300019890F8250002284B
:103CD00011D0FFE701990420C8630199012081F800
:103CE0002500FFE70199002081F82400FFE701206B
:103CF0008DF803003FE001980168086820F00E008D
:103D0000086001980168086820F0010008600198C7
:103D1000816C086820F4807008600198016C406C28
:103D200000F01F020120904048600198C16C006DB6
:103D300048600198406D58B1FFE70198416D0868EF
:103D400020F4807008600198816DC06D4860FFE7C5
:103D50000199012081F82500FFE70199002081F8F1
:103D60002400FFE70198806B20B1FFE70198816B89
:103D70008847FFE7FFE79DF8030002B080BD000021
:103D800080B584B003900398006C0068029003989B
:103D900000680068019002980399496C01F01F01C6
:103DA000C8404007002825D5FFE79DF804004007DC
:103DB00000281FD5FFE703980068006880060028E8
:103DC00007D4FFE703980168086820F00400086042
:103DD000FFE70398016C406C00F01F020420904044
:103DE00048600398006B20B1FFE70398016B884798
:103DF000FFE76EE002980399496C01F01F01C8408B
:103E0000800700282FD5FFE79DF8040080070028D1
:103E100029D5FFE7039800680068800600280BD4C6
:103E2000FFE703980168086820F00A00086003991A
:103E3000012081F82500FFE70398016C406C00F039
:103E40001F02022090404860FFE70399002081F89C
:103E50002400FFE70398C06A20B1FFE70398C16A16
:103E60008847FFE734E002980399496C01F01F018D
:103E7000C8400007002829D5FFE79DF80400000787
:103E8000002823D5FFE703980168086820F00E009A
:103E900008600398026C406C00F01F01012000FADA
:103EA00001F151600399C863039981F82500FFE788
:103EB0000399002081F82400FFE70398406B20B1AC
:103EC000FFE70398416B8847FFE700E0FFE7FFE764
:103ED000FFE704B080BD000080B584B00290029876
:103EE00020B9FFE701208DF80F009CE002980068E0
:103EF00040F20741C4F20201884218D8FFE7029954
:103F000008684FF6F872CBF6FD7210444CF6CD42BD
:103F1000CCF6CC42A0FB02026FF0030000EA920054
:103F2000486402990020C4F20200086418E0029973
:103F300008684FF6F832CBF6FD7210444CF6CD42CD
:103F4000CCF6CC42A0FB02026FF0030000EA920024
:103F50004864029940F20040C4F202000864FFE79E
:103F60000299022081F825000298006800680190FB
:103F7000019847F6F0718843019002998868D1F85A
:103F80000CC00B694A6940EA0C00184310438A6967
:103F90001043CA691043096A01430198084301901C
:103FA00001980299096808600298FDF7B5FF029828
:103FB0008068B0F5804F04D1FFE702990020486087
:103FC000FFE702990879896C08600298C16C006D5E
:103FD00048600298406888B1FFE70298406804286A
:103FE0000CD8FFE70298FDF7D1FF0298416D002041
:103FF00008600298816DC06D486007E0029900205A
:104000004865029988650299C865FFE70299002012
:10401000C863029A012182F82510029981F82400D0
:104020008DF80F00FFE79DF80F0004B080BD000081
:1040300080B584B0039000F059FD02900398019080
:104040000198013048B1FFE740F21000C2F20000D1
:104050000168019808440190FFE7FFE700F046FD82
:104060000299401A0199884201D2FFE7F6E704B0AD
:1040700080BD000081B0009001B0704782B0019017
:10408000009102B07047000081B0009001B070470D
:1040900080B58AB0099009980068006D00F4E0507E
:1040A000089009980068416D0898084008900998A0
:1040B0000068006D00F00700079009980068416DE6
:1040C00007980840079009980068006D00F03800D4
:1040D000069009980068416D069808400690099876
:1040E0000068006D00F47100059009980068416D4A
:1040F00005980840059009980068006D00F460205C
:10410000049009980068416D04980840049009984B
:104110000068406D019009980068006D00909DF85E
:10412000000000F040010020B0EB911F12D0FFE72B
:104130009DF8040000F040010020B0EB911F08D072
:10414000FFE709980168402008650998FFF79CFF80
:10415000FFE7FFE79DF80100C007E0B1FFE79DF82A
:104160000500C007B0B1FFE709980068D0F8D80093
:10417000029009980068D0F8E01002980840029078
:10418000099801684FF4807008650998029900F059
:10419000B5FAFFE7FFE7089848B1FFE708980999E3
:1041A000096808650998089900F0B4FAFFE70798CC
:1041B00048B1FFE7079809990968086509980799C0
:1041C00000F088FAFFE7069848B1FFE706980999DA
:1041D000096808650998069900F082FAFFE79DF8DA
:1041E000010000F002010020B0EB510F13D0FFE7F7
:1041F0009DF8050000F002010020B0EB510F09D03E
:10420000FFE7099801684FF400700865099800F00D
:1042100087FAFFE7FFE79DF800100020B0EBD11F01
:104220001DD0FFE79DF804100020B0EBD11F15D082
:10423000FFE709980068D0F8D40003900998006857
:10424000D0F8DC100398084003900998016880209A
:1042500008650998039900F057FAFFE7FFE79DF812
:10426000010000F020010020B0EB511F13D0FFE748
:104270009DF8050000F020010020B0EB511F09D08F
:10428000FFE7099801684FF400500865099800F0AD
:1042900031FAFFE7FFE79DF801100020B0EBD11FD6
:1042A00011D0FFE79DF805100020B0EBD11F09D019
:1042B000FFE7099801684FF400400865099800F08D
:1042C00015FAFFE7FFE79DF8010000F0400100202C
:1042D000B0EB911F15D0FFE79DF8050000F04001FD
:1042E0000020B0EB911F0BD0FFE7099801684FF455
:1042F000804008650999086E40F080000866FFE775
:10430000FFE7049848B1FFE7049809990968086530
:1043100009980499FFF7B2FEFFE7059850B1FFE74F
:104320000598099909680865059A0999086E104366
:104330000866FFE70998006E20B1FFE70998FFF7CC
:1043400099FEFFE70AB080BD80B584B00290029864
:1043500020B9FFE701208DF80F0057E102980068AF
:1043600046F20041C4F20001884201D1FFE7FFE7B5
:1043700002988068B0F5407F01D1FFE7FFE702981F
:1043800090F85C0040B9FFE70299002081F85D00D9
:10439000029800F03FF9FFE702980168886920F071
:1043A0001000886100F0A2FB0190FFE7029800680E
:1043B00080690007002815D5FFE700F097FB0199F9
:1043C000401A0B280DD3FFE70299086E40F0010058
:1043D00008660299032081F85C0001208DF80F0027
:1043E00014E1E3E702980168886940F00100886100
:1043F00000F07CFB0190FFE7029800688069C0072D
:10440000A8B9FFE700F072FB0199401A0B280DD301
:10441000FFE70299086E40F0010008660299032048
:1044200081F85C0001208DF80F00EFE0E4E70298CE
:104430000168886940F0020088610298006846F2CD
:104440000041C4F20001884208D1FFE702984068A9
:1044500046F20051C4F200010860FFE70298007CB8
:10446000012807D1FFE702980168886920F0400021
:10447000886106E002980168886940F04000886120
:10448000FFE70298407C012807D1FFE70298016806
:10449000886940F48040886106E002980168886974
:1044A00020F480408861FFE70298807C012807D1D2
:1044B000FFE702980168886920F48050886106E06F
:1044C00002980168886940F480508861FFE702988B
:1044D0000068806920F44070029A11689268104365
:1044E000886102980168886920F0A40088610298B8
:1044F0000168086920F0100008610298C06801286E
:1045000007D1FFE702980168886940F004008861DC
:104510002BE00298C06830B3FFE70298C068022819
:1045200019D0FFE702980168886940F0800088612F
:1045300002980168086940F0100008610298C0689C
:10454000032807D1FFE702980168886940F020003E
:104550008861FFE706E002980168886940F0200062
:104560008861FFE700E0FFE7FFE7029A11685369FF
:104570009069D2F81CE0A0F1010C6FF0FF0000EB95
:104580000E2040EA4C60126A013A10430022CFF636
:10459000FF7202EB03421043C86102988068B0F5D5
:1045A000407F1CD1FFE7029A1168536A906AD2F8E3
:1045B0002CE001386FF0FF0C0CEB0E2C40EA0C00E5
:1045C000D2F830C06FF00F0202EB0C121043002241
:1045D000CFF6FF7202EB03421043C860FFE7029878
:1045E0000168C26BD1F8C0001043C1F8C000029846
:1045F000FDF78AFD02990020886502990866029AF3
:10460000012182F85C108DF80F00FFE79DF80F0084
:1046100004B080BD80B59CB01B9000201A9019900A
:1046200018901790169005A84421FBF727FF1B98B8
:10463000006846F20041C4F20001884248D1FFE719
:104640004FF4805005904FF00070119005A800F0D5
:10465000EFFB18B1FFE7FDF747FDFFE7FFE741F28A
:104660005800C4F20200016841F000710160006866
:1046700000F0007004900498FFE7FFE741F24C005F
:10468000C4F20200016841F002010160006800F01C
:10469000020003900398FFE74FF440701690022049
:1046A0001790002001901890199009201A9040F25C
:1046B0000040C4F6000016A900F036F8019A152053
:1046C0000290012100F0B0FA029800F0A3FAFFE78F
:1046D0001CB080BD82B00190009102B07047000014
:1046E00082B00190009102B07047000081B000904C
:1046F00001B0704781B0009001B0704782B0019066
:10470000009102B07047000082B00190009102B0A9
:104710007047000082B00190009102B07047000025
:1047200081B0009001B070478BB00A9009910020D1
:104730000890FFE7099800680899C840002800F031
:10474000A581FFE709980068089A01219140084077
:1047500007900798002800F09581FFE709984068C6
:1047600000F00300012807D0FFE70998406800F037
:10477000030002282FD1FFE70A9880680690089866
:104780004100032000FA01F1069888430690099839
:10479000C0680899490000FA01F10698084306909C
:1047A00006980A9988600A9840680690089901203E
:1047B00000FA01F106988843069009984068C0F312
:1047C0000010089900FA01F106980843069006982F
:1047D0000A994860FFE70998406800F00300032841
:1047E00018D0FFE70A98C068069008984100032097
:1047F00000FA01F1069888430690099880680899A4
:10480000490000FA01F106980843069006980A99B3
:10481000C860FFE70998406800F00300022826D12D
:10482000FFE70A9808996FF0030202EA5101084471
:10483000006A0690089800F0070081000F2000FA37
:1048400001F106988843069009980069089901F0DB
:104850000701890000FA01F10698084306900698BE
:104860000A99089B02EA530211440862FFE70A987A
:104870000068069008984100032000FA01F10698AC
:10488000884306900998406800F0030008994900A1
:1048900000FA01F106980843069006980A99086004
:1048A000099880798007002800F0EB80FFE7FFE798
:1048B00041F26000C4F20200016841F001010160B0
:1048C000006800F0010005900598FFE7089820F0C7
:1048D00003000821C4F2010140580690089800F036
:1048E000030081000F2000FA01F10698884306902A
:1048F0000A98B0F1904F03D1FFE70020049042E006
:104900000A9840F20041C4F60001884203D1FFE753
:104910000120039034E00A9840F60001C4F600013B
:10492000884203D1FFE70220029026E00A9840F671
:104930000041C4F60001884203D1FFE70320019043
:1049400018E00A9841F20001C4F60001884203D140
:10495000FFE7042000900AE00A9941F20042C4F601
:1049600000020620914208BF05200090FFE7009852
:104970000190FFE701980290FFE702980390FFE79C
:1049800003980490FFE70498089901F00301890057
:1049900000FA01F10698084306900698089921F05C
:1049A00003010822C4F20102885040F20840C4F218
:1049B00001000068069007990698884306900998B8
:1049C0008079C006002805D5FFE7079906980843B7
:1049D0000690FFE7069840F20841C4F20101086022
:1049E00040F20C40C4F20100006806900799069856
:1049F00088430690099880798006002805D5FFE74E
:104A00000799069808430690FFE7069840F20C4184
:104A1000C4F20101086040F20440C4F201000068E1
:104A20000690079906988843069009988079800730
:104A3000002805D5FFE70799069808430690FFE789
:104A4000069840F20441C4F20101086040F20040BF
:104A5000C4F2010000680690079906988843069002
:104A600009988079C00728B1FFE70799069808439D
:104A70000690FFE7069840F20041C4F20101086089
:104A8000FFE7FFE708980130089053E60BB0704746
:104A900082B00190ADF8021001980069BDF80210D3
:104AA000084204D0FFE701208DF8010003E0002058
:104AB0008DF80100FFE79DF8010002B0704700008B
:104AC00082B00190ADF802108DF801209DF8010030
:104AD00028B1FFE7BDF802000199886104E0BDF844
:104AE000020001998862FFE702B0704740F2B060AF
:104AF000C2F200000068704740F21000C2F20000ED
:104B0000026840F2B061C2F2000108681044086017
:104B10007047000080B582B000208DF807000320A8
:104B200000F09AF80F2000F00DF820B1FFE7012007
:104B30008DF8070002E000F049F8FFE79DF8070054
:104B400002B080BD80B582B0019000208DF80300D6
:104B500040F21000C2F20000006878B3FFE740F2B4
:104B60000C00C2F20000006840F21001C2F2000125
:104B70000A684FF47A71B1FBF2F1B0FBF1F001F089
:104B8000A1F9B0B9FFE701980F280DD8FFE7019907
:104B90004FF0FF30002200F047F8019840F2140176
:104BA000C2F20001086003E001208DF80300FFE776
:104BB00003E001208DF80300FFE703E001208DF8FA
:104BC0000300FFE79DF8030002B080BD80B582B00E
:104BD000FFE741F26000C4F20200016841F0010108
:104BE0000160006800F0010001900198FFE7FFE715
:104BF00041F25800C4F20200016841F080510160A6
:104C0000006800F0805000900098FFE700F006F97F
:104C100002B080BD80B582B08DF807009DF9070015
:104C200005F004FD02B080BD80B586B08DF8170098
:104C30000491039205F012FD02909DF91700019076
:104C400002980499039A03F09FFC0146019805F02D
:104C50000DFD06B080BD000080B582B001900198C6
:104C600005F026FD02B080BD85B0039003980028B2
:104C70005ED1FFE747F20000C4F20000006800F4D4
:104C8000C060B0F5806F49D1FFE747F28001C4F200
:104C90000001086820F48070086047F20002C4F246
:104CA00000021168012060F34A21116040F20C01FA
:104CB000C2F200010968322251434DF68362C4F208
:104CC0001B32A1FB022100EB91400290FFE747F26B
:104CD0001400C4F200000168002049050029019079
:104CE00006D5FFE70298002818BF01200190FFE7D2
:104CF0000198C00720B1FFE7029801380290E6E76B
:104D000047F21400C4F2000000684005002804D5F2
:104D1000FFE703208DF813007CE008E047F28001F4
:104D2000C4F20001086820F480700860FFE76DE0BD
:104D30000398B0F5007F5ED1FFE747F20000C4F2B0
:104D40000000006800F4C060B0F5806F49D1FFE753
:104D500047F28001C4F20001086840F480700860E6
:104D600047F20002C4F200021168012060F34A21F8
:104D7000116040F20C01C2F2000109683222514375
:104D80004DF68362C4F21B32A1FB022100EB91407D
:104D90000290FFE747F21400C4F20000016800200F
:104DA00049050029009006D5FFE70298002818BFA2
:104DB00001200090FFE70098C00720B1FFE70298AC
:104DC00001380290E6E747F21400C4F200000068E0
:104DD0004005002804D5FFE703208DF8130019E0F3
:104DE00008E047F28001C4F20001086840F48070D6
:104DF0000860FFE709E047F20001C4F2000108681B
:104E0000022262F34A200860FFE7FFE700208DF8E6
:104E10001300FFE79DF8130005B0704747F2080143
:104E2000C4F20001086840F4804008607047000048
:104E300080B586B0059000208DF80B008DF80A0033
:104E4000059880780007002840F1B580FFE7002032
:104E50008DF8090041F25800C4F202000068C00059
:104E6000002813D4FFE7FFE741F25800C4F2020024
:104E7000016841F080510160006800F080500190AD
:104E80000198FFE701208DF80900FFE747F20001D4
:104E9000C4F20001086840F480700860FFF726FE45
:104EA0000390FFE747F20000C4F200000068C0056D
:104EB00000280CD4FFE7FFF719FE0399401A0328D6
:104EC00004D3FFE703208DF80B0000E0EAE79DF82C
:104ED0000B0000285BD1FFE741F29000C4F2020012
:104EE000006800F4407004900498C8B1FFE704988B
:104EF0000599096C884213D0FFE741F29001C4F292
:104F00000201086820F440700490086840F4803082
:104F10000860086820F48030086004980860FFE7A3
:104F20009DF81000C007E0B1FFE7FFF7DFFD039039
:104F3000FFE741F29000C4F20200006880070028F9
:104F40000ED4FFE7FFF7D2FD0399401A41F28931F1
:104F5000884204D3FFE703208DF80B0000E0E8E768
:104F6000FFE79DF80B0060B9FFE741F29001C4F242
:104F70000201086820F44070059A126C1043086022
:104F800004E09DF80B008DF80A00FFE704E09DF8AF
:104F90000B008DF80A00FFE79DF80900012809D1F0
:104FA000FFE741F25801C4F20201086820F0805086
:104FB0000860FFE7FFE705980078C00760B1FFE7EA
:104FC00041F28801C4F20201086820F00300059A4A
:104FD000526810430860FFE70598007880070028B2
:104FE0000CD5FFE741F28801C4F20201086820F005
:104FF0000C00059A926810430860FFE70598007856
:10500000400700280CD5FFE741F28801C4F20201F5
:10501000086820F03000059AD26810430860FFE766
:1050200005980078000700280CD5FFE741F28801B9
:10503000C4F20201086820F0C000059A126910430A
:105040000860FFE705980078800600280CD5FFE788
:1050500041F28801C4F20201086820F44060059A18
:10506000526910430860FFE7059800784006002861
:105070000CD5FFE741F28801C4F20201086820F470
:105080004050059A926910430860FFE70598007840
:10509000000600280CD5FFE741F28801C4F20201A6
:1050A000086820F44040059AD26910430860FFE781
:1050B00005984078C00760B1FFE741F28801C4F26B
:1050C0000201086820F44030059A126A1043086013
:1050D000FFE705984078800700280CD5FFE741F2EC
:1050E0008801C4F20201086820F44020059A526A3F
:1050F00010430860FFE705984078400700281BD55B
:10510000FFE741F28801C4F20201086820F4401070
:10511000059A926A104308600598806AB0F5801F6E
:1051200009D1FFE741F20C01C4F20201086840F422
:1051300080100860FFE7FFE7059840780007002827
:105140001BD5FFE741F28801C4F20201086820F490
:105150004000059AD26A104308600598C06AB0F50D
:10516000800F09D1FFE741F20C01C4F20201086887
:1051700040F480100860FFE7FFE705984078C0061C
:1051800000281BD5FFE741F28801C4F2020108683C
:1051900020F04070059A126B104308600598006B70
:1051A000B0F1807F09D1FFE741F20C01C4F20201A6
:1051B000086840F480100860FFE7FFE70598407832
:1051C000800600281BD5FFE741F28801C4F20201E6
:1051D000086820F04060059A526B104308600598FB
:1051E000406BB0F1006F09D1FFE741F20C01C4F24E
:1051F0000201086840F480100860FFE7FFE70598A7
:105200004078400600281BD5FFE741F28801C4F230
:105210000201086820F04060059A926B1043086014
:105220000598806BB0F1006F09D1FFE741F20C01E6
:10523000C4F20201086840F480100860FFE7FFE74D
:1052400005984078000600281BD5FFE741F2880149
:10525000C4F20201086820F04050059AD26B104356
:1052600008600598C06BB0F1805F09D1FFE741F29B
:105270000C01C4F20201086840F480300860FFE7C6
:10528000FFE79DF80A0006B080BD000080B586B03B
:105290000490039100200090049820B9FFE70120BA
:1052A0008DF8170081E1039842F20001C4F2020177
:1052B000096801F00F01884216D9FFE742F20000A9
:1052C000C4F20200016821F00F01039A114301604A
:1052D000006800F00F000399884204D0FFE7012026
:1052E0008DF8170061E1FFE704980078C0070028F7
:1052F00000F0A380FFE704984068032839D1FFE756
:1053000041F20000C4F2020000688001002804D4C9
:10531000FFE701208DF8170047E103F0BDFC019085
:1053200001984BF20141C0F2C441884220D3FFE70B
:1053300041F20800C4F20200006810F0F00F0AD039
:10534000FFE7049800788007002810D5FFE704984D
:10535000806860B9FFE741F20801C4F20201086801
:10536000082262F30710086080200090FFE7FFE743
:1053700038E00498406802280ED1FFE741F20000AF
:10538000C4F2020000688003002804D4FFE7012073
:105390008DF8170009E10DE041F20000C4F20200AF
:1053A00000684005002804D4FFE701208DF81700AD
:1053B000FBE0FFE700F02CF9019001984BF201416E
:1053C000C0F2C44188420CD3FFE741F20801C4F2A5
:1053D00002010868082262F307100860802000902C
:1053E000FFE7FFE741F20801C4F20201086820F07C
:1053F0000300049A526810430860FFF777FB02909D
:10540000FFE741F20800C4F20200006800F00C005F
:1054100004994968B0EB810F0ED0FFE7FFF766FBF8
:105420000299401A41F28931884204D3FFE70320F0
:105430008DF81700B9E0E4E7FFE7049800788007EB
:1054400000282CD5FFE7049800784007002809D5EC
:10545000FFE741F20801C4F20201086840F4E0608D
:105460000860FFE704980078000700280BD5FFE7E5
:1054700041F20801C4F20201086840F4E06020F43F
:1054800060500860FFE741F20801C4F202010868B9
:1054900020F0F000049A9268104308600DE0009834
:1054A000802809D1FFE741F20801C4F2020108682F
:1054B00020F0F0000860FFE7FFE7039842F20001E8
:1054C000C4F20201096801F00F01884228D2FFE707
:1054D00042F20001C4F20201086820F00F00039AB2
:1054E00010430860FFF702FB0290FFE742F2000062
:1054F000C4F20200006800F00F00039988420ED049
:10550000FFE7FFF7F3FA0299401A41F28931884226
:1055100004D3FFE703208DF8170046E0E6E7FFE736
:1055200004980078400700280CD5FFE741F20801F5
:10553000C4F20201086820F4E060049AD2681043C3
:105540000860FFE704980078000700280DD5FFE702
:1055500041F20801C4F20201086820F46050049A84
:10556000126940EAC2000860FFE700F051F841F21A
:105570000801C4F202010968C9B20A094CF2E471D7
:10558000C0F60001895C01F01F01C84040F20C0127
:10559000C2F20001086040F21400C2F2000000688C
:1055A000FFF7D0FA8DF81700FFE79DF8170006B057
:1055B00080BD000040F20C00C2F20000006870479D
:1055C00080B5FFF7F7FF41F20801C4F20201096854
:1055D000C1F302224CF2F471C0F60001895C01F0C3
:1055E0001F01C84080BD000080B5FFF7E3FF41F216
:1055F0000801C4F202010968C1F3C2224CF2F4713D
:10560000C0F60001895C01F01F01C84080BD0000A8
:1056100086B041F20800C4F20200006800F00C00FD
:10562000042806D1FFE742F20040C0F2F4000190E6
:1056300069E041F20800C4F20200006800F00C00CA
:10564000082806D1FFE741F20020C0F27A0001905D
:1056500058E041F20800C4F20200006800F00C00BB
:105660000C284BD1FFE741F20C00C4F202000168A4
:1056700001F0030104910068C1B2012000EB111098
:10568000029004980090022815D0FFE700980328A4
:1056900012D1FFE7029941F20020C0F27A00B0FB7C
:1056A000F1F041F20C01C4F202010968C1F30621D4
:1056B0004843059011E0FFE7029942F20040C0F232
:1056C000F400B0FBF1F041F20C01C4F202010968F0
:1056D000C1F3062148430590FFE741F20C00C4F2F4
:1056E0000200006800F0C061022000EB116003902E
:1056F00005980399B0FBF1F0019002E000200190C1
:10570000FFE7FFE7FFE7019806B07047B0B588B044
:105710000690069820B9FFE701208DF81F00CCE322
:1057200006980078C007002800F09B80FFE741F250
:105730000800C4F20200006800F00C00049041F27E
:105740000C00C4F20200006800F00300039004980B
:105750000C2804D1FFE70398032804D0FFE704983E
:10576000082812D1FFE741F20000C4F202000068ED
:105770008003002808D5FFE70698406820B9FFE7B6
:1057800001208DF81F0098E36AE0FFE70698406863
:10579000B0F5803F09D1FFE741F20001C4F20201F8
:1057A000086840F48030086020E006984068B0F552
:1057B000A02F0DD1FFE741F20001C4F202010868F9
:1057C00040F480200860086840F4803008600CE0F5
:1057D00041F20001C4F20201086820F48030086040
:1057E000086820F480200860FFE7FFE7FFE70698DD
:1057F0004068D0B1FFE7FFF779F90590FFE741F284
:105800000000C4F202000068800300280CD4FFE707
:10581000FFF76CF90599401A652804D3FFE70320C8
:105820008DF81F0049E3EAE719E0FFF75FF90590FB
:10583000FFE741F20000C4F2020000688003002884
:105840000CD5FFE7FFF752F90599401A652804D3F4
:10585000FFE703208DF81F002FE3EAE7FFE7FFE7EC
:10586000FFE7069800788007002840F19F80FFE757
:1058700041F20800C4F20200006800F00C0004903D
:1058800041F20C00C4F20200006800F00300039033
:1058900004980C2804D1FFE70398022804D0FFE7FE
:1058A000049804282CD1FFE741F20000C4F2020062
:1058B00000684005002808D5FFE70698C06820B9B1
:1058C000FFE701208DF81F00F7E241F20401C4F266
:1058D0000201086820F0FE40069A126940EA026060
:1058E000086040F21400C2F200000068FFF72AF9D5
:1058F00020B1FFE701208DF81F00DEE2FFE754E052
:105900000698C06870B3FFE741F20001C4F20201DB
:10591000086840F480700860FFF7E8F80590FFE73A
:1059200041F20000C4F202000068400500280CD4D7
:10593000FFE7FFF7DBF80599401A032804D3FFE7D8
:1059400003208DF81F00B8E2EAE741F20401C4F237
:105950000201086820F0FE40069A126940EA0260DF
:10596000086021E041F20001C4F20201086820F45D
:1059700080700860FFF7BAF80590FFE741F2000079
:10598000C4F202000068400500280CD5FFE7FFF7CD
:10599000ADF80599401A032804D3FFE703208DF8DA
:1059A0001F008AE2EAE7FFE7FFE7FFE706980078D3
:1059B0000007002849D5FFE70698406910B3FFE7C4
:1059C00041F29401C4F20201086840F0010008604D
:1059D000FFF78CF80590FFE741F29400C4F2020053
:1059E0000068800700280CD4FFE7FFF77FF80599CF
:1059F000401A032804D3FFE703208DF81F005CE260
:105A0000EAE721E041F29401C4F20201086820F0C3
:105A100001000860FFF76AF80590FFE741F2940083
:105A2000C4F202000068800700280CD5FFE7FFF7EA
:105A30005DF80599401A032804D3FFE703208DF889
:105A40001F003AE2EAE7FFE7FFE706980078400721
:105A5000002840F1C680FFE700208DF80B0041F2DE
:105A60005800C4F202000068C000002813D4FFE709
:105A7000FFE741F25800C4F20200016841F0805192
:105A80000160006800F0805001900198FFE701205C
:105A90008DF80B00FFE747F20000C4F20000006839
:105AA000C005002822D4FFE747F20001C4F200013C
:105AB000086840F480700860FFF718F80590FFE769
:105AC00047F20000C4F200000068C00500280CD4B2
:105AD000FFE7FFF70BF80599401A032804D3FFE707
:105AE00003208DF81F00E8E1EAE7FFE7FFE70698EB
:105AF0008068012809D1FFE741F29001C4F2020158
:105B0000086840F0010008601FE0069880680528DA
:105B10000DD1FFE741F29001C4F20201086840F0A4
:105B200004000860086840F0010008600CE041F2E1
:105B30009001C4F20201086820F0010008600868C2
:105B400020F004000860FFE7FFE7FFE706988068A1
:105B5000E0B1FFE7FEF7CAFF0590FFE741F29000D2
:105B6000C4F202000068800700280ED4FFE7FEF7A9
:105B7000BDFF0599401A41F28931884204D3FFE7FD
:105B800003208DF81F0098E1E8E71BE0FEF7AEFF69
:105B90000590FFE741F29000C4F202000068800720
:105BA00000280ED5FFE7FEF7A1FF0599401A41F244
:105BB0008931884204D3FFE703208DF81F007CE180
:105BC000E8E7FFE79DF80B00012809D1FFE741F264
:105BD0005801C4F20201086820F080500860FFE715
:105BE000FFE7069800788006002849D5FFE7069869
:105BF000806910B3FFE741F29801C4F2020108681E
:105C000040F001000860FEF771FF0590FFE741F2E8
:105C10009800C4F202000068800700280CD4FFE757
:105C2000FEF764FF0599401A032804D3FFE7032019
:105C30008DF81F0041E1EAE721E041F29801C4F24A
:105C40000201086820F001000860FEF74FFF059090
:105C5000FFE741F29800C4F20200006880070028C4
:105C60000CD5FFE7FEF742FF0599401A032804D33D
:105C7000FFE703208DF81F001FE1EAE7FFE7FFE7DA
:105C80000698C069002800F01481FFE741F208007F
:105C9000C4F20200006800F00C000C2800F0B08094
:105CA000FFE70698C06902287CD1FFE741F20001B6
:105CB000C4F20201086820F080700860FEF716FF49
:105CC0000590FFE741F20000C4F202000068800185
:105CD00000280CD5FFE7FEF709FF0599401A0328B5
:105CE00004D3FFE703208DF81F00E6E0EAE741F266
:105CF0000C01C4F20201086848F20C02C0F29F12C3
:105D00001040DDF818C0DCF82020DCF82450DCF866
:105D100028E0DCF82C306FF00F0404EB051422436C
:105D200042EA0E22DCF8304040F2000ECFF6E07E70
:105D30000EEA045EAEF5001E42EA0E02DCF834E024
:105D40004FF07E4C0CEA0E6C0CF17E4C42EA0C02D9
:105D500042EAC3621043086041F20002C4F2020248
:105D6000106840F080701060086840F08070086033
:105D7000FEF7BCFE0590FFE741F20000C4F202000E
:105D80000068800100280CD4FFE7FEF7AFFE0599FC
:105D9000401A032804D3FFE703208DF81F008CE08E
:105DA000EAE72CE041F20001C4F20201086820F0A9
:105DB00080700860FEF79AFE0590FFE741F2000050
:105DC000C4F202000068800100280CD5FFE7FEF74E
:105DD0008DFE0599401A032804D3FFE703208DF8B0
:105DE0001F006AE0EAE741F20C01C4F20201086810
:105DF0004FF6FC72CFF6EE6210400860FFE757E006
:105E00000698C069012804D1FFE701208DF81F0022
:105E100053E041F20C00C4F20200006803900398C2
:105E200000F003000699096A88423BD1FFE7039816
:105E300000F0F00006994A6A6FF00F0101EB0211C1
:105E400088422FD1FFE7039800F4FE400699896A43
:105E5000B0EB012F26D1FFE7039800F078400699B8
:105E6000C96AB0EBC16F1DD1FFE7039800F4C00011
:105E700006990A6B0021CFF6E07101EA0251A1F503
:105E8000001188420ED1FFE7039800F0C060069928
:105E90004A6B4FF07E4101EA026101F17E41884286
:105EA00004D0FFE701208DF81F0006E0FFE7FFE7C1
:105EB000FFE700208DF81F00FFE79DF81F0008B0E6
:105EC000B0BD000080B582B00190019802F034FFAF
:105ED00002B080BD81B0009001B0704781B00090E9
:105EE00001B0704781B0009001B0704784B002905B
:105EF000019100200090FFE7029890F83C000128F3
:105F000004D1FFE702208DF80F0083E00299012001
:105F100081F83C00FFE7FFE7009820F0FF000199BF
:105F2000C96808430090009820F44070019989687E
:105F300008430090009820F4806001994968084364
:105F40000090009820F400600199096808430090CF
:105F5000009820F480500199096908430090009846
:105F600020F400500199496908430090009820F4FA
:105F700080400199096B08430090009820F470203C
:105F80000199896940EA01400090009820F0805012
:105F90000199C969084300900298006842F60041DF
:105FA000C4F20101884209D0FFE70298006843F279
:105FB0000041C4F2010188421ED1FFE7009820F49D
:105FC00070000199896A40EA01500090009820F021
:105FD00080700199096A08430090009820F00070D1
:105FE0000199496A08430090009820F000500199F7
:105FF000C96A08430090FFE700980299096848645D
:10600000FFE70299002081F83C00FFE700208DF8AF
:106010000F00FFE79DF80F0004B0704781B00090BB
:1060200001B0704781B0009001B0704781B000901E
:1060300001B0704785B003900291FFE7039890F894
:106040003C00012804D1FFE702208DF813008CE00A
:106050000399012081F83C00FFE7FFE70399022044
:1060600081F83D000398006840680190039800683B
:10607000806800900398006842F60041C4F2010174
:10608000884209D0FFE70398006843F20041C4F258
:10609000010188420AD1FFE7019820F470000190C5
:1060A00002984168019808430190FFE701984FF674
:1060B0008F71CFF6FF510840019002980168019856
:1060C00008430190019803990968486003980068A3
:1060D00042F60041C4F2010188422AD0FFE703984A
:1060E0000068B0F1804F24D0FFE70398006840F2C9
:1060F0000041C4F2000188421BD0FFE7039800680A
:1061000040F60001C4F20001884212D0FFE7039874
:10611000006843F20041C4F20101884209D0FFE760
:106120000398006844F20001C4F2010188420ED1D4
:10613000FFE7009820F080000090029881680098A6
:10614000084300900098039909688860FFE7039965
:10615000012081F83D00FFE70399002081F83C0011
:10616000FFE700208DF81300FFE79DF8130005B04E
:106170007047000080B58AB008900791079828B949
:10618000FFE7089890F8440005901CE00798042861
:1061900005D1FFE7089890F84500049010E00798B3
:1061A000082805D1FFE7089890F84600039004E01E
:1061B000089890F847000390FFE703980490FFE7E2
:1061C00004980590FFE70598012804D0FFE7012017
:1061D0008DF8270089E0079828B9FFE70899022081
:1061E00081F844001EE00798042806D1FFE70899CB
:1061F000022081F84500029012E00798082806D195
:10620000FFE70899022081F84600019005E008990F
:10621000022081F847000190FFE701980290FFE714
:106220000298FFE7089800680799042202F0E8FE48
:1062300008980168486C40F4004048640898006879
:1062400042F60041C4F2010188422AD0FFE70898D3
:106250000068B0F1804F24D0FFE70898006840F252
:106260000041C4F2000188421BD0FFE70898006893
:1062700040F60001C4F20001884212D0FFE70898FE
:10628000006843F20041C4F20101884209D0FFE7EF
:106290000898006844F20001C4F20101884219D153
:1062A000FFE70898006880680721C0F201010840F4
:1062B0000690069806280CD0FFE70698B0F5803FB8
:1062C00007D0FFE708980168086840F001000860FF
:1062D000FFE706E008980168086840F001000860E0
:1062E000FFE700208DF82700FFE79DF827000AB0A0
:1062F00080BD000081B0009001B0704780B582B0D1
:106300000090009820B9FFE701208DF8070045E0D4
:10631000009890F83D0040B9FFE70099002081F80F
:106320003C00009800F03EF8FFE70099022081F859
:106330003D00009951F8040B02F07AFD009901200C
:1063400081F84800FFE70099012081F83E0000999C
:1063500081F83F00009981F84000009981F84100E0
:10636000009981F84200009981F84300FFE7FFE7B8
:106370000099012081F84400009981F845000099B6
:1063800081F84600009981F84700FFE70099012055
:1063900081F83D0000208DF80700FFE79DF8070019
:1063A00002B080BD80B584B003900398006842F6C7
:1063B0000041C4F20101884210D1FFE7FFE741F23A
:1063C0006000C4F20200016841F4006101600068ED
:1063D00000F4006002900298FFE71FE00398006855
:1063E000B0F1804F19D1FFE7FFE741F25800C4F246
:1063F0000200016841F001010160006800F0010045
:1064000001900198FFE71C20009000221146FEF742
:106410000BFC0098FEF7FEFBFFE7FFE704B080BD32
:1064200083B00190019890F83D00012804D0FFE767
:1064300001208DF80B005AE00199022081F83D00FF
:106440000198006842F60041C4F2010188422AD056
:10645000FFE701980068B0F1804F24D0FFE7019872
:10646000006840F20041C4F2000188421BD0FFE7FF
:106470000198006840F60001C4F20001884212D081
:10648000FFE70198006843F20041C4F2010188422D
:1064900009D0FFE70198006844F20001C4F201014D
:1064A000884219D1FFE70198006880680721C0F28F
:1064B000010108400090009806280CD0FFE70098E2
:1064C000B0F5803F07D0FFE701980168086840F009
:1064D00001000860FFE706E001980168086840F0E5
:1064E00001000860FFE700208DF80B00FFE79DF832
:1064F0000B0003B07047000080B586B00490039194
:1065000000208DF80B00FFE7049890F83C0001286C
:1065100004D1FFE702208DF81700D3E00499012091
:1065200081F83C00FFE7FFE70499022081F83D0075
:10653000049800688068019001984FF68871CFF642
:10654000CE7108400190019820F47F40019001989D
:10655000049909688860039800680090002800F09A
:106560009780FFE70098102800F09280FFE70098DE
:10657000202800F08D80FFE70098302800F0888008
:10658000FFE70098402876D0FFE70098502858D0C1
:10659000FFE70098602861D0FFE7009870282CD0B2
:1065A000FFE70098B0F5805F26D0FFE70098B0F5D0
:1065B000005F37D0FFE70098B0F1101F68D0FFE709
:1065C00000982021C0F21001884261D0FFE70098B6
:1065D0003021C0F2100188425AD0FFE700984021D4
:1065E000C0F21001884253D0FFE700987021C0F23A
:1065F000100188424CD052E055E004980068039B9B
:106600005A689968DB6802F017FD04980068806892
:106610000190019840F07700019001980499096871
:10662000886040E004980068039B5A689968DB68BA
:1066300002F002FD04980168886840F48040886098
:1066400031E004980068039A5168D26803F0CCF8EE
:1066500004980068502102F009FD24E004980068C5
:10666000039A5168D26803F0E7F804980068602143
:1066700002F0FCFC17E004980068039A5168D268A5
:1066800003F0B2F804980068402102F0EFFC0AE041
:10669000049800680399096802F0E8FC03E001200F
:1066A0008DF80B00FFE70499012081F83D00FFE71A
:1066B0000499002081F83C00FFE79DF80B008DF85D
:1066C0001700FFE79DF8170006B080BD81B000906D
:1066D00001B0704780B584B0039003980068C0682B
:1066E000029003980068006901909DF804008007FB
:1066F000002824D5FFE79DF80800800700281DD555
:10670000FFE7039801686FF0020008610399012018
:106710000877039800688069800720B1FFE7039835
:10672000FFF7D4FF06E0039800F0BCF9039800F0EF
:10673000EDFAFFE7039900200877FFE7FFE79DF8F0
:1067400004004007002825D5FFE79DF80800400712
:1067500000281ED5FFE7039801686FF00400086168
:1067600003990220087703980068806910F4407F3D
:1067700004D0FFE70398FFF7A9FF06E0039800F0B5
:1067800091F9039800F0C2FAFFE703990020087717
:10679000FFE7FFE79DF804000007002824D5FFE786
:1067A0009DF80800000700281DD5FFE70398016841
:1067B0006FF00800086103990420087703980068C7
:1067C000C069800720B1FFE70398FFF77FFF06E06D
:1067D000039800F067F9039800F098FAFFE703992F
:1067E00000200877FFE7FFE79DF80400C0060028B7
:1067F00025D5FFE79DF80800C00600281ED5FFE755
:10680000039801686FF01000086103990820087769
:1068100003980068C06910F4407F04D0FFE7039834
:10682000FFF754FF06E0039800F03CF9039800F0EE
:106830006DFAFFE7039900200877FFE7FFE79DF86F
:106840000400C00778B1FFE79DF80800C00748B111
:10685000FFE7039801686FF001000861039800F0FA
:1068600089FBFFE7FFE7019800F08000802806D051
:10687000FFE79DF805008006002810D5FFE79DF88A
:1068800008000006002809D5FFE7039801686FF4A7
:10689000025008610398FFF721FBFFE7FFE79DF82F
:1068A0000500C00780B1FFE79DF80800000600283A
:1068B00009D5FFE7039801686FF4807008610398B9
:1068C000FFF708FBFFE7FFE79DF8040040060028FC
:1068D00010D5FFE79DF808004006002809D5FFE71E
:1068E000039801686FF040000861039800F046FBD0
:1068F000FFE7FFE79DF804008006002810D5FFE7BA
:106900009DF808008006002809D5FFE70398016874
:106910006FF0200008610398FFF7E4FAFFE7FFE754
:106920009DF80600C006002810D5FFE79DF80A0074
:10693000C006002809D5FFE7039801686FF48010AE
:1069400008610398FFF76EFBFFE7FFE79DF806007D
:106950008006002810D5FFE79DF80A008006002871
:1069600009D5FFE7039801686FF4001008610398E8
:10697000FFF754FBFFE7FFE79DF8060040060028FD
:1069800010D5FFE79DF80A004006002809D5FFE76B
:10699000039801686FF4800008610398FFF746FBD5
:1069A000FFE7FFE79DF806000006002810D5FFE787
:1069B0009DF80A000006002809D5FFE70398016842
:1069C0006FF4000008610398FFF794FCFFE7FFE70E
:1069D00004B080BD80B58EB00D9000200C900B905F
:1069E0000A90099008900D98006842F60041C4F2A0
:1069F0000101884254D1FFE7FFE741F24C00C4F2A5
:106A00000200016841F002010160006800F002002C
:106A100007900798FFE7FFE741F24C00C4F202003D
:106A2000016841F001010160006800F0010006907A
:106A30000698FFE74FF4C0400890022002900990AA
:106A4000002003900A900B90062004900C9040F2D6
:106A50000040C4F60000019008A90591FDF764FE0E
:106A60000198029B039A05994FF4004CCDF820C081
:106A700009930A920B9204220C92FDF755FE029B99
:106A8000039A049805994FF4E06CCDF820C009935F
:106A90000A920B920C904FF09040FDF745FEFFE7F5
:106AA0000EB080BD81B0009001B0704780B586B057
:106AB00004900391029200208DF80700FFE70498EC
:106AC00090F83C00012804D1FFE702208DF8170060
:106AD000C0E00499012081F83C00FFE7FFE702983D
:106AE0000090142800F2A7800099DFE801F00BA4C1
:106AF000A4A424A4A4A43EA4A4A457A4A4A471A4BC
:106B0000A4A48A0004980068039902F0C7FA0498C4
:106B10000168886940F00800886104980168886904
:106B200020F004008861039802690498016888696C
:106B30001043886183E004980068039902F058FBD1
:106B400004980168886940F40060886104980168CD
:106B5000886920F48060886103980269049801685C
:106B6000886940EA0220886169E004980068039916
:106B700002F0F6FB04980168C86940F00800C8619B
:106B800004980168C86920F00400C861039802698C
:106B900004980168C8691043C86150E0049800680F
:106BA000039902F095FC04980168C86940F40060FC
:106BB000C86104980168C86920F48060C8610398BE
:106BC000026904980168C86940EA0220C86136E099
:106BD00004980068039902F033FD04980168086D79
:106BE00040F00800086504980168086D20F0040072
:106BF00008650398026904980168086D10430865E8
:106C00001DE004980068039902F084FD049801686F
:106C1000086D40F40060086504980168086D20F470
:106C2000806008650398026904980168086D40EA6D
:106C30000220086503E001208DF80700FFE7FFE769
:106C40000499002081F83C00FFE79DF807008DF8CB
:106C50001700FFE79DF8170006B080BD80B582B031
:106C60000090009820B9FFE701208DF8070045E06B
:106C7000009890F83D0040B9FFE70099002081F8A6
:106C80003C00009800F03EF8FFE70099022081F8F0
:106C90003D00009951F8040B02F0CAF80099012058
:106CA00081F84800FFE70099012081F83E00009933
:106CB00081F83F00009981F84000009981F8410077
:106CC000009981F84200009981F84300FFE7FFE74F
:106CD0000099012081F84400009981F8450000994D
:106CE00081F84600009981F84700FFE700990120EC
:106CF00081F83D0000208DF80700FFE79DF80700B0
:106D000002B080BD81B0009001B0704781B00090AA
:106D100001B0704780B590B00E900D910D9828B9D4
:106D2000FFE70E9890F83E000B9034E00D98042891
:106D300005D1FFE70E9890F83F000A9028E00D98E3
:106D4000082805D1FFE70E9890F8400009901CE054
:106D50000D980C2805D1FFE70E9890F84100089097
:106D600010E00D98102805D1FFE70E9890F842002A
:106D7000079004E00E9890F843000790FFE707980B
:106D80000890FFE708980990FFE709980A90FFE745
:106D90000A980B90FFE70B98012804D0FFE7012029
:106DA0008DF83F00E1E00D9828B9FFE70E99022029
:106DB00081F83E0038E00D98042806D1FFE70E99CF
:106DC000022081F83F0006902CE00D98082806D19B
:106DD000FFE70E99022081F8400005901FE00D9812
:106DE0000C2806D1FFE70E99022081F8410004909B
:106DF00012E00D98102806D1FFE70E99022081F8C5
:106E00004200039005E00E99022081F843000390B0
:106E1000FFE703980490FFE704980590FFE70598C3
:106E20000690FFE70698FFE70E9800680D9901228B
:106E3000019202F0C9F801980E99096842F60042E1
:106E4000C4F20102914202902DD0FFE70E98016832
:106E5000012043F20042C4F201029142029022D08A
:106E6000FFE70E980168012044F20002C4F201021B
:106E70009142029017D0FFE70E980168012044F27A
:106E80000042C4F20102914202900CD0FFE70E983A
:106E900000684BF60001CBF6FE710844B0FA80F0B2
:106EA00040090290FFE70298C00738B1FFE70E984B
:106EB0000168486C40F400404864FFE70E980068A1
:106EC00042F60041C4F2010188422AD0FFE70E9841
:106ED0000068B0F1804F24D0FFE70E98006840F2C0
:106EE0000041C4F2000188421BD0FFE70E98006801
:106EF00040F60001C4F20001884212D0FFE70E986C
:106F0000006843F20041C4F20101884209D0FFE762
:106F10000E98006844F20001C4F20101884219D1C0
:106F2000FFE70E98006880680721C0F20101084061
:106F30000C900C9806280CD0FFE70C98B0F5803F19
:106F400007D0FFE70E980168086840F0010008606C
:106F5000FFE706E00E980168086840F0010008604D
:106F6000FFE700208DF83F00FFE79DF83F0010B0DD
:106F700080BD000081B0009001B0704781B00090EA
:106F800001B0704783B00190FFE7019890F884004A
:106F9000012804D1FFE702208DF80B002CE00199B5
:106FA000012081F88400FFE7FFE701992420C1F860
:106FB00088000198006800680090019801680868DE
:106FC00020F001000860009820F000500090019926
:106FD00000204866009801990968086001992020FE
:106FE000C1F88800FFE70199002081F88400FFE7DD
:106FF00000208DF80B00FFE79DF80B0003B07047F1
:1070000082B00190ADF8021002B0704781B00090DC
:1070100001B0704780B584B002900191FFE70298FB
:1070200090F88400012804D1FFE702208DF80F00BA
:1070300032E00299012081F88400FFE7FFE702991E
:107040002420C1F888000298006800680090029827
:107050000168086820F001000860029800688068F4
:1070600020F06060019908430299096888600298DD
:1070700002F00CFC0098029909680860029920202F
:10708000C1F88800FFE70299002081F88400FFE73B
:1070900000208DF80F00FFE79DF80F0004B080BDC1
:1070A00080B584B002900191FFE7029890F88400C7
:1070B000012804D1FFE702208DF80F0032E0029989
:1070C000012081F88400FFE7FFE702992420C1F83E
:1070D00088000298006800680090029801680868BB
:1070E00020F00100086002980068806820F060408D
:1070F00001990843029909688860029802F0C6FB6A
:10710000009802990968086002992020C1F8880057
:10711000FFE70299002081F88400FFE700208DF846
:107120000F00FFE79DF80F0004B080BD81B0009014
:1071300001B0704781B0009001B0704781B00090FD
:1071400001B0704780B590B00F900F980068C0698B
:107150000E900F98006800680D900F980068806886
:107160000C900E9840F60F0108400B900B98E0B978
:10717000FFE79DF838008006002815D5FFE79DF849
:1071800034008006002806D4FFE79DF83300C006CF
:10719000002809D5FFE70F98406F20B1FFE70F984F
:1071A000416F8847FFE796E2FFE70B98002800F061
:1071B0000C81FFE70C980121C1F20001084209D1BE
:1071C000FFE70D9840F22011C0F20041084200F0A4
:1071D000FC80FFE79DF83800C00788B1FFE79DF805
:1071E0003500C00760B1FFE70F9801680120086211
:1071F0000F99D1F8900040F00100C1F89000FFE72E
:107200009DF838008007002811D5FFE79DF8300071
:10721000C00760B1FFE70F980168022008620F996C
:10722000D1F8900040F00400C1F89000FFE79DF80D
:1072300038004007002811D5FFE79DF83000C0074F
:1072400060B1FFE70F980168042008620F99D1F838
:10725000900040F00200C1F89000FFE79DF8380070
:107260000007002819D5FFE79DF8340080060028A4
:1072700007D4FFE70C980121C1F2000108420CD0AD
:10728000FFE70F980168082008620F99D1F8900075
:1072900040F00800C1F89000FFE79DF839000007B2
:1072A000002813D5FFE79DF83700400700280DD5CB
:1072B000FFE70F9801684FF4006008620F99D1F85A
:1072C000900040F02000C1F89000FFE70F98D0F840
:1072D0009000002878D0FFE79DF83800800600284D
:1072E00015D5FFE79DF834008006002806D4FFE797
:1072F0009DF83300C006002809D5FFE70F98406FBE
:1073000020B1FFE70F98416F8847FFE7FFE70F982D
:10731000D0F890000A900F980068806800F0400054
:10732000402806D0FFE79DF8280010F0280F42D033
:10733000FFE70F9802F046FC0F980068806840064F
:10734000002833D5FFE7FFE7FFE70F98006850E814
:10735000020F20F040000990FFE709990F9802689A
:1073600042E802100028F0D1FFE7FFE70F98D0F8BD
:107370008000B0B1FFE70F98D0F8801049F6A53033
:10738000C0F6000088630F98D0F88000FCF796FCE8
:1073900030B1FFE70F98D0F88000816B8847FFE796
:1073A00003E00F98FFF7CAFEFFE703E00F98FFF72F
:1073B000C5FEFFE707E00F98FFF7C0FE0F9900201A
:1073C000C1F89000FFE7FFE785E10F98C06E012844
:1073D00040F02281FFE79DF83800C006002840F108
:1073E0001B81FFE79DF83400C006002840F114819E
:1073F000FFE70F980168102008620F980068806806
:107400004006002840F1A680FFE70F98D0F88000E2
:1074100000684068ADF82200BDF8220000287CD04A
:10742000FFE7BDF822000F99B1F85C10884274DACA
:10743000FFE7BDF822000F99A1F85E000F98D0F881
:107440008000006800688006002859D4FFE7FFE745
:10745000FFE70F98006850E8000F20F48070079055
:10746000FFE707990F98026842E800100028F0D162
:10747000FFE7FFE7FFE7FFE70F98006850E8020F1C
:1074800020F001000690FFE706990F98026842E895
:1074900002100028F0D1FFE7FFE7FFE7FFE70F98B2
:1074A000006850E8020F20F040000590FFE70599C2
:1074B0000F98026842E802100028F0D1FFE7FFE7CA
:1074C0000F992020C1F88C000F990020C866FFE7B3
:1074D000FFE70F98006850E8000F20F010000490BC
:1074E000FFE704990F98026842E800100028F0D1E5
:1074F000FFE7FFE70F98D0F88000FCF791FBFFE76C
:107500000F99022008670F98B0F85C10B0F85E2061
:10751000891A89B2FFF774FD1BE0BDF822000F99AC
:10752000B1F85C10884213D1FFE70F98D0F88000C3
:10753000006800688006002809D5FFE70F9902203F
:1075400008670F98B0F85C10FFF75AFDFFE7FFE7F8
:10755000FFE7C0E00F99B1F85C00B1F85E10401A87
:10756000ADF80E000F98B0F85E00002853D0FFE78A
:10757000BDF80E0000284ED0FFE7FFE7FFE70F98A9
:10758000006850E8000F20F490700290FFE7029925
:107590000F98026842E800100028F0D1FFE7FFE7EB
:1075A000FFE7FFE70F98006850E8020F4FF6FE7103
:1075B000CEF6FF7108400190FFE701990F9802682D
:1075C00042E802100028EDD1FFE7FFE70F992020E5
:1075D000C1F88C000F990020C8660F994867FFE733
:1075E000FFE70F98006850E8000F20F010000090AF
:1075F000FFE700990F98026842E800100028F0D1D8
:10760000FFE7FFE70F99022008670F98BDF80E10FB
:10761000FFF7F6FCFFE75EE09DF83A00C0060028A1
:107620000FD5FFE79DF832004006002809D5FFE797
:107630000F9801684FF4801008620F98FFF77AFDE9
:1076400049E09DF838000006002815D5FFE79DF8B1
:1076500034000006002806D4FFE79DF8320000063B
:10766000002809D5FFE70F98806F20B1FFE70F983A
:10767000816F8847FFE72EE09DF83800400600281C
:107680000AD5FFE79DF834004006002804D5FFE73F
:107690000F9802F0E7FA1EE09DF83A000006002875
:1076A0000AD5FFE79DF837004006002804D5FFE71C
:1076B0000F98FFF73BFD0EE09DF83B00C00750B16F
:1076C000FFE79DF837000006002804D5FFE70F9874
:1076D000FFF79CFCFFE710B080BD000080B582B0D2
:1076E0000090009820B9FFE701208DF8070046E0E0
:1076F0000098806908B1FFE700E0FFE70098D0F844
:10770000880040B9FFE70099002081F884000098C4
:1077100000F03AF8FFE700992420C1F888000098AB
:107720000168086820F0010008600098806A20B1B4
:10773000FFE7009802F0EEF8FFE7009802F0B4FAD5
:10774000012804D1FFE701208DF8070017E0009819
:107750000168486820F49040486000980168886893
:1077600020F02A00886000980168086840F0010055
:107770000860009802F072F98DF80700FFE79DF8A5
:10778000070002B080BD000080B5A0B01F900020AF
:107790001E901D901C901B901A9009A84421F8F788
:1077A0006DFE1F98006843F60001C4F20101884293
:1077B0003BD1FFE70120099000200A9009A8FDF7BE
:1077C00037FB18B1FFE7FAF78FFCFFE7FFE741F25D
:1077D0006000C4F20200016841F480410160006869
:1077E00000F4804008900898FFE7FFE741F24C0062
:1077F000C4F20200016841F004010160006800F079
:10780000040007900798FFE730201A9002201B9091
:1078100000201C901D9007201E9040F60000C4F62A
:1078200000001AA9FCF780FF9CE01F98006844F64E
:107830000001C4F20001884240F09380FFE7042079
:10784000099000200C9009A8FDF7F2FA18B1FFE7A3
:10785000FAF74AFCFFE7FFE741F25800C4F20200E2
:10786000016841F480210160006800F480200690E6
:107870000698FFE7FFE741F24C00C4F202000168FE
:1078800041F004010160006800F0040005900598D3
:10789000FFE74FF440601A9002201B9000200390F5
:1078A0001C901D9007201E9040F60000C4F60000BA
:1078B0001AA9FCF739FF039940F25420C2F20000E4
:1078C00004903022C4F2020202601C2242608160F5
:1078D000C1608022026141618161C1610162FCF786
:1078E000FBFA18B1FFE7FAF7FFFBFFE7FFE71F9886
:1078F00040F25421C2F20001C0F880101F98886243
:10790000FFE740F2B420C2F2000002904421C4F22A
:10791000020101601D214160102181600021C160D0
:107920008022026141618161C1610162FCF7D4FA88
:1079300018B1FFE7FAF7D8FBFFE7FFE71F9840F21F
:10794000B421C2F20001C1671F988862FFE72720B7
:10795000019001210022FDF767F90198FDF75AF91E
:10796000FFE7FFE720B080BD80B58AB0089007919F
:10797000ADF81A2005930898D0F88800202840F028
:107980008780FFE7079820B1FFE7BDF81A0020B90C
:10799000FFE701208DF827007EE008990020C1F85C
:1079A000900008992120C1F88800FDF79FF8029007
:1079B000BDF81A000899A1F85400BDF81A000899FA
:1079C000A1F8560008988068B0F5805F09D1FFE7FC
:1079D0000898006928B9FFE70020049007980390F1
:1079E00004E00798049000200390FFE7FFE7089861
:1079F000B0F8560088B3FFE70898029B05996A46DD
:107A000011608021002202F007FC40B1FFE70899D5
:107A10002020C1F8880003208DF827003CE004985E
:107A200058B9FFE7039800886FF35F200899096849
:107A3000886203980230039008E00498007808995F
:107A400009688862049801300490FFE70899B1F84A
:107A500056000138A1F85600C9E70898029B05991D
:107A60006A4611604021002202F0D6FB40B1FFE7D8
:107A700008992020C1F8880003208DF827000BE02A
:107A800008992020C1F8880000208DF8270003E025
:107A900002208DF82700FFE79DF827000AB080BD7F
:107AA00081B0009001B07047FFE7FEE781B0009021
:107AB000009988684FF6C072C5F6FF721040886062
:107AC00001B0704781B00090009880684FF6C07197
:107AD000C7F6FF71084001300099886001B0704717
:107AE00081B000900098806840F080504FF6C071DF
:107AF000C7F6FF7108400099886001B07047000028
:107B000081B000900098806800F0E07001B070478C
:107B100081B000900098806800F0E07001B070477C
:107B200081B000900098806800F4604001B0704718
:107B300081B000900098806800F01F0001B070478D
:107B400081B000900098806800F01F0001B070477D
:107B500083B0029001910298019900EB810060309E
:107B600000900098006800F0F84003B070470000F3
:107B700081B000900098C06800F0007001B07047BC
:107B800081B0009000988068C0F3C00001B07047D9
:107B900081B0009000988068C0F3C00001B07047C9
:107BA00081B000900098C06C00F4C070B0FA80F012
:107BB000400901B07047000081B0009000988068D3
:107BC0004FF6C071C7F6FF71084008300099886011
:107BD00001B0704781B0009000988068C0F3407099
:107BE00001B0704781B000900098806800F00100FB
:107BF00001B0704781B000900098806800F00100EB
:107C000001B0704781B0009000988068C0F30070A8
:107C100001B0704781B0009000988068C0F3800088
:107C200001B0704781B0009000988068C0F3800078
:107C300001B0704781B000900098C06800F44060C7
:107C4000B0FA80F0400901B07047000084B00390A2
:107C5000029101920398029901F0007100EBD1505A
:107C600014300090009800680299C1F30452072173
:107C7000914088430199914008430099086004B0FD
:107C80007047000083B00290019100920298D0F8F2
:107C9000B00001996FF3DF418843009A02F01803A6
:107CA0004FF6FF72C0F20702DA4011400843029912
:107CB000C1F8B00003B0704782B001900091019804
:107CC000806820F47C10009908430199886002B014
:107CD0007047000082B0019000910198806820F008
:107CE000E070009908430199886002B07047000075
:107CF00085B004900391029201930498039900EBDC
:107D0000810060300090009800684FF20001C0F2DE
:107D1000FF310140029800F0F840019A10430843F7
:107D200040F000400099086005B0704784B00390AF
:107D3000029101920398029900EB8100603000905B
:107D40000098006820F000700199084300990860CD
:107D500004B0704784B00390029101920398029995
:107D600000EB8100603000900098006820F0807087
:107D7000019908430099086004B0704784B00390EB
:107D8000029101920398029900EB8100603000900B
:107D90000098006820F000400199084300990860AD
:107DA00004B0704782B0019000910198406920F0C2
:107DB0000040009908430199486102B070470000F3
:107DC00082B001908DF803109DF80300012813D1B3
:107DD000FFE7019890ED021A90ED032A90ED040A56
:107DE00032EE402A21EE021A30EE010A80ED050A39
:107DF00001994869086107E00199002048610199EB
:107E000008610199C860FFE702B0704783B0029033
:107E10008DED010ACDED000A9DED010A9FED101ACE
:107E200020EE010A029880ED010A0098029908608C
:107E3000029890ED001A90ED010A20EE010AB7EECB
:107E4000001A30EE011A80EE010A80ED020A029952
:107E500000200861029948610299C86003B0704728
:107E6000DB0FC94080B582B00190062003210222B9
:107E70000DF1020300F024F89DF802009DF80310B4
:107E8000800140EA9100ADF80000BDF9000000EE6D
:107E9000100AB8EEC00A9FED061A20EE010A9FED07
:107EA000051A80EE010A019880ED000A02B080BD3B
:107EB000DB0FC9400000804680B502F079FA80BD32
:107EC00080B582B08DF806008DF805108DF804207D
:107ED000009302F033FB9DF806004000C0B202F0B0
:107EE000D5FA02F06FFB30B1FFE702F04FFB012043
:107EF0008DF8070035E09DF8050002F0C7FA02F0A2
:107F000061FB02F01BFB9DF8060040000130C0B28F
:107F100002F0BCFA02F056FBFFE79DF80400D0B176
:107F2000FFE79DF80400012806D1FFE7002002F0DA
:107F300063FA0099087005E0012002F05DFA0099EB
:107F40000870FFE79DF8040001388DF804000098E0
:107F500001300090E1E702F019FB00208DF80700E6
:107F6000FFE79DF8070002B080BD000080B594B027
:107F70000020009013901290119002A83C21F8F775
:107F80007DFA009940F2E810C2F2000001904FF033
:107F9000A04202604FF4403242608160C1600161E2
:107FA000012242610423836101774177026280F8F4
:107FB000241080F83810C16380F84010FBF746FCAD
:107FC00018B1FFE7FAF790F8FFE70020119040F2B0
:107FD000E810C2F2000011A9FBF71EF918B1FFE783
:107FE000FAF782F8FFE741F20000C3F26020029046
:107FF00009200390002004907F210591042106911F
:1080000007900A918DF82C008DF82D008DF82E0028
:10801000A0210C9180210D918DF8380040F2E810DC
:10802000C2F2000002A9FAF7C3F818B1FFE7FAF7A5
:108030005BF8FFE744F20000C3F6C020029040F274
:108040000F10039040F2E810C2F2000002A9FAF704
:10805000AFF818B1FFE7FAF747F8FFE740F600007E
:10806000C2F63060029040F21520039040F2E81012
:10807000C2F2000002A9FAF79BF818B1FFE7FAF77D
:1080800033F8FFE748F20000C3F6F060029040F2D8
:108090001B30039040F2E810C2F2000002A9FAF788
:1080A00087F818B1FFE7FAF71FF8FFE714B080BDB3
:1080B00080B586B0FFE741F24800C4F202000168D3
:1080C00041F004010160006800F00400059005988B
:1080D000FFE7FFE741F24800C4F20200016841F007
:1080E00001010160006800F0010004900498FFE7BE
:1080F0000D200190002202921146FCF795FD019897
:10810000FCF788FD029A0E2003901146FCF78CFDC7
:108110000398FCF77FFD06B080BD000080B582B0FB
:1081200040F21430C2F20000019046F20041C4F265
:1081300000010160002141608160C16001744174EF
:1081400081744FF0180EC0F814E0012282614FF0E4
:10815000060CC0F81CC005230362C0F824E082624C
:10816000C0F82CC0036342638263C163FCF7ECF880
:1081700018B1FFE7F9F7B8FFFFE702B080BD0000D4
:1081800080B58CB000200B900A9009900890079061
:10819000FFE741F24C00C4F20200016841F0200107
:1081A0000160006800F0200006900698FFE7FFE7F6
:1081B00041F24C00C4F20200016841F0010101608B
:1081C000006800F0010005900598FFE7FFE741F225
:1081D0004C00C4F20200016841F004010160006833
:1081E00000F0040004900498FFE7FFE741F24C0020
:1081F000C4F20200016841F002010160006800F071
:10820000020003900398FFE74FF090400190D021C7
:1082100000220092FCF754FC00990198102207926A
:108220000122089209910A9107A90291FCF77CFAB0
:10823000009A01980299C023079311230893099289
:1082400003220A92FCF770FA0CB080BD80B59EB094
:10825000002001901D901C901B901A90199018906E
:1082600017901690159014901390129011901090F2
:1082700003A83421F8F702F9019940F27830C2F2EC
:108280000000029042F60042C4F201020260416026
:10829000202282604FF46162C26001610322426168
:1082A0008161FEF72BF818B1FFE7F9F71DFFFFE733
:1082B0004FF480501A9040F27830C2F200001AA9B0
:1082C000FEF71AF918B1FFE7F9F70EFFFFE740F2E2
:1082D0007830C2F20000FEF7C1FC18B1FFE7F9F7F1
:1082E00003FFFFE7002017904FF400111891199039
:1082F00040F27830C2F2000017A9FDF79BFE18B1DA
:10830000FFE7F9F7F1FEFFE76020109000221192DD
:108310001292139214921592169240F27830C2F291
:10832000000010A9FEF7C2FB18B1FFE7F9F7DCFE69
:10833000FFE740F27830C2F2000010A90422FEF7F5
:10834000B5FB18B1FFE7F9F7CFFEFFE740F2783051
:10835000C2F2000010A90822FEF7A8FB18B1FFE73F
:10836000F9F7C2FEFFE7702010900120119040F253
:108370007830C2F2000010A90C22FEF797FB18B16A
:10838000FFE7F9F7B1FEFFE70020009003900490AB
:1083900005903221069107904FF400510891099001
:1083A0000A900B904FF000710C910D900E900F9071
:1083B00040F27830C2F2000003A9FDF797FD18B132
:1083C000FFE7F9F791FEFFE740F27830C2F20000D4
:1083D000FEF700FB1EB080BD80B588B00021009183
:1083E000079106910591049103910291019140F248
:1083F000C430C2F200004FF08042026040F29F524F
:108400004260816042F20F72C26001618161FDF7DA
:1084100075FF18B1FFE7F9F767FEFFE74FF48050EB
:10842000049040F2C430C2F2000004A9FEF764F8E0
:1084300018B1FFE7F9F758FEFFE70020019003901D
:1084400040F2C430C2F2000001A9FDF7F3FD18B1FB
:10845000FFE7F9F749FEFFE708B080BD80B582B0BD
:1084600040F21040C2F20000009043F60001C4F256
:10847000010101604FF4E13141600021019181600F
:10848000C16001610C2242618161C161016241628E
:108490008162FFF723F918B1FFE7F9F725FEFFE73F
:1084A00040F21040C2F200000021FEF7F9FD18B1C1
:1084B000FFE7F9F719FEFFE740F21040C2F20000B3
:1084C0000021FEF7A7FD18B1FFE7F9F70DFEFFE762
:1084D00040F21040C2F20000FEF754FD18B1FFE771
:1084E000F9F702FEFFE702B080BD000080B582B060
:1084F00040F2A440C2F20000009044F60001C4F231
:108500000001016049F20041C0F211014160002107
:1085100001918160C16001610C2242618161C16190
:10852000016241628162FFF7D9F818B1FFE7F9F7FC
:10853000DBFDFFE740F2A440C2F200000021FEF79D
:10854000AFFD18B1FFE7F9F7CFFDFFE740F2A44018
:10855000C2F200000021FEF75DFD18B1FFE7F9F758
:10856000C3FDFFE740F2A440C2F20000FEF70AFD9F
:1085700018B1FFE7F9F7B8FDFFE702B080BD0000D2
:10858000FFE7FEE7FFE7FEE788B007900691059258
:10859000079800F0070004900498C0F10700052830
:1085A00003D3FFE70420019004E00498C0F1070022
:1085B0000190FFE70198039004980430062803D83F
:1085C000FFE70020009003E0049803380090FFE7E5
:1085D0000098029006980399012202FA01F10139EC
:1085E0000840029B984005999A40013A114008437F
:1085F00008B0704780B588B007908DED060ACDEDC4
:10860000050A8DED041ACDED031A8DED022ACDED8C
:10861000012A069807994863059807998863019885
:108620000799C863079840309DED040ADDED030A01
:108630009FED0F1ADFED0F1A00F014FB07986C3056
:108640009DED020ADDED010AFFF7E0FB079900202E
:10865000087007994860079988600799C861079969
:108660000862079948620799886208B080BD00BF18
:10867000000000000000807F80B5AEB02D902D99E5
:10868000C869496A189103F08FFF41EC100B51EC57
:10869000100B9FEDA50B53EC102B1D931C9203F0B8
:1086A00097FD0246189819920A46199942EC101B38
:1086B0008DED1A0B03F078FF9DED1A1B41EC100BAA
:1086C00051EC110B53EC102B03F080FB41EC100B21
:1086D00051EC100B03F048FB40F2B411C2F2000160
:1086E00008602D99086A896A1E9103F05DFF1C9A43
:1086F0001D9B41EC100B51EC100B03F069FD024681
:108700001E981F920A461F9942EC101B8DED200BFC
:1087100003F04AFF9DED201B41EC100B51EC110BB7
:1087200053EC102B03F052FB41EC100B51EC100BEF
:1087300003F01AFB40F2B811C2F2000108602D9953
:108740004868C969229103F02FFF024622982392BC
:108750000A46239942EC101B8DED240B03F024FFF5
:1087600041EC100B51EC100B9FED710B53EC102BE7
:108770002993289203F02CFD9DED240B41EC110B65
:1087800053EC112B51EC100B03F020FE41EC100BBD
:1087900051EC100B03F0E8FA40F2A011C2F2000114
:1087A00008602D998868096A269103F0FDFE02464B
:1087B000269827920A46279942EC101B8DED2A0B2A
:1087C00003F0F2FE289A299B41EC100B51EC100BA0
:1087D00003F0FEFC9DED2A0B41EC110B53EC112B29
:1087E00051EC100B03F0F2FD41EC100B51EC100BAF
:1087F00003F0BAFA40F2A411C2F2000108602D9809
:10880000007840B3FFE740F2A010C2F2000090ED04
:10881000000A20EE000A40F2A410C2F2000090ED1F
:10882000001A21EE011A30EE010A40F29C10C2F249
:10883000000080ED000A2D9991ED0E0A20EE000A4D
:1088400090ED001A30EE410A40F2A810C2F200008A
:1088500080ED000A0BE040F2A811C2F200010020F6
:10886000086040F29C11C2F200010860FFE72D98F9
:108870000078002860D0FFE72D9890ED010A90ED78
:108880000D3A90ED0F1A40F2B410C2F2000090EDD4
:10889000002AB6EE004A23EE043A40F2A010C2F2DB
:1088A000000090ED005A23EE053A40F2A810C2F203
:1088B000000090ED005A23EE053A32EE032A21EE35
:1088C000021A30EE010A40F2AC11C2F2000181ED51
:1088D000000A2D9991ED020A91ED0D3A91ED0F1AD2
:1088E00040F2B811C2F2000191ED002A23EE043AE1
:1088F00040F2A411C2F2000191ED004A23EE043AC5
:1089000090ED004A23EE043A32EE032A21EE021AD9
:1089100030EE010A40F2B010C2F2000080ED000A11
:1089200016E000BF00BF00BFB81E85EB51B8BEBF48
:108930002D431CEBE2360A3F40F2AC11C2F20001BB
:108940000020086040F2B011C2F200010860FFE7A9
:1089500040F2AC10C2F2000000682D99486040F26D
:10896000B010C2F2000000682D9988602D9909911D
:108970004868CA690092896B049103F015FE0246AB
:10898000009801920A46019942EC101B8DED020BF2
:1089900003F00AFE41EC100B51EC100B9FED6E0B37
:1089A00053EC102B0D930C9203F012FC9DED020B77
:1089B00041EC110B53EC112B51EC100B03F006FDA5
:1089C0000246049805920A46059942EC101B8DED6B
:1089D000060B03F0E9FD9DED061B41EC100B51EC7D
:1089E000110B53EC102B03F099FA41EC100B51ECE6
:1089F000100B03F0B9F90999C8602D991491886892
:108A00000A6A0A92896B109103F0CEFD02460A9819
:108A10000B920A460B9942EC101B8DED0E0B03F0E6
:108A2000C3FD0C9A0D9B41EC100B51EC100B03F0A5
:108A3000CFFB9DED0E0B41EC110B53EC112B51ECC8
:108A4000100B03F0C3FC0246109811920A461199CC
:108A500042EC101B8DED120B03F0A6FD9DED121BD9
:108A600041EC100B51EC110B53EC102B03F056FAA8
:108A700041EC100B51EC100B03F076F914990861DE
:108A80002D9890ED030A8DED150A90ED050A02F080
:108A900095FFB0EE401A9DED150A20EE010A8DED0E
:108AA000160A2D9890ED040A8DED170A90ED050A2F
:108AB00002F0DCFE9DED161AB0EE402A9DED170A7D
:108AC00020EE020A30EE410A8DED2C0A2C982D99E9
:108AD00008652D990020C8642D9A02F14000117894
:108AE00092ED0F0A00F03EF82D99086E88672D98D8
:108AF00010F86C1BFFF764F92D99D1F8800088619C
:108B00002D9890ED050A90ED0F2A90ED181A21EEA0
:108B1000021A30EE010A80ED050A2D9890ED050A43
:108B20000120DFED0F0A02F081F82D9880ED050A93
:108B30002D98007820B9FFE72D99086B8861FFE731
:108B40002D98007820B9FFE72D99C86A4861FFE7A2
:108B50002EB080BD00BF00BF2D431CEBE2360A3FA4
:108B60000000000084B003908DF80B108DED010A19
:108B70009DF80B00012864D1FFE7039890ED031ADC
:108B800090ED040A30EE410A80ED050A039800904A
:108B900090ED000A90ED014A90ED021A90ED052A41
:108BA00090ED073A32EE435A20EE050A9DED015A48
:108BB00024EE054A24EE024A30EE040A33EE033A6C
:108BC00032EE432A90ED063A32EE032A21EE021AE3
:108BD00030EE011A90ED080A30EE010A80ED080A25
:108BE0000399C8698861039890ED031A90ED040A0F
:108BF00030EE410A80ED070A039890ED080A90EDE7
:108C0000091AB4EE410AF1EE10FA04DDFFE7039908
:108C1000486A0862FFE7039890ED080A90ED091A88
:108C2000B1EE411AB4EE410AF1EE10FA08DAFFE7AC
:108C3000039890ED090AB1EE400A80ED080AFFE7BB
:108C40000DE00399002008610399C8600399086248
:108C500003994861039988610399C861FFE704B0EB
:108C60007047000085B004908DED030ACDED020A37
:108C70008DED011ACDED001A039804990860029851
:108C800004994860019804998860009804994862A2
:108C900005B070477047000086B041F20C00C4F286
:108CA0000200016801F0030104910068C1B20120D3
:108CB00000EB1110029004980090022815D0FFE7F5
:108CC0000098032812D1FFE7029941F20020C0F278
:108CD0007A00B0FBF1F041F20C01C4F20201096824
:108CE000C1F306214843059011E0FFE7029942F2E3
:108CF0000040C0F2F400B0FBF1F041F20C01C4F20C
:108D000002010968C1F3062148430590FFE741F2DB
:108D10000C00C4F20200006800F0C061022000EB09
:108D20001160039005980399B0FBF1F00190019850
:108D300006B070477047000080B582B00090009880
:108D40000138B0F1807F03D3FFE70120019019E0E3
:108D5000009801384EF21401CEF2000108604FF085
:108D6000FF300F2101F082FC4EF21801CEF200011B
:108D7000002008604EF21002CEF2000207211160BE
:108D80000190FFE7019802B080BD000080B5FBF7BD
:108D9000B3FE80BD80B594B006A800903821F7F7E7
:108DA0006DFB0020059004900390029001904FF419
:108DB0000070FBF759FF0098012206924FF48031B2
:108DC000079102210D9103230E930F9224221092FA
:108DD0001191062212921391FCF798FC18B1FFE74B
:108DE000F9F782F9FFE70F2001900320029000209D
:108DF00003900490059001A80421FCF747FA18B1EC
:108E0000FFE7F9F771F9FFE714B080BD4EF688511E
:108E1000CEF20001086840F470000860704700005E
:108E200080B540F2C430C2F20000FDF753FC80BDB3
:108E300083B002900191029800680090029842F677
:108E40000041C4F2010188421DD0FFE70298B0F151
:108E5000804F18D0FFE7029840F20041C4F20001B1
:108E6000884210D0FFE7029840F60001C4F20001EA
:108E7000884208D0FFE7029843F20041C4F20101A2
:108E800088420AD1FFE7009820F070000090019816
:108E90004168009808430090FFE7029842F60041BD
:108EA000C4F20101884235D0FFE70298B0F1804F4B
:108EB00030D0FFE7029840F20041C4F2000188423E
:108EC00028D0FFE7029840F60001C4F20001884272
:108ED00020D0FFE7029843F20041C4F2010188422A
:108EE00018D0FFE7029844F20001C4F20101884261
:108EF00010D0FFE7029844F20041C4F20101884219
:108F000008D0FFE7029844F60001C4F2010188424C
:108F10000AD1FFE7009820F4407000900198C168E2
:108F2000009808430090FFE7009820F08000019926
:108F30004969084300900098029908600198806888
:108F40000299C8620198006802998862029842F604
:108F50000041C4F20101884220D0FFE7029843F2A9
:108F60000041C4F20101884218D0FFE7029844F2A0
:108F70000001C4F20101884210D0FFE7029844F2D8
:108F80000041C4F20101884208D0FFE7029844F68C
:108F90000001C4F20101884205D1FFE70198006990
:108FA00002990863FFE7029901204861029800696D
:108FB000C00730B1FFE70299086920F0010008619D
:108FC000FFE703B07047000084B003900291019264
:108FD000029800F01F01012088400090009A039938
:108FE000086A904308620198029901F01F0100FA93
:108FF00001F20399086A1043086204B07047000048
:1090000084B0039002910192029800F00F010420B5
:1090100088400090009A0399086A9043086201987A
:10902000029901F00F0100FA01F20399086A104356
:10903000086204B07047000085B00490039102926A
:109040000193049880680090009820F47F4000907D
:1090500003980299019A41EA0221014300980843CA
:10906000009000980499886005B0704783B0029022
:10907000019102988068009000984FF68F71CFF6AA
:10908000CF710840009001980099084340F0070014
:10909000009000980299886003B0704785B00490F2
:1090A00003910498006A01900499086A20F0010075
:1090B00008620498406800900498806902900298C1
:1090C0004FF68F71CFF6FE7108400290029820F0A3
:1090D00003000290039801680298084302900198E7
:1090E00020F00200019003988168019808430190E4
:1090F000049842F60041C4F20101884220D0FFE703
:10910000049843F20041C4F20101884218D0FFE7FD
:10911000049844F20001C4F20101884210D0FFE734
:10912000049844F20041C4F20101884208D0FFE7EC
:10913000049844F60001C4F2010188420ED1FFE711
:10914000019820F0080001900398C1680198084335
:109150000190019820F004000190FFE7049842F686
:109160000041C4F20101884220D0FFE7049843F295
:109170000041C4F20101884218D0FFE7049844F28C
:109180000001C4F20101884210D0FFE7049844F2C4
:109190000041C4F20101884208D0FFE7049844F678
:1091A0000001C4F20101884213D1FFE7009820F4C6
:1091B00080700090009820F400700090039841693E
:1091C0000098084300900398816900980843009034
:1091D000FFE7009804994860029804998861039811
:1091E00040680499486301980499086205B0704783
:1091F00085B0049003910498006A01900499086A6C
:1092000020F010000862049840680090049880697B
:109210000290029848F6FF71CFF6FF610840029075
:10922000029820F44070029003980168029840EA86
:1092300001200290019820F020000190039881689D
:10924000019840EA01100190049842F60041C4F2EE
:109250000101884229D0FFE7049843F20041C4F29B
:109260000101884221D0FFE7049844F20001C4F2D2
:109270000101884203D1FFE70020B0B9FFE704985D
:1092800044F20041C4F20101884203D1FFE700200B
:1092900058B9FFE7049844F60001C4F2010188427E
:1092A00012D1FFE7012078B9FFE7019820F0800094
:1092B00001900398C168019840EA0110019001985B
:1092C00020F040000190FFE7049842F60041C4F20C
:1092D0000101884220D0FFE7049843F20041C4F224
:1092E0000101884218D0FFE7049844F20001C4F25B
:1092F0000101884210D0FFE7049844F20041C4F213
:109300000101884208D0FFE7049844F60001C4F246
:109310000101884215D1FFE7009820F48060009099
:10932000009820F40060009003984169009840EA9A
:109330008100009003988169009840EA81000090C4
:10934000FFE700980499486002980499886103989F
:1093500040680499886301980499086205B07047D1
:1093600085B0049003910498006A01900499086AFA
:1093700020F4807008620498406800900498C069E6
:10938000029002984FF68F71CFF6FE71084002905E
:10939000029820F0030002900398016802980843A5
:1093A0000290019820F40070019003988168019860
:1093B00040EA01200190049842F60041C4F2010104
:1093C000884229D0FFE7049843F20041C4F201012A
:1093D000884221D0FFE7049844F20001C4F2010161
:1093E000884203D1FFE70020B0B9FFE7049844F2B8
:1093F0000041C4F20101884203D1FFE7002058B9BF
:10940000FFE7049844F60001C4F20101884212D13A
:10941000FFE7012078B9FFE7019820F40060019090
:109420000398C168019840EA01200190019820F456
:1094300080600190FFE7049842F60041C4F2010108
:10944000884220D0FFE7049843F20041C4F20101B2
:10945000884218D0FFE7049844F20001C4F20101E9
:10946000884210D0FFE7049844F20041C4F20101A1
:10947000884208D0FFE7049844F60001C4F20101D5
:10948000884215D1FFE7009820F4805000900098A2
:1094900020F40050009003984169009840EA0110C0
:1094A000009003988169009840EA01100090FFE75E
:1094B00000980499486002980499C861039840682C
:1094C0000499C86301980499086205B070470000C8
:1094D00085B0049003910498006A01900499086A89
:1094E00020F4805008620498406800900498C06995
:1094F0000290029848F6FF71CFF6FF610840029093
:10950000029820F44070029003980168029840EAA3
:1095100001200290019820F4005001900398816886
:10952000019840EA01300190049842F60041C4F2EB
:109530000101884229D0FFE7049843F20041C4F2B8
:109540000101884221D0FFE7049844F20001C4F2EF
:109550000101884203D1FFE70020B0B9FFE704987A
:1095600044F20041C4F20101884203D1FFE7002028
:1095700058B9FFE7049844F60001C4F2010188429B
:1095800012D1FFE7012078B9FFE7019820F40040ED
:1095900001900398C168019840EA01300190019858
:1095A00020F480400190FFE7049842F60041C4F2A5
:1095B0000101884220D0FFE7049843F20041C4F241
:1095C0000101884218D0FFE7049844F20001C4F278
:1095D0000101884210D0FFE7049844F20041C4F230
:1095E0000101884208D0FFE7049844F60001C4F264
:1095F0000101884215D1FFE7009820F480400090D7
:10960000009820F40040009003984169009840EAD7
:109610008110009003988169009840EA81100090C1
:10962000FFE700980499486002980499C86103987C
:1096300040680499086401980499086205B070476D
:1096400085B0049003910498006A01900499086A17
:1096500020F4803008620498406800900498006DFF
:10966000029002984FF68F71CFF6FE71084002907B
:1096700003980168029808430290019820F4003092
:10968000019003988168019840EA01400190049894
:1096900042F60041C4F20101884220D0FFE704985D
:1096A00043F20041C4F20101884218D0FFE7049858
:1096B00044F20001C4F20101884210D0FFE704988F
:1096C00044F20041C4F20101884208D0FFE7049847
:1096D00044F60001C4F2010188420BD1FFE7009873
:1096E00020F48030009003984169009840EA0120FE
:1096F0000090FFE700980499486002980499086573
:10970000039840680499886401980499086205B038
:109710007047000085B0049003910498006A01909E
:109720000499086A20F48010086204984068009048
:109730000498006D0290029848F6FF71CFF6FF6121
:109740000840029003980168029840EA01200290C4
:10975000019820F40010019003988168019840EA74
:1097600001500190049842F60041C4F20101884280
:1097700020D0FFE7049843F20041C4F2010188427F
:1097800018D0FFE7049844F20001C4F201018842B6
:1097900010D0FFE7049844F20041C4F2010188426E
:1097A00008D0FFE7049844F60001C4F201018842A2
:1097B0000BD1FFE7009820F48020009003984169C6
:1097C000009840EA81200090FFE7009804994860E3
:1097D000029804990865039840680499C864019840
:1097E0000499086205B0704785B004900391029215
:1097F0000498006A00900499086A20F00100086249
:10980000049880690190019820F0F000019002997D
:10981000019840EA01100190009820F00A000090A1
:109820000399009808430090019804998861009872
:109830000499086205B0704785B0049003910292C4
:109840000498006A00900499086A20F010000862E9
:10985000049880690190019820F470400190029969
:10986000019840EA01300190009820F0A00000909B
:109870000399009840EA01100090019804998861CA
:1098800000980499086205B07047000082B001900A
:109890000198406E40B9FFE701990120A1F86A00E4
:1098A0000199A1F8680032E008208DF803008DF8D6
:1098B0000200019800688068C0F342608DF80100E2
:1098C000019800688068400F8DF800009DF8020044
:1098D0009DF800204CF60403C0F60003995C484351
:1098E0004CF2FC71C0F600018A5CB0FBF2F0019A08
:1098F000A2F86A009DF803009DF801209B5C584384
:10990000895CB0FBF1F00199A1F86800FFE702B0B3
:109910007047000081B00090009890F82800000780
:1099200000280BD5FFE700980068406820F400404D
:10993000009A1168926B10434860FFE7009890F816
:109940002800C00758B1FFE700980068406820F47D
:109950000030009A1168D26A10434860FFE700980F
:1099600090F82800800700280BD5FFE700980068D2
:10997000406820F48030009A1168126B10434860F0
:10998000FFE7009890F82800400700280BD5FFE774
:1099900000980068406820F48020009A1168526B9B
:1099A00010434860FFE7009890F82800C0060028A0
:1099B0000BD5FFE700980068806820F48050009A7B
:1099C0001168D26B10438860FFE7009890F8280078
:1099D000800600280BD5FFE700980068806820F417
:1099E0000050009A1168126C10438860FFE70098DD
:1099F00090F82800400600281CD5FFE70098006872
:109A0000406820F48010009A1168526C104348603E
:109A10000098406CB0F5801F0BD1FFE700980068FC
:109A2000406820F4C000009A1168926C10434860AE
:109A3000FFE7FFE7009890F82800000600280BD504
:109A4000FFE700980068406820F40020009A116841
:109A5000D26C10434860FFE701B0704780B588B012
:109A6000069006990020C1F89000FBF73FF805909A
:109A7000069800680068000700282FD5FFE70698C1
:109A8000059B6A466FF07E4111604FF40011002281
:109A900000F0C2FB08B3FFE7FFE7FFE706980068A6
:109AA00050E8000F20F080000490FFE7049906982A
:109AB000026842E800100028F0D1FFE7FFE70699AE
:109AC0002020C1F88800FFE70699002081F8840073
:109AD000FFE703208DF81F005FE0FFE706980068AE
:109AE00000684007002842D5FFE70698059B6A46B4
:109AF0006FF07E4111604FF48001002200F08CFB7A
:109B0000A0B3FFE7FFE7FFE70698006850E8000F03
:109B100020F490700390FFE703990698026842E8EA
:109B200000100028F0D1FFE7FFE7FFE7FFE7069806
:109B3000006850E8020F20F001000290FFE7029950
:109B40000698026842E802100028F0D1FFE7FFE71C
:109B500006992020C1F88C00FFE70699002081F8C3
:109B60008400FFE703208DF81F0016E0FFE7069949
:109B70002020C1F888000699C1F88C0006990020C1
:109B8000C86606990867FFE70699002081F88400F7
:109B9000FFE700208DF81F00FFE79DF81F0008B0C9
:109BA00080BD000080B582B001900198806A00906D
:109BB00000990020A1F85E000098FDF7BFFA02B0FE
:109BC00080BD000084B00390FFE7FFE703980068C2
:109BD00050E8000F20F490700290FFE7029903987C
:109BE000026842E800100028F0D1FFE7FFE7FFE736
:109BF000FFE70398006850E8020F4FF6FE71CEF6BB
:109C0000FF7108400190FFE701990398026842E85C
:109C100002100028EDD1FFE7FFE70398C06E01288E
:109C200014D1FFE7FFE7FFE70398006850E8000F53
:109C300020F010000090FFE700990398026842E8C6
:109C400000100028F0D1FFE7FFE7FFE7039920208D
:109C5000C1F88C0003990020C8660399486704B0D6
:109C60007047000080B582B00190FFE7FFE70198E0
:109C7000006850E8000F20F040000090FFE70099D6
:109C80000198026842E800100028F0D1FFE7FFE7E2
:109C900001992020C1F88800019900208867019867
:109CA000FDF7FEFE02B080BD80B592B0119000209D
:109CB0008DF837001198006848F20001C4F20001E5
:109CC000884201D1FFE700E0FFE7119988680B693E
:109CD0004A69C969184310430843109011980068F5
:109CE000006846F6F311CCF6FF710840109908435E
:109CF00011990968086011980068406820F4405084
:109D0000119A1168D26810434860119880691090C8
:109D10001198006848F20001C4F20001884206D0A0
:109D2000FFE71198016A109808431090FFE7119817
:109D3000006880684FF2FF41C1F2FF11084010999E
:109D4000084311990968886011980068C06A20F07A
:109D50000F00119A1168526A1043C862FFE7119808
:109D6000006843F60001C4F20101884225D1FFE7F3
:109D700041F28800C4F20200006800F003000146CE
:109D80000A91032814D80A99DFE801F0020A060EA6
:109D900001208DF83D000FE002208DF83D000BE022
:109DA00004208DF83D0007E008208DF83D0003E019
:109DB00010208DF83D00FFE7DCE01198006844F2C8
:109DC0000041C4F2000188422AD1FFE741F2880035
:109DD000C4F20200006800F00C00014609910C2852
:109DE00019D80999DFE801F0071717170F17171788
:109DF0000B171717130000208DF83D000FE002200D
:109E00008DF83D000BE004208DF83D0007E00820B0
:109E10008DF83D0003E010208DF83D00FFE7A8E03D
:109E20001198006844F60001C4F2000188422CD168
:109E3000FFE741F28800C4F20200006800F0300041
:109E40000146089160B1FFE70898102810D0FFE79D
:109E50000898202808D0FFE7089830280CD00FE099
:109E600000208DF83D000FE002208DF83D000BE052
:109E700004208DF83D0007E008208DF83D0003E048
:109E800010208DF83D00FFE772E01198006844F65D
:109E90000041C4F2000188422CD1FFE741F2880062
:109EA000C4F20200006800F0C0000146079160B1F2
:109EB000FFE70798402810D0FFE70798802808D0D0
:109EC000FFE70798C0280CD00FE000208DF83D0078
:109ED0000FE002208DF83D000BE004208DF83D00DE
:109EE00007E008208DF83D0003E010208DF83D00CC
:109EF000FFE73CE01198006848F20001C4F200015D
:109F000088422FD1FFE741F28800C4F202000068C6
:109F100000F440600146069178B1FFE70698B0F57D
:109F2000806F12D0FFE70698B0F5006F09D0FFE709
:109F30000698B0F5406F0CD00FE000208DF83D0082
:109F40000FE002208DF83D000BE004208DF83D006D
:109F500007E008208DF83D0003E010208DF83D005B
:109F6000FFE703E010208DF83D00FFE7FFE7FFE784
:109F7000FFE7FFE7FFE71198006848F20001C4F22D
:109F80000001884240F07E80FFE79DF83D000146D9
:109F90000591082819D80599DFE801F00517091778
:109FA0000F1717171300FBF70BFB0B9013E042F290
:109FB0000040C0F2F4000B900DE0FBF729FB0B9082
:109FC00009E04FF400400B9005E000200B900120C9
:109FD0008DF83700FFE70B98002852D0FFE70B9869
:109FE00011994A6A4CF60C01C0F6000131F81210C2
:109FF000B0FBF1F00C900C981199496801EB41010C
:10A00000884207D3FFE70C9811994968B0EB013FEC
:10A0100004D9FFE701208DF8370031E00B98119942
:10A020004A6803924A6A4CF60C01C0F6000131F806
:10A030001220002304931946F6F79CF9039A049B17
:10A04000090241EA1061000210EB520041F10001E7
:10A05000F6F790F90E900E98B0F5407F0BD3FFE71E
:10A060000E990020B0EB115F05D1FFE70E98119912
:10A070000968C86003E001208DF83700FFE7FFE7BB
:10A08000FFE7B9E01198C069B0F5004F61D1FFE773
:10A090009DF83D000146029108281DD80299DFE88D
:10A0A00001F005090D1B131B1B1B1700FBF788FA9A
:10A0B0000B9017E0FBF798FA0B9013E042F2004088
:10A0C000C0F2F4000B900DE0FBF7A2FA0B9009E050
:10A0D0004FF400400B9005E000200B9001208DF81C
:10A0E0003700FFE70B9898B3FFE70B98119A516878
:10A0F000536A4CF60C02C0F6000232F81320B0FB93
:10A10000F2F0400000EB5100B0FBF1F00E900E9821
:10A11000102818D3FFE7BDF83A00A0B9FFE70E9862
:10A1200020F00F00ADF83E000E9800F00E01BDF8D3
:10A130003E0040EA5100ADF83E00BDF83E001199E6
:10A140000968C86003E001208DF83700FFE7FFE7EA
:10A1500051E09DF83D000146019108281DD8019964
:10A16000DFE801F005090D1B131B1B1B1700FBF794
:10A1700027FA0B9017E0FBF737FA0B9013E042F247
:10A180000040C0F2F4000B900DE0FBF741FA0B9099
:10A1900009E04FF400400B9005E000200B900120F7
:10A1A0008DF83700FFE70B9820B3FFE70B98119A63
:10A1B0005168536A4CF60C02C0F6000232F81320C4
:10A1C000B0FBF2F000EB5100B0FBF1F00E900E98F6
:10A1D00010280AD3FFE7BDF83A0030B9FFE7BDF811
:10A1E000380011990968C86003E001208DF8370034
:10A1F000FFE7FFE7FFE7FFE711990120A1F86A00F9
:10A200001199A1F868001199002048671199886791
:10A210009DF8370012B080BD80B586B0DDF820C053
:10A22000049003918DF80B200193FFE704980068D8
:10A23000C06903990840401AB0FA80F040099DF8BF
:10A240000B10884266D1FFE708980130002860D0E3
:10A25000FFE7FAF74BFC0199401A0899884203D8A6
:10A26000FFE7089820B9FFE703208DF8170055E0B5
:10A270000498006800684007002849D5FFE7039864
:10A28000802845D0FFE70398402841D0FFE7049895
:10A290000068C06900F008010120B0EBD10F16D1B1
:10A2A000FFE7049801680820009008620498FFF70F
:10A2B00089FC00980499C1F89000FFE704990020F8
:10A2C00081F88400FFE701208DF8170026E004984C
:10A2D0000068C06900F400610120B0EBD12F16D1F5
:10A2E000FFE7049801684FF4006008620498FFF7E4
:10A2F00069FC04992020C1F89000FFE70499002030
:10A3000081F88400FFE703208DF8170006E0FFE7DF
:10A31000FFE78BE700208DF81700FFE79DF8170097
:10A3200006B080BD80B540F2A440C2F20000FCF748
:10A3300009FF80BDFFE7FEE780B5FFE74FF09040E3
:10A3400040210022FAF7BCFBFFE700F01DF8FFE711
:10A350004FF0904080210122FAF7B2FBFFE700F0B6
:10A3600013F8FFE74FF0904080210022FAF7A8FB96
:10A37000FFE700F009F8FFE74FF09040402101228D
:10A38000FAF79EFBFFE780BD81B000208DF8030047
:10A39000FFE79DF80300002807DCFFE7FFE79DF8D3
:10A3A000030001308DF80300F3E701B070470000AF
:10A3B00080B500F0EBF880BD80B5FFE74FF090402E
:10A3C00040210122FAF77CFBFFE7FFF7DDFFFFE703
:10A3D0004FF0904080210122FAF772FBFFE7FFF770
:10A3E000D3FFFFE74FF0904080210022FAF768FB8F
:10A3F000FFE7FFF7C9FF80BD80B582B08DF8070089
:10A4000000208DF805008DF80600FFE79DF8060096
:10A4100007282DDCFFE79DF8050040008DF80500BA
:10A42000FFE74FF0904080210122FAF749FBFFE758
:10A43000FFF7AAFF4FF090404021FAF729FB30B117
:10A44000FFE79DF8050001308DF80500FFE7FFE705
:10A450004FF0904080210022FAF732FBFFE7FFF730
:10A4600093FFFFE79DF8060001308DF80600CDE769
:10A470009DF8070018B9FFE7FFF79EFF02E0FFF71E
:10A480005BFFFFE79DF8050002B080BD80B582B09C
:10A490008DF8070000208DF80600FFE79DF8060004
:10A4A000072848DCFFE79DF807000006002809D5CB
:10A4B000FFE7FFE74FF0904040210122FAF700FB51
:10A4C000FFE708E0FFE74FF0904040210022FAF755
:10A4D000F7FAFFE7FFE7FFF757FFFFE74FF090407E
:10A4E00080210122FAF7ECFAFFE7FFF74DFFFFE7C3
:10A4F0004FF0904080210022FAF7E2FAFFE79DF842
:10A500000600072809D1FFE7FFE74FF09040402100
:10A510000122FAF7D5FAFFE7FFE79DF807004000B0
:10A520008DF80700FFF730FFFFE79DF806000130C8
:10A530008DF80600B2E702B080BD000080B5FFE7ED
:10A540004FF0904040210122FAF7BAFAFFE7FFE707
:10A550004FF0904080210122FAF7B2FAFFE7FFF7AF
:10A5600013FFFFE74FF0904040210022FAF7A8FACE
:10A57000FFE7FFF709FFFFE74FF09040802100223F
:10A58000FAF79EFAFFE7FFF7FFFE80BD80B5FFE711
:10A590004FF0904040210022FAF792FAFFE7FFE7E0
:10A5A0004FF0904080210122FAF78AFAFFE7FFF787
:10A5B000EBFEFFE74FF0904040210122FAF780FACE
:10A5C000FFE780BD80B582B0FFE74FF090404021AB
:10A5D0000122FAF775FAFFE7FFF7D6FEFFE74FF023
:10A5E000904080210122FAF76BFAFFE7FFF7CCFEDB
:10A5F0004FF090404021FAF74BFA20B1FFE70120DD
:10A600008DF8070003E000208DF80700FFE7FFE763
:10A610004FF0904080210022FAF752FAFFE7FFF74F
:10A62000B3FE9DF8070002B080BD000081B08DF838
:10A6300003009DF9030000280ED4FFE79DF90310E5
:10A6400001F01F02012090404A094EF20011CEF2A3
:10A65000000141F82200FFE701B070474EF60C50B0
:10A66000CEF200000068C0F30220704782B08DF87F
:10A67000070000919DF9070000280AD4FFE7009821
:10A6800000019DF907104EF20042CEF200028854FC
:10A690000BE0009800019DF8071001F00F014EF645
:10A6A0001452CEF200028854FFE702B07047000057
:10A6B00083B00290029800F0070000904EF60C5113
:10A6C000CEF200010868019001984FF6FF02104099
:10A6D00001900198009A40EA02200022C0F2FA524A
:10A6E000104301900198086003B0704780B586B0B0
:10A6F00005900491059890ED000A90ED013A90EDD7
:10A70000021AB6EE002A23EE023A30EE430A21EE98
:10A71000021A30EE410A9FED1D1A8DED021A20EE4D
:10A72000010A049880ED000AB0EE080A8DED000AD7
:10A7300001F00CFAB0EE401A9DED000AB0EE002ACE
:10A740008DED012A81EE021A059890ED012A21EE85
:10A75000021A8DED031A01F0F9F99DED013A9DED14
:10A76000021AB0EE402A9DED030A82EE032A0598F4
:10A7700090ED023A22EE032A30EE420A20EE010A60
:10A78000049880ED010A06B080BD00BFABAA2A3F45
:10A7900080B588B0079006918DED050A9DED050AFC
:10A7A00001F064F8079890ED001A20EE010A8DED93
:10A7B000000A9DED050A9FED351A8DED021A30EE67
:10A7C000410A01F053F89DED021AB0EE402A9DEDCA
:10A7D000000A079890ED013A22EE032A30EE020AB1
:10A7E0008DED010A9DED050A30EE010A01F03EF8FB
:10A7F000B0EE401A9DED010A079890ED022A21EE75
:10A80000021A30EE010A9FED221A20EE010A069884
:10A8100080ED000A9DED050A01F0D0F89DED021AC9
:10A82000079890ED002A20EE020A8DED030A9DEDB7
:10A83000050A30EE410A01F0C1F89DED021AB0EEB2
:10A84000402A9DED030A079890ED013A22EE032A73
:10A8500030EE020A8DED040A9DED050A30EE010A84
:10A8600001F0ACF8B0EE401A9DED040A079890EDA7
:10A87000022A21EE021A30EE010A9FED061A20EE9E
:10A88000010A069880ED010A08B080BD920A0640D0
:10A89000ABAA2A3FABAA2ABF80B588B00790069121
:10A8A0008DED050A9DED050A00F0E0FF079890ED9B
:10A8B000001A20EE010A8DED010A9DED050A01F056
:10A8C0007DF8B0EE401A9DED010A079890ED012A3F
:10A8D00021EE021A30EE410A069880ED000A9DED45
:10A8E000050A9FED261A8DED031A30EE410A00F09D
:10A8F000BDFF9DED031A079890ED002A20EE020A95
:10A900008DED020A9DED050A30EE410A01F056F880
:10A910009DED031AB0EE402A9DED020A079890EDD6
:10A92000013A22EE032A30EE420A069880ED010A2F
:10A930009DED050A30EE010A00F098FF9DED031A27
:10A94000079890ED002A20EE020A8DED040A9DED95
:10A95000050A30EE010A01F031F8B0EE401A9DED23
:10A96000040A079890ED012A21EE021A30EE410AFE
:10A97000069880ED020A08B080BD00BF920A06402A
:10A9800080B58AB009908DED080A0791099890ED7D
:10A99000000A8DED000AD0ED010A90ED021A00F0D8
:10A9A000B5F8B0EE402A9DED000AB6EE001A8DED26
:10A9B000021A22EE012A30EE020A8DED060A9DED02
:10A9C000060A9DED082A80EE020A30EE010A079879
:10A9D00080ED000A099890ED000AD0ED010ACDED56
:10A9E000010A90ED021A00F091F89DED021AB0EE06
:10A9F000402A9DED010A22EE012A30EE020A8DED79
:10AA0000050A9DED050A9DED082A80EE020A30EE4A
:10AA1000010A079880ED010A099890ED000AD0ED2F
:10AA2000010A90ED021A8DED031A00F06FF89DED0A
:10AA3000021AB0EE402A9DED030A22EE012A30EE02
:10AA4000020A8DED040A9DED040A9DED082A80EEB0
:10AA5000020A30EE010A079880ED020A0AB080BDB2
:10AA600080B584B00390029103988DF8070040F2FE
:10AA7000A440C2F200000DF1070101224FF0FF33A4
:10AA8000FCF772FF039804B080BD000084B08DED28
:10AA9000030ACDED020A8DED011A002000909DED14
:10AAA000030A9DED021AB4EE410AF1EE10FA0DDB35
:10AAB000FFE79DED030A9DED011AB4EE410AF1EEA8
:10AAC00010FA03DBFFE7039800901AE09DED020AFD
:10AAD0009DED031AB4EE410AF1EE10FA0DDBFFE72B
:10AAE0009DED020A9DED011AB4EE410AF1EE10FA55
:10AAF00003DBFFE70298009002E001980090FFE777
:10AB0000FFE79DED000A04B07047000080B586B0F5
:10AB10008DED050ACDED040A8DED031A002002909B
:10AB20009DED050ADDED040A30EE202A9DED031AA5
:10AB300032EE012A8DED002AFFF7A8FFB0EE401A91
:10AB40009DED000A30EE410A8DED010A9DED050AEA
:10AB5000DDED040A9DED031A00F00CF8B0EE401A8A
:10AB60009DED010A30EE410A8DED020A9DED020ACB
:10AB700006B080BD84B08DED030ACDED020A8DEDE7
:10AB8000011A002000909DED030A9DED021AB4EE1B
:10AB9000410AF1EE10FA0DDCFFE79DED030A9DED91
:10ABA000011AB4EE410AF1EE10FA03DCFFE7039854
:10ABB00000901AE09DED020A9DED031AB4EE410AE1
:10ABC000F1EE10FA0DDCFFE79DED020A9DED011A92
:10ABD000B4EE410AF1EE10FA03DCFFE702980090B0
:10ABE00002E001980090FFE7FFE79DED000A04B046
:10ABF0007047000080B582B000200190F9F78AFF0D
:10AC0000FEF7C8F8FDF7BCFAFDF752FAFDF71EFB98
:10AC1000FDF7ACF9FDF722FCFDF780FAFDF766FCC5
:10AC2000FDF7DAFB00F04CF8FFE7FEE785B0049093
:10AC30008DED030ACDED020A9DED040AB8EEC00ABF
:10AC40009DED031A20EE010A9DED021A30EE410A35
:10AC50008DED010A01980090FFE79DED000A9FED40
:10AC6000141AB4EE410AF1EE10FA09DAFFE79DED8D
:10AC7000000A9FED121A30EE010A8DED000AECE792
:10AC8000FFE79DED000A9FED0B1AB4EE410AF1EECD
:10AC900010FA09DDFFE79DED000A9FED071A30EE7F
:10ACA000010A8DED000AECE79DED000A05B0704742
:10ACB000DB0F49C0DB0F4940DB0FC9C0DB0FC940C8
:10ACC00080B5B0B040F28450C2F200009FEDDF0AC0
:10ACD000DFEDDF0ACDED290A9FEDDE1A8DED2B1A8F
:10ACE000DFEDDD1ACDED2A1AFDF7BCFFDDED290AF7
:10ACF000DDED2A1A9DED2B1A40F2B050C2F2000091
:10AD00009FEDD60AFDF7AEFF9DED2B1A40F2606075
:10AD1000C2F200009FEDD20ADFEDD20AF0EE001A77
:10AD2000FDF7A0FF40F24C50C2F200009FEDCE0AAA
:10AD30008DED2C0ADFEDCD0ACDED2D0AFDF766F87D
:10AD40009DED2C0ADDED2D0A40F26450C2F20000A8
:10AD5000FDF75CF8DDED2D2A40F2DC50C2F2000078
:10AD60009FEDC30ADFEDC30A9FEDC31ADFEDC31ADF
:10AD7000B2EE042AFDF73EFC40F2C810C2F2000019
:10AD8000072101229FEDBE0AF7F798F940F2E8107B
:10AD9000C2F200002F900268202111600168042097
:10ADA000086040F27830C2F200002E90FBF738FBCA
:10ADB0002E980C21FBF7AEFF2F98F8F727F9FFE745
:10ADC00040F29260C2F20000007820B9FFE7012053
:10ADD000F9F72EF9F4E740F27830C2F2000028903B
:10ADE00000212591FBF796FF289804212691FBF777
:10ADF00091FF289808212791FBF78CFF2599289827
:10AE0000FBF7B8F926992898FBF7B4F92799289801
:10AE1000FBF7B0F9FFE740F29160C2F20000007862
:10AE200001462491052800F200812499DFE801F011
:10AE300003386D91B5D940F2BC11C2F20001086827
:10AE40004A681C9289681E9101F0AEFB02461C986C
:10AE50001D920A461D9942EC101B8DED220B01F04C
:10AE6000A3FB02461E981F920A461F9942EC101B34
:10AE70008DED200B01F098FB9DED201B9DED220B2D
:10AE800041EC120B684680ED022B80ED001B53EC69
:10AE9000102B4CF63400C0F60000F5F7E3FAC5E0DD
:10AEA00040F23851C2F2000108684A681492896879
:10AEB000169101F079FB0246149815920A461599ED
:10AEC00042EC101B8DED1A0B01F06EFB024616983A
:10AED00017920A46179942EC101B8DED180B01F0E2
:10AEE00063FB9DED181B9DED1A0B41EC120B6846A0
:10AEF00080ED022B80ED001B53EC102B4CF6240050
:10AF0000C0F60000F5F7AEFA90E040F2DC50C2F275
:10AF1000000041691091C06A01F046FB024610989A
:10AF200011920A46119942EC101B8DED120B01F0A3
:10AF30003BFB9DED120B41EC110B684680ED001BB5
:10AF400053EC102B4CF64400C0F60000F5F78AFADB
:10AF50006CE040F2DC50C2F2000081690C91006BA1
:10AF600001F022FB02460C980D920A460D9942EC24
:10AF7000101B8DED0E0B01F017FB9DED0E0B41EC40
:10AF8000110B684680ED001B53EC102B4CF656005D
:10AF9000C0F60000F5F766FA48E040F2DC51C2F274
:10AFA000000148688968089101F0FEFA0246089895
:10AFB00009920A46099942EC101B8DED0A0B01F02B
:10AFC000F3FA9DED0A0B41EC110B684680ED001B76
:10AFD00053EC102B4CF66800C0F60000F5F742FA6F
:10AFE00024E040F2DC51C2F20001C8680969049112
:10AFF00001F0DAFA0246049805920A46059942ECF5
:10B00000101B8DED060B01F0CFFA9DED060B41EC08
:10B01000110B684680ED001B53EC102B4CF66800BA
:10B02000C0F60000F5F71EFA00E0FFE740F290607E
:10B03000C2F20000007838B9FFE740F2DC51C2F2FA
:10B04000000100200870FFE7E5E600BFB537783C57
:10B05000675BA44200000000D8B3DD400D349F3C84
:10B06000A4C40E3D65E4003F0000C84217B7D138C4
:10B0700000007A446F12833A00401C4600409C4610
:10B08000C49941405FEA400C08BF91F0000F4FEABD
:10B090008C234FEAC12243EA51514FEA1C5018BF9A
:10B0A00000F5F0404FEA300018BF41F000415FEA80
:10B0B0006C5C00F02980BCF1FF3F08BF40F080408D
:10B0C0007047130C06BF12044FF0100C4FF0000C29
:10B0D000130E04BF12020CF1080C130F04BF12016F
:10B0E0000CF1040C930F04BF92000CF1020CD30F6F
:10B0F00004BF52000CF1010C11464FF00002A0F108
:10B100001F00A0EB0C00704711F0004F08BF704704
:10B1100031F000413FF4D5AF0B0C06BF09044FF0EE
:10B12000100C4FF0000C0B0E04BF09020CF1080CC0
:10B130000B0F04BF09010CF1040C8B0F04BF890035
:10B140000CF1020CCB0F04BF49000CF1010CCCF147
:10B15000200322FA03F341EA030102FA0CF2A0EB06
:10B160000C0000F10100704723F07F4720F07F4C76
:10B1700080EA030000F00040ACEB070303F57C53CA
:10B1800003F1FF032DE9804909B44FEA144324EA8F
:10B1900003484FEA154B25EA0B4E0FF2042606EB47
:10B1A00013273E7803FB0667C7F5000707FB06F683
:10B1B0004FEAD64606F102064FEA543707FB066C03
:10B1C000CCF1005C4FEA1C472CEA074C0CFB06F55F
:10B1D00007FB06F404EB15464FEA961649085FEAAA
:10B1E000320234BF00204FF000404FEAD13706FB57
:10B1F00007FC4FEA1C4C0CFB0BF7D21B03FB0CF7B4
:10B2000061EB07010CFB0EF7B0EB074072EB174246
:10B210000CFB08F734BFA2EB0742B2EB074261EB2D
:10B2200017414FEA0C444FEA910706FB07FC4FEA2F
:10B230001C4C0CFB0BF7B0EBC74072EB573203FB17
:10B240000CF734BFA2EBC742B2EBC74261EB5731F8
:10B250000CFB0EF7B0EBC70072EB57720CFB08F754
:10B2600034BFA2EBC702B2EBC70261EB57714FEAE2
:10B27000816141EA92114FEA826242EA90124FEAFA
:10B28000806004EBCC04039F4FEAD13706FB07FC38
:10B290004FEA1C4C0CFB0BF7D21B03FB0CF761EBCA
:10B2A00007010CFB0EF7B0EB074072EB17420CFBEB
:10B2B00008F734BFA2EB0742B2EB074261EB17413C
:10B2C0004FEA8C5504EB9C244FEA910706FB07FCE0
:10B2D0004FEA1C4C0CFB0BF7B0EBC74072EB57323C
:10B2E00003FB0CF734BFA2EBC742B2EBC74261EBE2
:10B2F00057310CFB0EF7B0EBC70072EB57720CFB2B
:10B3000008F734BFA2EBC702B2EBC70261EB57717B
:10B310004FEA816141EA92114FEA826242EA901259
:10B320004FEA806015EB4C2544F100044FEAD13719
:10B3300006FB07FC4FEA1C4C0CFB0BF7D21B03FB74
:10B340000CF761EB07010CFB0EF7B0EB074072EB5B
:10B3500017420CFB08F734BFA2EB0742B2EB0742DF
:10B3600061EB17414FEA813141EA92414FEA823263
:10B3700042EA90424FEA80304FEA0C7615EB1C15FA
:10B3800044F1000448EA03434EEA0B484FF0000E34
:10B39000B2EB080C71EB030724BF624639464EEB53
:10B3A0000E0E4FF0000B0018524149414BEB0B0BB6
:10B3B000B2EB080C71EB03077BF1000B24BF624674
:10B3C00039464EEB0E0E4FF0000B0018524149412A
:10B3D0004BEB0B0BB2EB080C71EB03077BF1000B93
:10B3E00024BF624639464EEB0E0E51EA020718BFE3
:10B3F00046F0010616EB0E7655F1000254F10001FD
:10B4000003D5BDE88901BDE80088BDE88901BDE834
:10B410000048B619524141EB0101A3F10103704705
:10B4200080807F7E7D7C7B7A797877767675747381
:10B43000727171706F6E6E6D6C6C6B6A6A69686840
:10B44000676666656464636362616160605F5F5ED6
:10B450005E5D5D5C5C5B5B5A5A595958585757564C
:10B4600056555555545453535252525151505050B1
:10B470004F4F4F4E4E4D4D4D4C4C4C4B4B4B4A4A03
:10B480004A49494948484847474747464646454547
:10B490004544444444434343434242424241414180
:10B4A0009C46002B30D477002BD04FEA37071CB5D1
:10B4B00003B44FF010004FF01001BAF1000F06D0A6
:10B4C000BCF1000FDCBF40F0080040F008014FF075
:10B4D00000000FBCBDE810400BF1010BBBF1010FE8
:10B4E00008BF5FEA170722BF12F1010211F1010143
:10B4F0004FF0004143F1000300F0004043EA000038
:10B500007047F9D35708D0E746EA06464FEA164691
:10B5100013F1400F1FDD13F1200FDFBF16430A4662
:10B52000002120335B42BED0C3F1200746EA064625
:10B530004FEA164602FA07F746EA070622FA03F22E
:10B54000C3F1200701FA07F742EA070221FA03F1E3
:10B550004FF00003A7E746EA020646EA06464FEA2E
:10B56000164646EA0106BCBF46EA0646360C4FF0D0
:10B5700000034FF000024FF0000194E72DE9804CEA
:10B5800070B49A46934691E8380007C831EA400CF7
:10B5900048BF34EA430C03D5FFF7E6FDFFF780FF11
:10B5A000F0BCBDE8008C2DE9804C70B49A469346FF
:10B5B00091E8380007C810F0804F08BF13F0804FA3
:10B5C00003D100F005F8FFF76BFFF0BCBDE8008C7D
:10B5D00020F07F4723F07F4C80EA030000F000401A
:10B5E00007EB0C03A3F57C53A3F1FE0392F0000FCD
:10B5F00000F0B38095F0000F00F077802DE901494D
:10B600004FEA114021EA00484FEA144624EA06476F
:10B6100000FB06FC08FB06F607FB08F818EB0648DB
:10B620004CEB164C00FB07F718EB07484CEB1740A8
:10B630004FEA124B22EA0B4E4FEA154625EA06471F
:10B640000BFB06FC0EFB06F607FB0EFE1EEB064E82
:10B650004CEB164C0BFB07F71EEB074E4CEB174B56
:10B6600018EB0B0840F1000018EB0E0B58EB00082C
:10B6700040F100008F1A4FF000014FF000063CBF70
:10B68000C943661B14BFB5EB040C00213CBFC94382
:10B69000F61B4FEA174427EA04454FEA1C472CEAF9
:10B6A000074C04FB076205FB07F70CFB05F616EBDE
:10B6B000074642EB174204FB0CFC16EB0C4642EB30
:10B6C0001C421BEB060658EB020241414EEA8E0E6D
:10B6D00046EA9E0601D5BDE80189B619524141EB03
:10B6E0000101A3F10103BDE801894FEA144524EAF1
:10B6F00005464FEA114721EA074C05FB07F406FB14
:10B7000007F70CFB06F111EB074144EB174405FB6F
:10B710000CFC11EB0C4144EB1C444FEA124722EAAB
:10B72000074C05FB07F206FB07F70CFB06F616EBCA
:10B73000074642EB174205FB0CFC16EB0C4642EBAE
:10B740001C456A1854F1000148BF7047B6195241B0
:10B7500041EB0101A3F10103704795F0000F37D0D1
:10B760004FEA114221EA02464FEA144724EA074C05
:10B7700002FB07F106FB07F70CFB06F414EB07448A
:10B7800041EB174102FB0CFC14EB0C4441EB1C4158
:10B790004FEA154725EA074C02FB07F506FB07F7BA
:10B7A0000CFB06F616EB074645EB174502FB0CFCB7
:10B7B00016EB0C4645EB1C42121951F1000148BF33
:10B7C0007047B619524141EB0101A3F101037047E3
:10B7D0004FEA144524EA05464FEA114721EA074C8F
:10B7E00005FB07F106FB07F70CFB06F212EB07421D
:10B7F00041EB174105FB0CFC12EB0C4251EB1C41D9
:10B800004FF0000648BF7047921841EB0101A3F1C9
:10B810000103704703B401984100009850EAC12029
:10B8200018BF04204A0D18BF40F0010040F2FF721B
:10B83000B2EB515F08BF40F00200012808BF0520AD
:10B8400002B070474100080218BF04200A0E18BF5A
:10B8500040F001004FF07F4232EA010108BF40F0A2
:10B860000200012808BF05207047000010EE101AE2
:10B8700008B5444A6846B2EB410F28D94FF0E6407C
:10B88000B0EB410F94BF00204FF0FF3000900098C4
:10B89000002861DB60EE000A10F0010F45D010F0C7
:10B8A000020FDFED391A9FED391A00EEA11ADFED14
:10B8B000381A40EE811A21EEA01AF0EE400A40EE4E
:10B8C000010A08BFF1EE600AB0EE600A08BD314B14
:10B8D00021F0004293423CD911F0004FDFED2E0AD7
:10B8E00020EE201ADFED2D0A19BF31EE601A71EE3D
:10B8F000200A31EE201A71EE600ABDEEE01A11EE58
:10B90000100A9FED271A00F0030000EEC10A9FED18
:10B91000251A009000EEC10A9FED231A00EEC10A1D
:10B920009FED221A00EEC10AB1E79FED211A9FEDAB
:10B93000210A10F0020F00EE810A9FED1F1A00EE9F
:10B94000801AB7EE000A00EE810A18BFB1EE400A75
:10B9500008BD00F02BF99AE710EE100A4000B0F194
:10B960007F4F3CBFB7EE000A08BD07D14FF0010082
:10B97000F4F7B3FDBDE8084000F008B9BDE80840A1
:10B9800000F001B9B61F927E336D4CB9DA82083CE3
:10B99000A0AA2ABE490E494683F9223F0000004B67
:10B9A0000000C93F00A0FD390020A2331A61342CE9
:10B9B000B93AB2BACA9F2A3DDDFFFFBE00B510EE0C
:10B9C000101A2DED028B81B0524A6846B2EB410F3E
:10B9D0002ED94FF0E640B0EB410F94BF00204FF05E
:10B9E000FF3000900098B0EE408A00286ADB10F02B
:10B9F000010F4BD068EE080A9FED471A9FED470AEA
:10BA000000EE810A9FED461A10F0020F00EE801A38
:10BA1000B7EE000A00EE810A02BF01B0BDEC028B56
:10BA200000BD00BF01B0B1EE400ABDEC028B00BD0D
:10BA30003C4B21F00042934241D911F0004FDFED21
:10BA40003A0A20EE201ADFED390A19BF31EE601AEA
:10BA500071EE200A31EE201A71EE600ABDEEE01A96
:10BA600011EE100A9FED321A00F0030000EEC10A39
:10BA70009FED301A009000EEC10A9FED2F1A00EEE4
:10BA8000C10A9FED2E1A00EEC10AABE728EE080AA4
:10BA90009FED2B1ADFED2B0A10F0020F40EE010A8A
:10BAA0009FED291A00EE201A61EE000AB0EE480A56
:10BAB00008EE200AB6D101B0BDEC028B00BD00F04B
:10BAC00075F88FE718EE100A4000B0F17F4F0DD2E5
:10BAD00018EE100AFFF7B6FE042808BF00F05EF863
:10BAE000B0EE480A01B0BDEC028B00BD09D10120C7
:10BAF000F4F7F3FC01B0BDEC028B5DF804EB00F051
:10BB000045B801B0B0EE480ABDEC028B5DF804EB1D
:10BB100000F039B8B61F927EB93AB2BACA9F2A3D30
:10BB2000DDFFFFBE490E494683F9223F0000004B6E
:10BB30000000C93F00A0FD390020A2331A61342C57
:10BB4000336D4CB9DA82083CA0AA2ABE10B52DED9F
:10BB5000028BB1EEC08A18EE100A20F00040C0F14E
:10BB6000FF40C00F0AD010EE100A20F00040C0F1D4
:10BB7000FF40C00F04BF0120F4F7AFFCB0EE480A4D
:10BB8000BDEC028B10BD30EE000A7047DFED020AFB
:10BB900080EEA00A70470000000000009FED020A3E
:10BBA00020EE000A70470000000000102DE9F001AF
:10BBB0004FF07F42B2EB410F9FBF4FF0FF3101606A
:10BBC000BDE8F00170474FF0004242EA0123C1F3A3
:10BBD000C752783A551112F01F0C434CCCF1200695
:10BBE0007C44C1F3C752A2F178024FEA621204EB1F
:10BBF000820254F8254008BFD2E9015612D0556898
:10BC000004FA0CF425FA06F73C43976805FA0CF59C
:10BC100027FA06F8D26807FA0CFCF24045EA080554
:10BC20004CEA0206A4FB034CA5FB0352A6FB0363EC
:10BC30001D449D4234BF012600261319334416B11A
:10BC4000934202D903E0934201D2012200E0002294
:10BC5000624402F1200C9206DC0C42EA443200EE0F
:10BC6000102A5B03DFED210AF8EEC01A00EE103A4D
:10BC70004FEA9C1C11F0004FB8EE400AC0F800C01B
:10BC800020EE201A00EE105ADFED190AB8EE400A35
:10BC900020EE200A71EE810A70EE800A10EE902AE2
:10BCA00002F500626FF30B0200EE902A70EEE11ACB
:10BCB00031EEC11ADFED101A30EE411A9FED0D0A78
:10BCC00020EE800A01EE210A9FED0C1A00EE810A97
:10BCD00004BFBDE8F0017047CCF180510160BDE8C0
:10BCE000F001B1EE400A7047180B0000000000366A
:10BCF0000000802C22AAFD29DB0FC92F0000C92FCC
:10BD000030380A2801D20120704700207047000017
:10BD100010B500290AD00878002807D005487844D3
:10BD2000F5F762FF002801D0002010BD02487844DA
:10BD300010BD00007A0B0000720B000010B5002946
:10BD40000AD00878002807D005487844F5F74CFF5A
:10BD5000002801D0002010BD0248784410BD00002A
:10BD60006A0B0000620B000021F0004201F000436A
:10BD7000A2F16052B2F5801F28BFD2F17F6C0BD9BF
:10BD80005FEA001C43EAC20242EB507018BF7047E2
:10BD900028BF20F001007047B2F5801FBCBF1846D5
:10BDA00070474FEA410C1CF5001F02D2084600F014
:10BDB00079BC70B500F0B6FA00000089FFF7F6BF55
:10BDC0004FF00040A0F580007047000010B591EAE8
:10BDD000030F48BF83F0004300F10083841A71EB26
:10BDE000030C05D2121943EB0C03001B61EB0C0191
:10BDF0004FEA1154A4EB135CDFF81CE11EEA430F79
:10BE000018BF9EEA445F00F0748021EA045123EADF
:10BE10000E0343F48013DCF1200E32D322FA0CFE21
:10BE200010EB0E0023FA0CFE41EB0E01CCF1200EBC
:10BE300003FA0EFE10EB0E00CCF1200E51F10001C2
:10BE4000B1F5801F32D201EB045112FA0EF2BDE8B7
:10BE5000104058BF7047401C38BF5FEA420218BF0D
:10BE60007047002814BF20F0010041F100014FEAA3
:10BE7000410313F5001F38BF7047A1F1C04100F026
:10BE80009FBA012A43EB0302ACF1200CDCF11F0E38
:10BE900032BF4FF0000E23FA0CF310EB030041EB1E
:10BEA0000451B4EB115FD0D0A1EB045101F5801126
:10BEB000490801EB04515FEA30000ED350F1000055
:10BEC00038BF12FA0EFE08D1BDE81040C9E7401C89
:10BED00038BF5FEA4202CAD1C3E7BDE810404FEA6B
:10BEE000410313F5001F38BF7047A1F1C04100F0B6
:10BEF00067BA9EEA445F08D011EA5E0FBDE81040C1
:10BF000004BF01F0004100207047BDE8104070B54B
:10BF100000F008FA64FBBE3E0000E0FF2DE9C041DE
:10BF200030B4DFF8A4C23CEA111418BF3CEA131481
:10BF300000F0ED801CEA111481EA030544EAD5748F
:10BF400018BF1CEA131500F0C880A4EB050404F127
:10BF50007F7404F500344FF0004545EAC12145EAFD
:10BF6000C32341EA505143EA52534FEAC0204FEAFB
:10BF7000C222994208BF904200F09D804FEA1365AB
:10BF80000FF24416765D4FEA134506FB05F7C7F13D
:10BF9000807706FB07F74FEAD737A7FB036876429F
:10BFA000A7FB06CEC8F5803838BFA8F1010807FB0B
:10BFB00008E6A6FB028C4FF0000EE6FB03CEDCF198
:10BFC000000CCEF1004E38BFAEF1010EA6FB0C58AE
:10BFD0004FF00007E6FB0E87A1FB08C6A0FB07CECB
:10BFE00016EB0E064FF0000545F10005E1FB076575
:10BFF00015F1E04E7EBFA4F580345FEA46066D4140
:10C0000016F1800745F100054FEA172747EA056753
:10C010004FEA15254FEA0666A6F1DE46B6F1805FC7
:10C0200020D9384605EBC47124F0010C01EB0C114A
:10C03000BCF1FE6F02D8F0BCBDE8008124425CBFB9
:10C0400001F5801E9EEAC47F02D4F0BCBDE80081E9
:10C05000244200F13980A1F1C041F0BCBDE80041AB
:10C0600000F0AEB94FEAD02040EA41504FEAD1216A
:10C070004FEAD22242EA43524FEAD323A7FB028679
:10C0800007FB036605FB02661EEA0E0F58BFA6EB10
:10C090000056B6EB00564FEA520E4EEAC37E18EB3E
:10C0A0000E0E56EB530EBCD518EB02085E417F1CFA
:10C0B00055F10005B5E74FF480154FF000074FF03C
:10C0C00000064FF00008ACE701F1C04101F000416B
:10C0D0004FF00000F0BCBDE800810CEA131511EA36
:10C0E0000C1F00D00CE013EA0C1F00F026804FF06C
:10C0F000000081EA030101F00041F0BCBDE80081CD
:10C10000F0BCBDE8004181EA030100F059B9F0BC80
:10C11000BDE8004170B500F005F900BF097EFC3EA6
:10C1200000F007B84FF0000081EA030101F0004180
:10C13000704781EA030100F043B9F0BCBDE800415B
:10C1400022494FF000007047FFFDFBF9F7F5F4F2CC
:10C15000F0EEEDEBE9E8E6E4E3E1E0DEDDDBDAD8A2
:10C16000D7D5D4D3D1D0CFCDCCCBCAC8C7C6C5C400
:10C17000C2C1C0BFBEBDBCBBBAB9B8B7B6B5B4B317
:10C18000B2B1B0AFAEADACABAAA9A8A8A7A6A5A402
:10C19000A3A3A2A1A09F9F9E9D9C9C9B9A999998C6
:10C1A0009797969595949393929191908F8F8E8E69
:10C1B0008D8C8C8B8B8A89898888878786858584F6
:10C1C00084838382828181800000FF070000F87FE2
:10C1D00070B5DFF848C11CEA111E1EBF1CEA13151A
:10C1E0009EEA0C0F95EA0C0F00F06F8081EA0304C1
:10C1F0004EEAD47EAE4421EA4C1123EA4C1341F4BA
:10C20000801143F48013AEF17F7EA1FB024CA0FBB2
:10C210000365361955EB0C05A1FB034C4CF10003EB
:10C22000A0FB021C16EB0C06654153F1000309420A
:10C2300018BF46F0010613F4007F0BD14FEA03311B
:10C240004FEA053041EA155140EA165034036FF0C9
:10C2500003020AE04FEAC3214FEAC52041EA5551E3
:10C2600040EA5650F4026FF0020202EB2E4201EB5C
:10C27000025585EACE710AD05FEA440C18BF24F05B
:10C28000004450F1000041F1000120EAD47040F276
:10C29000FE7C624500D270BDA84214BF4FF08044BE
:10C2A0004FF04044002E08BF0024BEF1806FA8BFAD
:10C2B000A1F1C041BDE8704080F2828001F1C0412F
:10C2C00001F000414FF0000070470CEA13159EEAA0
:10C2D0000C0F18BF95EA0C0F06D081EA030E4FF041
:10C2E00000000EF0004170BD00F01CF88900013E16
:10C2F00000F007B800F009B84FEA430C5FEA5C5C55
:10C3000008D081EA030100F05BB84FEA410C5FEA14
:10C310005C5CF6D102494FF0000070470000FF0757
:10C320000000F87F0EF1020E2EF0030E5EF8046B93
:10C33000364205D4012A43EB030515F5001F12D838
:10C34000012841EB010C1CF5001F0CD80ED14FEA5F
:10C35000D17C0CEB4C0C0CF1020C15F5001F08BF46
:10C360004CEBD37C04E04FF0080C01E04FEAD37CA7
:10C370000CEB4C0526FA05F606F00706B6F1040CA0
:10C3800006D20EEB860CBDE870404CF0010C604705
:10C39000DFE80CF0090B02024FF00041A1F500218B
:10C3A0004FF0000070BD19461046012851EB010402
:10C3B00018BFD4F5001484BF002001F0004170BD07
:10C3C0000808A0F500114FEA3101704710B591EA55
:10C3D000030F48BF83F000433FF500AD841A71EBB3
:10C3E000030C07D28CF0004C121943EB0C03001B1A
:10C3F00061EB0C014FEA1154A4EB135CDFF8A4E1EC
:10C400001EEA430F18BF9EEA445F00F0B48021EAA1
:10C41000045123EA6E035242C3EB6E0338BF5B1E26
:10C42000DCF1200E25D322FA0CFE10EB0E0043FAAD
:10C430000CFE41EB0E01CCF1200E03FA0EFE10EBC8
:10C440000E00CCF1200E51F1000129D401EB045172
:10C4500012FA0EF2BDE8104058BF7047401C1CBFD6
:10C46000B2F1004F704700280CBF491C20F00100BA
:10C47000704712EB020E43EB030218BF4FF0010EA0
:10C480004EEA4202ACF1200CDCF11E0E56D943FA02
:10C490000CFE10EB0E00CCF11E0E51F1FF31D5D584
:10C4A0000EF1010E12FA0EFE404141EB010101EBCB
:10C4B000445C5FEA5C5C10D901EB045110EBDE7068
:10C4C00038BFBEF1004FBDE8104018BF70470028CC
:10C4D0000CBF491C20F00100704734D24FEAD42C25
:10C4E00024F4006411F500111BD0B1FA81F20B3A6B
:10C4F000A41AA41ED2F12003914030FA03F3194389
:10C50000904001EBCC7101EB0451002CBDE81040D0
:10C51000A8BF704701F1C04101F000414FF0000099
:10C520007047B0FA80F310FA03F102D1BDE8104071
:10C530007047E41A173C4805C90AE2E701EB0451C9
:10C54000BDE81040704749104FEA300001EB04513C
:10C55000BDE8104002E04FF0000170474A0008BFFC
:10C560000042F8D0B2F5001F28BF704701F000412B
:10C570004FF0000070479EEA445F07D011EA5E0F5B
:10C58000BDE8104004BF002100207047BDE8104006
:10C5900070B5FFF7C7FE00BF40DFF63E104683F0E0
:10C5A000004170470000E0FF43004FEAD30C4FEA20
:10C5B0003C0C43401FBF40070CF1605113F0FE4F8D
:10C5C00070471CF0006F03D10CF000410020704751
:10C5D0000CF0004343EA507040EACC0010B500F084
:10C5E0000EF800BF000000924FEA0001FFF7E8BE1E
:10C5F0004FF00041A1F500214FF0000070470EF10F
:10C60000020E2EF0030E5EF8044B244204D44FEACF
:10C610004102B2F17F4F11D84FEA4003B3F17F4F8F
:10C620000CD80ED14FEAD07C0CEB4C0C0CF1020C68
:10C63000B2F17F4F08BF4CEBD17C04E04FF0080C07
:10C6400001E04FEAD17C0CEB4C0324FA03F404F034
:10C650000704B4F1040C06D20EEB840CBDE81040C4
:10C660004CF0010C6047DFE80CF0070802024FF0C5
:10C670000040A0F5800010BD0846420018BFD2F16E
:10C68000807288BF00F0004010BDF1EE100A4FF636
:10C69000FF71C0F2C03120EA010040F04070E1EECD
:10C6A000100A7047FF2141EAD050C0057047F4F7E7
:10C6B0003BBBF4F76FBC000000000000000000006E
:10C6C00030313233343536373839414243444546C8
:10C6D00040305800303132333435363738396162C2
:10C6E00063646566403078000400000800000000C4
:10C6F0000000000200010000100000000000000027
:10C700006E83F9A22915444ED15727FCC0DD34F5BC
:10C71000999562DB4190433CAB6351FE303132333B
:10C720003435363738396162636465667870003055
:10C73000313233343536373839414243444546582F
:10C7400050003A7474003A7474003A747400000033
:10C7500002400000000000A00000000005400000B2
:10C76000000000C8000000000C4000000000409CD9
:10C7700000000000194000000020BCBE00000000C6
:10C7800034400000BFC91B8E00000004B54000000B
:10C79000504BCFD06607E2CF010000006C41000093
:10C7A0003E8251AADFEEA73401000000D94200000A
:10C7B000DCB5A0E23A301F97FFFFFFFFB445000051
:10C7C000FD25A0C8E9A3C14FFFFFFFFFFF3F000009
:10C7D0000000008000000000FF3F0000000000801B
:10C7E000000000000000000000000000010203043F
:10C7F00006070809000000000102030408040204FF
:10C80000080101010101010307010000010002000C
:10C810000400060008000A000C0010002000400080
:10C8200080000001696162633A25662C25662C252B
:10C83000660D0A00647574793A25662C25662C25E8
:10C84000660D0A0074686574613A252E34662C25DD
:10C850002E34660D0A0073706565643A252E3466C1
:10C860002C252E34660D0A00783A252E34662C25A8
:10C870002E34660D0A000000C8C900080000002020
:10C880001800000014020008E0C900081800002089
:10C89000A0120000300200081C000000430000004D
:10C8A000F8FFFFFF0C0000000E0000000F0000006A
:10C8B0002E0000001001000043000000F8FFFFFF01
:10C8C00000404040404040404040414141414140A3
:10C8D0004040404040404040404040404040404058
:10C8E00040050202020202020202020202020202E7
:10C8F00002202020202020202020200202020202EC
:10C900000202909090909090101010101010101043
:10C91000101010101010101010101010020202024F
:10C920000202888888888888080808080808080893
:10C93000080808080808080808080808020202028F
:10C9400040000000000000000000000000000000A7
:10C9500000000000000000000000000000000000D7
:10C9600000000000000000000000000000000000C7
:10C9700000000000000000000000000000000000B7
:10C9800000000000000000000000000000000000A7
:10C990000000000000000000000000000000000097
:10C9A0000000000000000000000000000000000087
:10C9B0000000000000000000000000000000000077
:10C9C0000000000000000000000000000000000067
:10C9D000000000000024F40001000000100000002E
:04000005080001D915
:00000001FF
